query_user_id,rank,candidate_user_id,score
user_0001,1,user_0876,0.544266
user_0001,2,user_0674,0.541891
user_0001,3,user_0848,0.527584
user_0001,4,user_0599,0.524904
user_0001,5,user_0070,0.506767
user_0001,6,user_0322,0.496739
user_0001,7,user_0832,0.473582
user_0001,8,user_0595,0.471852
user_0001,9,user_0020,0.471308
user_0001,10,user_0581,0.470247
user_0001,11,user_0549,0.465682
user_0001,12,user_0891,0.465604
user_0001,13,user_0457,0.465234
user_0001,14,user_0739,0.464824
user_0001,15,user_0794,0.462400
user_0003,1,user_0563,0.778248
user_0003,2,user_0772,0.773528
user_0003,3,user_0917,0.771616
user_0003,4,user_0011,0.768535
user_0003,5,user_0267,0.768011
user_0003,6,user_0474,0.766780
user_0003,7,user_0913,0.764097
user_0003,8,user_0443,0.763741
user_0003,9,user_0857,0.762354
user_0003,10,user_0048,0.760090
user_0003,11,user_0397,0.758045
user_0003,12,user_0052,0.754841
user_0003,13,user_0271,0.750205
user_0003,14,user_0196,0.748464
user_0003,15,user_0993,0.747945
user_0004,1,user_0004,0.733694
user_0004,2,user_0504,0.694874
user_0004,3,user_0215,0.676351
user_0004,4,user_0543,0.672623
user_0004,5,user_0313,0.672121
user_0004,6,user_0204,0.668819
user_0004,7,user_0462,0.665603
user_0004,8,user_0468,0.664723
user_0004,9,user_0815,0.664568
user_0004,10,user_0147,0.664496
user_0004,11,user_0812,0.657498
user_0004,12,user_0157,0.655210
user_0004,13,user_0747,0.653326
user_0004,14,user_0074,0.650525
user_0004,15,user_0689,0.649777
user_0007,1,user_0504,0.773284
user_0007,2,user_0229,0.714421
user_0007,3,user_0202,0.713830
user_0007,4,user_0272,0.709649
user_0007,5,user_0441,0.707970
user_0007,6,user_0647,0.706909
user_0007,7,user_0451,0.703470
user_0007,8,user_0074,0.702060
user_0007,9,user_0694,0.701707
user_0007,10,user_0812,0.697694
user_0007,11,user_0366,0.697063
user_0007,12,user_0729,0.695922
user_0007,13,user_0614,0.692611
user_0007,14,user_0473,0.691863
user_0007,15,user_0444,0.690384
user_0008,1,user_0070,0.743600
user_0008,2,user_0157,0.742701
user_0008,3,user_0699,0.723041
user_0008,4,user_0417,0.721567
user_0008,5,user_0830,0.719753
user_0008,6,user_0203,0.711199
user_0008,7,user_0167,0.710383
user_0008,8,user_0020,0.709102
user_0008,9,user_0473,0.707689
user_0008,10,user_0363,0.707391
user_0008,11,user_0399,0.705254
user_0008,12,user_0758,0.703563
user_0008,13,user_0938,0.703265
user_0008,14,user_0099,0.703135
user_0008,15,user_0507,0.702790
user_0009,1,user_0186,0.620800
user_0009,2,user_0026,0.616888
user_0009,3,user_0932,0.606876
user_0009,4,user_0153,0.602304
user_0009,5,user_0045,0.601823
user_0009,6,user_0220,0.600353
user_0009,7,user_0009,0.600199
user_0009,8,user_0757,0.589051
user_0009,9,user_0122,0.588466
user_0009,10,user_0309,0.588182
user_0009,11,user_0172,0.588046
user_0009,12,user_0127,0.585908
user_0009,13,user_0961,0.584202
user_0009,14,user_0765,0.581735
user_0009,15,user_0434,0.580679
user_0010,1,user_0031,0.750468
user_0010,2,user_0868,0.729124
user_0010,3,user_0293,0.721316
user_0010,4,user_0854,0.719500
user_0010,5,user_0560,0.719152
user_0010,6,user_0014,0.708014
user_0010,7,user_0838,0.703253
user_0010,8,user_0839,0.699648
user_0010,9,user_0032,0.699486
user_0010,10,user_0578,0.698289
user_0010,11,user_0504,0.691612
user_0010,12,user_0891,0.688213
user_0010,13,user_0609,0.686352
user_0010,14,user_0557,0.686235
user_0010,15,user_0674,0.686028
user_0012,1,user_0011,0.753494
user_0012,2,user_0181,0.737070
user_0012,3,user_0160,0.725109
user_0012,4,user_0610,0.720303
user_0012,5,user_0078,0.711564
user_0012,6,user_0969,0.710708
user_0012,7,user_0397,0.710376
user_0012,8,user_0355,0.710324
user_0012,9,user_0563,0.708361
user_0012,10,user_0564,0.706969
user_0012,11,user_0271,0.704115
user_0012,12,user_0862,0.703373
user_0012,13,user_0548,0.703078
user_0012,14,user_0046,0.703006
user_0012,15,user_0092,0.701057
user_0013,1,user_0267,0.837092
user_0013,2,user_0448,0.820445
user_0013,3,user_0695,0.807997
user_0013,4,user_0147,0.800701
user_0013,5,user_0563,0.798780
user_0013,6,user_0552,0.797434
user_0013,7,user_0671,0.796127
user_0013,8,user_0600,0.795164
user_0013,9,user_0913,0.793167
user_0013,10,user_0745,0.791651
user_0013,11,user_0557,0.791634
user_0013,12,user_0912,0.790803
user_0013,13,user_0790,0.787566
user_0013,14,user_0421,0.786616
user_0013,15,user_0274,0.786234
user_0016,1,user_0583,0.715178
user_0016,2,user_0158,0.713560
user_0016,3,user_0160,0.713494
user_0016,4,user_0971,0.704191
user_0016,5,user_0650,0.701021
user_0016,6,user_0270,0.700820
user_0016,7,user_0924,0.700357
user_0016,8,user_0954,0.698437
user_0016,9,user_0689,0.690923
user_0016,10,user_0415,0.689764
user_0016,11,user_0969,0.688413
user_0016,12,user_0577,0.688265
user_0016,13,user_0412,0.683884
user_0016,14,user_0502,0.683588
user_0016,15,user_0927,0.681143
user_0020,1,user_0020,0.755655
user_0020,2,user_0859,0.724878
user_0020,3,user_0191,0.722927
user_0020,4,user_0848,0.716742
user_0020,5,user_0819,0.709191
user_0020,6,user_0174,0.706248
user_0020,7,user_0148,0.702391
user_0020,8,user_0011,0.701033
user_0020,9,user_0876,0.700595
user_0020,10,user_0257,0.696152
user_0020,11,user_0326,0.694563
user_0020,12,user_0279,0.694151
user_0020,13,user_0803,0.690308
user_0020,14,user_0270,0.690133
user_0020,15,user_0410,0.689787
user_0022,1,user_0151,0.705121
user_0022,2,user_0363,0.703836
user_0022,3,user_0486,0.696838
user_0022,4,user_0733,0.693403
user_0022,5,user_0270,0.692887
user_0022,6,user_0464,0.690052
user_0022,7,user_0862,0.687134
user_0022,8,user_0334,0.686331
user_0022,9,user_0022,0.684889
user_0022,10,user_0045,0.684702
user_0022,11,user_0715,0.684347
user_0022,12,user_0991,0.684067
user_0022,13,user_0437,0.682046
user_0022,14,user_0157,0.681244
user_0022,15,user_0803,0.677904
user_0026,1,user_0550,0.681548
user_0026,2,user_0345,0.676551
user_0026,3,user_0122,0.675359
user_0026,4,user_0795,0.674757
user_0026,5,user_0862,0.669100
user_0026,6,user_0260,0.666271
user_0026,7,user_0029,0.663463
user_0026,8,user_0084,0.657614
user_0026,9,user_0791,0.656675
user_0026,10,user_0882,0.654235
user_0026,11,user_0723,0.653627
user_0026,12,user_0945,0.651965
user_0026,13,user_0198,0.651062
user_0026,14,user_0026,0.650475
user_0026,15,user_0267,0.650025
user_0028,1,user_0328,0.631363
user_0028,2,user_0459,0.593778
user_0028,3,user_0071,0.593086
user_0028,4,user_0028,0.588960
user_0028,5,user_0414,0.567805
user_0028,6,user_0022,0.556993
user_0028,7,user_0250,0.553145
user_0028,8,user_0345,0.551386
user_0028,9,user_0767,0.543290
user_0028,10,user_0326,0.543042
user_0028,11,user_0605,0.542763
user_0028,12,user_0388,0.542033
user_0028,13,user_0456,0.538193
user_0028,14,user_0230,0.538158
user_0028,15,user_0344,0.536525
user_0031,1,user_0031,0.869754
user_0031,2,user_0293,0.809743
user_0031,3,user_0802,0.802174
user_0031,4,user_0854,0.791297
user_0031,5,user_0014,0.786291
user_0031,6,user_0032,0.786012
user_0031,7,user_0969,0.782565
user_0031,8,user_0838,0.780827
user_0031,9,user_0319,0.780019
user_0031,10,user_0868,0.776399
user_0031,11,user_0971,0.770021
user_0031,12,user_0924,0.767627
user_0031,13,user_0839,0.766411
user_0031,14,user_0470,0.765349
user_0031,15,user_0640,0.763521
user_0033,1,user_0413,0.699945
user_0033,2,user_0033,0.694950
user_0033,3,user_0626,0.693972
user_0033,4,user_0151,0.689749
user_0033,5,user_0704,0.688949
user_0033,6,user_0279,0.685029
user_0033,7,user_0901,0.682299
user_0033,8,user_0078,0.678937
user_0033,9,user_0011,0.678416
user_0033,10,user_0415,0.677026
user_0033,11,user_0231,0.676178
user_0033,12,user_0458,0.670421
user_0033,13,user_0179,0.668060
user_0033,14,user_0422,0.662844
user_0033,15,user_0893,0.661067
user_0037,1,user_0477,0.852370
user_0037,2,user_0941,0.806522
user_0037,3,user_0270,0.803493
user_0037,4,user_0437,0.803070
user_0037,5,user_0485,0.801356
user_0037,6,user_0733,0.794431
user_0037,7,user_0494,0.794380
user_0037,8,user_0252,0.792341
user_0037,9,user_0036,0.790757
user_0037,10,user_0090,0.788773
user_0037,11,user_0179,0.786371
user_0037,12,user_0744,0.786325
user_0037,13,user_0151,0.786140
user_0037,14,user_0462,0.785234
user_0037,15,user_0557,0.784986
user_0040,1,user_0026,0.711652
user_0040,2,user_0224,0.703302
user_0040,3,user_0045,0.698367
user_0040,4,user_0862,0.687999
user_0040,5,user_0912,0.687756
user_0040,6,user_0186,0.685840
user_0040,7,user_0123,0.684181
user_0040,8,user_0156,0.683511
user_0040,9,user_0784,0.683392
user_0040,10,user_0563,0.682979
user_0040,11,user_0135,0.681595
user_0040,12,user_0415,0.680347
user_0040,13,user_0671,0.679386
user_0040,14,user_0593,0.677918
user_0040,15,user_0775,0.677385
user_0041,1,user_0415,0.861697
user_0041,2,user_0563,0.852191
user_0041,3,user_0147,0.848830
user_0041,4,user_0614,0.841299
user_0041,5,user_0279,0.839081
user_0041,6,user_0196,0.839028
user_0041,7,user_0099,0.831805
user_0041,8,user_0267,0.828783
user_0041,9,user_0504,0.826287
user_0041,10,user_0443,0.824792
user_0041,11,user_0444,0.824350
user_0041,12,user_0437,0.822531
user_0041,13,user_0547,0.819614
user_0041,14,user_0011,0.819305
user_0041,15,user_0639,0.818250
user_0043,1,user_0279,0.745795
user_0043,2,user_0857,0.733138
user_0043,3,user_0902,0.729411
user_0043,4,user_0563,0.729057
user_0043,5,user_0267,0.726860
user_0043,6,user_0457,0.725377
user_0043,7,user_0466,0.723514
user_0043,8,user_0784,0.722516
user_0043,9,user_0335,0.722480
user_0043,10,user_0052,0.722473
user_0043,11,user_0913,0.721350
user_0043,12,user_0507,0.720259
user_0043,13,user_0940,0.719020
user_0043,14,user_0281,0.716267
user_0043,15,user_0097,0.715852
user_0045,1,user_0424,0.742471
user_0045,2,user_0425,0.742026
user_0045,3,user_0644,0.737469
user_0045,4,user_0578,0.737339
user_0045,5,user_0982,0.729854
user_0045,6,user_0468,0.726436
user_0045,7,user_0721,0.724778
user_0045,8,user_0293,0.721604
user_0045,9,user_0497,0.719789
user_0045,10,user_0971,0.718783
user_0045,11,user_0535,0.714646
user_0045,12,user_0334,0.712105
user_0045,13,user_0397,0.711784
user_0045,14,user_0045,0.709481
user_0045,15,user_0902,0.709112
user_0046,1,user_0862,0.726979
user_0046,2,user_0478,0.712676
user_0046,3,user_0095,0.711102
user_0046,4,user_0721,0.709983
user_0046,5,user_0046,0.706615
user_0046,6,user_0147,0.706296
user_0046,7,user_0976,0.706096
user_0046,8,user_0269,0.692700
user_0046,9,user_0328,0.692683
user_0046,10,user_0355,0.692477
user_0046,11,user_0716,0.691850
user_0046,12,user_0345,0.688486
user_0046,13,user_0397,0.688034
user_0046,14,user_0351,0.686156
user_0046,15,user_0563,0.684446
user_0047,1,user_0614,0.797280
user_0047,2,user_0415,0.791453
user_0047,3,user_0485,0.791093
user_0047,4,user_0941,0.783264
user_0047,5,user_0477,0.779756
user_0047,6,user_0563,0.779453
user_0047,7,user_0179,0.773597
user_0047,8,user_0011,0.768895
user_0047,9,user_0157,0.765077
user_0047,10,user_0902,0.764898
user_0047,11,user_0267,0.764325
user_0047,12,user_0167,0.764309
user_0047,13,user_0924,0.763822
user_0047,14,user_0279,0.763331
user_0047,15,user_0270,0.761574
user_0049,1,user_0661,0.819608
user_0049,2,user_0160,0.817368
user_0049,3,user_0158,0.816131
user_0049,4,user_0979,0.793937
user_0049,5,user_0919,0.793225
user_0049,6,user_0345,0.789316
user_0049,7,user_0373,0.786511
user_0049,8,user_0800,0.770740
user_0049,9,user_0502,0.769678
user_0049,10,user_0805,0.767257
user_0049,11,user_0689,0.760805
user_0049,12,user_0600,0.758908
user_0049,13,user_0317,0.757394
user_0049,14,user_0177,0.755228
user_0049,15,user_0976,0.755049
user_0052,1,user_0504,0.755429
user_0052,2,user_0160,0.745649
user_0052,3,user_0563,0.734253
user_0052,4,user_0345,0.731795
user_0052,5,user_0862,0.728835
user_0052,6,user_0689,0.725728
user_0052,7,user_0279,0.724613
user_0052,8,user_0647,0.722020
user_0052,9,user_0661,0.721005
user_0052,10,user_0147,0.718602
user_0052,11,user_0441,0.718385
user_0052,12,user_0363,0.717947
user_0052,13,user_0011,0.716295
user_0052,14,user_0270,0.713871
user_0052,15,user_0328,0.713266
user_0053,1,user_0053,0.795826
user_0053,2,user_0578,0.757506
user_0053,3,user_0897,0.718711
user_0053,4,user_0188,0.715712
user_0053,5,user_0425,0.713996
user_0053,6,user_0550,0.699480
user_0053,7,user_0795,0.697335
user_0053,8,user_0063,0.696751
user_0053,9,user_0971,0.696656
user_0053,10,user_0974,0.690066
user_0053,11,user_0576,0.688296
user_0053,12,user_0383,0.680604
user_0053,13,user_0854,0.679217
user_0053,14,user_0397,0.664367
user_0053,15,user_0609,0.664360
user_0056,1,user_0303,0.651138
user_0056,2,user_0643,0.649257
user_0056,3,user_0654,0.643767
user_0056,4,user_0979,0.643545
user_0056,5,user_0366,0.637789
user_0056,6,user_0409,0.635397
user_0056,7,user_0345,0.634445
user_0056,8,user_0661,0.634411
user_0056,9,user_0160,0.624192
user_0056,10,user_0909,0.623997
user_0056,11,user_0959,0.621145
user_0056,12,user_0486,0.620981
user_0056,13,user_0420,0.618621
user_0056,14,user_0202,0.617942
user_0056,15,user_0689,0.617798
user_0058,1,user_0011,0.854969
user_0058,2,user_0160,0.819839
user_0058,3,user_0563,0.817661
user_0058,4,user_0415,0.814325
user_0058,5,user_0147,0.812670
user_0058,6,user_0547,0.811197
user_0058,7,user_0099,0.804490
user_0058,8,user_0271,0.803787
user_0058,9,user_0634,0.797996
user_0058,10,user_0443,0.797750
user_0058,11,user_0123,0.797643
user_0058,12,user_0495,0.796401
user_0058,13,user_0969,0.793432
user_0058,14,user_0685,0.791105
user_0058,15,user_0148,0.790603
user_0059,1,user_0961,0.701228
user_0059,2,user_0135,0.695733
user_0059,3,user_0069,0.693125
user_0059,4,user_0415,0.693039
user_0059,5,user_0147,0.683896
user_0059,6,user_0393,0.670338
user_0059,7,user_0099,0.669828
user_0059,8,user_0127,0.665785
user_0059,9,user_0683,0.662345
user_0059,10,user_0420,0.661388
user_0059,11,user_0191,0.660146
user_0059,12,user_0151,0.659863
user_0059,13,user_0434,0.658652
user_0059,14,user_0143,0.657721
user_0059,15,user_0968,0.656886
user_0060,1,user_0076,0.724766
user_0060,2,user_0267,0.724666
user_0060,3,user_0661,0.721372
user_0060,4,user_0643,0.720758
user_0060,5,user_0026,0.717552
user_0060,6,user_0671,0.713340
user_0060,7,user_0540,0.709089
user_0060,8,user_0160,0.708828
user_0060,9,user_0182,0.708665
user_0060,10,user_0775,0.707905
user_0060,11,user_0550,0.704710
user_0060,12,user_0862,0.704527
user_0060,13,user_0397,0.702802
user_0060,14,user_0979,0.702570
user_0060,15,user_0088,0.701686
user_0061,1,user_0437,0.722232
user_0061,2,user_0451,0.710296
user_0061,3,user_0557,0.694333
user_0061,4,user_0147,0.692261
user_0061,5,user_0617,0.692077
user_0061,6,user_0444,0.688659
user_0061,7,user_0151,0.684534
user_0061,8,user_0074,0.683278
user_0061,9,user_0504,0.682638
user_0061,10,user_0073,0.681766
user_0061,11,user_0733,0.678157
user_0061,12,user_0270,0.673570
user_0061,13,user_0415,0.671945
user_0061,14,user_0279,0.666759
user_0061,15,user_0267,0.666343
user_0063,1,user_0159,0.803475
user_0063,2,user_0063,0.796315
user_0063,3,user_0839,0.782149
user_0063,4,user_0640,0.778996
user_0063,5,user_0188,0.777495
user_0063,6,user_0745,0.776074
user_0063,7,user_0954,0.775358
user_0063,8,user_0123,0.774429
user_0063,9,user_0721,0.774360
user_0063,10,user_0969,0.773926
user_0063,11,user_0293,0.771852
user_0063,12,user_0971,0.766582
user_0063,13,user_0515,0.765183
user_0063,14,user_0793,0.764958
user_0063,15,user_0505,0.764911
user_0066,1,user_0485,0.840367
user_0066,2,user_0504,0.837552
user_0066,3,user_0350,0.837267
user_0066,4,user_0066,0.832923
user_0066,5,user_0985,0.814624
user_0066,6,user_0423,0.813969
user_0066,7,user_0047,0.811547
user_0066,8,user_0085,0.810770
user_0066,9,user_0882,0.809606
user_0066,10,user_0473,0.808291
user_0066,11,user_0600,0.807440
user_0066,12,user_0147,0.807365
user_0066,13,user_0045,0.806348
user_0066,14,user_0477,0.805379
user_0066,15,user_0313,0.805280
user_0068,1,user_0958,0.763285
user_0068,2,user_0536,0.757161
user_0068,3,user_0677,0.743873
user_0068,4,user_0260,0.741806
user_0068,5,user_0160,0.733920
user_0068,6,user_0969,0.733150
user_0068,7,user_0610,0.727882
user_0068,8,user_0397,0.727492
user_0068,9,user_0068,0.717714
user_0068,10,user_0795,0.717686
user_0068,11,user_0011,0.715341
user_0068,12,user_0166,0.711485
user_0068,13,user_0538,0.711423
user_0068,14,user_0774,0.710440
user_0068,15,user_0511,0.697179
user_0070,1,user_0070,0.767308
user_0070,2,user_0758,0.737550
user_0070,3,user_0944,0.724570
user_0070,4,user_0157,0.717157
user_0070,5,user_0422,0.716057
user_0070,6,user_0590,0.700357
user_0070,7,user_0363,0.695047
user_0070,8,user_0663,0.694296
user_0070,9,user_0959,0.692495
user_0070,10,user_0938,0.689636
user_0070,11,user_0393,0.685909
user_0070,12,user_0872,0.684441
user_0070,13,user_0415,0.681285
user_0070,14,user_0107,0.679598
user_0070,15,user_0655,0.678857
user_0071,1,user_0099,0.795487
user_0071,2,user_0147,0.760732
user_0071,3,user_0230,0.757216
user_0071,4,user_0557,0.752699
user_0071,5,user_0300,0.737847
user_0071,6,user_0415,0.726493
user_0071,7,user_0803,0.725843
user_0071,8,user_0267,0.724254
user_0071,9,user_0547,0.720975
user_0071,10,user_0334,0.718976
user_0071,11,user_0711,0.718847
user_0071,12,user_0071,0.718428
user_0071,13,user_0484,0.717577
user_0071,14,user_0240,0.717414
user_0071,15,user_0457,0.716414
user_0072,1,user_0179,0.788199
user_0072,2,user_0961,0.758534
user_0072,3,user_0902,0.753752
user_0072,4,user_0457,0.750083
user_0072,5,user_0045,0.749558
user_0072,6,user_0112,0.748500
user_0072,7,user_0415,0.747677
user_0072,8,user_0335,0.747587
user_0072,9,user_0507,0.746510
user_0072,10,user_0224,0.744725
user_0072,11,user_0384,0.743841
user_0072,12,user_0462,0.742098
user_0072,13,user_0231,0.737786
user_0072,14,user_0151,0.732172
user_0072,15,user_0720,0.731771
user_0073,1,user_0073,0.847209
user_0073,2,user_0695,0.779428
user_0073,3,user_0437,0.772530
user_0073,4,user_0557,0.769709
user_0073,5,user_0105,0.763597
user_0073,6,user_0061,0.751558
user_0073,7,user_0415,0.751225
user_0073,8,user_0504,0.749329
user_0073,9,user_0422,0.747788
user_0073,10,user_0815,0.738438
user_0073,11,user_0274,0.736925
user_0073,12,user_0451,0.734563
user_0073,13,user_0620,0.734102
user_0073,14,user_0812,0.732246
user_0073,15,user_0733,0.730559
user_0074,1,user_0074,0.869356
user_0074,2,user_0147,0.814537
user_0074,3,user_0451,0.799581
user_0074,4,user_0315,0.791606
user_0074,5,user_0437,0.791232
user_0074,6,user_0047,0.789557
user_0074,7,user_0557,0.789182
user_0074,8,user_0061,0.784636
user_0074,9,user_0486,0.781067
user_0074,10,user_0864,0.777900
user_0074,11,user_0812,0.777690
user_0074,12,user_0695,0.776311
user_0074,13,user_0614,0.776052
user_0074,14,user_0534,0.774055
user_0074,15,user_0073,0.773976
user_0075,1,user_0315,0.797069
user_0075,2,user_0563,0.771319
user_0075,3,user_0887,0.761197
user_0075,4,user_0600,0.760398
user_0075,5,user_0557,0.759317
user_0075,6,user_0075,0.757256
user_0075,7,user_0074,0.755472
user_0075,8,user_0135,0.754685
user_0075,9,user_0099,0.752186
user_0075,10,user_0766,0.745680
user_0075,11,user_0224,0.745456
user_0075,12,user_0541,0.745199
user_0075,13,user_0444,0.743393
user_0075,14,user_0593,0.742905
user_0075,15,user_0732,0.741233
user_0076,1,user_0976,0.786177
user_0076,2,user_0359,0.767592
user_0076,3,user_0147,0.766662
user_0076,4,user_0969,0.765555
user_0076,5,user_0568,0.764305
user_0076,6,user_0637,0.761598
user_0076,7,user_0661,0.760686
user_0076,8,user_0160,0.760191
user_0076,9,user_0721,0.759401
user_0076,10,user_0471,0.757075
user_0076,11,user_0610,0.756626
user_0076,12,user_0689,0.755527
user_0076,13,user_0158,0.755305
user_0076,14,user_0444,0.753014
user_0076,15,user_0795,0.752032
user_0078,1,user_0563,0.897239
user_0078,2,user_0504,0.887260
user_0078,3,user_0137,0.885520
user_0078,4,user_0415,0.883224
user_0078,5,user_0879,0.881546
user_0078,6,user_0168,0.877026
user_0078,7,user_0540,0.876136
user_0078,8,user_0380,0.873061
user_0078,9,user_0593,0.872265
user_0078,10,user_0238,0.872037
user_0078,11,user_0495,0.871264
user_0078,12,user_0224,0.871093
user_0078,13,user_0099,0.870676
user_0078,14,user_0473,0.868665
user_0078,15,user_0671,0.868416
user_0081,1,user_0563,0.774442
user_0081,2,user_0772,0.757163
user_0081,3,user_0504,0.751317
user_0081,4,user_0427,0.748706
user_0081,5,user_0137,0.746501
user_0081,6,user_0238,0.737944
user_0081,7,user_0335,0.737778
user_0081,8,user_0510,0.734631
user_0081,9,user_0819,0.733489
user_0081,10,user_0879,0.732189
user_0081,11,user_0775,0.731720
user_0081,12,user_0224,0.731672
user_0081,13,user_0367,0.731031
user_0081,14,user_0410,0.730827
user_0081,15,user_0500,0.730530
user_0082,1,user_0082,0.788997
user_0082,2,user_0501,0.739422
user_0082,3,user_0413,0.735560
user_0082,4,user_0415,0.709970
user_0082,5,user_0423,0.707607
user_0082,6,user_0661,0.695293
user_0082,7,user_0983,0.695015
user_0082,8,user_0045,0.693830
user_0082,9,user_0504,0.686550
user_0082,10,user_0519,0.684787
user_0082,11,user_0127,0.684236
user_0082,12,user_0123,0.684180
user_0082,13,user_0160,0.681255
user_0082,14,user_0770,0.680951
user_0082,15,user_0153,0.680936
user_0083,1,user_0157,0.847747
user_0083,2,user_0020,0.843198
user_0083,3,user_0224,0.821251
user_0083,4,user_0775,0.818967
user_0083,5,user_0790,0.817244
user_0083,6,user_0563,0.813344
user_0083,7,user_0415,0.812947
user_0083,8,user_0203,0.812944
user_0083,9,user_0422,0.812877
user_0083,10,user_0099,0.811845
user_0083,11,user_0833,0.811338
user_0083,12,user_0147,0.809041
user_0083,13,user_0699,0.807541
user_0083,14,user_0078,0.806290
user_0083,15,user_0663,0.805234
user_0084,1,user_0237,0.795310
user_0084,2,user_0373,0.792373
user_0084,3,user_0396,0.791737
user_0084,4,user_0084,0.787460
user_0084,5,user_0003,0.781083
user_0084,6,user_0661,0.780521
user_0084,7,user_0160,0.776812
user_0084,8,user_0290,0.775479
user_0084,9,user_0931,0.772970
user_0084,10,user_0098,0.765005
user_0084,11,user_0345,0.763295
user_0084,12,user_0981,0.761888
user_0084,13,user_0181,0.755976
user_0084,14,user_0092,0.755033
user_0084,15,user_0708,0.754318
user_0088,1,user_0415,0.625708
user_0088,2,user_0821,0.622304
user_0088,3,user_0451,0.617506
user_0088,4,user_0707,0.602609
user_0088,5,user_0444,0.601915
user_0088,6,user_0264,0.601751
user_0088,7,user_0047,0.601047
user_0088,8,user_0334,0.600694
user_0088,9,user_0114,0.599433
user_0088,10,user_0523,0.599370
user_0088,11,user_0121,0.599124
user_0088,12,user_0270,0.595398
user_0088,13,user_0412,0.594001
user_0088,14,user_0381,0.592978
user_0088,15,user_0486,0.592592
user_0090,1,user_0240,0.690806
user_0090,2,user_0090,0.673777
user_0090,3,user_0876,0.670048
user_0090,4,user_0328,0.664376
user_0090,5,user_0757,0.653388
user_0090,6,user_0842,0.649847
user_0090,7,user_0270,0.645110
user_0090,8,user_0794,0.641640
user_0090,9,user_0092,0.636044
user_0090,10,user_0459,0.634495
user_0090,11,user_0230,0.632464
user_0090,12,user_0151,0.631327
user_0090,13,user_0071,0.630018
user_0090,14,user_0255,0.625173
user_0090,15,user_0326,0.621394
user_0094,1,user_0415,0.819814
user_0094,2,user_0685,0.797035
user_0094,3,user_0005,0.796528
user_0094,4,user_0094,0.791103
user_0094,5,user_0547,0.789769
user_0094,6,user_0147,0.789036
user_0094,7,user_0011,0.788809
user_0094,8,user_0420,0.785288
user_0094,9,user_0153,0.785221
user_0094,10,user_0048,0.783306
user_0094,11,user_0862,0.782528
user_0094,12,user_0099,0.781949
user_0094,13,user_0474,0.780139
user_0094,14,user_0410,0.778055
user_0094,15,user_0912,0.776436
user_0095,1,user_0269,0.857980
user_0095,2,user_0355,0.843284
user_0095,3,user_0971,0.822859
user_0095,4,user_0969,0.821719
user_0095,5,user_0160,0.812638
user_0095,6,user_0177,0.811192
user_0095,7,user_0563,0.810666
user_0095,8,user_0650,0.810138
user_0095,9,user_0147,0.810043
user_0095,10,user_0924,0.807954
user_0095,11,user_0808,0.803962
user_0095,12,user_0267,0.803797
user_0095,13,user_0608,0.802361
user_0095,14,user_0504,0.801452
user_0095,15,user_0415,0.799099
user_0096,1,user_0114,0.708279
user_0096,2,user_0510,0.689475
user_0096,3,user_0415,0.688022
user_0096,4,user_0486,0.681109
user_0096,5,user_0137,0.674228
user_0096,6,user_0272,0.673468
user_0096,7,user_0151,0.672633
user_0096,8,user_0821,0.672089
user_0096,9,user_0229,0.672061
user_0096,10,user_0557,0.671259
user_0096,11,user_0563,0.670058
user_0096,12,user_0879,0.669702
user_0096,13,user_0504,0.669557
user_0096,14,user_0671,0.665804
user_0096,15,user_0639,0.664193
user_0097,1,user_0267,0.789765
user_0097,2,user_0147,0.781685
user_0097,3,user_0438,0.775313
user_0097,4,user_0862,0.771519
user_0097,5,user_0504,0.765997
user_0097,6,user_0563,0.763806
user_0097,7,user_0279,0.761633
user_0097,8,user_0485,0.758569
user_0097,9,user_0962,0.757677
user_0097,10,user_0137,0.756173
user_0097,11,user_0772,0.755956
user_0097,12,user_0345,0.753777
user_0097,13,user_0038,0.752463
user_0097,14,user_0196,0.751590
user_0097,15,user_0547,0.751424
user_0099,1,user_0099,0.864598
user_0099,2,user_0415,0.843085
user_0099,3,user_0495,0.819218
user_0099,4,user_0048,0.816494
user_0099,5,user_0410,0.812422
user_0099,6,user_0123,0.810732
user_0099,7,user_0563,0.810717
user_0099,8,user_0271,0.807975
user_0099,9,user_0473,0.804732
user_0099,10,user_0569,0.803328
user_0099,11,user_0085,0.800774
user_0099,12,user_0812,0.797491
user_0099,13,user_0685,0.796575
user_0099,14,user_0279,0.796431
user_0099,15,user_0745,0.795900
user_0100,1,user_0823,0.708246
user_0100,2,user_0557,0.699863
user_0100,3,user_0422,0.694974
user_0100,4,user_0073,0.690952
user_0100,5,user_0815,0.688675
user_0100,6,user_0152,0.683257
user_0100,7,user_0074,0.679151
user_0100,8,user_0656,0.678752
user_0100,9,user_0437,0.677315
user_0100,10,user_0270,0.676546
user_0100,11,user_0972,0.674613
user_0100,12,user_0334,0.672542
user_0100,13,user_0147,0.670765
user_0100,14,user_0827,0.669957
user_0100,15,user_0190,0.663424
user_0101,1,user_0143,0.787990
user_0101,2,user_0153,0.778578
user_0101,3,user_0635,0.765788
user_0101,4,user_0090,0.748285
user_0101,5,user_0704,0.743493
user_0101,6,user_0186,0.739322
user_0101,7,user_0961,0.737837
user_0101,8,user_0030,0.736249
user_0101,9,user_0776,0.731446
user_0101,10,user_0836,0.729037
user_0101,11,user_0652,0.728829
user_0101,12,user_0556,0.726337
user_0101,13,user_0932,0.725495
user_0101,14,user_0209,0.721619
user_0101,15,user_0339,0.721257
user_0103,1,user_0583,0.744625
user_0103,2,user_0504,0.740015
user_0103,3,user_0577,0.737760
user_0103,4,user_0147,0.735584
user_0103,5,user_0721,0.734044
user_0103,6,user_0862,0.732482
user_0103,7,user_0443,0.732255
user_0103,8,user_0486,0.730462
user_0103,9,user_0074,0.727808
user_0103,10,user_0671,0.727512
user_0103,11,user_0563,0.726538
user_0103,12,user_0444,0.725302
user_0103,13,user_0441,0.721153
user_0103,14,user_0378,0.720647
user_0103,15,user_0047,0.720094
user_0104,1,user_0415,0.831371
user_0104,2,user_0224,0.827405
user_0104,3,user_0563,0.826227
user_0104,4,user_0099,0.811529
user_0104,5,user_0504,0.809438
user_0104,6,user_0147,0.807085
user_0104,7,user_0045,0.806080
user_0104,8,user_0793,0.805819
user_0104,9,user_0123,0.803219
user_0104,10,user_0281,0.802450
user_0104,11,user_0879,0.802262
user_0104,12,user_0444,0.802030
user_0104,13,user_0335,0.801842
user_0104,14,user_0869,0.801716
user_0104,15,user_0267,0.801687
user_0105,1,user_0267,0.730344
user_0105,2,user_0451,0.730009
user_0105,3,user_0448,0.711379
user_0105,4,user_0695,0.702890
user_0105,5,user_0437,0.697541
user_0105,6,user_0421,0.692263
user_0105,7,user_0733,0.687110
user_0105,8,user_0600,0.685400
user_0105,9,user_0793,0.677584
user_0105,10,user_0158,0.677096
user_0105,11,user_0074,0.676620
user_0105,12,user_0066,0.676117
user_0105,13,user_0486,0.671384
user_0105,14,user_0572,0.670779
user_0105,15,user_0038,0.670232
user_0106,1,user_0270,0.780668
user_0106,2,user_0415,0.775941
user_0106,3,user_0158,0.774897
user_0106,4,user_0160,0.769165
user_0106,5,user_0502,0.762697
user_0106,6,user_0583,0.759886
user_0106,7,user_0924,0.758502
user_0106,8,user_0608,0.757033
user_0106,9,user_0279,0.753755
user_0106,10,user_0290,0.752505
user_0106,11,user_0011,0.750460
user_0106,12,user_0422,0.747776
user_0106,13,user_0444,0.747768
user_0106,14,user_0437,0.744847
user_0106,15,user_0888,0.744018
user_0107,1,user_0267,0.804543
user_0107,2,user_0474,0.797588
user_0107,3,user_0279,0.793942
user_0107,4,user_0495,0.791490
user_0107,5,user_0543,0.790892
user_0107,6,user_0196,0.788943
user_0107,7,user_0038,0.786548
user_0107,8,user_0147,0.784711
user_0107,9,user_0547,0.782349
user_0107,10,user_0443,0.781936
user_0107,11,user_0422,0.781798
user_0107,12,user_0421,0.780762
user_0107,13,user_0917,0.780214
user_0107,14,user_0167,0.780030
user_0107,15,user_0415,0.779044
user_0109,1,user_0294,0.798274
user_0109,2,user_0696,0.789203
user_0109,3,user_0320,0.783664
user_0109,4,user_0468,0.779852
user_0109,5,user_0870,0.777643
user_0109,6,user_0269,0.776253
user_0109,7,user_0221,0.775842
user_0109,8,user_0716,0.775002
user_0109,9,user_0109,0.774689
user_0109,10,user_0971,0.772177
user_0109,11,user_0721,0.766976
user_0109,12,user_0839,0.760640
user_0109,13,user_0808,0.758610
user_0109,14,user_0478,0.757683
user_0109,15,user_0424,0.757163
user_0110,1,user_0270,0.715679
user_0110,2,user_0110,0.709949
user_0110,3,user_0415,0.708823
user_0110,4,user_0444,0.698936
user_0110,5,user_0099,0.693793
user_0110,6,user_0757,0.692494
user_0110,7,user_0157,0.690725
user_0110,8,user_0938,0.688540
user_0110,9,user_0160,0.684500
user_0110,10,user_0334,0.681713
user_0110,11,user_0071,0.677062
user_0110,12,user_0045,0.676542
user_0110,13,user_0600,0.675242
user_0110,14,user_0504,0.674955
user_0110,15,user_0557,0.674802
user_0111,1,user_0147,0.841293
user_0111,2,user_0563,0.834164
user_0111,3,user_0614,0.822707
user_0111,4,user_0410,0.822201
user_0111,5,user_0793,0.819911
user_0111,6,user_0707,0.818096
user_0111,7,user_0421,0.817211
user_0111,8,user_0634,0.816292
user_0111,9,user_0020,0.814782
user_0111,10,user_0168,0.814740
user_0111,11,user_0148,0.814718
user_0111,12,user_0745,0.814516
user_0111,13,user_0267,0.813098
user_0111,14,user_0732,0.812633
user_0111,15,user_0600,0.812225
user_0112,1,user_0179,0.834740
user_0112,2,user_0112,0.792227
user_0112,3,user_0384,0.765242
user_0112,4,user_0107,0.762618
user_0112,5,user_0902,0.741792
user_0112,6,user_0415,0.740156
user_0112,7,user_0494,0.739501
user_0112,8,user_0653,0.739228
user_0112,9,user_0718,0.735409
user_0112,10,user_0626,0.732053
user_0112,11,user_0604,0.731478
user_0112,12,user_0045,0.730653
user_0112,13,user_0252,0.720967
user_0112,14,user_0405,0.718653
user_0112,15,user_0043,0.718292
user_0113,1,user_0099,0.811820
user_0113,2,user_0652,0.800557
user_0113,3,user_0473,0.792087
user_0113,4,user_0094,0.791737
user_0113,5,user_0541,0.791612
user_0113,6,user_0557,0.790729
user_0113,7,user_0706,0.787335
user_0113,8,user_0191,0.785694
user_0113,9,user_0879,0.785662
user_0113,10,user_0835,0.784075
user_0113,11,user_0524,0.783304
user_0113,12,user_0410,0.782688
user_0113,13,user_0761,0.782172
user_0113,14,user_0932,0.781920
user_0113,15,user_0005,0.781765
user_0115,1,user_0745,0.812451
user_0115,2,user_0444,0.812152
user_0115,3,user_0557,0.808415
user_0115,4,user_0157,0.808124
user_0115,5,user_0504,0.805434
user_0115,6,user_0543,0.801179
user_0115,7,user_0422,0.794622
user_0115,8,user_0313,0.793557
user_0115,9,user_0308,0.791382
user_0115,10,user_0045,0.788577
user_0115,11,user_0912,0.787860
user_0115,12,user_0753,0.787533
user_0115,13,user_0473,0.785851
user_0115,14,user_0378,0.782640
user_0115,15,user_0541,0.780893
user_0117,1,user_0620,0.730153
user_0117,2,user_0010,0.712977
user_0117,3,user_0117,0.702219
user_0117,4,user_0695,0.700817
user_0117,5,user_0661,0.686898
user_0117,6,user_0061,0.686658
user_0117,7,user_0534,0.685842
user_0117,8,user_0502,0.683529
user_0117,9,user_0608,0.682210
user_0117,10,user_0158,0.678432
user_0117,11,user_0074,0.676063
user_0117,12,user_0645,0.670523
user_0117,13,user_0689,0.668235
user_0117,14,user_0758,0.664487
user_0117,15,user_0073,0.662781
user_0118,1,user_0158,0.785890
user_0118,2,user_0661,0.781664
user_0118,3,user_0270,0.772925
user_0118,4,user_0502,0.754255
user_0118,5,user_0583,0.747064
user_0118,6,user_0177,0.742801
user_0118,7,user_0800,0.740546
user_0118,8,user_0451,0.737282
user_0118,9,user_0312,0.732518
user_0118,10,user_0557,0.732019
user_0118,11,user_0708,0.729665
user_0118,12,user_0044,0.728491
user_0118,13,user_0437,0.726418
user_0118,14,user_0433,0.725604
user_0118,15,user_0365,0.723718
user_0119,1,user_0147,0.830633
user_0119,2,user_0563,0.822921
user_0119,3,user_0415,0.820007
user_0119,4,user_0160,0.809000
user_0119,5,user_0011,0.802183
user_0119,6,user_0444,0.800550
user_0119,7,user_0099,0.796971
user_0119,8,user_0123,0.796317
user_0119,9,user_0614,0.795564
user_0119,10,user_0267,0.793935
user_0119,11,user_0557,0.793594
user_0119,12,user_0437,0.793381
user_0119,13,user_0547,0.790496
user_0119,14,user_0504,0.786938
user_0119,15,user_0270,0.784996
user_0123,1,user_0563,0.825335
user_0123,2,user_0415,0.808803
user_0123,3,user_0099,0.803552
user_0123,4,user_0147,0.802096
user_0123,5,user_0495,0.799739
user_0123,6,user_0271,0.796983
user_0123,7,user_0123,0.795506
user_0123,8,user_0443,0.791373
user_0123,9,user_0048,0.789488
user_0123,10,user_0600,0.789388
user_0123,11,user_0547,0.786905
user_0123,12,user_0160,0.786019
user_0123,13,user_0137,0.782517
user_0123,14,user_0148,0.780972
user_0123,15,user_0732,0.779094
user_0124,1,user_0124,0.827146
user_0124,2,user_0499,0.823945
user_0124,3,user_0624,0.803601
user_0124,4,user_0681,0.797754
user_0124,5,user_0650,0.793344
user_0124,6,user_0969,0.789859
user_0124,7,user_0903,0.787178
user_0124,8,user_0971,0.785879
user_0124,9,user_0924,0.782471
user_0124,10,user_0355,0.780317
user_0124,11,user_0415,0.775411
user_0124,12,user_0563,0.775320
user_0124,13,user_0269,0.773491
user_0124,14,user_0043,0.770825
user_0124,15,user_0808,0.770409
user_0128,1,user_0882,0.834425
user_0128,2,user_0147,0.831222
user_0128,3,user_0563,0.830672
user_0128,4,user_0600,0.828363
user_0128,5,user_0415,0.825741
user_0128,6,user_0504,0.824193
user_0128,7,user_0671,0.823917
user_0128,8,user_0127,0.821578
user_0128,9,user_0547,0.816800
user_0128,10,user_0378,0.814577
user_0128,11,user_0700,0.813858
user_0128,12,user_0267,0.813631
user_0128,13,user_0123,0.813609
user_0128,14,user_0745,0.808646
user_0128,15,user_0444,0.808049
user_0129,1,user_0099,0.870444
user_0129,2,user_0415,0.838474
user_0129,3,user_0473,0.830987
user_0129,4,user_0504,0.822772
user_0129,5,user_0563,0.822183
user_0129,6,user_0812,0.821278
user_0129,7,user_0147,0.820906
user_0129,8,user_0821,0.819221
user_0129,9,user_0123,0.819006
user_0129,10,user_0224,0.816578
user_0129,11,user_0671,0.815940
user_0129,12,user_0541,0.812779
user_0129,13,user_0614,0.812200
user_0129,14,user_0706,0.811057
user_0129,15,user_0510,0.810148
user_0131,1,user_0290,0.855047
user_0131,2,user_0160,0.840712
user_0131,3,user_0390,0.805045
user_0131,4,user_0890,0.804930
user_0131,5,user_0979,0.804234
user_0131,6,user_0023,0.791447
user_0131,7,user_0608,0.790532
user_0131,8,user_0661,0.787714
user_0131,9,user_0931,0.786096
user_0131,10,user_0502,0.784704
user_0131,11,user_0981,0.781948
user_0131,12,user_0158,0.775214
user_0131,13,user_0689,0.772620
user_0131,14,user_0131,0.770564
user_0131,15,user_0181,0.770136
user_0132,1,user_0132,0.821193
user_0132,2,user_0099,0.808887
user_0132,3,user_0539,0.799092
user_0132,4,user_0415,0.793959
user_0132,5,user_0938,0.793311
user_0132,6,user_0777,0.779929
user_0132,7,user_0414,0.776867
user_0132,8,user_0704,0.774307
user_0132,9,user_0732,0.766650
user_0132,10,user_0127,0.765203
user_0132,11,user_0524,0.764952
user_0132,12,user_0546,0.760722
user_0132,13,user_0224,0.759895
user_0132,14,user_0964,0.759628
user_0132,15,user_0961,0.758279
user_0134,1,user_0998,0.818154
user_0134,2,user_0134,0.799343
user_0134,3,user_0659,0.793687
user_0134,4,user_0443,0.789987
user_0134,5,user_0490,0.785944
user_0134,6,user_0195,0.780033
user_0134,7,user_0415,0.778832
user_0134,8,user_0289,0.778616
user_0134,9,user_0772,0.775248
user_0134,10,user_0712,0.774852
user_0134,11,user_0917,0.772559
user_0134,12,user_0707,0.770190
user_0134,13,user_0527,0.770066
user_0134,14,user_0907,0.769709
user_0134,15,user_0378,0.766424
user_0135,1,user_0135,0.828822
user_0135,2,user_0147,0.784966
user_0135,3,user_0547,0.769301
user_0135,4,user_0267,0.767330
user_0135,5,user_0961,0.766665
user_0135,6,user_0167,0.764738
user_0135,7,user_0541,0.763440
user_0135,8,user_0099,0.762486
user_0135,9,user_0415,0.762184
user_0135,10,user_0421,0.761411
user_0135,11,user_0434,0.760087
user_0135,12,user_0437,0.759238
user_0135,13,user_0157,0.758461
user_0135,14,user_0448,0.757610
user_0135,15,user_0153,0.755563
user_0136,1,user_0123,0.819181
user_0136,2,user_0157,0.818336
user_0136,3,user_0415,0.815597
user_0136,4,user_0224,0.812990
user_0136,5,user_0153,0.809467
user_0136,6,user_0045,0.804187
user_0136,7,user_0541,0.804135
user_0136,8,user_0293,0.801647
user_0136,9,user_0334,0.794375
user_0136,10,user_0563,0.793909
user_0136,11,user_0793,0.792296
user_0136,12,user_0868,0.791383
user_0136,13,user_0020,0.789502
user_0136,14,user_0147,0.789344
user_0136,15,user_0410,0.787977
user_0138,1,user_0138,0.824142
user_0138,2,user_0604,0.788294
user_0138,3,user_0815,0.765313
user_0138,4,user_0316,0.759465
user_0138,5,user_0653,0.756886
user_0138,6,user_0152,0.756790
user_0138,7,user_0730,0.754853
user_0138,8,user_0504,0.743850
user_0138,9,user_0437,0.738630
user_0138,10,user_0415,0.733742
user_0138,11,user_0151,0.729169
user_0138,12,user_0612,0.727803
user_0138,13,user_0289,0.727332
user_0138,14,user_0334,0.727198
user_0138,15,user_0281,0.724187
user_0142,1,user_0224,0.827657
user_0142,2,user_0067,0.826902
user_0142,3,user_0137,0.824980
user_0142,4,user_0879,0.823847
user_0142,5,user_0239,0.822875
user_0142,6,user_0729,0.819346
user_0142,7,user_0671,0.818902
user_0142,8,user_0563,0.818850
user_0142,9,user_0168,0.818185
user_0142,10,user_0529,0.815139
user_0142,11,user_0886,0.814351
user_0142,12,user_0265,0.814096
user_0142,13,user_0447,0.813163
user_0142,14,user_0238,0.812167
user_0142,15,user_0841,0.810572
user_0143,1,user_0143,0.753524
user_0143,2,user_0092,0.740648
user_0143,3,user_0652,0.736313
user_0143,4,user_0231,0.736259
user_0143,5,user_0011,0.723283
user_0143,6,user_0784,0.720381
user_0143,7,user_0339,0.719310
user_0143,8,user_0803,0.717850
user_0143,9,user_0415,0.717491
user_0143,10,user_0099,0.710471
user_0143,11,user_0685,0.709783
user_0143,12,user_0402,0.701253
user_0143,13,user_0081,0.700728
user_0143,14,user_0422,0.700535
user_0143,15,user_0167,0.696468
user_0144,1,user_0144,0.848346
user_0144,2,user_0410,0.831996
user_0144,3,user_0270,0.825555
user_0144,4,user_0844,0.818770
user_0144,5,user_0744,0.811791
user_0144,6,user_0494,0.809330
user_0144,7,user_0507,0.802351
user_0144,8,user_0776,0.799725
user_0144,9,user_0363,0.798189
user_0144,10,user_0078,0.796973
user_0144,11,user_0377,0.793849
user_0144,12,user_0456,0.792996
user_0144,13,user_0819,0.791782
user_0144,14,user_0842,0.791228
user_0144,15,user_0151,0.791170
user_0147,1,user_0499,0.776460
user_0147,2,user_0166,0.771423
user_0147,3,user_0741,0.766955
user_0147,4,user_0808,0.764065
user_0147,5,user_0169,0.761834
user_0147,6,user_0795,0.760385
user_0147,7,user_0969,0.760176
user_0147,8,user_0269,0.754809
user_0147,9,user_0147,0.749257
user_0147,10,user_0637,0.743766
user_0147,11,user_0359,0.737643
user_0147,12,user_0866,0.737334
user_0147,13,user_0355,0.732179
user_0147,14,user_0721,0.731123
user_0147,15,user_0478,0.728888
user_0152,1,user_0437,0.794962
user_0152,2,user_0415,0.790142
user_0152,3,user_0600,0.786113
user_0152,4,user_0147,0.775318
user_0152,5,user_0695,0.773553
user_0152,6,user_0504,0.770424
user_0152,7,user_0757,0.769789
user_0152,8,user_0815,0.766528
user_0152,9,user_0557,0.766299
user_0152,10,user_0448,0.766276
user_0152,11,user_0038,0.762950
user_0152,12,user_0152,0.762916
user_0152,13,user_0793,0.761159
user_0152,14,user_0869,0.760579
user_0152,15,user_0733,0.760417
user_0153,1,user_0153,0.838263
user_0153,2,user_0186,0.802883
user_0153,3,user_0776,0.782081
user_0153,4,user_0714,0.774612
user_0153,5,user_0415,0.771934
user_0153,6,user_0045,0.771482
user_0153,7,user_0961,0.768674
user_0153,8,user_0123,0.763387
user_0153,9,user_0287,0.763186
user_0153,10,user_0224,0.761852
user_0153,11,user_0090,0.760112
user_0153,12,user_0040,0.758358
user_0153,13,user_0513,0.758071
user_0153,14,user_0556,0.753339
user_0153,15,user_0227,0.752775
user_0157,1,user_0519,0.858774
user_0157,2,user_0413,0.836302
user_0157,3,user_0270,0.834168
user_0157,4,user_0770,0.827902
user_0157,5,user_0363,0.826856
user_0157,6,user_0917,0.822465
user_0157,7,user_0849,0.821992
user_0157,8,user_0911,0.818480
user_0157,9,user_0623,0.818028
user_0157,10,user_0279,0.816242
user_0157,11,user_0504,0.816179
user_0157,12,user_0415,0.815272
user_0157,13,user_0422,0.814200
user_0157,14,user_0157,0.812367
user_0157,15,user_0160,0.811886
user_0159,1,user_0151,0.782083
user_0159,2,user_0907,0.775757
user_0159,3,user_0270,0.770184
user_0159,4,user_0485,0.768356
user_0159,5,user_0563,0.763076
user_0159,6,user_0279,0.762780
user_0159,7,user_0415,0.758094
user_0159,8,user_0614,0.755188
user_0159,9,user_0444,0.752995
user_0159,10,user_0862,0.752672
user_0159,11,user_0772,0.752168
user_0159,12,user_0196,0.751360
user_0159,13,user_0766,0.750959
user_0159,14,user_0410,0.750597
user_0159,15,user_0494,0.749318
user_0160,1,user_0160,0.939694
user_0160,2,user_0661,0.864528
user_0160,3,user_0290,0.864364
user_0160,4,user_0608,0.860477
user_0160,5,user_0931,0.850568
user_0160,6,user_0345,0.848470
user_0160,7,user_0563,0.846797
user_0160,8,user_0969,0.842910
user_0160,9,user_0979,0.842622
user_0160,10,user_0181,0.841378
user_0160,11,user_0177,0.835411
user_0160,12,user_0011,0.835308
user_0160,13,user_0410,0.833760
user_0160,14,user_0689,0.833570
user_0160,15,user_0600,0.827702
user_0162,1,user_0415,0.852402
user_0162,2,user_0504,0.840096
user_0162,3,user_0099,0.828977
user_0162,4,user_0563,0.823234
user_0162,5,user_0812,0.817916
user_0162,6,user_0279,0.808191
user_0162,7,user_0045,0.807195
user_0162,8,user_0671,0.801290
user_0162,9,user_0224,0.800717
user_0162,10,user_0473,0.796498
user_0162,11,user_0444,0.794494
user_0162,12,user_0593,0.794419
user_0162,13,user_0281,0.794258
user_0162,14,user_0600,0.793775
user_0162,15,user_0147,0.789367
user_0164,1,user_0164,0.832065
user_0164,2,user_0205,0.746784
user_0164,3,user_0525,0.745692
user_0164,4,user_0649,0.735324
user_0164,5,user_0140,0.701160
user_0164,6,user_0702,0.691765
user_0164,7,user_0672,0.663359
user_0164,8,user_0988,0.661076
user_0164,9,user_0916,0.637903
user_0164,10,user_0468,0.631598
user_0164,11,user_0191,0.624585
user_0164,12,user_0523,0.615178
user_0164,13,user_0499,0.604809
user_0164,14,user_0583,0.594569
user_0164,15,user_0923,0.592863
user_0166,1,user_0166,0.742193
user_0166,2,user_0169,0.700317
user_0166,3,user_0624,0.697535
user_0166,4,user_0741,0.690966
user_0166,5,user_0130,0.688152
user_0166,6,user_0686,0.679182
user_0166,7,user_0637,0.669739
user_0166,8,user_0355,0.666733
user_0166,9,user_0120,0.664750
user_0166,10,user_0945,0.664604
user_0166,11,user_0141,0.659826
user_0166,12,user_0526,0.656053
user_0166,13,user_0260,0.655114
user_0166,14,user_0897,0.654084
user_0166,15,user_0124,0.652063
user_0167,1,user_0563,0.778762
user_0167,2,user_0271,0.777462
user_0167,3,user_0011,0.773193
user_0167,4,user_0167,0.767614
user_0167,5,user_0467,0.767382
user_0167,6,user_0147,0.764982
user_0167,7,user_0099,0.763962
user_0167,8,user_0732,0.762572
user_0167,9,user_0148,0.759999
user_0167,10,user_0160,0.758121
user_0167,11,user_0819,0.757484
user_0167,12,user_0913,0.756156
user_0167,13,user_0634,0.756007
user_0167,14,user_0267,0.755485
user_0167,15,user_0189,0.755414
user_0168,1,user_0969,0.856758
user_0168,2,user_0669,0.839170
user_0168,3,user_0808,0.838239
user_0168,4,user_0032,0.836902
user_0168,5,user_0269,0.834460
user_0168,6,user_0160,0.833952
user_0168,7,user_0511,0.828718
user_0168,8,user_0971,0.827540
user_0168,9,user_0397,0.826905
user_0168,10,user_0868,0.826105
user_0168,11,user_0188,0.824927
user_0168,12,user_0260,0.823998
user_0168,13,user_0355,0.822827
user_0168,14,user_0838,0.819578
user_0168,15,user_0609,0.819121
user_0169,1,user_0169,0.812899
user_0169,2,user_0741,0.811046
user_0169,3,user_0166,0.798098
user_0169,4,user_0158,0.768946
user_0169,5,user_0043,0.767361
user_0169,6,user_0293,0.766780
user_0169,7,user_0971,0.763983
user_0169,8,user_0557,0.759117
user_0169,9,user_0969,0.758185
user_0169,10,user_0532,0.752069
user_0169,11,user_0334,0.751838
user_0169,12,user_0270,0.750861
user_0169,13,user_0120,0.750800
user_0169,14,user_0924,0.750742
user_0169,15,user_0807,0.747819
user_0170,1,user_0170,0.615716
user_0170,2,user_0355,0.587508
user_0170,3,user_0499,0.586597
user_0170,4,user_0328,0.573680
user_0170,5,user_0510,0.572426
user_0170,6,user_0135,0.564308
user_0170,7,user_0095,0.556615
user_0170,8,user_0495,0.556186
user_0170,9,user_0866,0.555715
user_0170,10,user_0969,0.555392
user_0170,11,user_0147,0.554734
user_0170,12,user_0569,0.551641
user_0170,13,user_0640,0.544994
user_0170,14,user_0099,0.544630
user_0170,15,user_0196,0.544285
user_0171,1,user_0807,0.806227
user_0171,2,user_0147,0.781256
user_0171,3,user_0461,0.778632
user_0171,4,user_0293,0.776851
user_0171,5,user_0471,0.764697
user_0171,6,user_0557,0.761769
user_0171,7,user_0862,0.761589
user_0171,8,user_0785,0.760599
user_0171,9,user_0240,0.758675
user_0171,10,user_0637,0.755827
user_0171,11,user_0524,0.753947
user_0171,12,user_0721,0.751675
user_0171,13,user_0518,0.750899
user_0171,14,user_0444,0.750419
user_0171,15,user_0499,0.748762
user_0176,1,user_0808,0.858819
user_0176,2,user_0924,0.845054
user_0176,3,user_0361,0.844948
user_0176,4,user_0269,0.840281
user_0176,5,user_0355,0.834465
user_0176,6,user_0354,0.832174
user_0176,7,user_0927,0.829410
user_0176,8,user_0650,0.827451
user_0176,9,user_0969,0.824009
user_0176,10,user_0791,0.806690
user_0176,11,user_0742,0.801991
user_0176,12,user_0160,0.795394
user_0176,13,user_0123,0.792278
user_0176,14,user_0670,0.788429
user_0176,15,user_0795,0.785802
user_0182,1,user_0563,0.861460
user_0182,2,user_0415,0.850515
user_0182,3,user_0224,0.848359
user_0182,4,user_0504,0.841650
user_0182,5,user_0879,0.841097
user_0182,6,user_0862,0.838990
user_0182,7,user_0444,0.837352
user_0182,8,user_0267,0.837061
user_0182,9,user_0671,0.832088
user_0182,10,user_0593,0.831450
user_0182,11,user_0026,0.829633
user_0182,12,user_0137,0.828988
user_0182,13,user_0913,0.827327
user_0182,14,user_0335,0.827210
user_0182,15,user_0123,0.827107
user_0183,1,user_0924,0.789098
user_0183,2,user_0927,0.775146
user_0183,3,user_0355,0.770644
user_0183,4,user_0808,0.765749
user_0183,5,user_0269,0.757596
user_0183,6,user_0795,0.752089
user_0183,7,user_0259,0.750129
user_0183,8,user_0123,0.747759
user_0183,9,user_0578,0.744599
user_0183,10,user_0969,0.743824
user_0183,11,user_0515,0.740696
user_0183,12,user_0415,0.739184
user_0183,13,user_0063,0.739173
user_0183,14,user_0791,0.737650
user_0183,15,user_0650,0.737327
user_0184,1,user_0815,0.740178
user_0184,2,user_0604,0.738882
user_0184,3,user_0437,0.730943
user_0184,4,user_0415,0.728527
user_0184,5,user_0184,0.725324
user_0184,6,user_0183,0.721721
user_0184,7,user_0653,0.714458
user_0184,8,user_0334,0.710795
user_0184,9,user_0152,0.708996
user_0184,10,user_0270,0.707749
user_0184,11,user_0422,0.704602
user_0184,12,user_0433,0.702963
user_0184,13,user_0073,0.701257
user_0184,14,user_0279,0.699969
user_0184,15,user_0557,0.696138
user_0188,1,user_0188,0.881443
user_0188,2,user_0897,0.851035
user_0188,3,user_0971,0.843323
user_0188,4,user_0954,0.840735
user_0188,5,user_0397,0.817466
user_0188,6,user_0063,0.816590
user_0188,7,user_0974,0.805750
user_0188,8,user_0774,0.797780
user_0188,9,user_0015,0.795008
user_0188,10,user_0425,0.792114
user_0188,11,user_0969,0.791945
user_0188,12,user_0839,0.787662
user_0188,13,user_0709,0.785876
user_0188,14,user_0576,0.781163
user_0188,15,user_0578,0.778994
user_0191,1,user_0147,0.780800
user_0191,2,user_0135,0.779262
user_0191,3,user_0547,0.740116
user_0191,4,user_0128,0.733374
user_0191,5,user_0979,0.732991
user_0191,6,user_0600,0.731564
user_0191,7,user_0671,0.725821
user_0191,8,user_0732,0.721309
user_0191,9,user_0510,0.715720
user_0191,10,user_0137,0.713841
user_0191,11,user_0473,0.713564
user_0191,12,user_0267,0.712820
user_0191,13,user_0168,0.712426
user_0191,14,user_0122,0.711378
user_0191,15,user_0862,0.709987
user_0195,1,user_0224,0.896355
user_0195,2,user_0857,0.892020
user_0195,3,user_0195,0.883639
user_0195,4,user_0335,0.883262
user_0195,5,user_0772,0.880805
user_0195,6,user_0563,0.879406
user_0195,7,user_0045,0.878487
user_0195,8,user_0593,0.878141
user_0195,9,user_0026,0.878005
user_0195,10,user_0410,0.876461
user_0195,11,user_0913,0.875949
user_0195,12,user_0541,0.875370
user_0195,13,user_0123,0.875320
user_0195,14,user_0199,0.871707
user_0195,15,user_0879,0.871484
user_0197,1,user_0695,0.755807
user_0197,2,user_0437,0.746323
user_0197,3,user_0267,0.734558
user_0197,4,user_0415,0.728675
user_0197,5,user_0448,0.719984
user_0197,6,user_0100,0.717766
user_0197,7,user_0733,0.717132
user_0197,8,user_0247,0.715912
user_0197,9,user_0685,0.712074
user_0197,10,user_0197,0.709919
user_0197,11,user_0152,0.700205
user_0197,12,user_0815,0.698306
user_0197,13,user_0505,0.695618
user_0197,14,user_0214,0.693450
user_0197,15,user_0912,0.692207
user_0204,1,user_0204,0.855965
user_0204,2,user_0747,0.821467
user_0204,3,user_0594,0.802270
user_0204,4,user_0226,0.790052
user_0204,5,user_0526,0.784470
user_0204,6,user_0267,0.772548
user_0204,7,user_0147,0.769456
user_0204,8,user_0689,0.762492
user_0204,9,user_0563,0.755857
user_0204,10,user_0313,0.751752
user_0204,11,user_0373,0.751373
user_0204,12,user_0614,0.750488
user_0204,13,user_0812,0.750261
user_0204,14,user_0315,0.749567
user_0204,15,user_0702,0.747967
user_0205,1,user_0870,0.831950
user_0205,2,user_0971,0.830329
user_0205,3,user_0478,0.828196
user_0205,4,user_0221,0.827321
user_0205,5,user_0397,0.826453
user_0205,6,user_0351,0.812044
user_0205,7,user_0611,0.808856
user_0205,8,user_0689,0.807051
user_0205,9,user_0205,0.806657
user_0205,10,user_0320,0.804232
user_0205,11,user_0043,0.803946
user_0205,12,user_0721,0.803338
user_0205,13,user_0954,0.799896
user_0205,14,user_0563,0.798279
user_0205,15,user_0468,0.797339
user_0206,1,user_0397,0.793236
user_0206,2,user_0147,0.791770
user_0206,3,user_0267,0.789546
user_0206,4,user_0721,0.787963
user_0206,5,user_0504,0.783770
user_0206,6,user_0862,0.782408
user_0206,7,user_0336,0.781384
user_0206,8,user_0563,0.779514
user_0206,9,user_0415,0.779508
user_0206,10,user_0444,0.779195
user_0206,11,user_0547,0.778691
user_0206,12,user_0011,0.777575
user_0206,13,user_0608,0.776895
user_0206,14,user_0839,0.773274
user_0206,15,user_0971,0.772816
user_0209,1,user_0209,0.810698
user_0209,2,user_0932,0.762497
user_0209,3,user_0869,0.742576
user_0209,4,user_0415,0.739070
user_0209,5,user_0541,0.735417
user_0209,6,user_0153,0.725798
user_0209,7,user_0147,0.725797
user_0209,8,user_0099,0.725569
user_0209,9,user_0045,0.715917
user_0209,10,user_0921,0.715420
user_0209,11,user_0156,0.711594
user_0209,12,user_0313,0.711449
user_0209,13,user_0127,0.710937
user_0209,14,user_0157,0.710676
user_0209,15,user_0547,0.709676
user_0210,1,user_0645,0.740010
user_0210,2,user_0583,0.735764
user_0210,3,user_0345,0.732743
user_0210,4,user_0979,0.726043
user_0210,5,user_0654,0.718570
user_0210,6,user_0661,0.717638
user_0210,7,user_0343,0.712997
user_0210,8,user_0401,0.710949
user_0210,9,user_0158,0.705588
user_0210,10,user_0160,0.701214
user_0210,11,user_0689,0.701055
user_0210,12,user_0181,0.694896
user_0210,13,user_0577,0.693847
user_0210,14,user_0607,0.689926
user_0210,15,user_0888,0.687335
user_0215,1,user_0563,0.859425
user_0215,2,user_0415,0.840472
user_0215,3,user_0168,0.838428
user_0215,4,user_0671,0.834698
user_0215,5,user_0215,0.834493
user_0215,6,user_0614,0.833827
user_0215,7,user_0504,0.833356
user_0215,8,user_0147,0.833311
user_0215,9,user_0410,0.829373
user_0215,10,user_0812,0.829321
user_0215,11,user_0137,0.829105
user_0215,12,user_0196,0.829022
user_0215,13,user_0985,0.828778
user_0215,14,user_0443,0.828073
user_0215,15,user_0593,0.827374
user_0216,1,user_0657,0.612689
user_0216,2,user_0347,0.610657
user_0216,3,user_0979,0.600445
user_0216,4,user_0795,0.599201
user_0216,5,user_0698,0.598296
user_0216,6,user_0583,0.597270
user_0216,7,user_0971,0.595128
user_0216,8,user_0355,0.589379
user_0216,9,user_0696,0.586067
user_0216,10,user_0689,0.585746
user_0216,11,user_0709,0.582103
user_0216,12,user_0594,0.579653
user_0216,13,user_0478,0.579552
user_0216,14,user_0053,0.578740
user_0216,15,user_0557,0.578133
user_0217,1,user_0415,0.843993
user_0217,2,user_0444,0.839642
user_0217,3,user_0563,0.832370
user_0217,4,user_0147,0.830198
user_0217,5,user_0270,0.827475
user_0217,6,user_0160,0.822081
user_0217,7,user_0557,0.816651
user_0217,8,user_0011,0.811942
user_0217,9,user_0099,0.811811
user_0217,10,user_0547,0.809941
user_0217,11,user_0504,0.808725
user_0217,12,user_0123,0.808168
user_0217,13,user_0862,0.803554
user_0217,14,user_0443,0.802648
user_0217,15,user_0274,0.802361
user_0218,1,user_0123,0.788189
user_0218,2,user_0270,0.787989
user_0218,3,user_0415,0.787232
user_0218,4,user_0745,0.786958
user_0218,5,user_0793,0.781279
user_0218,6,user_0922,0.779979
user_0218,7,user_0864,0.776509
user_0218,8,user_0614,0.775545
user_0218,9,user_0378,0.775499
user_0218,10,user_0159,0.775340
user_0218,11,user_0557,0.775186
user_0218,12,user_0158,0.769810
user_0218,13,user_0334,0.769128
user_0218,14,user_0410,0.768795
user_0218,15,user_0274,0.766357
user_0219,1,user_0032,0.787705
user_0219,2,user_0854,0.787103
user_0219,3,user_0969,0.786209
user_0219,4,user_0259,0.785109
user_0219,5,user_0971,0.784255
user_0219,6,user_0974,0.776572
user_0219,7,user_0425,0.776294
user_0219,8,user_0838,0.776223
user_0219,9,user_0839,0.773589
user_0219,10,user_0014,0.772649
user_0219,11,user_0924,0.771860
user_0219,12,user_0188,0.771001
user_0219,13,user_0802,0.769371
user_0219,14,user_0031,0.767348
user_0219,15,user_0511,0.766673
user_0220,1,user_0671,0.711828
user_0220,2,user_0355,0.710839
user_0220,3,user_0862,0.709502
user_0220,4,user_0624,0.706968
user_0220,5,user_0787,0.700535
user_0220,6,user_0114,0.698660
user_0220,7,user_0345,0.697231
user_0220,8,user_0137,0.696323
user_0220,9,user_0130,0.696230
user_0220,10,user_0587,0.693844
user_0220,11,user_0490,0.693741
user_0220,12,user_0686,0.692721
user_0220,13,user_0267,0.690844
user_0220,14,user_0645,0.689319
user_0220,15,user_0879,0.688446
user_0221,1,user_0696,0.788284
user_0221,2,user_0550,0.768887
user_0221,3,user_0661,0.760555
user_0221,4,user_0882,0.756445
user_0221,5,user_0221,0.752717
user_0221,6,user_0741,0.751814
user_0221,7,user_0468,0.747440
user_0221,8,user_0320,0.745775
user_0221,9,user_0754,0.742593
user_0221,10,user_0260,0.742469
user_0221,11,user_0945,0.740708
user_0221,12,user_0158,0.740077
user_0221,13,user_0807,0.739682
user_0221,14,user_0795,0.739497
user_0221,15,user_0721,0.738568
user_0223,1,user_0410,0.799485
user_0223,2,user_0563,0.797538
user_0223,3,user_0137,0.787141
user_0223,4,user_0048,0.786998
user_0223,5,user_0504,0.786296
user_0223,6,user_0557,0.785765
user_0223,7,user_0671,0.783728
user_0223,8,user_0274,0.781752
user_0223,9,user_0168,0.780923
user_0223,10,user_0473,0.776261
user_0223,11,user_0614,0.775266
user_0223,12,user_0540,0.774930
user_0223,13,user_0427,0.771834
user_0223,14,user_0270,0.770636
user_0223,15,user_0279,0.770219
user_0224,1,user_0415,0.816669
user_0224,2,user_0504,0.799033
user_0224,3,user_0563,0.791058
user_0224,4,user_0279,0.777934
user_0224,5,user_0099,0.776321
user_0224,6,user_0557,0.771377
user_0224,7,user_0270,0.770895
user_0224,8,user_0157,0.770714
user_0224,9,user_0045,0.769912
user_0224,10,user_0224,0.769018
user_0224,11,user_0147,0.763397
user_0224,12,user_0614,0.759378
user_0224,13,user_0444,0.759238
user_0224,14,user_0745,0.757295
user_0224,15,user_0437,0.757288
user_0225,1,user_0349,0.668752
user_0225,2,user_0826,0.645663
user_0225,3,user_0225,0.631990
user_0225,4,user_0156,0.617863
user_0225,5,user_0071,0.611130
user_0225,6,user_0260,0.607475
user_0225,7,user_0920,0.604869
user_0225,8,user_0902,0.604499
user_0225,9,user_0603,0.603163
user_0225,10,user_0524,0.602552
user_0225,11,user_0335,0.602161
user_0225,12,user_0507,0.600787
user_0225,13,user_0765,0.599481
user_0225,14,user_0673,0.597434
user_0225,15,user_0101,0.596728
user_0226,1,user_0504,0.823168
user_0226,2,user_0224,0.802460
user_0226,3,user_0444,0.797336
user_0226,4,user_0378,0.795162
user_0226,5,user_0857,0.794396
user_0226,6,user_0437,0.792897
user_0226,7,user_0270,0.792021
user_0226,8,user_0563,0.791859
user_0226,9,user_0462,0.789229
user_0226,10,user_0196,0.788880
user_0226,11,user_0593,0.788401
user_0226,12,user_0045,0.788386
user_0226,13,user_0226,0.787387
user_0226,14,user_0991,0.785854
user_0226,15,user_0557,0.785582
user_0228,1,user_0147,0.672844
user_0228,2,user_0495,0.643715
user_0228,3,user_0135,0.642438
user_0228,4,user_0671,0.641504
user_0228,5,user_0355,0.640184
user_0228,6,user_0378,0.638158
user_0228,7,user_0862,0.633677
user_0228,8,user_0795,0.633582
user_0228,9,user_0547,0.632837
user_0228,10,user_0600,0.630942
user_0228,11,user_0267,0.628666
user_0228,12,user_0510,0.626869
user_0228,13,user_0038,0.623921
user_0228,14,user_0499,0.622414
user_0228,15,user_0137,0.622159
user_0229,1,user_0168,0.824217
user_0229,2,user_0147,0.806219
user_0229,3,user_0922,0.800079
user_0229,4,user_0473,0.799531
user_0229,5,user_0547,0.795320
user_0229,6,user_0602,0.792945
user_0229,7,user_0410,0.792671
user_0229,8,user_0079,0.791723
user_0229,9,user_0215,0.791589
user_0229,10,user_0270,0.791002
user_0229,11,user_0048,0.789701
user_0229,12,user_0671,0.786369
user_0229,13,user_0886,0.784829
user_0229,14,user_0563,0.781330
user_0229,15,user_0691,0.780300
user_0231,1,user_0415,0.863649
user_0231,2,user_0045,0.848844
user_0231,3,user_0099,0.846096
user_0231,4,user_0085,0.845571
user_0231,5,user_0123,0.843998
user_0231,6,user_0224,0.836947
user_0231,7,user_0504,0.835938
user_0231,8,user_0541,0.832722
user_0231,9,user_0902,0.830299
user_0231,10,user_0043,0.825324
user_0231,11,user_0444,0.824960
user_0231,12,user_0563,0.823292
user_0231,13,user_0313,0.822142
user_0231,14,user_0279,0.816772
user_0231,15,user_0912,0.814946
user_0234,1,user_0279,0.775013
user_0234,2,user_0160,0.773518
user_0234,3,user_0917,0.770559
user_0234,4,user_0271,0.767563
user_0234,5,user_0011,0.761637
user_0234,6,user_0610,0.759182
user_0234,7,user_0438,0.758515
user_0234,8,user_0495,0.750338
user_0234,9,user_0692,0.749450
user_0234,10,user_0564,0.748255
user_0234,11,user_0410,0.746070
user_0234,12,user_0148,0.745143
user_0234,13,user_0849,0.743575
user_0234,14,user_0858,0.739600
user_0234,15,user_0469,0.738864
user_0235,1,user_0160,0.772096
user_0235,2,user_0563,0.768194
user_0235,3,user_0293,0.767126
user_0235,4,user_0147,0.766134
user_0235,5,user_0099,0.765520
user_0235,6,user_0032,0.758864
user_0235,7,user_0614,0.758733
user_0235,8,user_0868,0.753451
user_0235,9,user_0669,0.753035
user_0235,10,user_0969,0.751760
user_0235,11,user_0547,0.748949
user_0235,12,user_0095,0.748092
user_0235,13,user_0511,0.747598
user_0235,14,user_0267,0.746003
user_0235,15,user_0862,0.743678
user_0236,1,user_0938,0.771486
user_0236,2,user_0157,0.767678
user_0236,3,user_0059,0.767167
user_0236,4,user_0405,0.763001
user_0236,5,user_0399,0.762702
user_0236,6,user_0099,0.762264
user_0236,7,user_0655,0.759802
user_0236,8,user_0902,0.758491
user_0236,9,user_0506,0.756193
user_0236,10,user_0222,0.755241
user_0236,11,user_0507,0.752714
user_0236,12,user_0652,0.750067
user_0236,13,user_0524,0.749572
user_0236,14,user_0707,0.748874
user_0236,15,user_0045,0.747193
user_0239,1,user_0160,0.813000
user_0239,2,user_0661,0.805187
user_0239,3,user_0345,0.798563
user_0239,4,user_0931,0.775161
user_0239,5,user_0290,0.773338
user_0239,6,user_0979,0.769690
user_0239,7,user_0689,0.767945
user_0239,8,user_0554,0.767239
user_0239,9,user_0654,0.762284
user_0239,10,user_0158,0.755982
user_0239,11,user_0645,0.755337
user_0239,12,user_0919,0.747081
user_0239,13,user_0607,0.746358
user_0239,14,user_0317,0.745319
user_0239,15,user_0373,0.742170
user_0241,1,user_0321,0.707334
user_0241,2,user_0355,0.705964
user_0241,3,user_0173,0.698706
user_0241,4,user_0969,0.695289
user_0241,5,user_0795,0.694617
user_0241,6,user_0862,0.691600
user_0241,7,user_0130,0.688841
user_0241,8,user_0636,0.688603
user_0241,9,user_0524,0.687444
user_0241,10,user_0637,0.685538
user_0241,11,user_0045,0.685060
user_0241,12,user_0578,0.680806
user_0241,13,user_0160,0.680162
user_0241,14,user_0354,0.680011
user_0241,15,user_0267,0.678514
user_0243,1,user_0045,0.793417
user_0243,2,user_0826,0.787275
user_0243,3,user_0143,0.774553
user_0243,4,user_0652,0.771406
user_0243,5,user_0179,0.769974
user_0243,6,user_0092,0.767753
user_0243,7,user_0153,0.760266
user_0243,8,user_0003,0.753395
user_0243,9,user_0151,0.752647
user_0243,10,user_0757,0.749093
user_0243,11,user_0402,0.746704
user_0243,12,user_0026,0.745495
user_0243,13,user_0157,0.743761
user_0243,14,user_0224,0.743090
user_0243,15,user_0902,0.741644
user_0244,1,user_0153,0.719023
user_0244,2,user_0714,0.705378
user_0244,3,user_0143,0.699801
user_0244,4,user_0652,0.699295
user_0244,5,user_0555,0.688805
user_0244,6,user_0179,0.688749
user_0244,7,user_0832,0.687152
user_0244,8,user_0339,0.686477
user_0244,9,user_0704,0.680629
user_0244,10,user_0776,0.680113
user_0244,11,user_0932,0.679028
user_0244,12,user_0556,0.678250
user_0244,13,user_0415,0.673158
user_0244,14,user_0209,0.672321
user_0244,15,user_0845,0.672298
user_0245,1,user_0815,0.847905
user_0245,2,user_0486,0.826321
user_0245,3,user_0604,0.824882
user_0245,4,user_0557,0.823075
user_0245,5,user_0653,0.823011
user_0245,6,user_0151,0.813544
user_0245,7,user_0614,0.811499
user_0245,8,user_0563,0.811013
user_0245,9,user_0715,0.810521
user_0245,10,user_0641,0.807814
user_0245,11,user_0334,0.806657
user_0245,12,user_0410,0.804930
user_0245,13,user_0437,0.802898
user_0245,14,user_0279,0.802112
user_0245,15,user_0422,0.801529
user_0246,1,user_0563,0.848530
user_0246,2,user_0099,0.845083
user_0246,3,user_0706,0.843307
user_0246,4,user_0473,0.838697
user_0246,5,user_0504,0.835854
user_0246,6,user_0123,0.833289
user_0246,7,user_0614,0.830791
user_0246,8,user_0541,0.826634
user_0246,9,user_0415,0.824326
user_0246,10,user_0821,0.824031
user_0246,11,user_0707,0.822389
user_0246,12,user_0045,0.820655
user_0246,13,user_0304,0.820213
user_0246,14,user_0338,0.819143
user_0246,15,user_0399,0.818798
user_0247,1,user_0267,0.721224
user_0247,2,user_0862,0.681909
user_0247,3,user_0757,0.671340
user_0247,4,user_0066,0.670885
user_0247,5,user_0200,0.669793
user_0247,6,user_0501,0.667840
user_0247,7,user_0247,0.667800
user_0247,8,user_0671,0.664149
user_0247,9,user_0633,0.661660
user_0247,10,user_0432,0.654108
user_0247,11,user_0723,0.653167
user_0247,12,user_0345,0.651658
user_0247,13,user_0882,0.648635
user_0247,14,user_0350,0.645379
user_0247,15,user_0340,0.644337
user_0249,1,user_0293,0.830417
user_0249,2,user_0868,0.821099
user_0249,3,user_0839,0.811566
user_0249,4,user_0504,0.801291
user_0249,5,user_0147,0.798500
user_0249,6,user_0640,0.793482
user_0249,7,user_0563,0.792988
user_0249,8,user_0721,0.788859
user_0249,9,user_0267,0.787376
user_0249,10,user_0207,0.787157
user_0249,11,user_0671,0.786000
user_0249,12,user_0669,0.783433
user_0249,13,user_0971,0.782240
user_0249,14,user_0661,0.781254
user_0249,15,user_0032,0.780937
user_0251,1,user_0147,0.747995
user_0251,2,user_0671,0.737456
user_0251,3,user_0600,0.736455
user_0251,4,user_0274,0.733246
user_0251,5,user_0985,0.733177
user_0251,6,user_0448,0.730237
user_0251,7,user_0757,0.728652
user_0251,8,user_0557,0.721876
user_0251,9,user_0661,0.721859
user_0251,10,user_0270,0.718562
user_0251,11,user_0473,0.717364
user_0251,12,user_0451,0.716886
user_0251,13,user_0437,0.716792
user_0251,14,user_0563,0.716776
user_0251,15,user_0177,0.716156
user_0253,1,user_0415,0.606128
user_0253,2,user_0704,0.579169
user_0253,3,user_0279,0.578467
user_0253,4,user_0776,0.573876
user_0253,5,user_0078,0.573267
user_0253,6,user_0803,0.571056
user_0253,7,user_0127,0.569000
user_0253,8,user_0156,0.567321
user_0253,9,user_0961,0.566551
user_0253,10,user_0045,0.565552
user_0253,11,user_0231,0.565018
user_0253,12,user_0501,0.561499
user_0253,13,user_0862,0.561097
user_0253,14,user_0270,0.559659
user_0253,15,user_0143,0.556496
user_0254,1,user_0153,0.799376
user_0254,2,user_0090,0.789271
user_0254,3,user_0776,0.787940
user_0254,4,user_0254,0.768295
user_0254,5,user_0415,0.767841
user_0254,6,user_0209,0.764170
user_0254,7,user_0143,0.760630
user_0254,8,user_0556,0.759008
user_0254,9,user_0186,0.758511
user_0254,10,user_0030,0.756525
user_0254,11,user_0287,0.755472
user_0254,12,user_0179,0.751216
user_0254,13,user_0069,0.747605
user_0254,14,user_0845,0.745320
user_0254,15,user_0457,0.740634
user_0255,1,user_0704,0.794988
user_0255,2,user_0143,0.784171
user_0255,3,user_0339,0.775290
user_0255,4,user_0111,0.769893
user_0255,5,user_0777,0.766670
user_0255,6,user_0803,0.764977
user_0255,7,user_0902,0.761804
user_0255,8,user_0715,0.761504
user_0255,9,user_0270,0.761375
user_0255,10,user_0224,0.755202
user_0255,11,user_0784,0.752797
user_0255,12,user_0159,0.751626
user_0255,13,user_0277,0.751247
user_0255,14,user_0020,0.748260
user_0255,15,user_0072,0.746520
user_0256,1,user_0969,0.865287
user_0256,2,user_0669,0.837070
user_0256,3,user_0160,0.835609
user_0256,4,user_0838,0.831817
user_0256,5,user_0357,0.824891
user_0256,6,user_0032,0.822498
user_0256,7,user_0971,0.819784
user_0256,8,user_0511,0.818975
user_0256,9,user_0610,0.812432
user_0256,10,user_0328,0.810636
user_0256,11,user_0802,0.810338
user_0256,12,user_0756,0.806088
user_0256,13,user_0011,0.800619
user_0256,14,user_0271,0.798806
user_0256,15,user_0293,0.793958
user_0258,1,user_0147,0.709349
user_0258,2,user_0451,0.696402
user_0258,3,user_0504,0.690036
user_0258,4,user_0547,0.680777
user_0258,5,user_0135,0.676607
user_0258,6,user_0444,0.673231
user_0258,7,user_0415,0.673086
user_0258,8,user_0754,0.672217
user_0258,9,user_0523,0.663118
user_0258,10,user_0157,0.662791
user_0258,11,user_0557,0.657747
user_0258,12,user_0313,0.655590
user_0258,13,user_0761,0.654590
user_0258,14,user_0045,0.653053
user_0258,15,user_0437,0.652784
user_0268,1,user_0270,0.866232
user_0268,2,user_0410,0.862436
user_0268,3,user_0160,0.842024
user_0268,4,user_0563,0.840497
user_0268,5,user_0048,0.837517
user_0268,6,user_0279,0.829576
user_0268,7,user_0540,0.827421
user_0268,8,user_0168,0.827159
user_0268,9,user_0224,0.826360
user_0268,10,user_0448,0.824767
user_0268,11,user_0137,0.824617
user_0268,12,user_0456,0.824245
user_0268,13,user_0335,0.824220
user_0268,14,user_0438,0.821537
user_0268,15,user_0377,0.821527
user_0269,1,user_0269,0.862851
user_0269,2,user_0355,0.847030
user_0269,3,user_0969,0.830002
user_0269,4,user_0808,0.813141
user_0269,5,user_0160,0.811067
user_0269,6,user_0650,0.806803
user_0269,7,user_0563,0.796399
user_0269,8,user_0415,0.793128
user_0269,9,user_0271,0.792374
user_0269,10,user_0924,0.791537
user_0269,11,user_0357,0.789085
user_0269,12,user_0011,0.786284
user_0269,13,user_0267,0.785452
user_0269,14,user_0971,0.782879
user_0269,15,user_0495,0.781096
user_0270,1,user_0011,0.836380
user_0270,2,user_0160,0.825138
user_0270,3,user_0157,0.817649
user_0270,4,user_0270,0.815702
user_0270,5,user_0563,0.814362
user_0270,6,user_0147,0.809912
user_0270,7,user_0519,0.807628
user_0270,8,user_0608,0.802560
user_0270,9,user_0969,0.802231
user_0270,10,user_0661,0.799148
user_0270,11,user_0397,0.798906
user_0270,12,user_0614,0.798607
user_0270,13,user_0991,0.797306
user_0270,14,user_0931,0.795978
user_0270,15,user_0267,0.795892
user_0271,1,user_0971,0.841422
user_0271,2,user_0397,0.838838
user_0271,3,user_0424,0.838219
user_0271,4,user_0046,0.833084
user_0271,5,user_0721,0.824513
user_0271,6,user_0188,0.817697
user_0271,7,user_0945,0.817276
user_0271,8,user_0294,0.816130
user_0271,9,user_0969,0.811065
user_0271,10,user_0478,0.808970
user_0271,11,user_0269,0.808751
user_0271,12,user_0015,0.808190
user_0271,13,user_0897,0.806594
user_0271,14,user_0160,0.805877
user_0271,15,user_0662,0.805019
user_0272,1,user_0504,0.870417
user_0272,2,user_0647,0.854229
user_0272,3,user_0272,0.829680
user_0272,4,user_0441,0.819826
user_0272,5,user_0473,0.792586
user_0272,6,user_0563,0.792432
user_0272,7,user_0099,0.787246
user_0272,8,user_0541,0.785931
user_0272,9,user_0694,0.784713
user_0272,10,user_0238,0.781116
user_0272,11,user_0137,0.780804
user_0272,12,user_0557,0.777884
user_0272,13,user_0921,0.777373
user_0272,14,user_0168,0.774789
user_0272,15,user_0671,0.773087
user_0274,1,user_0545,0.693408
user_0274,2,user_0147,0.692066
user_0274,3,user_0443,0.687516
user_0274,4,user_0095,0.685344
user_0274,5,user_0437,0.681163
user_0274,6,user_0563,0.680665
user_0274,7,user_0279,0.680179
user_0274,8,user_0504,0.677814
user_0274,9,user_0378,0.676351
user_0274,10,user_0695,0.675919
user_0274,11,user_0066,0.675329
user_0274,12,user_0328,0.671899
user_0274,13,user_0733,0.671722
user_0274,14,user_0270,0.669118
user_0274,15,user_0557,0.668759
user_0275,1,user_0413,0.842248
user_0275,2,user_0519,0.829974
user_0275,3,user_0160,0.820592
user_0275,4,user_0849,0.820285
user_0275,5,user_0504,0.816384
user_0275,6,user_0770,0.813465
user_0275,7,user_0608,0.811954
user_0275,8,user_0279,0.809406
user_0275,9,user_0270,0.806919
user_0275,10,user_0563,0.806132
user_0275,11,user_0415,0.805118
user_0275,12,user_0147,0.803927
user_0275,13,user_0661,0.803335
user_0275,14,user_0465,0.801459
user_0275,15,user_0011,0.798935
user_0277,1,user_0277,0.837944
user_0277,2,user_0557,0.774385
user_0277,3,user_0415,0.774000
user_0277,4,user_0270,0.768205
user_0277,5,user_0437,0.765975
user_0277,6,user_0152,0.761518
user_0277,7,user_0745,0.752778
user_0277,8,user_0159,0.752249
user_0277,9,user_0815,0.744900
user_0277,10,user_0695,0.744259
user_0277,11,user_0279,0.741846
user_0277,12,user_0604,0.740120
user_0277,13,user_0614,0.738372
user_0277,14,user_0766,0.734998
user_0277,15,user_0444,0.734025
user_0279,1,user_0643,0.708028
user_0279,2,user_0415,0.706848
user_0279,3,user_0147,0.696797
user_0279,4,user_0151,0.691971
user_0279,5,user_0563,0.687971
user_0279,6,user_0504,0.684342
user_0279,7,user_0444,0.679861
user_0279,8,user_0754,0.673542
user_0279,9,user_0683,0.673197
user_0279,10,user_0707,0.672457
user_0279,11,user_0239,0.672444
user_0279,12,user_0879,0.670415
user_0279,13,user_0466,0.669654
user_0279,14,user_0600,0.668327
user_0279,15,user_0473,0.666500
user_0282,1,user_0802,0.671106
user_0282,2,user_0838,0.663422
user_0282,3,user_0560,0.653837
user_0282,4,user_0511,0.644867
user_0282,5,user_0756,0.641693
user_0282,6,user_0032,0.639264
user_0282,7,user_0282,0.634134
user_0282,8,user_0031,0.629824
user_0282,9,user_0854,0.625920
user_0282,10,user_0839,0.622843
user_0282,11,user_0342,0.618517
user_0282,12,user_0868,0.612983
user_0282,13,user_0669,0.611877
user_0282,14,user_0014,0.610899
user_0282,15,user_0319,0.606210
user_0284,1,user_0284,0.762960
user_0284,2,user_0862,0.741407
user_0284,3,user_0003,0.730952
user_0284,4,user_0591,0.723278
user_0284,5,user_0608,0.722106
user_0284,6,user_0397,0.721797
user_0284,7,user_0353,0.720319
user_0284,8,user_0345,0.719892
user_0284,9,user_0897,0.719279
user_0284,10,user_0745,0.718760
user_0284,11,user_0721,0.717931
user_0284,12,user_0011,0.717761
user_0284,13,user_0712,0.717565
user_0284,14,user_0534,0.717383
user_0284,15,user_0940,0.717052
user_0285,1,user_0563,0.753076
user_0285,2,user_0011,0.752517
user_0285,3,user_0913,0.739116
user_0285,4,user_0969,0.737328
user_0285,5,user_0634,0.736286
user_0285,6,user_0196,0.734477
user_0285,7,user_0467,0.731752
user_0285,8,user_0147,0.724779
user_0285,9,user_0279,0.720290
user_0285,10,user_0931,0.719289
user_0285,11,user_0160,0.718527
user_0285,12,user_0818,0.717145
user_0285,13,user_0614,0.717132
user_0285,14,user_0048,0.717032
user_0285,15,user_0410,0.717028
user_0286,1,user_0486,0.704222
user_0286,2,user_0930,0.700230
user_0286,3,user_0683,0.689541
user_0286,4,user_0879,0.686400
user_0286,5,user_0504,0.684685
user_0286,6,user_0510,0.683184
user_0286,7,user_0137,0.680671
user_0286,8,user_0671,0.680501
user_0286,9,user_0587,0.680097
user_0286,10,user_0366,0.679681
user_0286,11,user_0264,0.679242
user_0286,12,user_0466,0.678758
user_0286,13,user_0563,0.678583
user_0286,14,user_0229,0.677445
user_0286,15,user_0151,0.677179
user_0289,1,user_0712,0.793319
user_0289,2,user_0638,0.788710
user_0289,3,user_0636,0.771878
user_0289,4,user_0686,0.761463
user_0289,5,user_0504,0.759761
user_0289,6,user_0124,0.753487
user_0289,7,user_0695,0.748004
user_0289,8,user_0557,0.747335
user_0289,9,user_0650,0.744696
user_0289,10,user_0733,0.744493
user_0289,11,user_0289,0.742235
user_0289,12,user_0984,0.741728
user_0289,13,user_0437,0.741665
user_0289,14,user_0810,0.740886
user_0289,15,user_0862,0.740408
user_0292,1,user_0415,0.712946
user_0292,2,user_0099,0.702771
user_0292,3,user_0504,0.686877
user_0292,4,user_0821,0.673796
user_0292,5,user_0925,0.672679
user_0292,6,user_0334,0.671825
user_0292,7,user_0444,0.666371
user_0292,8,user_0147,0.665910
user_0292,9,user_0473,0.664192
user_0292,10,user_0045,0.662293
user_0292,11,user_0308,0.661653
user_0292,12,user_0916,0.660840
user_0292,13,user_0694,0.660561
user_0292,14,user_0127,0.660107
user_0292,15,user_0651,0.659958
user_0293,1,user_0293,0.725978
user_0293,2,user_0560,0.722446
user_0293,3,user_0868,0.712207
user_0293,4,user_0207,0.700586
user_0293,5,user_0511,0.688786
user_0293,6,user_0353,0.684925
user_0293,7,user_0839,0.679231
user_0293,8,user_0854,0.676991
user_0293,9,user_0838,0.676525
user_0293,10,user_0909,0.671249
user_0293,11,user_0319,0.669975
user_0293,12,user_0032,0.669096
user_0293,13,user_0640,0.667477
user_0293,14,user_0762,0.665229
user_0293,15,user_0669,0.664127
user_0297,1,user_0623,0.733136
user_0297,2,user_0519,0.709415
user_0297,3,user_0451,0.709100
user_0297,4,user_0583,0.708235
user_0297,5,user_0158,0.698153
user_0297,6,user_0147,0.697878
user_0297,7,user_0661,0.697068
user_0297,8,user_0849,0.688056
user_0297,9,user_0504,0.683407
user_0297,10,user_0275,0.681117
user_0297,11,user_0577,0.679771
user_0297,12,user_0534,0.679727
user_0297,13,user_0074,0.678932
user_0297,14,user_0413,0.678842
user_0297,15,user_0733,0.678330
user_0301,1,user_0568,0.824794
user_0301,2,user_0976,0.818528
user_0301,3,user_0661,0.802246
user_0301,4,user_0610,0.794458
user_0301,5,user_0900,0.785924
user_0301,6,user_0336,0.779012
user_0301,7,user_0160,0.777626
user_0301,8,user_0373,0.777430
user_0301,9,user_0301,0.773249
user_0301,10,user_0356,0.765286
user_0301,11,user_0444,0.764009
user_0301,12,user_0547,0.760235
user_0301,13,user_0345,0.760214
user_0301,14,user_0608,0.760064
user_0301,15,user_0689,0.759926
user_0304,1,user_0415,0.777882
user_0304,2,user_0005,0.743817
user_0304,3,user_0127,0.733380
user_0304,4,user_0157,0.718866
user_0304,5,user_0563,0.713574
user_0304,6,user_0335,0.709468
user_0304,7,user_0547,0.708488
user_0304,8,user_0541,0.707077
user_0304,9,user_0473,0.706131
user_0304,10,user_0707,0.705845
user_0304,11,user_0434,0.705379
user_0304,12,user_0420,0.703285
user_0304,13,user_0279,0.702898
user_0304,14,user_0961,0.702465
user_0304,15,user_0224,0.700022
user_0306,1,user_0306,0.844275
user_0306,2,user_0721,0.812199
user_0306,3,user_0478,0.804554
user_0306,4,user_0870,0.799307
user_0306,5,user_0611,0.798576
user_0306,6,user_0397,0.796620
user_0306,7,user_0221,0.790875
user_0306,8,user_0512,0.790579
user_0306,9,user_0971,0.780735
user_0306,10,user_0795,0.775060
user_0306,11,user_0188,0.770447
user_0306,12,user_0583,0.769922
user_0306,13,user_0661,0.769466
user_0306,14,user_0614,0.768828
user_0306,15,user_0969,0.768146
user_0307,1,user_0547,0.859129
user_0307,2,user_0557,0.815147
user_0307,3,user_0415,0.806098
user_0307,4,user_0444,0.805225
user_0307,5,user_0147,0.802058
user_0307,6,user_0541,0.801545
user_0307,7,user_0123,0.798642
user_0307,8,user_0671,0.794252
user_0307,9,user_0224,0.793691
user_0307,10,user_0045,0.792930
user_0307,11,user_0157,0.788986
user_0307,12,user_0334,0.788251
user_0307,13,user_0600,0.787549
user_0307,14,user_0099,0.787360
user_0307,15,user_0745,0.787269
user_0308,1,user_0308,0.820831
user_0308,2,user_0812,0.810222
user_0308,3,user_0504,0.804019
user_0308,4,user_0557,0.792492
user_0308,5,user_0614,0.784821
user_0308,6,user_0279,0.780606
user_0308,7,user_0703,0.778203
user_0308,8,user_0061,0.777418
user_0308,9,user_0147,0.774326
user_0308,10,user_0074,0.772969
user_0308,11,user_0473,0.772260
user_0308,12,user_0073,0.771266
user_0308,13,user_0694,0.770549
user_0308,14,user_0215,0.770544
user_0308,15,user_0334,0.770202
user_0310,1,user_0462,0.861018
user_0310,2,user_0916,0.833727
user_0310,3,user_0224,0.829249
user_0310,4,user_0043,0.823051
user_0310,5,user_0099,0.822839
user_0310,6,user_0524,0.822303
user_0310,7,user_0879,0.821100
user_0310,8,user_0504,0.814133
user_0310,9,user_0641,0.804591
user_0310,10,user_0281,0.804586
user_0310,11,user_0415,0.803720
user_0310,12,user_0335,0.802503
user_0310,13,user_0045,0.801499
user_0310,14,user_0399,0.796743
user_0310,15,user_0604,0.796452
user_0313,1,user_0313,0.818036
user_0313,2,user_0281,0.817602
user_0313,3,user_0902,0.813712
user_0313,4,user_0334,0.813120
user_0313,5,user_0457,0.812505
user_0313,6,user_0045,0.812305
user_0313,7,user_0472,0.802883
user_0313,8,user_0085,0.801769
user_0313,9,user_0335,0.800568
user_0313,10,user_0563,0.800123
user_0313,11,user_0504,0.799216
user_0313,12,user_0462,0.796124
user_0313,13,user_0224,0.795144
user_0313,14,user_0541,0.793817
user_0313,15,user_0761,0.793181
user_0315,1,user_0045,0.801191
user_0315,2,user_0415,0.796911
user_0315,3,user_0157,0.790490
user_0315,4,user_0444,0.786319
user_0315,5,user_0315,0.779715
user_0315,6,user_0123,0.774867
user_0315,7,user_0215,0.770422
user_0315,8,user_0313,0.762036
user_0315,9,user_0902,0.761652
user_0315,10,user_0237,0.761609
user_0315,11,user_0224,0.760820
user_0315,12,user_0504,0.760354
user_0315,13,user_0912,0.760239
user_0315,14,user_0557,0.759947
user_0315,15,user_0448,0.758679
user_0316,1,user_0415,0.845880
user_0316,2,user_0043,0.837381
user_0316,3,user_0812,0.832348
user_0316,4,user_0557,0.832245
user_0316,5,user_0279,0.829584
user_0316,6,user_0099,0.826109
user_0316,7,user_0902,0.815985
user_0316,8,user_0444,0.812404
user_0316,9,user_0504,0.812356
user_0316,10,user_0334,0.811759
user_0316,11,user_0473,0.808332
user_0316,12,user_0614,0.807754
user_0316,13,user_0821,0.806189
user_0316,14,user_0563,0.805726
user_0316,15,user_0123,0.805590
user_0320,1,user_0320,0.868946
user_0320,2,user_0721,0.832546
user_0320,3,user_0971,0.828914
user_0320,4,user_0294,0.828101
user_0320,5,user_0954,0.823208
user_0320,6,user_0397,0.815932
user_0320,7,user_0221,0.810973
user_0320,8,user_0662,0.805618
user_0320,9,user_0709,0.802972
user_0320,10,user_0644,0.801466
user_0320,11,user_0188,0.800626
user_0320,12,user_0870,0.799599
user_0320,13,user_0535,0.797621
user_0320,14,user_0839,0.797257
user_0320,15,user_0330,0.792743
user_0322,1,user_0437,0.785574
user_0322,2,user_0815,0.755448
user_0322,3,user_0179,0.751401
user_0322,4,user_0683,0.750507
user_0322,5,user_0147,0.745079
user_0322,6,user_0415,0.743999
user_0322,7,user_0826,0.743292
user_0322,8,user_0267,0.742994
user_0322,9,user_0057,0.742676
user_0322,10,user_0448,0.739491
user_0322,11,user_0913,0.739466
user_0322,12,user_0086,0.739358
user_0322,13,user_0614,0.738196
user_0322,14,user_0373,0.738069
user_0322,15,user_0563,0.736265
user_0323,1,user_0876,0.757084
user_0323,2,user_0384,0.730054
user_0323,3,user_0595,0.712194
user_0323,4,user_0310,0.696880
user_0323,5,user_0621,0.695626
user_0323,6,user_0457,0.692887
user_0323,7,user_0678,0.691523
user_0323,8,user_0222,0.690051
user_0323,9,user_0072,0.685746
user_0323,10,user_0335,0.684830
user_0323,11,user_0472,0.684707
user_0323,12,user_0142,0.682737
user_0323,13,user_0507,0.681667
user_0323,14,user_0704,0.678344
user_0323,15,user_0281,0.677771
user_0324,1,user_0355,0.700928
user_0324,2,user_0202,0.693248
user_0324,3,user_0147,0.688308
user_0324,4,user_0645,0.685035
user_0324,5,user_0671,0.683439
user_0324,6,user_0862,0.679992
user_0324,7,user_0401,0.677248
user_0324,8,user_0047,0.674572
user_0324,9,user_0345,0.674416
user_0324,10,user_0443,0.674283
user_0324,11,user_0267,0.671508
user_0324,12,user_0985,0.671490
user_0324,13,user_0066,0.671206
user_0324,14,user_0654,0.666799
user_0324,15,user_0882,0.666381
user_0332,1,user_0332,0.741695
user_0332,2,user_0657,0.692626
user_0332,3,user_0305,0.612319
user_0332,4,user_0671,0.597586
user_0332,5,user_0550,0.589360
user_0332,6,user_0729,0.583570
user_0332,7,user_0840,0.576553
user_0332,8,user_0345,0.575009
user_0332,9,user_0114,0.573551
user_0332,10,user_0103,0.573229
user_0332,11,user_0053,0.572389
user_0332,12,user_0351,0.571407
user_0332,13,user_0882,0.568502
user_0332,14,user_0368,0.565313
user_0332,15,user_0703,0.564354
user_0333,1,user_0160,0.840779
user_0333,2,user_0661,0.835012
user_0333,3,user_0177,0.827415
user_0333,4,user_0290,0.825104
user_0333,5,user_0608,0.819757
user_0333,6,user_0689,0.810575
user_0333,7,user_0181,0.810254
user_0333,8,user_0158,0.807512
user_0333,9,user_0373,0.806293
user_0333,10,user_0345,0.806120
user_0333,11,user_0931,0.802734
user_0333,12,user_0270,0.802154
user_0333,13,user_0502,0.795875
user_0333,14,user_0147,0.789991
user_0333,15,user_0274,0.789272
user_0338,1,user_0415,0.833452
user_0338,2,user_0444,0.810948
user_0338,3,user_0600,0.799851
user_0338,4,user_0504,0.797595
user_0338,5,user_0563,0.795584
user_0338,6,user_0270,0.793076
user_0338,7,user_0557,0.787290
user_0338,8,user_0123,0.787027
user_0338,9,user_0912,0.785139
user_0338,10,user_0224,0.783666
user_0338,11,user_0158,0.782340
user_0338,12,user_0147,0.781810
user_0338,13,user_0160,0.781407
user_0338,14,user_0745,0.780919
user_0338,15,user_0547,0.778514
user_0339,1,user_0335,0.673463
user_0339,2,user_0224,0.666268
user_0339,3,user_0504,0.665202
user_0339,4,user_0151,0.660677
user_0339,5,user_0156,0.659748
user_0339,6,user_0466,0.657950
user_0339,7,user_0772,0.657700
user_0339,8,user_0775,0.657087
user_0339,9,user_0485,0.655658
user_0339,10,user_0563,0.655533
user_0339,11,user_0415,0.651658
user_0339,12,user_0045,0.650343
user_0339,13,user_0879,0.648910
user_0339,14,user_0178,0.648250
user_0339,15,user_0026,0.645157
user_0341,1,user_0462,0.695519
user_0341,2,user_0930,0.689110
user_0341,3,user_0444,0.688960
user_0341,4,user_0231,0.688759
user_0341,5,user_0156,0.688264
user_0341,6,user_0782,0.683901
user_0341,7,user_0099,0.680479
user_0341,8,user_0486,0.679516
user_0341,9,user_0826,0.678772
user_0341,10,user_0224,0.677088
user_0341,11,user_0045,0.676399
user_0341,12,user_0557,0.676133
user_0341,13,user_0313,0.675189
user_0341,14,user_0303,0.675182
user_0341,15,user_0264,0.674814
user_0342,1,user_0802,0.856603
user_0342,2,user_0838,0.854470
user_0342,3,user_0032,0.849138
user_0342,4,user_0014,0.828053
user_0342,5,user_0342,0.814839
user_0342,6,user_0319,0.803655
user_0342,7,user_0505,0.793261
user_0342,8,user_0511,0.791019
user_0342,9,user_0868,0.786707
user_0342,10,user_0293,0.785768
user_0342,11,user_0031,0.784625
user_0342,12,user_0669,0.784142
user_0342,13,user_0969,0.781720
user_0342,14,user_0167,0.779235
user_0342,15,user_0839,0.779005
user_0345,1,user_0160,0.878617
user_0345,2,user_0661,0.831429
user_0345,3,user_0290,0.823795
user_0345,4,user_0689,0.820980
user_0345,5,user_0931,0.819484
user_0345,6,user_0345,0.818920
user_0345,7,user_0969,0.815913
user_0345,8,user_0608,0.814849
user_0345,9,user_0158,0.803621
user_0345,10,user_0011,0.802761
user_0345,11,user_0979,0.801552
user_0345,12,user_0563,0.800108
user_0345,13,user_0607,0.797276
user_0345,14,user_0147,0.795803
user_0345,15,user_0600,0.791575
user_0347,1,user_0694,0.796468
user_0347,2,user_0671,0.792643
user_0347,3,user_0504,0.787594
user_0347,4,user_0557,0.787042
user_0347,5,user_0147,0.787009
user_0347,6,user_0486,0.773356
user_0347,7,user_0074,0.769651
user_0347,8,user_0812,0.768996
user_0347,9,user_0437,0.768631
user_0347,10,user_0563,0.762413
user_0347,11,user_0815,0.760991
user_0347,12,user_0473,0.760400
user_0347,13,user_0695,0.758403
user_0347,14,user_0985,0.755770
user_0347,15,user_0721,0.754403
user_0348,1,user_0005,0.817175
user_0348,2,user_0415,0.812966
user_0348,3,user_0147,0.803017
user_0348,4,user_0683,0.800026
user_0348,5,user_0614,0.794555
user_0348,6,user_0271,0.794352
user_0348,7,user_0613,0.794093
user_0348,8,user_0913,0.792361
user_0348,9,user_0467,0.791733
user_0348,10,user_0335,0.791562
user_0348,11,user_0167,0.791437
user_0348,12,user_0437,0.790103
user_0348,13,user_0011,0.789868
user_0348,14,user_0563,0.789204
user_0348,15,user_0815,0.789127
user_0349,1,user_0833,0.711732
user_0349,2,user_0775,0.707417
user_0349,3,user_0157,0.696915
user_0349,4,user_0563,0.695012
user_0349,5,user_0160,0.693496
user_0349,6,user_0460,0.689064
user_0349,7,user_0119,0.682724
user_0349,8,user_0267,0.682353
user_0349,9,user_0363,0.680895
user_0349,10,user_0203,0.677412
user_0349,11,user_0045,0.676203
user_0349,12,user_0020,0.676080
user_0349,13,user_0524,0.674515
user_0349,14,user_0772,0.673737
user_0349,15,user_0661,0.673109
user_0352,1,user_0862,0.728660
user_0352,2,user_0352,0.720885
user_0352,3,user_0267,0.710858
user_0352,4,user_0563,0.706506
user_0352,5,user_0776,0.706153
user_0352,6,user_0045,0.702913
user_0352,7,user_0340,0.700412
user_0352,8,user_0910,0.699866
user_0352,9,user_0231,0.698975
user_0352,10,user_0815,0.698783
user_0352,11,user_0279,0.697288
user_0352,12,user_0501,0.695110
user_0352,13,user_0415,0.694749
user_0352,14,user_0085,0.694021
user_0352,15,user_0147,0.693164
user_0353,1,user_0353,0.877842
user_0353,2,user_0032,0.822548
user_0353,3,user_0838,0.816577
user_0353,4,user_0609,0.794026
user_0353,5,user_0014,0.790884
user_0353,6,user_0854,0.783307
user_0353,7,user_0935,0.782057
user_0353,8,user_0560,0.781757
user_0353,9,user_0585,0.780235
user_0353,10,user_0669,0.777522
user_0353,11,user_0756,0.776083
user_0353,12,user_0909,0.771480
user_0353,13,user_0511,0.769423
user_0353,14,user_0839,0.761366
user_0353,15,user_0868,0.760365
user_0358,1,user_0639,0.699448
user_0358,2,user_0812,0.698641
user_0358,3,user_0358,0.696495
user_0358,4,user_0557,0.691244
user_0358,5,user_0614,0.683047
user_0358,6,user_0099,0.673902
user_0358,7,user_0815,0.667256
user_0358,8,user_0972,0.666795
user_0358,9,user_0569,0.661746
user_0358,10,user_0612,0.657037
user_0358,11,user_0437,0.651864
user_0358,12,user_0240,0.648732
user_0358,13,user_0147,0.647099
user_0358,14,user_0706,0.644213
user_0358,15,user_0563,0.638321
user_0359,1,user_0359,0.794952
user_0359,2,user_0160,0.785982
user_0359,3,user_0866,0.784669
user_0359,4,user_0099,0.782402
user_0359,5,user_0499,0.781988
user_0359,6,user_0147,0.776262
user_0359,7,user_0969,0.776137
user_0359,8,user_0795,0.770846
user_0359,9,user_0608,0.766994
user_0359,10,user_0415,0.758449
user_0359,11,user_0607,0.758388
user_0359,12,user_0740,0.757502
user_0359,13,user_0931,0.750809
user_0359,14,user_0547,0.747537
user_0359,15,user_0979,0.747178
user_0363,1,user_0157,0.821566
user_0363,2,user_0415,0.815434
user_0363,3,user_0363,0.794980
user_0363,4,user_0099,0.794762
user_0363,5,user_0938,0.794525
user_0363,6,user_0422,0.791194
user_0363,7,user_0224,0.791025
user_0363,8,user_0279,0.790037
user_0363,9,user_0167,0.789564
user_0363,10,user_0270,0.789379
user_0363,11,user_0924,0.784820
user_0363,12,user_0563,0.782472
user_0363,13,user_0663,0.782198
user_0363,14,user_0941,0.781210
user_0363,15,user_0070,0.778312
user_0364,1,user_0364,0.820462
user_0364,2,user_0090,0.747340
user_0364,3,user_0759,0.737716
user_0364,4,user_0375,0.725342
user_0364,5,user_0425,0.716998
user_0364,6,user_0582,0.712913
user_0364,7,user_0019,0.711919
user_0364,8,user_0549,0.705204
user_0364,9,user_0157,0.702900
user_0364,10,user_0595,0.701835
user_0364,11,user_0918,0.701554
user_0364,12,user_0983,0.695196
user_0364,13,user_0692,0.693774
user_0364,14,user_0107,0.689071
user_0364,15,user_0098,0.688274
user_0367,1,user_0345,0.711653
user_0367,2,user_0267,0.700115
user_0367,3,user_0397,0.695936
user_0367,4,user_0482,0.691628
user_0367,5,user_0026,0.686352
user_0367,6,user_0862,0.686312
user_0367,7,user_0160,0.681745
user_0367,8,user_0671,0.669060
user_0367,9,user_0661,0.667557
user_0367,10,user_0790,0.665107
user_0367,11,user_0775,0.664577
user_0367,12,user_0038,0.664041
user_0367,13,user_0979,0.663734
user_0367,14,user_0563,0.659005
user_0367,15,user_0793,0.657241
user_0368,1,user_0375,0.477732
user_0368,2,user_0738,0.452445
user_0368,3,user_0368,0.422103
user_0368,4,user_0462,0.419365
user_0368,5,user_0278,0.402415
user_0368,6,user_0619,0.400389
user_0368,7,user_0413,0.396056
user_0368,8,user_0519,0.395844
user_0368,9,user_0004,0.393390
user_0368,10,user_0284,0.392562
user_0368,11,user_0906,0.392137
user_0368,12,user_0415,0.391753
user_0368,13,user_0970,0.390354
user_0368,14,user_0224,0.389976
user_0368,15,user_0798,0.389344
user_0371,1,user_0944,0.688785
user_0371,2,user_0758,0.685440
user_0371,3,user_0590,0.683652
user_0371,4,user_0020,0.677952
user_0371,5,user_0157,0.673934
user_0371,6,user_0325,0.673524
user_0371,7,user_0420,0.670720
user_0371,8,user_0451,0.669522
user_0371,9,user_0147,0.663415
user_0371,10,user_0363,0.660635
user_0371,11,user_0949,0.657870
user_0371,12,user_0078,0.657269
user_0371,13,user_0881,0.657097
user_0371,14,user_0422,0.656297
user_0371,15,user_0775,0.655597
user_0372,1,user_0184,0.765270
user_0372,2,user_0656,0.758415
user_0372,3,user_0372,0.758304
user_0372,4,user_0588,0.756270
user_0372,5,user_0316,0.747782
user_0372,6,user_0358,0.747267
user_0372,7,user_0107,0.746535
user_0372,8,user_0604,0.745337
user_0372,9,user_0917,0.743271
user_0372,10,user_0970,0.734416
user_0372,11,user_0152,0.723274
user_0372,12,user_0924,0.720166
user_0372,13,user_0715,0.718783
user_0372,14,user_0334,0.718221
user_0372,15,user_0422,0.716304
user_0374,1,user_0319,0.722365
user_0374,2,user_0032,0.720501
user_0374,3,user_0014,0.714580
user_0374,4,user_0838,0.689000
user_0374,5,user_0640,0.677964
user_0374,6,user_0935,0.667702
user_0374,7,user_0839,0.666656
user_0374,8,user_0909,0.666493
user_0374,9,user_0764,0.665481
user_0374,10,user_0235,0.657675
user_0374,11,user_0374,0.657530
user_0374,12,user_0585,0.656258
user_0374,13,user_0868,0.652493
user_0374,14,user_0353,0.647423
user_0374,15,user_0756,0.645913
user_0379,1,user_0267,0.857465
user_0379,2,user_0862,0.849768
user_0379,3,user_0563,0.832622
user_0379,4,user_0772,0.829135
user_0379,5,user_0882,0.825936
user_0379,6,user_0397,0.816965
user_0379,7,user_0237,0.816886
user_0379,8,user_0045,0.814974
user_0379,9,user_0485,0.813346
user_0379,10,user_0345,0.813018
user_0379,11,user_0466,0.811577
user_0379,12,user_0913,0.810059
user_0379,13,user_0123,0.809056
user_0379,14,user_0568,0.808508
user_0379,15,user_0160,0.807333
user_0380,1,user_0415,0.832018
user_0380,2,user_0563,0.829884
user_0380,3,user_0444,0.820277
user_0380,4,user_0267,0.810426
user_0380,5,user_0504,0.810271
user_0380,6,user_0045,0.806017
user_0380,7,user_0279,0.804365
user_0380,8,user_0224,0.802684
user_0380,9,user_0862,0.795297
user_0380,10,user_0160,0.794363
user_0380,11,user_0123,0.792135
user_0380,12,user_0772,0.790437
user_0380,13,user_0011,0.789376
user_0380,14,user_0157,0.789037
user_0380,15,user_0156,0.788928
user_0383,1,user_0971,0.824449
user_0383,2,user_0974,0.815426
user_0383,3,user_0188,0.806371
user_0383,4,user_0954,0.798740
user_0383,5,user_0578,0.795266
user_0383,6,user_0969,0.788144
user_0383,7,user_0897,0.788050
user_0383,8,user_0397,0.786056
user_0383,9,user_0425,0.782009
user_0383,10,user_0063,0.781946
user_0383,11,user_0160,0.781522
user_0383,12,user_0267,0.769198
user_0383,13,user_0568,0.765742
user_0383,14,user_0838,0.762932
user_0383,15,user_0576,0.761523
user_0388,1,user_0486,0.786341
user_0388,2,user_0671,0.784928
user_0388,3,user_0073,0.778885
user_0388,4,user_0557,0.775318
user_0388,5,user_0695,0.775208
user_0388,6,user_0815,0.770057
user_0388,7,user_0437,0.769317
user_0388,8,user_0504,0.769197
user_0388,9,user_0563,0.760845
user_0388,10,user_0334,0.760769
user_0388,11,user_0010,0.759501
user_0388,12,user_0388,0.759292
user_0388,13,user_0593,0.756798
user_0388,14,user_0147,0.756351
user_0388,15,user_0038,0.756151
user_0389,1,user_0712,0.615473
user_0389,2,user_0577,0.609579
user_0389,3,user_0355,0.604829
user_0389,4,user_0583,0.602218
user_0389,5,user_0328,0.600599
user_0389,6,user_0074,0.596569
user_0389,7,user_0443,0.595939
user_0389,8,user_0066,0.595426
user_0389,9,user_0124,0.595074
user_0389,10,user_0686,0.594308
user_0389,11,user_0561,0.590129
user_0389,12,user_0269,0.588886
user_0389,13,user_0637,0.588296
user_0389,14,user_0557,0.585814
user_0389,15,user_0862,0.583870
user_0390,1,user_0160,0.839093
user_0390,2,user_0502,0.804202
user_0390,3,user_0681,0.800285
user_0390,4,user_0016,0.797902
user_0390,5,user_0931,0.789673
user_0390,6,user_0689,0.788519
user_0390,7,user_0981,0.784189
user_0390,8,user_0373,0.783486
user_0390,9,user_0345,0.783280
user_0390,10,user_0181,0.780819
user_0390,11,user_0158,0.778268
user_0390,12,user_0661,0.778161
user_0390,13,user_0290,0.776621
user_0390,14,user_0823,0.772252
user_0390,15,user_0608,0.771189
user_0391,1,user_0803,0.785814
user_0391,2,user_0391,0.768214
user_0391,3,user_0107,0.751236
user_0391,4,user_0179,0.750589
user_0391,5,user_0836,0.749083
user_0391,6,user_0415,0.746642
user_0391,7,user_0011,0.746374
user_0391,8,user_0766,0.741612
user_0391,9,user_0938,0.740691
user_0391,10,user_0704,0.738599
user_0391,11,user_0869,0.738532
user_0391,12,user_0191,0.737395
user_0391,13,user_0991,0.737231
user_0391,14,user_0470,0.736418
user_0391,15,user_0932,0.736106
user_0392,1,user_0985,0.758814
user_0392,2,user_0047,0.750735
user_0392,3,user_0392,0.746828
user_0392,4,user_0590,0.745195
user_0392,5,user_0451,0.743202
user_0392,6,user_0423,0.740813
user_0392,7,user_0726,0.735847
user_0392,8,user_0147,0.729403
user_0392,9,user_0873,0.729283
user_0392,10,user_0350,0.728119
user_0392,11,user_0477,0.724376
user_0392,12,user_0448,0.722876
user_0392,13,user_0790,0.720314
user_0392,14,user_0793,0.720102
user_0392,15,user_0695,0.719481
user_0395,1,user_0127,0.764892
user_0395,2,user_0572,0.741508
user_0395,3,user_0395,0.703683
user_0395,4,user_0309,0.693117
user_0395,5,user_0732,0.693067
user_0395,6,user_0864,0.687394
user_0395,7,user_0501,0.686187
user_0395,8,user_0153,0.682198
user_0395,9,user_0045,0.680189
user_0395,10,user_0308,0.679452
user_0395,11,user_0961,0.677544
user_0395,12,user_0651,0.674155
user_0395,13,user_0413,0.670691
user_0395,14,user_0718,0.669816
user_0395,15,user_0082,0.666366
user_0400,1,user_0772,0.858822
user_0400,2,user_0910,0.855843
user_0400,3,user_0563,0.851761
user_0400,4,user_0857,0.839184
user_0400,5,user_0504,0.838813
user_0400,6,user_0485,0.838158
user_0400,7,user_0466,0.838060
user_0400,8,user_0267,0.836551
user_0400,9,user_0045,0.835728
user_0400,10,user_0913,0.832966
user_0400,11,user_0415,0.830212
user_0400,12,user_0043,0.826346
user_0400,13,user_0296,0.824402
user_0400,14,user_0641,0.823055
user_0400,15,user_0593,0.822653
user_0406,1,user_0740,0.766632
user_0406,2,user_0413,0.751811
user_0406,3,user_0519,0.723265
user_0406,4,user_0250,0.694607
user_0406,5,user_0161,0.691718
user_0406,6,user_0849,0.681074
user_0406,7,user_0770,0.681032
user_0406,8,user_0147,0.680036
user_0406,9,user_0579,0.673315
user_0406,10,user_0798,0.670863
user_0406,11,user_0345,0.668626
user_0406,12,user_0484,0.665405
user_0406,13,user_0158,0.661326
user_0406,14,user_0160,0.660078
user_0406,15,user_0275,0.659294
user_0408,1,user_0147,0.767357
user_0408,2,user_0979,0.763165
user_0408,3,user_0795,0.752568
user_0408,4,user_0547,0.749477
user_0408,5,user_0011,0.743129
user_0408,6,user_0160,0.742686
user_0408,7,user_0499,0.738056
user_0408,8,user_0099,0.729421
user_0408,9,user_0738,0.725238
user_0408,10,user_0740,0.725017
user_0408,11,user_0519,0.724322
user_0408,12,user_0862,0.722784
user_0408,13,user_0619,0.722530
user_0408,14,user_0732,0.719253
user_0408,15,user_0689,0.717084
user_0409,1,user_0409,0.682368
user_0409,2,user_0328,0.664033
user_0409,3,user_0355,0.624946
user_0409,4,user_0607,0.618848
user_0409,5,user_0269,0.604056
user_0409,6,user_0661,0.601152
user_0409,7,user_0345,0.599639
user_0409,8,user_0147,0.596186
user_0409,9,user_0478,0.593803
user_0409,10,user_0862,0.593698
user_0409,11,user_0234,0.592937
user_0409,12,user_0202,0.592554
user_0409,13,user_0654,0.591870
user_0409,14,user_0909,0.590974
user_0409,15,user_0260,0.588423
user_0411,1,user_0415,0.759444
user_0411,2,user_0826,0.748858
user_0411,3,user_0683,0.742315
user_0411,4,user_0868,0.739576
user_0411,5,user_0707,0.736079
user_0411,6,user_0231,0.732900
user_0411,7,user_0156,0.731752
user_0411,8,user_0026,0.731548
user_0411,9,user_0879,0.728192
user_0411,10,user_0157,0.728132
user_0411,11,user_0507,0.725542
user_0411,12,user_0224,0.725083
user_0411,13,user_0932,0.724244
user_0411,14,user_0335,0.724167
user_0411,15,user_0961,0.722306
user_0413,1,user_0320,0.767793
user_0413,2,user_0535,0.760824
user_0413,3,user_0328,0.752144
user_0413,4,user_0721,0.750927
user_0413,5,user_0478,0.746789
user_0413,6,user_0578,0.745121
user_0413,7,user_0015,0.734287
user_0413,8,user_0351,0.733506
user_0413,9,user_0662,0.733407
user_0413,10,user_0221,0.731943
user_0413,11,user_0971,0.726870
user_0413,12,user_0053,0.726798
user_0413,13,user_0330,0.726618
user_0413,14,user_0293,0.725568
user_0413,15,user_0557,0.724981
user_0414,1,user_0546,0.815938
user_0414,2,user_0732,0.809451
user_0414,3,user_0414,0.804418
user_0414,4,user_0569,0.803987
user_0414,5,user_0271,0.801272
user_0414,6,user_0048,0.798263
user_0414,7,user_0410,0.791088
user_0414,8,user_0495,0.790128
user_0414,9,user_0527,0.789850
user_0414,10,user_0148,0.789823
user_0414,11,user_0563,0.789145
user_0414,12,user_0020,0.788493
user_0414,13,user_0127,0.788385
user_0414,14,user_0196,0.783678
user_0414,15,user_0099,0.782760
user_0417,1,user_0563,0.841481
user_0417,2,user_0043,0.841309
user_0417,3,user_0504,0.840557
user_0417,4,user_0224,0.840355
user_0417,5,user_0099,0.838780
user_0417,6,user_0279,0.838061
user_0417,7,user_0902,0.837965
user_0417,8,user_0045,0.833048
user_0417,9,user_0415,0.831513
user_0417,10,user_0857,0.830184
user_0417,11,user_0334,0.828474
user_0417,12,user_0281,0.825682
user_0417,13,user_0641,0.824178
user_0417,14,user_0524,0.822987
user_0417,15,user_0462,0.819686
user_0421,1,user_0099,0.809650
user_0421,2,user_0147,0.798180
user_0421,3,user_0732,0.780135
user_0421,4,user_0547,0.776189
user_0421,5,user_0546,0.774144
user_0421,6,user_0557,0.773022
user_0421,7,user_0510,0.772190
user_0421,8,user_0524,0.770376
user_0421,9,user_0378,0.764808
user_0421,10,user_0495,0.764239
user_0421,11,user_0148,0.764233
user_0421,12,user_0938,0.762625
user_0421,13,user_0137,0.762444
user_0421,14,user_0271,0.761226
user_0421,15,user_0020,0.759899
user_0422,1,user_0557,0.788085
user_0422,2,user_0812,0.787040
user_0422,3,user_0504,0.773189
user_0422,4,user_0944,0.770664
user_0422,5,user_0543,0.758841
user_0422,6,user_0590,0.758472
user_0422,7,user_0745,0.758325
user_0422,8,user_0444,0.754718
user_0422,9,user_0074,0.753400
user_0422,10,user_0912,0.751222
user_0422,11,user_0215,0.750062
user_0422,12,user_0600,0.747908
user_0422,13,user_0758,0.746676
user_0422,14,user_0985,0.746571
user_0422,15,user_0157,0.744164
user_0423,1,user_0423,0.785313
user_0423,2,user_0882,0.765947
user_0423,3,user_0350,0.761172
user_0423,4,user_0485,0.758634
user_0423,5,user_0267,0.744398
user_0423,6,user_0600,0.740812
user_0423,7,user_0047,0.740726
user_0423,8,user_0147,0.740394
user_0423,9,user_0745,0.739990
user_0423,10,user_0985,0.738650
user_0423,11,user_0703,0.736108
user_0423,12,user_0123,0.734863
user_0423,13,user_0128,0.730898
user_0423,14,user_0661,0.729690
user_0423,15,user_0614,0.728857
user_0430,1,user_0954,0.838537
user_0430,2,user_0425,0.837308
user_0430,3,user_0971,0.830388
user_0430,4,user_0188,0.822763
user_0430,5,user_0897,0.817421
user_0430,6,user_0578,0.816495
user_0430,7,user_0969,0.816387
user_0430,8,user_0774,0.815344
user_0430,9,user_0336,0.812867
user_0430,10,user_0397,0.808410
user_0430,11,user_0974,0.806888
user_0430,12,user_0160,0.803526
user_0430,13,user_0123,0.796598
user_0430,14,user_0600,0.796565
user_0430,15,user_0549,0.796110
user_0433,1,user_0970,0.788904
user_0433,2,user_0433,0.784019
user_0433,3,user_0827,0.777477
user_0433,4,user_0917,0.769783
user_0433,5,user_0972,0.766536
user_0433,6,user_0588,0.765722
user_0433,7,user_0413,0.763533
user_0433,8,user_0160,0.759226
user_0433,9,user_0278,0.759087
user_0433,10,user_0464,0.756503
user_0433,11,user_0279,0.756069
user_0433,12,user_0415,0.754962
user_0433,13,user_0158,0.750322
user_0433,14,user_0849,0.749689
user_0433,15,user_0798,0.748810
user_0434,1,user_0622,0.752503
user_0434,2,user_0434,0.738006
user_0434,3,user_0045,0.730753
user_0434,4,user_0708,0.728091
user_0434,5,user_0172,0.723383
user_0434,6,user_0425,0.719348
user_0434,7,user_0334,0.716297
user_0434,8,user_0034,0.698306
user_0434,9,user_0053,0.697980
user_0434,10,user_0123,0.697914
user_0434,11,user_0661,0.697078
user_0434,12,user_0415,0.696663
user_0434,13,user_0423,0.695871
user_0434,14,user_0090,0.692731
user_0434,15,user_0157,0.691600
user_0438,1,user_0478,0.838521
user_0438,2,user_0011,0.815168
user_0438,3,user_0351,0.811395
user_0438,4,user_0160,0.805230
user_0438,5,user_0969,0.803364
user_0438,6,user_0397,0.798607
user_0438,7,user_0046,0.791748
user_0438,8,user_0721,0.789754
user_0438,9,user_0357,0.782612
user_0438,10,user_0328,0.782239
user_0438,11,user_0669,0.781000
user_0438,12,user_0870,0.776368
user_0438,13,user_0221,0.774664
user_0438,14,user_0610,0.774262
user_0438,15,user_0971,0.770441
user_0439,1,user_0860,0.794716
user_0439,2,user_0437,0.788102
user_0439,3,user_0111,0.785289
user_0439,4,user_0793,0.779095
user_0439,5,user_0024,0.778023
user_0439,6,user_0448,0.775391
user_0439,7,user_0267,0.770293
user_0439,8,user_0003,0.769018
user_0439,9,user_0439,0.762858
user_0439,10,user_0817,0.761118
user_0439,11,user_0422,0.760499
user_0439,12,user_0153,0.760407
user_0439,13,user_0715,0.760294
user_0439,14,user_0237,0.756045
user_0439,15,user_0331,0.755519
user_0441,1,user_0572,0.758088
user_0441,2,user_0700,0.757393
user_0441,3,user_0563,0.754387
user_0441,4,user_0671,0.754338
user_0441,5,user_0486,0.754065
user_0441,6,user_0733,0.752420
user_0441,7,user_0600,0.749921
user_0441,8,user_0732,0.746187
user_0441,9,user_0772,0.746100
user_0441,10,user_0127,0.745491
user_0441,11,user_0267,0.739004
user_0441,12,user_0864,0.737169
user_0441,13,user_0922,0.736427
user_0441,14,user_0534,0.735271
user_0441,15,user_0862,0.734259
user_0442,1,user_0160,0.815209
user_0442,2,user_0147,0.801941
user_0442,3,user_0415,0.800929
user_0442,4,user_0519,0.793643
user_0442,5,user_0563,0.788390
user_0442,6,user_0157,0.788387
user_0442,7,user_0707,0.780743
user_0442,8,user_0600,0.779138
user_0442,9,user_0011,0.777270
user_0442,10,user_0410,0.774672
user_0442,11,user_0127,0.774410
user_0442,12,user_0168,0.774138
user_0442,13,user_0979,0.773404
user_0442,14,user_0661,0.772648
user_0442,15,user_0547,0.772436
user_0446,1,user_0563,0.798391
user_0446,2,user_0147,0.788217
user_0446,3,user_0862,0.784770
user_0446,4,user_0267,0.781195
user_0446,5,user_0355,0.779190
user_0446,6,user_0795,0.775172
user_0446,7,user_0600,0.770154
user_0446,8,user_0669,0.770072
user_0446,9,user_0969,0.769593
user_0446,10,user_0547,0.768934
user_0446,11,user_0637,0.768548
user_0446,12,user_0446,0.768058
user_0446,13,user_0196,0.767215
user_0446,14,user_0495,0.765842
user_0446,15,user_0279,0.765404
user_0447,1,user_0510,0.713652
user_0447,2,user_0147,0.706538
user_0447,3,user_0862,0.702498
user_0447,4,user_0038,0.699589
user_0447,5,user_0114,0.694863
user_0447,6,user_0671,0.693339
user_0447,7,user_0504,0.690594
user_0447,8,user_0600,0.688734
user_0447,9,user_0563,0.688727
user_0447,10,user_0495,0.688336
user_0447,11,user_0137,0.687582
user_0447,12,user_0328,0.686510
user_0447,13,user_0703,0.681460
user_0447,14,user_0473,0.680625
user_0447,15,user_0135,0.678633
user_0449,1,user_0415,0.775217
user_0449,2,user_0159,0.772108
user_0449,3,user_0215,0.768361
user_0449,4,user_0449,0.761884
user_0449,5,user_0561,0.759764
user_0449,6,user_0812,0.755718
user_0449,7,user_0074,0.751962
user_0449,8,user_0815,0.750311
user_0449,9,user_0378,0.747597
user_0449,10,user_0195,0.747399
user_0449,11,user_0439,0.747279
user_0449,12,user_0557,0.746495
user_0449,13,user_0745,0.745591
user_0449,14,user_0504,0.744298
user_0449,15,user_0821,0.743279
user_0453,1,user_0671,0.691202
user_0453,2,user_0729,0.687130
user_0453,3,user_0504,0.685785
user_0453,4,user_0420,0.674942
user_0453,5,user_0114,0.669216
user_0453,6,user_0862,0.668539
user_0453,7,user_0882,0.668355
user_0453,8,user_0229,0.666377
user_0453,9,user_0453,0.666065
user_0453,10,user_0694,0.662660
user_0453,11,user_0137,0.662599
user_0453,12,user_0427,0.660323
user_0453,13,user_0703,0.657567
user_0453,14,user_0198,0.657334
user_0453,15,user_0563,0.655961
user_0454,1,user_0303,0.715309
user_0454,2,user_0763,0.675196
user_0454,3,user_0653,0.669580
user_0454,4,user_0806,0.650930
user_0454,5,user_0135,0.649194
user_0454,6,user_0405,0.647148
user_0454,7,user_0156,0.639942
user_0454,8,user_0968,0.634038
user_0454,9,user_0827,0.621804
user_0454,10,user_0151,0.614993
user_0454,11,user_0415,0.610745
user_0454,12,user_0066,0.609720
user_0454,13,user_0486,0.609639
user_0454,14,user_0730,0.609186
user_0454,15,user_0932,0.607444
user_0460,1,user_0563,0.826755
user_0460,2,user_0790,0.824679
user_0460,3,user_0485,0.823499
user_0460,4,user_0466,0.820283
user_0460,5,user_0350,0.817547
user_0460,6,user_0267,0.813968
user_0460,7,user_0772,0.812121
user_0460,8,user_0047,0.811797
user_0460,9,user_0614,0.810250
user_0460,10,user_0367,0.809974
user_0460,11,user_0600,0.809235
user_0460,12,user_0910,0.807276
user_0460,13,user_0879,0.805280
user_0460,14,user_0787,0.804622
user_0460,15,user_0157,0.802083
user_0463,1,user_0563,0.785921
user_0463,2,user_0147,0.781847
user_0463,3,user_0695,0.777841
user_0463,4,user_0534,0.774843
user_0463,5,user_0415,0.772097
user_0463,6,user_0267,0.765010
user_0463,7,user_0547,0.764420
user_0463,8,user_0443,0.757369
user_0463,9,user_0011,0.755214
user_0463,10,user_0793,0.754632
user_0463,11,user_0003,0.754520
user_0463,12,user_0448,0.751854
user_0463,13,user_0600,0.751542
user_0463,14,user_0038,0.748366
user_0463,15,user_0557,0.748266
user_0465,1,user_0519,0.752933
user_0465,2,user_0160,0.748230
user_0465,3,user_0397,0.733933
user_0465,4,user_0661,0.731785
user_0465,5,user_0775,0.727797
user_0465,6,user_0345,0.726781
user_0465,7,user_0482,0.726602
user_0465,8,user_0267,0.726072
user_0465,9,user_0689,0.723826
user_0465,10,user_0363,0.720112
user_0465,11,user_0465,0.713590
user_0465,12,user_0979,0.712735
user_0465,13,user_0413,0.711461
user_0465,14,user_0147,0.710275
user_0465,15,user_0770,0.710242
user_0466,1,user_0826,0.724984
user_0466,2,user_0466,0.698100
user_0466,3,user_0905,0.694590
user_0466,4,user_0029,0.687624
user_0466,5,user_0142,0.685515
user_0466,6,user_0237,0.685459
user_0466,7,user_0345,0.685081
user_0466,8,user_0098,0.684317
user_0466,9,user_0003,0.681023
user_0466,10,user_0339,0.680480
user_0466,11,user_0368,0.679489
user_0466,12,user_0092,0.677648
user_0466,13,user_0119,0.677017
user_0466,14,user_0555,0.675795
user_0466,15,user_0335,0.675398
user_0469,1,user_0160,0.871378
user_0469,2,user_0608,0.866011
user_0469,3,user_0290,0.865973
user_0469,4,user_0011,0.857726
user_0469,5,user_0931,0.847070
user_0469,6,user_0823,0.840529
user_0469,7,user_0981,0.832894
user_0469,8,user_0969,0.826155
user_0469,9,user_0373,0.823319
user_0469,10,user_0167,0.820794
user_0469,11,user_0181,0.818383
user_0469,12,user_0979,0.818084
user_0469,13,user_0689,0.810908
user_0469,14,user_0131,0.810734
user_0469,15,user_0610,0.810294
user_0470,1,user_0637,0.824117
user_0470,2,user_0971,0.790916
user_0470,3,user_0969,0.783243
user_0470,4,user_0293,0.777376
user_0470,5,user_0954,0.776772
user_0470,6,user_0188,0.769951
user_0470,7,user_0709,0.769858
user_0470,8,user_0808,0.762534
user_0470,9,user_0661,0.761807
user_0470,10,user_0207,0.759542
user_0470,11,user_0868,0.758100
user_0470,12,user_0160,0.757727
user_0470,13,user_0336,0.757720
user_0470,14,user_0741,0.757036
user_0470,15,user_0807,0.755753
user_0471,1,user_0808,0.836456
user_0471,2,user_0269,0.803171
user_0471,3,user_0969,0.794201
user_0471,4,user_0471,0.787926
user_0471,5,user_0355,0.772567
user_0471,6,user_0924,0.771740
user_0471,7,user_0499,0.750371
user_0471,8,user_0650,0.747192
user_0471,9,user_0259,0.745097
user_0471,10,user_0361,0.740830
user_0471,11,user_0569,0.735196
user_0471,12,user_0927,0.731161
user_0471,13,user_0099,0.728968
user_0471,14,user_0682,0.725561
user_0471,15,user_0478,0.724088
user_0472,1,user_0335,0.868484
user_0472,2,user_0563,0.867676
user_0472,3,user_0045,0.864499
user_0472,4,user_0224,0.864257
user_0472,5,user_0857,0.860507
user_0472,6,user_0507,0.854592
user_0472,7,user_0410,0.854470
user_0472,8,user_0472,0.852742
user_0472,9,user_0415,0.852655
user_0472,10,user_0913,0.851274
user_0472,11,user_0772,0.850470
user_0472,12,user_0902,0.849785
user_0472,13,user_0179,0.849388
user_0472,14,user_0304,0.846432
user_0472,15,user_0427,0.846268
user_0474,1,user_0099,0.645067
user_0474,2,user_0495,0.634594
user_0474,3,user_0557,0.623977
user_0474,4,user_0569,0.619455
user_0474,5,user_0761,0.616456
user_0474,6,user_0473,0.616256
user_0474,7,user_0812,0.614710
user_0474,8,user_0147,0.613811
user_0474,9,user_0020,0.611612
user_0474,10,user_0457,0.610528
user_0474,11,user_0444,0.608348
user_0474,12,user_0874,0.606971
user_0474,13,user_0752,0.606884
user_0474,14,user_0281,0.606331
user_0474,15,user_0325,0.603334
user_0479,1,user_0415,0.842178
user_0479,2,user_0123,0.810153
user_0479,3,user_0167,0.802462
user_0479,4,user_0160,0.798045
user_0479,5,user_0279,0.797376
user_0479,6,user_0563,0.787376
user_0479,7,user_0745,0.786338
user_0479,8,user_0043,0.786238
user_0479,9,user_0614,0.785396
user_0479,10,user_0334,0.781101
user_0479,11,user_0346,0.780586
user_0479,12,user_0443,0.780352
user_0479,13,user_0157,0.780232
user_0479,14,user_0971,0.779776
user_0479,15,user_0685,0.778788
user_0480,1,user_0458,0.655577
user_0480,2,user_0480,0.651279
user_0480,3,user_0029,0.649686
user_0480,4,user_0120,0.646703
user_0480,5,user_0179,0.632818
user_0480,6,user_0826,0.629861
user_0480,7,user_0045,0.628145
user_0480,8,user_0650,0.627222
user_0480,9,user_0112,0.626814
user_0480,10,user_0578,0.625168
user_0480,11,user_0086,0.623559
user_0480,12,user_0862,0.622922
user_0480,13,user_0902,0.621768
user_0480,14,user_0363,0.621492
user_0480,15,user_0328,0.620729
user_0482,1,user_0671,0.756234
user_0482,2,user_0563,0.752414
user_0482,3,user_0510,0.750964
user_0482,4,user_0703,0.744577
user_0482,5,user_0028,0.738878
user_0482,6,user_0137,0.737921
user_0482,7,user_0168,0.734970
user_0482,8,user_0410,0.734612
user_0482,9,user_0600,0.734326
user_0482,10,user_0229,0.730192
user_0482,11,user_0886,0.729718
user_0482,12,user_0038,0.729002
user_0482,13,user_0540,0.728794
user_0482,14,user_0486,0.728651
user_0482,15,user_0067,0.727193
user_0485,1,user_0410,0.845526
user_0485,2,user_0563,0.837346
user_0485,3,user_0099,0.832916
user_0485,4,user_0281,0.824706
user_0485,5,user_0641,0.822458
user_0485,6,user_0048,0.821572
user_0485,7,user_0020,0.820758
user_0485,8,user_0857,0.820634
user_0485,9,user_0427,0.816526
user_0485,10,user_0732,0.814551
user_0485,11,user_0335,0.813718
user_0485,12,user_0279,0.813406
user_0485,13,user_0224,0.812885
user_0485,14,user_0271,0.812720
user_0485,15,user_0127,0.812543
user_0487,1,user_0433,0.818778
user_0487,2,user_0160,0.817729
user_0487,3,user_0972,0.814347
user_0487,4,user_0600,0.812774
user_0487,5,user_0563,0.810106
user_0487,6,user_0827,0.801819
user_0487,7,user_0355,0.798747
user_0487,8,user_0267,0.796224
user_0487,9,user_0147,0.792488
user_0487,10,user_0345,0.787210
user_0487,11,user_0158,0.785027
user_0487,12,user_0190,0.784991
user_0487,13,user_0917,0.784796
user_0487,14,user_0504,0.782720
user_0487,15,user_0671,0.781933
user_0489,1,user_0541,0.829854
user_0489,2,user_0473,0.820765
user_0489,3,user_0099,0.817295
user_0489,4,user_0761,0.816123
user_0489,5,user_0147,0.810906
user_0489,6,user_0168,0.809414
user_0489,7,user_0005,0.807259
user_0489,8,user_0879,0.806506
user_0489,9,user_0563,0.805601
user_0489,10,user_0415,0.805035
user_0489,11,user_0137,0.803646
user_0489,12,user_0707,0.801710
user_0489,13,user_0504,0.801400
user_0489,14,user_0045,0.800539
user_0489,15,user_0671,0.799410
user_0493,1,user_0770,0.703287
user_0493,2,user_0740,0.698074
user_0493,3,user_0267,0.696286
user_0493,4,user_0413,0.694726
user_0493,5,user_0912,0.686432
user_0493,6,user_0123,0.685161
user_0493,7,user_0045,0.683530
user_0493,8,user_0661,0.682293
user_0493,9,user_0237,0.680750
user_0493,10,user_0757,0.677758
user_0493,11,user_0519,0.677378
user_0493,12,user_0795,0.676950
user_0493,13,user_0423,0.673823
user_0493,14,user_0515,0.668117
user_0493,15,user_0745,0.668104
user_0498,1,user_0941,0.603582
user_0498,2,user_0704,0.603537
user_0498,3,user_0384,0.597634
user_0498,4,user_0214,0.588579
user_0498,5,user_0011,0.586296
user_0498,6,user_0893,0.580809
user_0498,7,user_0876,0.579916
user_0498,8,user_0179,0.578053
user_0498,9,user_0455,0.576291
user_0498,10,user_0253,0.573266
user_0498,11,user_0766,0.572114
user_0498,12,user_0107,0.571797
user_0498,13,user_0370,0.569240
user_0498,14,user_0924,0.567892
user_0498,15,user_0498,0.567597
user_0499,1,user_0499,0.806559
user_0499,2,user_0681,0.775612
user_0499,3,user_0415,0.768534
user_0499,4,user_0624,0.766506
user_0499,5,user_0795,0.763073
user_0499,6,user_0160,0.763035
user_0499,7,user_0123,0.761636
user_0499,8,user_0969,0.757045
user_0499,9,user_0293,0.756085
user_0499,10,user_0147,0.754575
user_0499,11,user_0224,0.750143
user_0499,12,user_0637,0.749451
user_0499,13,user_0927,0.749427
user_0499,14,user_0045,0.748368
user_0499,15,user_0808,0.743612
user_0506,1,user_0444,0.820616
user_0506,2,user_0557,0.814274
user_0506,3,user_0270,0.810193
user_0506,4,user_0422,0.807333
user_0506,5,user_0793,0.799818
user_0506,6,user_0313,0.796262
user_0506,7,user_0157,0.794073
user_0506,8,user_0045,0.792412
user_0506,9,user_0415,0.790412
user_0506,10,user_0147,0.789647
user_0506,11,user_0437,0.788247
user_0506,12,user_0159,0.786736
user_0506,13,user_0745,0.786342
user_0506,14,user_0334,0.786117
user_0506,15,user_0563,0.784654
user_0512,1,user_0267,0.760584
user_0512,2,user_0512,0.759888
user_0512,3,user_0661,0.756864
user_0512,4,user_0862,0.749457
user_0512,5,user_0954,0.748057
user_0512,6,user_0643,0.747599
user_0512,7,user_0689,0.747452
user_0512,8,user_0709,0.747133
user_0512,9,user_0600,0.746106
user_0512,10,user_0721,0.745798
user_0512,11,user_0563,0.745786
user_0512,12,user_0221,0.743354
user_0512,13,user_0345,0.740322
user_0512,14,user_0147,0.739328
user_0512,15,user_0897,0.735993
user_0513,1,user_0153,0.806523
user_0513,2,user_0045,0.791424
user_0513,3,user_0423,0.779343
user_0513,4,user_0227,0.771411
user_0513,5,user_0415,0.763804
user_0513,6,user_0123,0.760550
user_0513,7,user_0434,0.759988
user_0513,8,user_0090,0.755836
user_0513,9,user_0501,0.753863
user_0513,10,user_0757,0.751214
user_0513,11,user_0267,0.750100
user_0513,12,user_0293,0.748411
user_0513,13,user_0513,0.747891
user_0513,14,user_0961,0.747187
user_0513,15,user_0179,0.746825
user_0515,1,user_0434,0.694499
user_0515,2,user_0084,0.652829
user_0515,3,user_0553,0.637771
user_0515,4,user_0237,0.637366
user_0515,5,user_0309,0.633798
user_0515,6,user_0331,0.633193
user_0515,7,user_0482,0.629886
user_0515,8,user_0122,0.626652
user_0515,9,user_0997,0.624858
user_0515,10,user_0912,0.624442
user_0515,11,user_0757,0.624023
user_0515,12,user_0092,0.617107
user_0515,13,user_0777,0.614496
user_0515,14,user_0003,0.613871
user_0515,15,user_0685,0.610521
user_0518,1,user_0518,0.707788
user_0518,2,user_0328,0.653121
user_0518,3,user_0461,0.642837
user_0518,4,user_0984,0.625411
user_0518,5,user_0260,0.621517
user_0518,6,user_0491,0.621236
user_0518,7,user_0637,0.620168
user_0518,8,user_0536,0.611719
user_0518,9,user_0095,0.611411
user_0518,10,user_0945,0.606130
user_0518,11,user_0110,0.604882
user_0518,12,user_0147,0.596501
user_0518,13,user_0583,0.595725
user_0518,14,user_0698,0.595526
user_0518,15,user_0122,0.595434
user_0519,1,user_0519,0.826568
user_0519,2,user_0740,0.792662
user_0519,3,user_0160,0.785978
user_0519,4,user_0849,0.775720
user_0519,5,user_0413,0.771628
user_0519,6,user_0147,0.759024
user_0519,7,user_0415,0.756102
user_0519,8,user_0547,0.750050
user_0519,9,user_0969,0.741017
user_0519,10,user_0345,0.740789
user_0519,11,user_0158,0.740200
user_0519,12,user_0661,0.739693
user_0519,13,user_0770,0.738836
user_0519,14,user_0011,0.736149
user_0519,15,user_0600,0.730969
user_0520,1,user_0520,0.792904
user_0520,2,user_0023,0.763902
user_0520,3,user_0890,0.754621
user_0520,4,user_0390,0.730510
user_0520,5,user_0298,0.717291
user_0520,6,user_0800,0.711999
user_0520,7,user_0365,0.706555
user_0520,8,user_0290,0.704178
user_0520,9,user_0312,0.701387
user_0520,10,user_0409,0.699209
user_0520,11,user_0502,0.695834
user_0520,12,user_0981,0.695794
user_0520,13,user_0160,0.690576
user_0520,14,user_0391,0.689910
user_0520,15,user_0458,0.679091
user_0521,1,user_0521,0.700629
user_0521,2,user_0328,0.689455
user_0521,3,user_0264,0.636667
user_0521,4,user_0240,0.633619
user_0521,5,user_0510,0.627306
user_0521,6,user_0255,0.613934
user_0521,7,user_0932,0.594666
user_0521,8,user_0995,0.589663
user_0521,9,user_0782,0.588625
user_0521,10,user_0459,0.586596
user_0521,11,user_0028,0.586218
user_0521,12,user_0071,0.586031
user_0521,13,user_0930,0.584877
user_0521,14,user_0083,0.584037
user_0521,15,user_0191,0.581324
user_0522,1,user_0534,0.712394
user_0522,2,user_0695,0.702876
user_0522,3,user_0504,0.697387
user_0522,4,user_0620,0.696676
user_0522,5,user_0066,0.689682
user_0522,6,user_0882,0.686218
user_0522,7,user_0047,0.679314
user_0522,8,user_0712,0.678452
user_0522,9,user_0074,0.677761
user_0522,10,user_0563,0.676354
user_0522,11,user_0985,0.675579
user_0522,12,user_0733,0.674056
user_0522,13,user_0486,0.673980
user_0522,14,user_0124,0.672322
user_0522,15,user_0772,0.668954
user_0527,1,user_0147,0.752645
user_0527,2,user_0074,0.750784
user_0527,3,user_0504,0.731924
user_0527,4,user_0202,0.725464
user_0527,5,user_0695,0.723897
user_0527,6,user_0614,0.722183
user_0527,7,user_0600,0.721529
user_0527,8,user_0557,0.719236
user_0527,9,user_0451,0.718161
user_0527,10,user_0486,0.715560
user_0527,11,user_0671,0.715069
user_0527,12,user_0534,0.712957
user_0527,13,user_0047,0.709792
user_0527,14,user_0661,0.709597
user_0527,15,user_0563,0.707754
user_0530,1,user_0231,0.784508
user_0530,2,user_0704,0.773843
user_0530,3,user_0097,0.772840
user_0530,4,user_0167,0.767602
user_0530,5,user_0562,0.766890
user_0530,6,user_0174,0.761742
user_0530,7,user_0817,0.760682
user_0530,8,user_0941,0.759628
user_0530,9,user_0104,0.758420
user_0530,10,user_0421,0.757323
user_0530,11,user_0335,0.754262
user_0530,12,user_0092,0.753829
user_0530,13,user_0438,0.750184
user_0530,14,user_0727,0.749438
user_0530,15,user_0437,0.748706
user_0536,1,user_0328,0.672800
user_0536,2,user_0343,0.652749
user_0536,3,user_0345,0.648461
user_0536,4,user_0359,0.646932
user_0536,5,user_0355,0.643563
user_0536,6,user_0654,0.642099
user_0536,7,user_0130,0.639297
user_0536,8,user_0862,0.638237
user_0536,9,user_0160,0.635125
user_0536,10,user_0945,0.630392
user_0536,11,user_0637,0.623549
user_0536,12,user_0979,0.623513
user_0536,13,user_0696,0.623360
user_0536,14,user_0795,0.617668
user_0536,15,user_0260,0.617593
user_0541,1,user_0541,0.790601
user_0541,2,user_0045,0.779233
user_0541,3,user_0123,0.779141
user_0541,4,user_0879,0.779132
user_0541,5,user_0267,0.778706
user_0541,6,user_0563,0.778595
user_0541,7,user_0671,0.776811
user_0541,8,user_0168,0.776699
user_0541,9,user_0925,0.775907
user_0541,10,user_0634,0.774548
user_0541,11,user_0026,0.773833
user_0541,12,user_0239,0.770310
user_0541,13,user_0700,0.768695
user_0541,14,user_0420,0.767280
user_0541,15,user_0593,0.766447
user_0542,1,user_0945,0.825837
user_0542,2,user_0960,0.820107
user_0542,3,user_0032,0.810308
user_0542,4,user_0351,0.808155
user_0542,5,user_0677,0.808115
user_0542,6,user_0689,0.807849
user_0542,7,user_0397,0.807630
user_0542,8,user_0141,0.806311
user_0542,9,user_0260,0.804225
user_0542,10,user_0160,0.803862
user_0542,11,user_0644,0.799883
user_0542,12,user_0568,0.799817
user_0542,13,user_0468,0.798091
user_0542,14,user_0267,0.796995
user_0542,15,user_0188,0.795717
user_0544,1,user_0034,0.638204
user_0544,2,user_0544,0.633425
user_0544,3,user_0971,0.612315
user_0544,4,user_0286,0.604910
user_0544,5,user_0708,0.602556
user_0544,6,user_0328,0.600514
user_0544,7,user_0355,0.585668
user_0544,8,user_0583,0.584494
user_0544,9,user_0709,0.584250
user_0544,10,user_0053,0.582702
user_0544,11,user_0622,0.571630
user_0544,12,user_0377,0.571119
user_0544,13,user_0954,0.567300
user_0544,14,user_0234,0.564370
user_0544,15,user_0320,0.563750
user_0546,1,user_0546,0.836729
user_0546,2,user_0510,0.821189
user_0546,3,user_0413,0.815860
user_0546,4,user_0345,0.814572
user_0546,5,user_0482,0.814381
user_0546,6,user_0038,0.814180
user_0546,7,user_0410,0.813864
user_0546,8,user_0607,0.812687
user_0546,9,user_0557,0.812466
user_0546,10,user_0420,0.811873
user_0546,11,user_0540,0.811760
user_0546,12,user_0160,0.811493
user_0546,13,user_0495,0.810512
user_0546,14,user_0519,0.806719
user_0546,15,user_0732,0.806236
user_0547,1,user_0147,0.686139
user_0547,2,user_0944,0.659473
user_0547,3,user_0959,0.646903
user_0547,4,user_0547,0.644058
user_0547,5,user_0758,0.642291
user_0547,6,user_0949,0.638812
user_0547,7,user_0590,0.636578
user_0547,8,user_0732,0.631643
user_0547,9,user_0985,0.627597
user_0547,10,user_0325,0.626306
user_0547,11,user_0157,0.625020
user_0547,12,user_0420,0.622565
user_0547,13,user_0440,0.621638
user_0547,14,user_0074,0.620923
user_0547,15,user_0486,0.620576
user_0550,1,user_0188,0.817717
user_0550,2,user_0897,0.815198
user_0550,3,user_0774,0.813746
user_0550,4,user_0397,0.799365
user_0550,5,user_0550,0.799227
user_0550,6,user_0563,0.787969
user_0550,7,user_0971,0.787381
user_0550,8,user_0063,0.780849
user_0550,9,user_0954,0.780150
user_0550,10,user_0945,0.778992
user_0550,11,user_0608,0.778555
user_0550,12,user_0351,0.777570
user_0550,13,user_0012,0.777393
user_0550,14,user_0576,0.773089
user_0550,15,user_0640,0.772386
user_0551,1,user_0069,0.705824
user_0551,2,user_0666,0.690380
user_0551,3,user_0528,0.676792
user_0551,4,user_0826,0.667570
user_0551,5,user_0135,0.666026
user_0551,6,user_0434,0.663902
user_0551,7,user_0932,0.661964
user_0551,8,user_0551,0.661601
user_0551,9,user_0643,0.659842
user_0551,10,user_0147,0.659827
user_0551,11,user_0554,0.659681
user_0551,12,user_0415,0.658818
user_0551,13,user_0961,0.658163
user_0551,14,user_0707,0.657087
user_0551,15,user_0157,0.655938
user_0552,1,user_0270,0.823336
user_0552,2,user_0557,0.821177
user_0552,3,user_0444,0.820852
user_0552,4,user_0504,0.816159
user_0552,5,user_0415,0.808664
user_0552,6,user_0045,0.808576
user_0552,7,user_0733,0.807375
user_0552,8,user_0422,0.805920
user_0552,9,user_0147,0.805498
user_0552,10,user_0334,0.804673
user_0552,11,user_0812,0.804125
user_0552,12,user_0563,0.802287
user_0552,13,user_0157,0.801213
user_0552,14,user_0279,0.800304
user_0552,15,user_0437,0.798618
user_0553,1,user_0331,0.825984
user_0553,2,user_0691,0.823414
user_0553,3,user_0553,0.820053
user_0553,4,user_0230,0.819558
user_0553,5,user_0448,0.814663
user_0553,6,user_0147,0.813112
user_0553,7,user_0434,0.805163
user_0553,8,user_0270,0.804603
user_0553,9,user_0157,0.796005
user_0553,10,user_0415,0.795530
user_0553,11,user_0267,0.789696
user_0553,12,user_0938,0.786148
user_0553,13,user_0279,0.785478
user_0553,14,user_0417,0.783588
user_0553,15,user_0563,0.782126
user_0554,1,user_0554,0.785875
user_0554,2,user_0290,0.735211
user_0554,3,user_0415,0.723408
user_0554,4,user_0343,0.709523
user_0554,5,user_0643,0.707242
user_0554,6,user_0160,0.696490
user_0554,7,user_0147,0.694718
user_0554,8,user_0661,0.692954
user_0554,9,user_0608,0.692566
user_0554,10,user_0907,0.685214
user_0554,11,user_0979,0.680620
user_0554,12,user_0931,0.677030
user_0554,13,user_0345,0.674713
user_0554,14,user_0312,0.672937
user_0554,15,user_0011,0.671622
user_0556,1,user_0026,0.749852
user_0556,2,user_0979,0.721681
user_0556,3,user_0482,0.719541
user_0556,4,user_0186,0.717543
user_0556,5,user_0570,0.715256
user_0556,6,user_0122,0.715084
user_0556,7,user_0153,0.713166
user_0556,8,user_0127,0.709027
user_0556,9,user_0921,0.708588
user_0556,10,user_0287,0.704342
user_0556,11,user_0045,0.700766
user_0556,12,user_0671,0.699570
user_0556,13,user_0267,0.699547
user_0556,14,user_0879,0.698809
user_0556,15,user_0775,0.698284
user_0557,1,user_0614,0.687559
user_0557,2,user_0689,0.685284
user_0557,3,user_0504,0.684467
user_0557,4,user_0074,0.680924
user_0557,5,user_0147,0.680737
user_0557,6,user_0954,0.678747
user_0557,7,user_0355,0.677334
user_0557,8,user_0473,0.676702
user_0557,9,user_0378,0.674925
user_0557,10,user_0196,0.672922
user_0557,11,user_0061,0.669640
user_0557,12,user_0443,0.669552
user_0557,13,user_0639,0.669111
user_0557,14,user_0695,0.668882
user_0557,15,user_0415,0.668446
user_0559,1,user_0270,0.837079
user_0559,2,user_0086,0.820833
user_0559,3,user_0708,0.815295
user_0559,4,user_0034,0.813941
user_0559,5,user_0045,0.808955
user_0559,6,user_0776,0.808815
user_0559,7,user_0279,0.800925
user_0559,8,user_0363,0.799290
user_0559,9,user_0334,0.798825
user_0559,10,user_0540,0.798267
user_0559,11,user_0557,0.797795
user_0559,12,user_0153,0.796745
user_0559,13,user_0437,0.793321
user_0559,14,user_0622,0.792660
user_0559,15,user_0224,0.792204
user_0563,1,user_0099,0.655318
user_0563,2,user_0655,0.650695
user_0563,3,user_0457,0.647355
user_0563,4,user_0758,0.636472
user_0563,5,user_0699,0.635676
user_0563,6,user_0070,0.634132
user_0563,7,user_0932,0.633677
user_0563,8,user_0462,0.632088
user_0563,9,user_0985,0.627859
user_0563,10,user_0830,0.627726
user_0563,11,user_0763,0.625941
user_0563,12,user_0281,0.624273
user_0563,13,user_0125,0.624147
user_0563,14,user_0660,0.621093
user_0563,15,user_0341,0.620907
user_0564,1,user_0011,0.818779
user_0564,2,user_0271,0.806904
user_0564,3,user_0564,0.794186
user_0564,4,user_0025,0.763925
user_0564,5,user_0148,0.763197
user_0564,6,user_0610,0.759903
user_0564,7,user_0167,0.759283
user_0564,8,user_0495,0.750008
user_0564,9,user_0048,0.746877
user_0564,10,user_0160,0.746319
user_0564,11,user_0279,0.743197
user_0564,12,user_0438,0.741424
user_0564,13,user_0563,0.738419
user_0564,14,user_0969,0.733729
user_0564,15,user_0217,0.733704
user_0566,1,user_0803,0.690611
user_0566,2,user_0692,0.683931
user_0566,3,user_0011,0.681980
user_0566,4,user_0003,0.681353
user_0566,5,user_0396,0.678267
user_0566,6,user_0237,0.675785
user_0566,7,user_0267,0.673097
user_0566,8,user_0991,0.672838
user_0566,9,user_0160,0.670015
user_0566,10,user_0222,0.669619
user_0566,11,user_0157,0.669376
user_0566,12,user_0862,0.669037
user_0566,13,user_0893,0.666013
user_0566,14,user_0913,0.665285
user_0566,15,user_0339,0.664796
user_0567,1,user_0002,0.645295
user_0567,2,user_0135,0.628917
user_0567,3,user_0482,0.622117
user_0567,4,user_0632,0.617058
user_0567,5,user_0158,0.614969
user_0567,6,user_0979,0.605790
user_0567,7,user_0122,0.602108
user_0567,8,user_0339,0.601849
user_0567,9,user_0757,0.600182
user_0567,10,user_0434,0.599973
user_0567,11,user_0160,0.598282
user_0567,12,user_0092,0.595202
user_0567,13,user_0723,0.594841
user_0567,14,user_0685,0.593060
user_0567,15,user_0266,0.592918
user_0568,1,user_0160,0.823335
user_0568,2,user_0568,0.819825
user_0568,3,user_0661,0.817000
user_0568,4,user_0608,0.816583
user_0568,5,user_0373,0.815387
user_0568,6,user_0976,0.807123
user_0568,7,user_0979,0.806163
user_0568,8,user_0689,0.801793
user_0568,9,user_0931,0.800821
user_0568,10,user_0345,0.799124
user_0568,11,user_0290,0.798055
user_0568,12,user_0317,0.792390
user_0568,13,user_0181,0.791429
user_0568,14,user_0607,0.790347
user_0568,15,user_0862,0.790196
user_0570,1,user_0160,0.900273
user_0570,2,user_0661,0.858174
user_0570,3,user_0290,0.855263
user_0570,4,user_0158,0.852281
user_0570,5,user_0345,0.849929
user_0570,6,user_0502,0.829547
user_0570,7,user_0979,0.823866
user_0570,8,user_0177,0.813946
user_0570,9,user_0181,0.812890
user_0570,10,user_0931,0.809046
user_0570,11,user_0689,0.808410
user_0570,12,user_0373,0.807024
user_0570,13,user_0608,0.804767
user_0570,14,user_0888,0.802951
user_0570,15,user_0800,0.800839
user_0571,1,user_0897,0.759502
user_0571,2,user_0608,0.753493
user_0571,3,user_0976,0.749152
user_0571,4,user_0550,0.741023
user_0571,5,user_0862,0.740144
user_0571,6,user_0397,0.732909
user_0571,7,user_0971,0.731898
user_0571,8,user_0721,0.727788
user_0571,9,user_0260,0.726725
user_0571,10,user_0188,0.724918
user_0571,11,user_0355,0.724521
user_0571,12,user_0659,0.724379
user_0571,13,user_0351,0.723822
user_0571,14,user_0147,0.722555
user_0571,15,user_0954,0.721966
user_0575,1,user_0815,0.796655
user_0575,2,user_0437,0.778094
user_0575,3,user_0270,0.768192
user_0575,4,user_0659,0.762451
user_0575,5,user_0152,0.761148
user_0575,6,user_0073,0.759866
user_0575,7,user_0604,0.758945
user_0575,8,user_0608,0.753381
user_0575,9,user_0695,0.752038
user_0575,10,user_0215,0.747470
user_0575,11,user_0702,0.745773
user_0575,12,user_0147,0.745445
user_0575,13,user_0534,0.742736
user_0575,14,user_0527,0.742087
user_0575,15,user_0543,0.736401
user_0577,1,user_0577,0.789583
user_0577,2,user_0583,0.776612
user_0577,3,user_0158,0.718929
user_0577,4,user_0047,0.714345
user_0577,5,user_0733,0.708176
user_0577,6,user_0415,0.704965
user_0577,7,user_0147,0.704284
user_0577,8,user_0563,0.701559
user_0577,9,user_0985,0.701028
user_0577,10,user_0671,0.698796
user_0577,11,user_0355,0.696956
user_0577,12,user_0600,0.696868
user_0577,13,user_0888,0.695719
user_0577,14,user_0561,0.695480
user_0577,15,user_0821,0.693699
user_0579,1,user_0579,0.860847
user_0579,2,user_0413,0.848492
user_0579,3,user_0967,0.838904
user_0579,4,user_0849,0.816083
user_0579,5,user_0519,0.813702
user_0579,6,user_0770,0.810921
user_0579,7,user_0127,0.793157
user_0579,8,user_0623,0.792356
user_0579,9,user_0543,0.791174
user_0579,10,user_0415,0.789747
user_0579,11,user_0911,0.786756
user_0579,12,user_0798,0.785674
user_0579,13,user_0005,0.784666
user_0579,14,user_0541,0.776401
user_0579,15,user_0275,0.775501
user_0581,1,user_0011,0.831463
user_0581,2,user_0405,0.820153
user_0581,3,user_0099,0.818455
user_0581,4,user_0415,0.817225
user_0581,5,user_0167,0.815865
user_0581,6,user_0467,0.805987
user_0581,7,user_0290,0.801331
user_0581,8,user_0715,0.800181
user_0581,9,user_0147,0.799114
user_0581,10,user_0271,0.797722
user_0581,11,user_0563,0.796637
user_0581,12,user_0191,0.794824
user_0581,13,user_0683,0.794366
user_0581,14,user_0094,0.792091
user_0581,15,user_0335,0.790955
user_0584,1,user_0671,0.743737
user_0584,2,user_0882,0.734338
user_0584,3,user_0862,0.729408
user_0584,4,user_0661,0.729244
user_0584,5,user_0345,0.728256
user_0584,6,user_0563,0.727029
user_0584,7,user_0545,0.719987
user_0584,8,user_0614,0.716825
user_0584,9,user_0160,0.716300
user_0584,10,user_0485,0.715971
user_0584,11,user_0775,0.714600
user_0584,12,user_0202,0.712771
user_0584,13,user_0267,0.712436
user_0584,14,user_0772,0.712318
user_0584,15,user_0703,0.711892
user_0585,1,user_0585,0.708430
user_0585,2,user_0854,0.700138
user_0585,3,user_0762,0.692950
user_0585,4,user_0560,0.692335
user_0585,5,user_0935,0.691165
user_0585,6,user_0838,0.690107
user_0585,7,user_0839,0.689065
user_0585,8,user_0511,0.688098
user_0585,9,user_0353,0.685905
user_0585,10,user_0032,0.684698
user_0585,11,user_0014,0.676389
user_0585,12,user_0756,0.671572
user_0585,13,user_0609,0.652706
user_0585,14,user_0293,0.652180
user_0585,15,user_0868,0.651300
user_0589,1,user_0397,0.674964
user_0589,2,user_0221,0.672426
user_0589,3,user_0583,0.669121
user_0589,4,user_0351,0.660471
user_0589,5,user_0317,0.658389
user_0589,6,user_0345,0.655787
user_0589,7,user_0882,0.654176
user_0589,8,user_0775,0.652264
user_0589,9,user_0267,0.651698
user_0589,10,user_0160,0.651276
user_0589,11,user_0512,0.650581
user_0589,12,user_0550,0.648851
user_0589,13,user_0577,0.647949
user_0589,14,user_0897,0.647843
user_0589,15,user_0320,0.647609
user_0591,1,user_0011,0.868870
user_0591,2,user_0160,0.840505
user_0591,3,user_0608,0.820933
user_0591,4,user_0969,0.808732
user_0591,5,user_0772,0.808306
user_0591,6,user_0397,0.807683
user_0591,7,user_0591,0.807129
user_0591,8,user_0931,0.806554
user_0591,9,user_0563,0.805304
user_0591,10,user_0897,0.804739
user_0591,11,user_0940,0.804012
user_0591,12,user_0981,0.802270
user_0591,13,user_0610,0.800135
user_0591,14,user_0857,0.799619
user_0591,15,user_0279,0.797561
user_0592,1,user_0072,0.645342
user_0592,2,user_0174,0.643231
user_0592,3,user_0635,0.631783
user_0592,4,user_0946,0.621706
user_0592,5,user_0690,0.599465
user_0592,6,user_0056,0.594015
user_0592,7,user_0798,0.593850
user_0592,8,user_0970,0.585542
user_0592,9,user_0883,0.581972
user_0592,10,user_0022,0.581369
user_0592,11,user_0050,0.579237
user_0592,12,user_0369,0.573419
user_0592,13,user_0776,0.573262
user_0592,14,user_0454,0.572928
user_0592,15,user_0489,0.572852
user_0593,1,user_0074,0.831378
user_0593,2,user_0600,0.807794
user_0593,3,user_0671,0.797223
user_0593,4,user_0473,0.794211
user_0593,5,user_0557,0.792385
user_0593,6,user_0593,0.791869
user_0593,7,user_0315,0.790697
user_0593,8,user_0703,0.782344
user_0593,9,user_0563,0.781577
user_0593,10,user_0504,0.780700
user_0593,11,user_0444,0.774677
user_0593,12,user_0694,0.774532
user_0593,13,user_0695,0.773258
user_0593,14,user_0137,0.768271
user_0593,15,user_0944,0.765838
user_0594,1,user_0594,0.816503
user_0594,2,user_0607,0.755642
user_0594,3,user_0355,0.751523
user_0594,4,user_0495,0.751391
user_0594,5,user_0526,0.743098
user_0594,6,user_0478,0.733577
user_0594,7,user_0137,0.721585
user_0594,8,user_0654,0.719889
user_0594,9,user_0206,0.719338
user_0594,10,user_0645,0.719111
user_0594,11,user_0147,0.717506
user_0594,12,user_0795,0.714816
user_0594,13,user_0862,0.711747
user_0594,14,user_0046,0.708515
user_0594,15,user_0642,0.708082
user_0598,1,user_0836,0.765936
user_0598,2,user_0598,0.747407
user_0598,3,user_0652,0.744643
user_0598,4,user_0257,0.731479
user_0598,5,user_0191,0.724246
user_0598,6,user_0869,0.720240
user_0598,7,user_0660,0.718321
user_0598,8,user_0434,0.714345
user_0598,9,user_0209,0.714305
user_0598,10,user_0803,0.714236
user_0598,11,user_0157,0.712237
user_0598,12,user_0264,0.707373
user_0598,13,user_0022,0.706619
user_0598,14,user_0026,0.706420
user_0598,15,user_0341,0.703996
user_0599,1,user_0599,0.843410
user_0599,2,user_0682,0.748937
user_0599,3,user_0924,0.744877
user_0599,4,user_0960,0.730622
user_0599,5,user_0375,0.730165
user_0599,6,user_0043,0.728797
user_0599,7,user_0415,0.724317
user_0599,8,user_0263,0.718343
user_0599,9,user_0524,0.717933
user_0599,10,user_0970,0.717452
user_0599,11,user_0902,0.712596
user_0599,12,user_0472,0.711671
user_0599,13,user_0123,0.710057
user_0599,14,user_0969,0.707583
user_0599,15,user_0595,0.706961
user_0600,1,user_0600,0.814258
user_0600,2,user_0267,0.787561
user_0600,3,user_0123,0.774234
user_0600,4,user_0563,0.769406
user_0600,5,user_0147,0.766395
user_0600,6,user_0350,0.764086
user_0600,7,user_0247,0.763762
user_0600,8,user_0661,0.763385
user_0600,9,user_0448,0.760636
user_0600,10,user_0703,0.759519
user_0600,11,user_0757,0.758411
user_0600,12,user_0274,0.754599
user_0600,13,user_0423,0.754278
user_0600,14,user_0882,0.750106
user_0600,15,user_0671,0.750079
user_0602,1,user_0504,0.738283
user_0602,2,user_0523,0.738252
user_0602,3,user_0985,0.737524
user_0602,4,user_0671,0.719426
user_0602,5,user_0415,0.716334
user_0602,6,user_0147,0.710849
user_0602,7,user_0602,0.707633
user_0602,8,user_0563,0.706890
user_0602,9,user_0451,0.705438
user_0602,10,user_0443,0.701592
user_0602,11,user_0066,0.700950
user_0602,12,user_0114,0.700761
user_0602,13,user_0473,0.700728
user_0602,14,user_0486,0.700690
user_0602,15,user_0168,0.697193
user_0603,1,user_0735,0.663503
user_0603,2,user_0863,0.651107
user_0603,3,user_0362,0.637575
user_0603,4,user_0765,0.636375
user_0603,5,user_0384,0.622547
user_0603,6,user_0429,0.617551
user_0603,7,user_0893,0.617182
user_0603,8,user_0457,0.615151
user_0603,9,user_0098,0.612443
user_0603,10,user_0254,0.610113
user_0603,11,user_0719,0.608853
user_0603,12,user_0603,0.603338
user_0603,13,user_0178,0.597199
user_0603,14,user_0179,0.597161
user_0603,15,user_0646,0.595629
user_0604,1,user_0415,0.848006
user_0604,2,user_0504,0.832946
user_0604,3,user_0279,0.822407
user_0604,4,user_0563,0.821525
user_0604,5,user_0196,0.819841
user_0604,6,user_0604,0.817067
user_0604,7,user_0405,0.813503
user_0604,8,user_0815,0.809034
user_0604,9,user_0812,0.805899
user_0604,10,user_0045,0.802535
user_0604,11,user_0486,0.802436
user_0604,12,user_0296,0.801179
user_0604,13,user_0437,0.800901
user_0604,14,user_0641,0.800489
user_0604,15,user_0857,0.799569
user_0605,1,user_0605,0.786841
user_0605,2,user_0328,0.777537
user_0605,3,user_0270,0.742666
user_0605,4,user_0838,0.742188
user_0605,5,user_0971,0.733207
user_0605,6,user_0160,0.723291
user_0605,7,user_0674,0.719207
user_0605,8,user_0982,0.716498
user_0605,9,user_0357,0.716089
user_0605,10,user_0090,0.714158
user_0605,11,user_0767,0.714026
user_0605,12,user_0721,0.710737
user_0605,13,user_0969,0.710474
user_0605,14,user_0842,0.704215
user_0605,15,user_0802,0.703063
user_0609,1,user_0868,0.848849
user_0609,2,user_0838,0.836260
user_0609,3,user_0293,0.836107
user_0609,4,user_0032,0.834853
user_0609,5,user_0560,0.833380
user_0609,6,user_0839,0.823295
user_0609,7,user_0609,0.822801
user_0609,8,user_0854,0.810715
user_0609,9,user_0511,0.806641
user_0609,10,user_0960,0.803642
user_0609,11,user_0353,0.802907
user_0609,12,user_0935,0.798379
user_0609,13,user_0585,0.798156
user_0609,14,user_0795,0.798140
user_0609,15,user_0669,0.794876
user_0610,1,user_0610,0.783299
user_0610,2,user_0976,0.741598
user_0610,3,user_0986,0.713268
user_0610,4,user_0568,0.712039
user_0610,5,user_0160,0.699029
user_0610,6,user_0924,0.686629
user_0610,7,user_0969,0.686152
user_0610,8,user_0415,0.684467
user_0610,9,user_0336,0.676474
user_0610,10,user_0677,0.671258
user_0610,11,user_0578,0.669146
user_0610,12,user_0328,0.667001
user_0610,13,user_0356,0.666363
user_0610,14,user_0120,0.666138
user_0610,15,user_0502,0.665705
user_0611,1,user_0221,0.715482
user_0611,2,user_0468,0.696665
user_0611,3,user_0780,0.686414
user_0611,4,user_0351,0.663590
user_0611,5,user_0478,0.662829
user_0611,6,user_0870,0.653798
user_0611,7,user_0320,0.649938
user_0611,8,user_0611,0.648789
user_0611,9,user_0133,0.629313
user_0611,10,user_0512,0.628114
user_0611,11,user_0330,0.627341
user_0611,12,user_0696,0.626026
user_0611,13,user_0046,0.625496
user_0611,14,user_0306,0.615465
user_0611,15,user_0535,0.610809
user_0614,1,user_0563,0.850281
user_0614,2,user_0614,0.848437
user_0614,3,user_0745,0.832874
user_0614,4,user_0415,0.831687
user_0614,5,user_0123,0.829453
user_0614,6,user_0443,0.827581
user_0614,7,user_0410,0.818988
user_0614,8,user_0238,0.818025
user_0614,9,user_0504,0.816340
user_0614,10,user_0695,0.815347
user_0614,11,user_0857,0.814870
user_0614,12,user_0168,0.813411
user_0614,13,user_0215,0.813049
user_0614,14,user_0147,0.812982
user_0614,15,user_0541,0.812010
user_0617,1,user_0617,0.781937
user_0617,2,user_0753,0.753026
user_0617,3,user_0534,0.744075
user_0617,4,user_0733,0.739823
user_0617,5,user_0451,0.733730
user_0617,6,user_0415,0.732329
user_0617,7,user_0045,0.731032
user_0617,8,user_0157,0.725659
user_0617,9,user_0270,0.724882
user_0617,10,user_0777,0.722313
user_0617,11,user_0422,0.721956
user_0617,12,user_0444,0.720674
user_0617,13,user_0745,0.719218
user_0617,14,user_0652,0.718549
user_0617,15,user_0267,0.714727
user_0619,1,user_0328,0.642640
user_0619,2,user_0698,0.581103
user_0619,3,user_0583,0.579244
user_0619,4,user_0451,0.569047
user_0619,5,user_0270,0.566929
user_0619,6,user_0619,0.561832
user_0619,7,user_0557,0.558125
user_0619,8,user_0279,0.556449
user_0619,9,user_0363,0.552947
user_0619,10,user_0365,0.552477
user_0619,11,user_0693,0.552182
user_0619,12,user_0862,0.550070
user_0619,13,user_0486,0.549900
user_0619,14,user_0151,0.548140
user_0619,15,user_0437,0.541703
user_0620,1,user_0620,0.777057
user_0620,2,user_0695,0.714662
user_0620,3,user_0073,0.704389
user_0620,4,user_0827,0.696549
user_0620,5,user_0504,0.695413
user_0620,6,user_0534,0.691767
user_0620,7,user_0645,0.683093
user_0620,8,user_0415,0.682795
user_0620,9,user_0608,0.678370
user_0620,10,user_0267,0.676877
user_0620,11,user_0557,0.673460
user_0620,12,user_0519,0.671673
user_0620,13,user_0444,0.671477
user_0620,14,user_0147,0.669738
user_0620,15,user_0216,0.668083
user_0621,1,user_0415,0.871103
user_0621,2,user_0504,0.859115
user_0621,3,user_0334,0.856038
user_0621,4,user_0123,0.851690
user_0621,5,user_0614,0.851601
user_0621,6,user_0099,0.849188
user_0621,7,user_0563,0.843290
user_0621,8,user_0043,0.842839
user_0621,9,user_0410,0.840516
user_0621,10,user_0335,0.840424
user_0621,11,user_0224,0.840021
user_0621,12,user_0621,0.836161
user_0621,13,user_0473,0.835589
user_0621,14,user_0281,0.835144
user_0621,15,user_0641,0.835033
user_0622,1,user_0260,0.740980
user_0622,2,user_0795,0.712124
user_0622,3,user_0536,0.705044
user_0622,4,user_0355,0.696919
user_0622,5,user_0945,0.694236
user_0622,6,user_0969,0.693028
user_0622,7,user_0359,0.690944
user_0622,8,user_0328,0.690741
user_0622,9,user_0774,0.688356
user_0622,10,user_0269,0.684787
user_0622,11,user_0397,0.683916
user_0622,12,user_0804,0.683512
user_0622,13,user_0958,0.683245
user_0622,14,user_0716,0.683109
user_0622,15,user_0677,0.682675
user_0624,1,user_0141,0.754927
user_0624,2,user_0624,0.741464
user_0624,3,user_0810,0.706312
user_0624,4,user_0359,0.701892
user_0624,5,user_0637,0.699520
user_0624,6,user_0526,0.698589
user_0624,7,user_0206,0.696642
user_0624,8,user_0696,0.695697
user_0624,9,user_0807,0.692218
user_0624,10,user_0166,0.686377
user_0624,11,user_0600,0.685867
user_0624,12,user_0594,0.685075
user_0624,13,user_0866,0.684153
user_0624,14,user_0686,0.683133
user_0624,15,user_0645,0.677410
user_0630,1,user_0902,0.850049
user_0630,2,user_0045,0.847254
user_0630,3,user_0415,0.842731
user_0630,4,user_0224,0.837690
user_0630,5,user_0334,0.834265
user_0630,6,user_0043,0.834051
user_0630,7,user_0099,0.829352
user_0630,8,user_0123,0.828771
user_0630,9,user_0641,0.825405
user_0630,10,user_0338,0.820955
user_0630,11,user_0857,0.820381
user_0630,12,user_0912,0.813298
user_0630,13,user_0457,0.813110
user_0630,14,user_0422,0.812329
user_0630,15,user_0488,0.811010
user_0634,1,user_0355,0.788629
user_0634,2,user_0345,0.788037
user_0634,3,user_0972,0.785608
user_0634,4,user_0827,0.781929
user_0634,5,user_0600,0.780204
user_0634,6,user_0754,0.779322
user_0634,7,user_0147,0.778608
user_0634,8,user_0821,0.778238
user_0634,9,user_0267,0.776563
user_0634,10,user_0202,0.775357
user_0634,11,user_0862,0.773879
user_0634,12,user_0114,0.773622
user_0634,13,user_0661,0.773332
user_0634,14,user_0557,0.772923
user_0634,15,user_0671,0.770806
user_0635,1,user_0057,0.626932
user_0635,2,user_0363,0.624647
user_0635,3,user_0200,0.624105
user_0635,4,user_0694,0.617220
user_0635,5,user_0365,0.615897
user_0635,6,user_0985,0.612322
user_0635,7,user_0348,0.611402
user_0635,8,user_0151,0.611055
user_0635,9,user_0730,0.608533
user_0635,10,user_0437,0.608371
user_0635,11,user_0097,0.607884
user_0635,12,user_0334,0.606691
user_0635,13,user_0242,0.606464
user_0635,14,user_0733,0.604883
user_0635,15,user_0711,0.604176
user_0637,1,user_0637,0.714361
user_0637,2,user_0328,0.660285
user_0637,3,user_0504,0.644899
user_0637,4,user_0147,0.643297
user_0637,5,user_0686,0.633530
user_0637,6,user_0862,0.633171
user_0637,7,user_0721,0.633168
user_0637,8,user_0355,0.632405
user_0637,9,user_0095,0.630845
user_0637,10,user_0443,0.629470
user_0637,11,user_0563,0.627106
user_0637,12,user_0345,0.626827
user_0637,13,user_0510,0.626667
user_0637,14,user_0130,0.626462
user_0637,15,user_0600,0.626119
user_0641,1,user_0279,0.860266
user_0641,2,user_0415,0.854097
user_0641,3,user_0563,0.845962
user_0641,4,user_0504,0.832770
user_0641,5,user_0196,0.825465
user_0641,6,user_0857,0.824344
user_0641,7,user_0224,0.822100
user_0641,8,user_0270,0.820129
user_0641,9,user_0011,0.817376
user_0641,10,user_0410,0.813439
user_0641,11,user_0099,0.808912
user_0641,12,user_0151,0.808481
user_0641,13,user_0335,0.807322
user_0641,14,user_0427,0.805644
user_0641,15,user_0334,0.804057
user_0642,1,user_0808,0.883109
user_0642,2,user_0355,0.870978
user_0642,3,user_0269,0.868758
user_0642,4,user_0742,0.844154
user_0642,5,user_0969,0.839951
user_0642,6,user_0354,0.834584
user_0642,7,user_0160,0.833738
user_0642,8,user_0563,0.829283
user_0642,9,user_0048,0.826661
user_0642,10,user_0137,0.824487
user_0642,11,user_0650,0.823141
user_0642,12,user_0410,0.821882
user_0642,13,user_0361,0.821425
user_0642,14,user_0495,0.819556
user_0642,15,user_0600,0.816249
user_0643,1,user_0563,0.881586
user_0643,2,user_0671,0.878939
user_0643,3,user_0137,0.874120
user_0643,4,user_0410,0.871210
user_0643,5,user_0510,0.867867
user_0643,6,user_0557,0.867782
user_0643,7,user_0168,0.867566
user_0643,8,user_0614,0.867485
user_0643,9,user_0504,0.867358
user_0643,10,user_0123,0.867024
user_0643,11,user_0147,0.866640
user_0643,12,user_0593,0.863415
user_0643,13,user_0415,0.861938
user_0643,14,user_0541,0.860533
user_0643,15,user_0473,0.859374
user_0644,1,user_0397,0.807755
user_0644,2,user_0147,0.804304
user_0644,3,user_0160,0.802447
user_0644,4,user_0011,0.794946
user_0644,5,user_0267,0.794256
user_0644,6,user_0563,0.790196
user_0644,7,user_0969,0.789607
user_0644,8,user_0971,0.789085
user_0644,9,user_0954,0.786770
user_0644,10,user_0644,0.785152
user_0644,11,user_0689,0.781603
user_0644,12,user_0547,0.780185
user_0644,13,user_0478,0.779153
user_0644,14,user_0015,0.774589
user_0644,15,user_0721,0.774234
user_0647,1,user_0415,0.806844
user_0647,2,user_0270,0.803063
user_0647,3,user_0815,0.796778
user_0647,4,user_0147,0.775344
user_0647,5,user_0437,0.773923
user_0647,6,user_0523,0.760142
user_0647,7,user_0985,0.759598
user_0647,8,user_0602,0.758529
user_0647,9,user_0604,0.757919
user_0647,10,user_0477,0.756807
user_0647,11,user_0563,0.754082
user_0647,12,user_0504,0.753285
user_0647,13,user_0608,0.753111
user_0647,14,user_0279,0.752859
user_0647,15,user_0011,0.751563
user_0650,1,user_0650,0.877871
user_0650,2,user_0269,0.873842
user_0650,3,user_0924,0.867208
user_0650,4,user_0969,0.859220
user_0650,5,user_0808,0.857907
user_0650,6,user_0361,0.854460
user_0650,7,user_0355,0.843416
user_0650,8,user_0354,0.840340
user_0650,9,user_0742,0.833637
user_0650,10,user_0160,0.821463
user_0650,11,user_0011,0.818411
user_0650,12,user_0259,0.817425
user_0650,13,user_0927,0.814743
user_0650,14,user_0670,0.809613
user_0650,15,user_0610,0.806641
user_0651,1,user_0151,0.395866
user_0651,2,user_0278,0.392745
user_0651,3,user_0874,0.386045
user_0651,4,user_0110,0.384731
user_0651,5,user_0867,0.380230
user_0651,6,user_0462,0.368609
user_0651,7,user_0347,0.366176
user_0651,8,user_0587,0.365363
user_0651,9,user_0414,0.363688
user_0651,10,user_0328,0.362926
user_0651,11,user_0837,0.360541
user_0651,12,user_0864,0.358188
user_0651,13,user_0539,0.356711
user_0651,14,user_0393,0.346547
user_0651,15,user_0655,0.345792
user_0652,1,user_0237,0.803710
user_0652,2,user_0160,0.800947
user_0652,3,user_0267,0.795801
user_0652,4,user_0123,0.795339
user_0652,5,user_0011,0.792628
user_0652,6,user_0563,0.791750
user_0652,7,user_0003,0.791697
user_0652,8,user_0757,0.788738
user_0652,9,user_0099,0.783625
user_0652,10,user_0862,0.780871
user_0652,11,user_0415,0.777819
user_0652,12,user_0260,0.769139
user_0652,13,user_0397,0.768175
user_0652,14,user_0224,0.768087
user_0652,15,user_0448,0.767851
user_0653,1,user_0270,0.758128
user_0653,2,user_0099,0.745796
user_0653,3,user_0938,0.744173
user_0653,4,user_0757,0.744125
user_0653,5,user_0415,0.742316
user_0653,6,user_0557,0.739431
user_0653,7,user_0334,0.734783
user_0653,8,user_0157,0.729263
user_0653,9,user_0614,0.728773
user_0653,10,user_0444,0.728727
user_0653,11,user_0230,0.727952
user_0653,12,user_0803,0.727262
user_0653,13,user_0147,0.726159
user_0653,14,user_0090,0.725662
user_0653,15,user_0151,0.721079
user_0655,1,user_0099,0.836749
user_0655,2,user_0473,0.803554
user_0655,3,user_0415,0.799517
user_0655,4,user_0812,0.787116
user_0655,5,user_0338,0.782887
user_0655,6,user_0043,0.781594
user_0655,7,user_0504,0.777593
user_0655,8,user_0045,0.777549
user_0655,9,user_0569,0.772739
user_0655,10,user_0125,0.770823
user_0655,11,user_0761,0.767932
user_0655,12,user_0916,0.767320
user_0655,13,user_0399,0.767197
user_0655,14,user_0123,0.766743
user_0655,15,user_0902,0.766049
user_0656,1,user_0270,0.809722
user_0656,2,user_0415,0.808065
user_0656,3,user_0147,0.790308
user_0656,4,user_0827,0.779116
user_0656,5,user_0563,0.772941
user_0656,6,user_0557,0.770980
user_0656,7,user_0608,0.768030
user_0656,8,user_0437,0.763431
user_0656,9,user_0504,0.762644
user_0656,10,user_0547,0.762408
user_0656,11,user_0815,0.761165
user_0656,12,user_0972,0.761109
user_0656,13,user_0444,0.760493
user_0656,14,user_0158,0.760297
user_0656,15,user_0917,0.756173
user_0657,1,user_0657,0.851925
user_0657,2,user_0332,0.838157
user_0657,3,user_0232,0.762326
user_0657,4,user_0305,0.759298
user_0657,5,user_0795,0.737622
user_0657,6,user_0702,0.731046
user_0657,7,user_0473,0.729250
user_0657,8,user_0368,0.726689
user_0657,9,user_0224,0.726669
user_0657,10,user_0215,0.725034
user_0657,11,user_0462,0.724698
user_0657,12,user_0140,0.724017
user_0657,13,user_0908,0.723661
user_0657,14,user_0284,0.723012
user_0657,15,user_0004,0.722309
user_0659,1,user_0661,0.716111
user_0659,2,user_0147,0.714481
user_0659,3,user_0721,0.713584
user_0659,4,user_0812,0.710741
user_0659,5,user_0504,0.709382
user_0659,6,user_0695,0.708715
user_0659,7,user_0557,0.707595
user_0659,8,user_0671,0.706830
user_0659,9,user_0703,0.700674
user_0659,10,user_0274,0.699035
user_0659,11,user_0815,0.697080
user_0659,12,user_0614,0.695835
user_0659,13,user_0443,0.695000
user_0659,14,user_0045,0.694250
user_0659,15,user_0659,0.693721
user_0660,1,user_0660,0.813421
user_0660,2,user_0399,0.757104
user_0660,3,user_0070,0.755933
user_0660,4,user_0179,0.754941
user_0660,5,user_0270,0.753082
user_0660,6,user_0715,0.751576
user_0660,7,user_0230,0.751507
user_0660,8,user_0331,0.750075
user_0660,9,user_0415,0.749428
user_0660,10,user_0869,0.747625
user_0660,11,user_0413,0.746154
user_0660,12,user_0437,0.744608
user_0660,13,user_0143,0.744581
user_0660,14,user_0393,0.743186
user_0660,15,user_0279,0.742947
user_0662,1,user_0269,0.848974
user_0662,2,user_0808,0.815660
user_0662,3,user_0355,0.810872
user_0662,4,user_0650,0.793554
user_0662,5,user_0354,0.787863
user_0662,6,user_0924,0.777897
user_0662,7,user_0361,0.775267
user_0662,8,user_0969,0.768523
user_0662,9,user_0927,0.763267
user_0662,10,user_0742,0.752617
user_0662,11,user_0971,0.750652
user_0662,12,user_0535,0.749904
user_0662,13,user_0791,0.747072
user_0662,14,user_0578,0.745676
user_0662,15,user_0424,0.744926
user_0663,1,user_0157,0.842855
user_0663,2,user_0422,0.842046
user_0663,3,user_0020,0.840600
user_0663,4,user_0147,0.834733
user_0663,5,user_0563,0.832097
user_0663,6,user_0557,0.831357
user_0663,7,user_0663,0.827335
user_0663,8,user_0790,0.823133
user_0663,9,user_0444,0.822449
user_0663,10,user_0267,0.821448
user_0663,11,user_0793,0.819236
user_0663,12,user_0313,0.818626
user_0663,13,user_0959,0.816686
user_0663,14,user_0224,0.815974
user_0663,15,user_0334,0.814761
user_0664,1,user_0158,0.734018
user_0664,2,user_0757,0.728017
user_0664,3,user_0793,0.723353
user_0664,4,user_0160,0.717589
user_0664,5,user_0600,0.716844
user_0664,6,user_0733,0.711502
user_0664,7,user_0671,0.709864
user_0664,8,user_0350,0.707644
user_0664,9,user_0775,0.707176
user_0664,10,user_0267,0.707128
user_0664,11,user_0482,0.705249
user_0664,12,user_0274,0.702600
user_0664,13,user_0224,0.702248
user_0664,14,user_0661,0.701670
user_0664,15,user_0685,0.700560
user_0666,1,user_0147,0.766369
user_0666,2,user_0345,0.765062
user_0666,3,user_0600,0.763213
user_0666,4,user_0661,0.760423
user_0666,5,user_0160,0.758938
user_0666,6,user_0267,0.758880
user_0666,7,user_0862,0.757066
user_0666,8,user_0485,0.756473
user_0666,9,user_0547,0.754712
user_0666,10,user_0274,0.754039
user_0666,11,user_0350,0.753399
user_0666,12,user_0122,0.750724
user_0666,13,user_0123,0.747447
user_0666,14,user_0757,0.746648
user_0666,15,user_0128,0.745589
user_0668,1,user_0072,0.683534
user_0668,2,user_0227,0.683058
user_0668,3,user_0090,0.681751
user_0668,4,user_0876,0.678323
user_0668,5,user_0776,0.674400
user_0668,6,user_0970,0.672348
user_0668,7,user_0904,0.668715
user_0668,8,user_0714,0.667061
user_0668,9,user_0674,0.664934
user_0668,10,user_0122,0.664588
user_0668,11,user_0555,0.661359
user_0668,12,user_0803,0.658533
user_0668,13,user_0704,0.656932
user_0668,14,user_0231,0.655947
user_0668,15,user_0270,0.655495
user_0670,1,user_0650,0.851158
user_0670,2,user_0808,0.834565
user_0670,3,user_0924,0.831936
user_0670,4,user_0269,0.827079
user_0670,5,user_0354,0.826887
user_0670,6,user_0969,0.816428
user_0670,7,user_0361,0.814320
user_0670,8,user_0355,0.808759
user_0670,9,user_0927,0.795668
user_0670,10,user_0670,0.794231
user_0670,11,user_0742,0.793229
user_0670,12,user_0011,0.778979
user_0670,13,user_0791,0.767269
user_0670,14,user_0259,0.766545
user_0670,15,user_0160,0.764889
user_0672,1,user_0471,0.824452
user_0672,2,user_0894,0.792655
user_0672,3,user_0269,0.763460
user_0672,4,user_0355,0.756551
user_0672,5,user_0795,0.754190
user_0672,6,user_0011,0.749324
user_0672,7,user_0563,0.749150
user_0672,8,user_0969,0.747280
user_0672,9,user_0260,0.740848
user_0672,10,user_0474,0.740507
user_0672,11,user_0808,0.740494
user_0672,12,user_0610,0.740194
user_0672,13,user_0160,0.737701
user_0672,14,user_0196,0.736236
user_0672,15,user_0712,0.734499
user_0673,1,user_0415,0.831204
user_0673,2,user_0279,0.815796
user_0673,3,user_0147,0.803825
user_0673,4,user_0270,0.799658
user_0673,5,user_0563,0.797588
user_0673,6,user_0151,0.794068
user_0673,7,user_0444,0.791004
user_0673,8,user_0196,0.788532
user_0673,9,user_0790,0.787217
user_0673,10,user_0143,0.786479
user_0673,11,user_0437,0.786280
user_0673,12,user_0157,0.784608
user_0673,13,user_0011,0.783941
user_0673,14,user_0224,0.783303
user_0673,15,user_0410,0.780909
user_0675,1,user_0815,0.806183
user_0675,2,user_0437,0.802317
user_0675,3,user_0486,0.800637
user_0675,4,user_0563,0.777472
user_0675,5,user_0614,0.774569
user_0675,6,user_0695,0.774496
user_0675,7,user_0147,0.772982
user_0675,8,user_0557,0.771662
user_0675,9,user_0270,0.771059
user_0675,10,user_0152,0.770827
user_0675,11,user_0279,0.766542
user_0675,12,user_0604,0.763057
user_0675,13,user_0504,0.760925
user_0675,14,user_0073,0.759208
user_0675,15,user_0281,0.759107
user_0676,1,user_0415,0.781815
user_0676,2,user_0504,0.778741
user_0676,3,user_0563,0.777331
user_0676,4,user_0279,0.765657
user_0676,5,user_0641,0.765195
user_0676,6,user_0196,0.764333
user_0676,7,user_0614,0.763922
user_0676,8,user_0913,0.762495
user_0676,9,user_0335,0.760007
user_0676,10,user_0467,0.757276
user_0676,11,user_0910,0.756414
user_0676,12,user_0224,0.753512
user_0676,13,user_0639,0.752861
user_0676,14,user_0564,0.751158
user_0676,15,user_0443,0.749771
user_0677,1,user_0317,0.648702
user_0677,2,user_0677,0.639679
user_0677,3,user_0160,0.635153
user_0677,4,user_0800,0.633891
user_0677,5,user_0158,0.627052
user_0677,6,user_0696,0.623146
user_0677,7,user_0979,0.611467
user_0677,8,user_0502,0.606188
user_0677,9,user_0373,0.604360
user_0677,10,user_0607,0.602392
user_0677,11,user_0301,0.602335
user_0677,12,user_0550,0.600695
user_0677,13,user_0976,0.598327
user_0677,14,user_0689,0.596412
user_0677,15,user_0345,0.594830
user_0678,1,user_0451,0.718328
user_0678,2,user_0557,0.713301
user_0678,3,user_0147,0.709373
user_0678,4,user_0074,0.702864
user_0678,5,user_0437,0.700404
user_0678,6,user_0443,0.698704
user_0678,7,user_0600,0.693099
user_0678,8,user_0066,0.687009
user_0678,9,user_0504,0.684291
user_0678,10,user_0862,0.684272
user_0678,11,user_0563,0.681062
user_0678,12,user_0202,0.679453
user_0678,13,user_0267,0.674972
user_0678,14,user_0486,0.674355
user_0678,15,user_0378,0.673631
user_0685,1,user_0099,0.821958
user_0685,2,user_0912,0.808017
user_0685,3,user_0557,0.801579
user_0685,4,user_0745,0.798980
user_0685,5,user_0415,0.793508
user_0685,6,user_0685,0.793242
user_0685,7,user_0378,0.791207
user_0685,8,user_0123,0.790887
user_0685,9,user_0812,0.790657
user_0685,10,user_0444,0.788491
user_0685,11,user_0085,0.785031
user_0685,12,user_0147,0.782742
user_0685,13,user_0547,0.779480
user_0685,14,user_0410,0.776538
user_0685,15,user_0274,0.775634
user_0686,1,user_0686,0.820087
user_0686,2,user_0637,0.774142
user_0686,3,user_0130,0.765368
user_0686,4,user_0636,0.748129
user_0686,5,user_0471,0.736140
user_0686,6,user_0638,0.713707
user_0686,7,user_0355,0.712068
user_0686,8,user_0269,0.707883
user_0686,9,user_0173,0.707361
user_0686,10,user_0712,0.707234
user_0686,11,user_0671,0.706174
user_0686,12,user_0624,0.701795
user_0686,13,user_0285,0.699512
user_0686,14,user_0499,0.699001
user_0686,15,user_0927,0.698630
user_0687,1,user_0969,0.754121
user_0687,2,user_0147,0.748886
user_0687,3,user_0557,0.744696
user_0687,4,user_0547,0.741892
user_0687,5,user_0167,0.739421
user_0687,6,user_0099,0.738853
user_0687,7,user_0569,0.738205
user_0687,8,user_0271,0.737191
user_0687,9,user_0415,0.736093
user_0687,10,user_0270,0.735876
user_0687,11,user_0328,0.735521
user_0687,12,user_0090,0.730874
user_0687,13,user_0160,0.728295
user_0687,14,user_0685,0.728133
user_0687,15,user_0378,0.727932
user_0688,1,user_0160,0.775948
user_0688,2,user_0924,0.763044
user_0688,3,user_0355,0.756944
user_0688,4,user_0803,0.752986
user_0688,5,user_0591,0.751426
user_0688,6,user_0808,0.751044
user_0688,7,user_0969,0.750868
user_0688,8,user_0011,0.746170
user_0688,9,user_0415,0.744897
user_0688,10,user_0269,0.741148
user_0688,11,user_0795,0.738184
user_0688,12,user_0650,0.734480
user_0688,13,user_0862,0.734447
user_0688,14,user_0345,0.734236
user_0688,15,user_0681,0.733630
user_0690,1,user_0771,0.628537
user_0690,2,user_0949,0.567991
user_0690,3,user_0451,0.567114
user_0690,4,user_0602,0.565214
user_0690,5,user_0745,0.564439
user_0690,6,user_0543,0.564229
user_0690,7,user_0071,0.556298
user_0690,8,user_0135,0.552210
user_0690,9,user_0487,0.546034
user_0690,10,user_0534,0.538971
user_0690,11,user_0944,0.538086
user_0690,12,user_0590,0.537263
user_0690,13,user_0444,0.536931
user_0690,14,user_0147,0.532988
user_0690,15,user_0821,0.527769
user_0692,1,user_0563,0.868737
user_0692,2,user_0427,0.852120
user_0692,3,user_0857,0.851794
user_0692,4,user_0772,0.849652
user_0692,5,user_0276,0.848072
user_0692,6,user_0819,0.843264
user_0692,7,user_0168,0.842442
user_0692,8,user_0137,0.841474
user_0692,9,user_0081,0.840540
user_0692,10,user_0048,0.839319
user_0692,11,user_0993,0.835509
user_0692,12,user_0410,0.833259
user_0692,13,user_0224,0.833125
user_0692,14,user_0466,0.832180
user_0692,15,user_0238,0.831886
user_0693,1,user_0971,0.811296
user_0693,2,user_0815,0.794845
user_0693,3,user_0954,0.794095
user_0693,4,user_0188,0.779790
user_0693,5,user_0984,0.779084
user_0693,6,user_0701,0.774045
user_0693,7,user_0974,0.771563
user_0693,8,user_0251,0.765012
user_0693,9,user_0721,0.763895
user_0693,10,user_0270,0.763502
user_0693,11,user_0279,0.762215
user_0693,12,user_0576,0.761466
user_0693,13,user_0437,0.760768
user_0693,14,user_0557,0.759422
user_0693,15,user_0897,0.759007
user_0697,1,user_0433,0.724827
user_0697,2,user_0872,0.710925
user_0697,3,user_0697,0.705421
user_0697,4,user_0827,0.702547
user_0697,5,user_0557,0.687560
user_0697,6,user_0190,0.687456
user_0697,7,user_0987,0.684480
user_0697,8,user_0864,0.684466
user_0697,9,user_0074,0.683722
user_0697,10,user_0588,0.683095
user_0697,11,user_0266,0.681009
user_0697,12,user_0422,0.680771
user_0697,13,user_0661,0.679416
user_0697,14,user_0320,0.678485
user_0697,15,user_0372,0.675922
user_0699,1,user_0415,0.837229
user_0699,2,user_0147,0.814596
user_0699,3,user_0157,0.805483
user_0699,4,user_0547,0.802808
user_0699,5,user_0099,0.801254
user_0699,6,user_0444,0.798275
user_0699,7,user_0270,0.794626
user_0699,8,user_0160,0.782539
user_0699,9,user_0011,0.780931
user_0699,10,user_0757,0.777659
user_0699,11,user_0085,0.771453
user_0699,12,user_0158,0.770944
user_0699,13,user_0123,0.770832
user_0699,14,user_0563,0.770467
user_0699,15,user_0557,0.768953
user_0700,1,user_0267,0.815329
user_0700,2,user_0504,0.808347
user_0700,3,user_0352,0.807078
user_0700,4,user_0045,0.806844
user_0700,5,user_0541,0.804336
user_0700,6,user_0695,0.803770
user_0700,7,user_0921,0.802619
user_0700,8,user_0641,0.797740
user_0700,9,user_0793,0.797237
user_0700,10,user_0127,0.793922
user_0700,11,user_0563,0.793164
user_0700,12,user_0869,0.792661
user_0700,13,user_0123,0.791798
user_0700,14,user_0857,0.790142
user_0700,15,user_0415,0.789793
user_0701,1,user_0701,0.763489
user_0701,2,user_0291,0.710448
user_0701,3,user_0624,0.692591
user_0701,4,user_0260,0.685319
user_0701,5,user_0269,0.681980
user_0701,6,user_0166,0.679390
user_0701,7,user_0984,0.678968
user_0701,8,user_0810,0.677298
user_0701,9,user_0124,0.676648
user_0701,10,user_0130,0.673809
user_0701,11,user_0471,0.673147
user_0701,12,user_0696,0.667950
user_0701,13,user_0452,0.667714
user_0701,14,user_0039,0.667483
user_0701,15,user_0169,0.667429
user_0702,1,user_0604,0.781700
user_0702,2,user_0316,0.777903
user_0702,3,user_0815,0.776183
user_0702,4,user_0415,0.773001
user_0702,5,user_0437,0.758483
user_0702,6,user_0569,0.756390
user_0702,7,user_0152,0.740530
user_0702,8,user_0279,0.736780
user_0702,9,user_0270,0.732626
user_0702,10,user_0653,0.732480
user_0702,11,user_0334,0.730575
user_0702,12,user_0557,0.729720
user_0702,13,user_0504,0.727308
user_0702,14,user_0138,0.727101
user_0702,15,user_0099,0.725701
user_0705,1,user_0355,0.704311
user_0705,2,user_0014,0.702450
user_0705,3,user_0669,0.697381
user_0705,4,user_0563,0.694510
user_0705,5,user_0583,0.693254
user_0705,6,user_0682,0.685938
user_0705,7,user_0137,0.684484
user_0705,8,user_0450,0.682688
user_0705,9,user_0577,0.682656
user_0705,10,user_0838,0.682371
user_0705,11,user_0328,0.681241
user_0705,12,user_0733,0.679564
user_0705,13,user_0610,0.678467
user_0705,14,user_0446,0.677978
user_0705,15,user_0969,0.677930
user_0706,1,user_0985,0.647370
user_0706,2,user_0147,0.645726
user_0706,3,user_0355,0.644550
user_0706,4,user_0637,0.644167
user_0706,5,user_0269,0.638881
user_0706,6,user_0671,0.637264
user_0706,7,user_0523,0.635278
user_0706,8,user_0709,0.635113
user_0706,9,user_0862,0.634215
user_0706,10,user_0791,0.632666
user_0706,11,user_0451,0.628410
user_0706,12,user_0712,0.628042
user_0706,13,user_0543,0.626409
user_0706,14,user_0504,0.625820
user_0706,15,user_0347,0.625676
user_0707,1,user_0114,0.711880
user_0707,2,user_0729,0.708497
user_0707,3,user_0671,0.704182
user_0707,4,user_0198,0.703801
user_0707,5,user_0229,0.693469
user_0707,6,user_0703,0.692693
user_0707,7,user_0137,0.689165
user_0707,8,user_0925,0.688411
user_0707,9,user_0930,0.687122
user_0707,10,user_0486,0.686069
user_0707,11,user_0453,0.685922
user_0707,12,user_0504,0.685059
user_0707,13,user_0985,0.684356
user_0707,14,user_0529,0.683480
user_0707,15,user_0593,0.682487
user_0710,1,user_0032,0.874400
user_0710,2,user_0868,0.864238
user_0710,3,user_0511,0.854654
user_0710,4,user_0669,0.845192
user_0710,5,user_0839,0.844232
user_0710,6,user_0293,0.842635
user_0710,7,user_0838,0.842578
user_0710,8,user_0969,0.833004
user_0710,9,user_0802,0.823822
user_0710,10,user_0011,0.820253
user_0710,11,user_0935,0.816427
user_0710,12,user_0585,0.810998
user_0710,13,user_0319,0.809685
user_0710,14,user_0560,0.804095
user_0710,15,user_0609,0.803043
user_0713,1,user_0713,0.809413
user_0713,2,user_0644,0.756563
user_0713,3,user_0293,0.740943
user_0713,4,user_0153,0.737685
user_0713,5,user_0425,0.734306
user_0713,6,user_0721,0.727071
user_0713,7,user_0535,0.725936
user_0713,8,user_0796,0.725405
user_0713,9,user_0800,0.720076
user_0713,10,user_0294,0.717704
user_0713,11,user_0708,0.716521
user_0713,12,user_0795,0.714714
user_0713,13,user_0330,0.714376
user_0713,14,user_0578,0.713213
user_0713,15,user_0868,0.712342
user_0715,1,user_0279,0.794242
user_0715,2,user_0011,0.782527
user_0715,3,user_0270,0.774254
user_0715,4,user_0608,0.774101
user_0715,5,user_0167,0.773224
user_0715,6,user_0715,0.766770
user_0715,7,user_0415,0.766318
user_0715,8,user_0938,0.765701
user_0715,9,user_0160,0.765002
user_0715,10,user_0766,0.764673
user_0715,11,user_0563,0.764628
user_0715,12,user_0331,0.756049
user_0715,13,user_0147,0.755151
user_0715,14,user_0924,0.751533
user_0715,15,user_0650,0.747961
user_0716,1,user_0969,0.817870
user_0716,2,user_0511,0.815917
user_0716,3,user_0669,0.814998
user_0716,4,user_0802,0.811177
user_0716,5,user_0293,0.810419
user_0716,6,user_0839,0.806644
user_0716,7,user_0099,0.802386
user_0716,8,user_0160,0.800035
user_0716,9,user_0838,0.797525
user_0716,10,user_0011,0.797003
user_0716,11,user_0032,0.796199
user_0716,12,user_0971,0.794663
user_0716,13,user_0868,0.789358
user_0716,14,user_0357,0.786509
user_0716,15,user_0415,0.785722
user_0717,1,user_0619,0.780445
user_0717,2,user_0717,0.762556
user_0717,3,user_0149,0.757210
user_0717,4,user_0368,0.756391
user_0717,5,user_0462,0.755237
user_0717,6,user_0738,0.732662
user_0717,7,user_0224,0.724446
user_0717,8,user_0905,0.711396
user_0717,9,user_0157,0.704332
user_0717,10,user_0524,0.697672
user_0717,11,user_0867,0.693135
user_0717,12,user_0868,0.688658
user_0717,13,user_0045,0.685559
user_0717,14,user_0147,0.681290
user_0717,15,user_0504,0.679519
user_0718,1,user_0396,0.628785
user_0718,2,user_0469,0.615363
user_0718,3,user_0981,0.610844
user_0718,4,user_0011,0.609795
user_0718,5,user_0167,0.602890
user_0718,6,user_0748,0.594942
user_0718,7,user_0271,0.593891
user_0718,8,user_0608,0.591892
user_0718,9,user_0095,0.590411
user_0718,10,user_0262,0.589511
user_0718,11,user_0969,0.587448
user_0718,12,user_0610,0.586731
user_0718,13,user_0092,0.585558
user_0718,14,user_0160,0.582232
user_0718,15,user_0564,0.577477
user_0719,1,user_0011,0.817915
user_0719,2,user_0803,0.809673
user_0719,3,user_0415,0.801310
user_0719,4,user_0092,0.798329
user_0719,5,user_0160,0.796015
user_0719,6,user_0902,0.794773
user_0719,7,user_0123,0.792787
user_0719,8,user_0685,0.792522
user_0719,9,user_0784,0.788120
user_0719,10,user_0167,0.786596
user_0719,11,user_0237,0.785391
user_0719,12,user_0924,0.784857
user_0719,13,user_0259,0.777124
user_0719,14,user_0267,0.773837
user_0719,15,user_0339,0.773831
user_0722,1,user_0804,0.835154
user_0722,2,user_0785,0.827619
user_0722,3,user_0807,0.808551
user_0722,4,user_0293,0.797856
user_0722,5,user_0415,0.795688
user_0722,6,user_0160,0.792866
user_0722,7,user_0969,0.790156
user_0722,8,user_0839,0.785512
user_0722,9,user_0169,0.783752
user_0722,10,user_0868,0.782281
user_0722,11,user_0795,0.781039
user_0722,12,user_0267,0.779140
user_0722,13,user_0511,0.778245
user_0722,14,user_0425,0.777102
user_0722,15,user_0123,0.776182
user_0724,1,user_0281,0.753599
user_0724,2,user_0724,0.753507
user_0724,3,user_0270,0.749996
user_0724,4,user_0838,0.740688
user_0724,5,user_0961,0.738150
user_0724,6,user_0334,0.735986
user_0724,7,user_0090,0.733630
user_0724,8,user_0842,0.732064
user_0724,9,user_0844,0.728336
user_0724,10,user_0410,0.723881
user_0724,11,user_0224,0.722647
user_0724,12,user_0776,0.722045
user_0724,13,user_0144,0.720367
user_0724,14,user_0456,0.719416
user_0724,15,user_0720,0.717876
user_0725,1,user_0224,0.861095
user_0725,2,user_0415,0.859172
user_0725,3,user_0563,0.851799
user_0725,4,user_0279,0.845160
user_0725,5,user_0045,0.839636
user_0725,6,user_0444,0.838218
user_0725,7,user_0902,0.838064
user_0725,8,user_0504,0.837681
user_0725,9,user_0857,0.836231
user_0725,10,user_0912,0.834894
user_0725,11,user_0335,0.831317
user_0725,12,user_0793,0.831187
user_0725,13,user_0156,0.830761
user_0725,14,user_0043,0.830232
user_0725,15,user_0772,0.830139
user_0726,1,user_0726,0.861964
user_0726,2,user_0313,0.837255
user_0726,3,user_0543,0.831830
user_0726,4,user_0157,0.830714
user_0726,5,user_0959,0.828624
user_0726,6,user_0196,0.821069
user_0726,7,user_0793,0.817352
user_0726,8,user_0147,0.816166
user_0726,9,user_0614,0.814775
user_0726,10,user_0563,0.813399
user_0726,11,user_0215,0.810047
user_0726,12,user_0504,0.809976
user_0726,13,user_0534,0.809894
user_0726,14,user_0541,0.807356
user_0726,15,user_0422,0.804340
user_0729,1,user_0504,0.787395
user_0729,2,user_0647,0.750807
user_0729,3,user_0272,0.747089
user_0729,4,user_0366,0.746857
user_0729,5,user_0441,0.741277
user_0729,6,user_0114,0.737570
user_0729,7,user_0229,0.736285
user_0729,8,user_0729,0.734762
user_0729,9,user_0882,0.731678
user_0729,10,user_0778,0.726129
user_0729,11,user_0137,0.725568
user_0729,12,user_0563,0.723739
user_0729,13,user_0367,0.723382
user_0729,14,user_0648,0.722078
user_0729,15,user_0671,0.721865
user_0731,1,user_0731,0.837542
user_0731,2,user_0954,0.819593
user_0731,3,user_0971,0.816960
user_0731,4,user_0188,0.814384
user_0731,5,user_0063,0.802563
user_0731,6,user_0974,0.801877
user_0731,7,user_0897,0.798272
user_0731,8,user_0945,0.797785
user_0731,9,user_0576,0.786079
user_0731,10,user_0969,0.768711
user_0731,11,user_0166,0.767377
user_0731,12,user_0550,0.764921
user_0731,13,user_0425,0.764019
user_0731,14,user_0053,0.762893
user_0731,15,user_0578,0.761431
user_0734,1,user_0734,0.810650
user_0734,2,user_0622,0.689589
user_0734,3,user_0088,0.666753
user_0734,4,user_0987,0.661972
user_0734,5,user_0899,0.659354
user_0734,6,user_0735,0.659229
user_0734,7,user_0827,0.657688
user_0734,8,user_0022,0.653177
user_0734,9,user_0135,0.651946
user_0734,10,user_0071,0.649861
user_0734,11,user_0761,0.645621
user_0734,12,user_0190,0.644147
user_0734,13,user_0220,0.640459
user_0734,14,user_0920,0.638941
user_0734,15,user_0588,0.638916
user_0735,1,user_0735,0.688771
user_0735,2,user_0151,0.675987
user_0735,3,user_0264,0.649372
user_0735,4,user_0059,0.646925
user_0735,5,user_0765,0.644705
user_0735,6,user_0335,0.643287
user_0735,7,user_0045,0.641546
user_0735,8,user_0751,0.638984
user_0735,9,user_0457,0.636534
user_0735,10,user_0334,0.635755
user_0735,11,user_0462,0.635256
user_0735,12,user_0504,0.635064
user_0735,13,user_0618,0.632199
user_0735,14,user_0863,0.631542
user_0735,15,user_0879,0.631034
user_0736,1,user_0587,0.799407
user_0736,2,user_0882,0.789874
user_0736,3,user_0671,0.788892
user_0736,4,user_0504,0.787563
user_0736,5,user_0563,0.781307
user_0736,6,user_0862,0.777145
user_0736,7,user_0772,0.769906
user_0736,8,user_0571,0.768678
user_0736,9,user_0485,0.767536
user_0736,10,user_0224,0.762562
user_0736,11,user_0427,0.762063
user_0736,12,user_0137,0.761105
user_0736,13,user_0168,0.760116
user_0736,14,user_0473,0.759616
user_0736,15,user_0238,0.759394
user_0737,1,user_0177,0.810587
user_0737,2,user_0689,0.791760
user_0737,3,user_0583,0.776402
user_0737,4,user_0661,0.763106
user_0737,5,user_0645,0.759491
user_0737,6,user_0577,0.758130
user_0737,7,user_0158,0.757392
user_0737,8,user_0345,0.752108
user_0737,9,user_0888,0.746129
user_0737,10,user_0318,0.742741
user_0737,11,user_0654,0.738065
user_0737,12,user_0401,0.737437
user_0737,13,user_0061,0.736163
user_0737,14,user_0600,0.735733
user_0737,15,user_0181,0.733251
user_0739,1,user_0739,0.700156
user_0739,2,user_0604,0.637723
user_0739,3,user_0844,0.632331
user_0739,4,user_0569,0.627745
user_0739,5,user_0494,0.622513
user_0739,6,user_0363,0.620898
user_0739,7,user_0279,0.620170
user_0739,8,user_0289,0.619016
user_0739,9,user_0653,0.618249
user_0739,10,user_0270,0.614012
user_0739,11,user_0486,0.613525
user_0739,12,user_0682,0.612171
user_0739,13,user_0410,0.607941
user_0739,14,user_0144,0.606413
user_0739,15,user_0766,0.603015
user_0740,1,user_0740,0.790805
user_0740,2,user_0413,0.778133
user_0740,3,user_0519,0.763244
user_0740,4,user_0849,0.749903
user_0740,5,user_0499,0.739340
user_0740,6,user_0160,0.730648
user_0740,7,user_0099,0.724543
user_0740,8,user_0147,0.723947
user_0740,9,user_0465,0.717102
user_0740,10,user_0770,0.715651
user_0740,11,user_0745,0.713967
user_0740,12,user_0798,0.713884
user_0740,13,user_0158,0.713138
user_0740,14,user_0969,0.702814
user_0740,15,user_0692,0.700937
user_0744,1,user_0525,0.834312
user_0744,2,user_0702,0.830739
user_0744,3,user_0164,0.808362
user_0744,4,user_0224,0.796086
user_0744,5,user_0205,0.795345
user_0744,6,user_0270,0.793870
user_0744,7,user_0916,0.791617
user_0744,8,user_0649,0.789414
user_0744,9,user_0671,0.786206
user_0744,10,user_0971,0.783866
user_0744,11,user_0410,0.783155
user_0744,12,user_0563,0.778204
user_0744,13,user_0147,0.777091
user_0744,14,user_0140,0.777084
user_0744,15,user_0160,0.776016
user_0746,1,user_0563,0.859079
user_0746,2,user_0772,0.840330
user_0746,3,user_0857,0.833256
user_0746,4,user_0338,0.831498
user_0746,5,user_0045,0.831271
user_0746,6,user_0606,0.830817
user_0746,7,user_0910,0.830599
user_0746,8,user_0313,0.827209
user_0746,9,user_0746,0.824759
user_0746,10,user_0472,0.824107
user_0746,11,user_0524,0.823525
user_0746,12,user_0504,0.822052
user_0746,13,user_0614,0.820955
user_0746,14,user_0466,0.820875
user_0746,15,user_0515,0.818973
user_0747,1,user_0444,0.772834
user_0747,2,user_0504,0.760288
user_0747,3,user_0594,0.744589
user_0747,4,user_0747,0.744474
user_0747,5,user_0147,0.742607
user_0747,6,user_0270,0.740583
user_0747,7,user_0526,0.739942
user_0747,8,user_0157,0.734377
user_0747,9,user_0557,0.722157
user_0747,10,user_0215,0.722087
user_0747,11,user_0085,0.716434
user_0747,12,user_0224,0.713881
user_0747,13,user_0415,0.713044
user_0747,14,user_0461,0.712617
user_0747,15,user_0437,0.710668
user_0748,1,user_0461,0.815006
user_0748,2,user_0011,0.800983
user_0748,3,user_0969,0.787609
user_0748,4,user_0160,0.786696
user_0748,5,user_0839,0.771108
user_0748,6,user_0122,0.770955
user_0748,7,user_0563,0.768366
user_0748,8,user_0267,0.762467
user_0748,9,user_0518,0.762123
user_0748,10,user_0357,0.762033
user_0748,11,user_0415,0.761982
user_0748,12,user_0293,0.758380
user_0748,13,user_0924,0.757653
user_0748,14,user_0774,0.757293
user_0748,15,user_0397,0.756094
user_0750,1,user_0504,0.835487
user_0750,2,user_0444,0.784239
user_0750,3,user_0557,0.777394
user_0750,4,user_0745,0.776574
user_0750,5,user_0912,0.773395
user_0750,6,user_0563,0.771688
user_0750,7,user_0439,0.771214
user_0750,8,user_0541,0.769256
user_0750,9,user_0338,0.769231
user_0750,10,user_0415,0.764415
user_0750,11,user_0793,0.763269
user_0750,12,user_0156,0.760285
user_0750,13,user_0224,0.760260
user_0750,14,user_0862,0.759394
user_0750,15,user_0869,0.759321
user_0752,1,user_0486,0.700225
user_0752,2,user_0510,0.692932
user_0752,3,user_0703,0.674263
user_0752,4,user_0137,0.670759
user_0752,5,user_0671,0.669990
user_0752,6,user_0965,0.666755
user_0752,7,user_0198,0.664009
user_0752,8,user_0694,0.663802
user_0752,9,user_0930,0.663570
user_0752,10,user_0546,0.662987
user_0752,11,user_0879,0.662378
user_0752,12,user_0529,0.659295
user_0752,13,user_0563,0.653784
user_0752,14,user_0495,0.651782
user_0752,15,user_0447,0.650914
user_0754,1,user_0795,0.732190
user_0754,2,user_0862,0.730555
user_0754,3,user_0355,0.727605
user_0754,4,user_0147,0.726254
user_0754,5,user_0267,0.713125
user_0754,6,user_0345,0.712313
user_0754,7,user_0510,0.711235
user_0754,8,user_0563,0.710452
user_0754,9,user_0600,0.702077
user_0754,10,user_0866,0.701015
user_0754,11,user_0160,0.697241
user_0754,12,user_0671,0.696000
user_0754,13,user_0979,0.695508
user_0754,14,user_0499,0.694563
user_0754,15,user_0757,0.692714
user_0755,1,user_0147,0.779773
user_0755,2,user_0563,0.754676
user_0755,3,user_0812,0.751531
user_0755,4,user_0600,0.751376
user_0755,5,user_0451,0.745463
user_0755,6,user_0415,0.744010
user_0755,7,user_0486,0.741135
user_0755,8,user_0557,0.740825
user_0755,9,user_0733,0.739271
user_0755,10,user_0614,0.738449
user_0755,11,user_0157,0.736725
user_0755,12,user_0444,0.736703
user_0755,13,user_0047,0.736663
user_0755,14,user_0504,0.736258
user_0755,15,user_0790,0.735337
user_0756,1,user_0293,0.788066
user_0756,2,user_0839,0.787864
user_0756,3,user_0669,0.786278
user_0756,4,user_0511,0.786001
user_0756,5,user_0868,0.785614
user_0756,6,user_0560,0.780854
user_0756,7,user_0795,0.779621
user_0756,8,user_0355,0.776861
user_0756,9,user_0756,0.771452
user_0756,10,user_0160,0.771187
user_0756,11,user_0969,0.762483
user_0756,12,user_0032,0.760948
user_0756,13,user_0935,0.757773
user_0756,14,user_0609,0.755330
user_0756,15,user_0838,0.754897
user_0759,1,user_0854,0.718698
user_0759,2,user_0868,0.707904
user_0759,3,user_0891,0.697628
user_0759,4,user_0960,0.696495
user_0759,5,user_0425,0.694651
user_0759,6,user_0293,0.693304
user_0759,7,user_0031,0.688747
user_0759,8,user_0033,0.688415
user_0759,9,user_0935,0.688089
user_0759,10,user_0838,0.684023
user_0759,11,user_0458,0.682800
user_0759,12,user_0415,0.681003
user_0759,13,user_0839,0.680277
user_0759,14,user_0231,0.679488
user_0759,15,user_0014,0.677672
user_0760,1,user_0270,0.797128
user_0760,2,user_0167,0.786287
user_0760,3,user_0157,0.780483
user_0760,4,user_0415,0.778569
user_0760,5,user_0011,0.776967
user_0760,6,user_0159,0.771815
user_0760,7,user_0335,0.770219
user_0760,8,user_0224,0.770144
user_0760,9,user_0281,0.764532
user_0760,10,user_0589,0.759349
user_0760,11,user_0924,0.759313
user_0760,12,user_0563,0.758383
user_0760,13,user_0472,0.758006
user_0760,14,user_0279,0.757406
user_0760,15,user_0941,0.756559
user_0763,1,user_0451,0.747461
user_0763,2,user_0147,0.717688
user_0763,3,user_0709,0.716975
user_0763,4,user_0073,0.712621
user_0763,5,user_0061,0.711240
user_0763,6,user_0543,0.701586
user_0763,7,user_0504,0.699775
user_0763,8,user_0557,0.698655
user_0763,9,user_0135,0.698478
user_0763,10,user_0985,0.698281
user_0763,11,user_0074,0.696679
user_0763,12,user_0671,0.689718
user_0763,13,user_0534,0.689652
user_0763,14,user_0444,0.688617
user_0763,15,user_0433,0.688029
user_0765,1,user_0123,0.883209
user_0765,2,user_0048,0.874667
user_0765,3,user_0224,0.866653
user_0765,4,user_0563,0.866153
user_0765,5,user_0410,0.865176
user_0765,6,user_0168,0.860371
user_0765,7,user_0641,0.860127
user_0765,8,user_0541,0.858819
user_0765,9,user_0137,0.858668
user_0765,10,user_0485,0.856941
user_0765,11,user_0427,0.856738
user_0765,12,user_0045,0.855343
user_0765,13,user_0338,0.854364
user_0765,14,user_0912,0.850569
user_0765,15,user_0350,0.849984
user_0767,1,user_0160,0.777087
user_0767,2,user_0456,0.749491
user_0767,3,user_0240,0.749326
user_0767,4,user_0938,0.746714
user_0767,5,user_0092,0.743681
user_0767,6,user_0842,0.742377
user_0767,7,user_0335,0.739942
user_0767,8,user_0828,0.737610
user_0767,9,user_0270,0.736928
user_0767,10,user_0326,0.736922
user_0767,11,user_0757,0.736625
user_0767,12,user_0119,0.736562
user_0767,13,user_0344,0.736322
user_0767,14,user_0011,0.736285
user_0767,15,user_0969,0.735381
user_0768,1,user_0011,0.834983
user_0768,2,user_0270,0.818329
user_0768,3,user_0167,0.817090
user_0768,4,user_0415,0.811664
user_0768,5,user_0279,0.809806
user_0768,6,user_0793,0.803321
user_0768,7,user_0410,0.802276
user_0768,8,user_0438,0.800656
user_0768,9,user_0715,0.797181
user_0768,10,user_0641,0.796941
user_0768,11,user_0160,0.795976
user_0768,12,user_0048,0.793943
user_0768,13,user_0334,0.791178
user_0768,14,user_0971,0.790640
user_0768,15,user_0608,0.788148
user_0769,1,user_0160,0.897913
user_0769,2,user_0661,0.887292
user_0769,3,user_0181,0.862530
user_0769,4,user_0689,0.861285
user_0769,5,user_0608,0.855673
user_0769,6,user_0158,0.853222
user_0769,7,user_0979,0.851383
user_0769,8,user_0290,0.849450
user_0769,9,user_0645,0.849224
user_0769,10,user_0931,0.845639
user_0769,11,user_0345,0.844014
user_0769,12,user_0177,0.829454
user_0769,13,user_0502,0.825737
user_0769,14,user_0607,0.823932
user_0769,15,user_0600,0.822035
user_0774,1,user_0290,0.847960
user_0774,2,user_0979,0.834566
user_0774,3,user_0160,0.824659
user_0774,4,user_0608,0.821455
user_0774,5,user_0800,0.809453
user_0774,6,user_0661,0.801002
user_0774,7,user_0931,0.796643
user_0774,8,user_0158,0.792661
user_0774,9,user_0099,0.786384
user_0774,10,user_0502,0.784011
user_0774,11,user_0373,0.780802
user_0774,12,user_0535,0.776412
user_0774,13,user_0345,0.775868
user_0774,14,user_0981,0.775640
user_0774,15,user_0607,0.775238
user_0778,1,user_0350,0.805002
user_0778,2,user_0600,0.799313
user_0778,3,user_0671,0.796287
user_0778,4,user_0870,0.794445
user_0778,5,user_0557,0.791010
user_0778,6,user_0587,0.784059
user_0778,7,user_0052,0.783609
user_0778,8,user_0787,0.783237
user_0778,9,user_0793,0.783156
user_0778,10,user_0909,0.782496
user_0778,11,user_0882,0.781702
user_0778,12,user_0563,0.781408
user_0778,13,user_0772,0.779882
user_0778,14,user_0045,0.777752
user_0778,15,user_0137,0.777725
user_0780,1,user_0221,0.895943
user_0780,2,user_0870,0.878022
user_0780,3,user_0351,0.861547
user_0780,4,user_0478,0.853095
user_0780,5,user_0780,0.848610
user_0780,6,user_0721,0.841457
user_0780,7,user_0397,0.826385
user_0780,8,user_0133,0.821437
user_0780,9,user_0512,0.820820
user_0780,10,user_0320,0.820062
user_0780,11,user_0897,0.819381
user_0780,12,user_0611,0.818050
user_0780,13,user_0945,0.812216
user_0780,14,user_0188,0.810730
user_0780,15,user_0330,0.807607
user_0781,1,user_0557,0.780074
user_0781,2,user_0506,0.773903
user_0781,3,user_0099,0.767816
user_0781,4,user_0070,0.758824
user_0781,5,user_0313,0.756773
user_0781,6,user_0157,0.755497
user_0781,7,user_0405,0.754640
user_0781,8,user_0652,0.749545
user_0781,9,user_0938,0.747946
user_0781,10,user_0573,0.746879
user_0781,11,user_0462,0.740730
user_0781,12,user_0393,0.740645
user_0781,13,user_0803,0.739241
user_0781,14,user_0541,0.738481
user_0781,15,user_0895,0.738417
user_0782,1,user_0782,0.697749
user_0782,2,user_0226,0.662298
user_0782,3,user_0462,0.654117
user_0782,4,user_0626,0.647219
user_0782,5,user_0224,0.637681
user_0782,6,user_0045,0.636991
user_0782,7,user_0157,0.631140
user_0782,8,user_0524,0.629758
user_0782,9,user_0339,0.629432
user_0782,10,user_0179,0.627313
user_0782,11,user_0043,0.622035
user_0782,12,user_0555,0.621193
user_0782,13,user_0444,0.620061
user_0782,14,user_0714,0.618525
user_0782,15,user_0004,0.618375
user_0784,1,user_0240,0.723143
user_0784,2,user_0521,0.713725
user_0784,3,user_0510,0.690465
user_0784,4,user_0328,0.687784
user_0784,5,user_0071,0.671075
user_0784,6,user_0264,0.661507
user_0784,7,user_0930,0.657784
user_0784,8,user_0995,0.649874
user_0784,9,user_0866,0.646619
user_0784,10,user_0191,0.643757
user_0784,11,user_0345,0.641834
user_0784,12,user_0979,0.640877
user_0784,13,user_0092,0.636954
user_0784,14,user_0230,0.636062
user_0784,15,user_0160,0.633622
user_0785,1,user_0804,0.855568
user_0785,2,user_0716,0.849704
user_0785,3,user_0807,0.844289
user_0785,4,user_0785,0.843167
user_0785,5,user_0839,0.788551
user_0785,6,user_0166,0.769890
user_0785,7,user_0677,0.768088
user_0785,8,user_0722,0.761314
user_0785,9,user_0039,0.755436
user_0785,10,user_0609,0.754869
user_0785,11,user_0774,0.753377
user_0785,12,user_0169,0.753168
user_0785,13,user_0810,0.751627
user_0785,14,user_0269,0.751127
user_0785,15,user_0795,0.750748
user_0786,1,user_0039,0.815999
user_0786,2,user_0810,0.787659
user_0786,3,user_0786,0.787275
user_0786,4,user_0969,0.775726
user_0786,5,user_0166,0.772677
user_0786,6,user_0169,0.767653
user_0786,7,user_0011,0.759500
user_0786,8,user_0424,0.758989
user_0786,9,user_0260,0.754027
user_0786,10,user_0160,0.753633
user_0786,11,user_0120,0.750561
user_0786,12,user_0701,0.749063
user_0786,13,user_0741,0.744217
user_0786,14,user_0839,0.743845
user_0786,15,user_0397,0.743001
user_0787,1,user_0504,0.764272
user_0787,2,user_0812,0.755339
user_0787,3,user_0510,0.754442
user_0787,4,user_0563,0.752641
user_0787,5,user_0671,0.749361
user_0787,6,user_0137,0.746761
user_0787,7,user_0099,0.742269
user_0787,8,user_0224,0.740505
user_0787,9,user_0147,0.740216
user_0787,10,user_0045,0.739776
user_0787,11,user_0415,0.739361
user_0787,12,user_0879,0.738998
user_0787,13,user_0272,0.738449
user_0787,14,user_0473,0.737951
user_0787,15,user_0444,0.735484
user_0788,1,user_0279,0.659950
user_0788,2,user_0415,0.657811
user_0788,3,user_0839,0.654296
user_0788,4,user_0147,0.648010
user_0788,5,user_0756,0.647743
user_0788,6,user_0156,0.647493
user_0788,7,user_0802,0.646178
user_0788,8,user_0270,0.645360
user_0788,9,user_0862,0.645040
user_0788,10,user_0235,0.643935
user_0788,11,user_0695,0.642469
user_0788,12,user_0353,0.641656
user_0788,13,user_0563,0.639776
user_0788,14,user_0099,0.639457
user_0788,15,user_0448,0.638503
user_0792,1,user_0415,0.825837
user_0792,2,user_0485,0.818111
user_0792,3,user_0733,0.815138
user_0792,4,user_0557,0.813529
user_0792,5,user_0157,0.813186
user_0792,6,user_0147,0.812995
user_0792,7,user_0477,0.812468
user_0792,8,user_0085,0.807598
user_0792,9,user_0563,0.804345
user_0792,10,user_0099,0.802492
user_0792,11,user_0745,0.800946
user_0792,12,user_0504,0.800409
user_0792,13,user_0473,0.799919
user_0792,14,user_0270,0.799136
user_0792,15,user_0167,0.799112
user_0795,1,user_0795,0.719029
user_0795,2,user_0160,0.711700
user_0795,3,user_0099,0.696798
user_0795,4,user_0862,0.692715
user_0795,5,user_0866,0.691864
user_0795,6,user_0757,0.689927
user_0795,7,user_0499,0.689833
user_0795,8,user_0969,0.687683
user_0795,9,user_0147,0.687344
user_0795,10,user_0563,0.685155
user_0795,11,user_0122,0.685009
user_0795,12,user_0826,0.684751
user_0795,13,user_0741,0.683762
user_0795,14,user_0415,0.682039
user_0795,15,user_0803,0.681283
user_0797,1,user_0153,0.718427
user_0797,2,user_0610,0.718316
user_0797,3,user_0430,0.715980
user_0797,4,user_0976,0.712456
user_0797,5,user_0568,0.705529
user_0797,6,user_0578,0.703037
user_0797,7,user_0986,0.695198
user_0797,8,user_0160,0.683458
user_0797,9,user_0795,0.682637
user_0797,10,user_0186,0.677867
user_0797,11,user_0501,0.670373
user_0797,12,user_0082,0.668380
user_0797,13,user_0293,0.668278
user_0797,14,user_0677,0.658518
user_0797,15,user_0966,0.658255
user_0799,1,user_0147,0.744695
user_0799,2,user_0985,0.724394
user_0799,3,user_0074,0.709633
user_0799,4,user_0504,0.706241
user_0799,5,user_0694,0.703235
user_0799,6,user_0557,0.698798
user_0799,7,user_0240,0.698224
user_0799,8,user_0647,0.694462
user_0799,9,user_0347,0.691290
user_0799,10,user_0451,0.690197
user_0799,11,user_0671,0.686387
user_0799,12,user_0758,0.683791
user_0799,13,user_0752,0.683478
user_0799,14,user_0944,0.683307
user_0799,15,user_0061,0.683063
user_0804,1,user_0267,0.818174
user_0804,2,user_0804,0.814223
user_0804,3,user_0415,0.811332
user_0804,4,user_0160,0.806573
user_0804,5,user_0123,0.804031
user_0804,6,user_0547,0.791362
user_0804,7,user_0122,0.790236
user_0804,8,user_0785,0.786335
user_0804,9,user_0795,0.785630
user_0804,10,user_0563,0.784687
user_0804,11,user_0600,0.783154
user_0804,12,user_0706,0.777076
user_0804,13,user_0807,0.776841
user_0804,14,user_0147,0.776665
user_0804,15,user_0812,0.775145
user_0806,1,user_0415,0.787772
user_0806,2,user_0806,0.776000
user_0806,3,user_0217,0.770042
user_0806,4,user_0151,0.767675
user_0806,5,user_0766,0.765487
user_0806,6,user_0099,0.765410
user_0806,7,user_0011,0.762978
user_0806,8,user_0405,0.760722
user_0806,9,user_0279,0.760338
user_0806,10,user_0167,0.760281
user_0806,11,user_0580,0.758872
user_0806,12,user_0143,0.756397
user_0806,13,user_0683,0.751446
user_0806,14,user_0604,0.750453
user_0806,15,user_0938,0.747244
user_0809,1,user_0415,0.833137
user_0809,2,user_0099,0.820197
user_0809,3,user_0224,0.818802
user_0809,4,user_0504,0.816803
user_0809,5,user_0045,0.816040
user_0809,6,user_0563,0.809735
user_0809,7,user_0123,0.808382
user_0809,8,user_0869,0.807281
user_0809,9,user_0153,0.797458
user_0809,10,user_0541,0.797033
user_0809,11,user_0157,0.796571
user_0809,12,user_0444,0.795168
user_0809,13,user_0793,0.794483
user_0809,14,user_0902,0.794207
user_0809,15,user_0147,0.793649
user_0812,1,user_0437,0.768065
user_0812,2,user_0815,0.763576
user_0812,3,user_0604,0.758331
user_0812,4,user_0074,0.745037
user_0812,5,user_0415,0.741414
user_0812,6,user_0444,0.741411
user_0812,7,user_0812,0.741223
user_0812,8,user_0557,0.741010
user_0812,9,user_0864,0.736554
user_0812,10,user_0099,0.728529
user_0812,11,user_0504,0.727645
user_0812,12,user_0527,0.717791
user_0812,13,user_0653,0.717526
user_0812,14,user_0127,0.717518
user_0812,15,user_0639,0.716420
user_0813,1,user_0172,0.762533
user_0813,2,user_0813,0.757413
user_0813,3,user_0411,0.742639
user_0813,4,user_0186,0.730043
user_0813,5,user_0098,0.727959
user_0813,6,user_0287,0.725741
user_0813,7,user_0334,0.722405
user_0813,8,user_0776,0.721637
user_0813,9,user_0704,0.720838
user_0813,10,user_0622,0.710338
user_0813,11,user_0034,0.709925
user_0813,12,user_0863,0.706979
user_0813,13,user_0090,0.704559
user_0813,14,user_0708,0.703151
user_0813,15,user_0227,0.701919
user_0815,1,user_0701,0.684305
user_0815,2,user_0328,0.649471
user_0815,3,user_0234,0.648844
user_0815,4,user_0984,0.635495
user_0815,5,user_0437,0.620843
user_0815,6,user_0208,0.620202
user_0815,7,user_0534,0.607329
user_0815,8,user_0124,0.606004
user_0815,9,user_0815,0.605389
user_0815,10,user_0709,0.603690
user_0815,11,user_0073,0.599640
user_0815,12,user_0557,0.597845
user_0815,13,user_0270,0.594204
user_0815,14,user_0151,0.593420
user_0815,15,user_0610,0.593389
user_0816,1,user_0816,0.780558
user_0816,2,user_0399,0.764529
user_0816,3,user_0099,0.762397
user_0816,4,user_0761,0.753308
user_0816,5,user_0085,0.748854
user_0816,6,user_0157,0.742838
user_0816,7,user_0104,0.741927
user_0816,8,user_0448,0.741860
user_0816,9,user_0045,0.737419
user_0816,10,user_0524,0.736090
user_0816,11,user_0071,0.735792
user_0816,12,user_0334,0.734778
user_0816,13,user_0417,0.733023
user_0816,14,user_0595,0.731241
user_0816,15,user_0281,0.730866
user_0821,1,user_0415,0.764480
user_0821,2,user_0270,0.751531
user_0821,3,user_0147,0.744766
user_0821,4,user_0279,0.741337
user_0821,5,user_0437,0.727331
user_0821,6,user_0815,0.726415
user_0821,7,user_0733,0.719203
user_0821,8,user_0563,0.718268
user_0821,9,user_0451,0.717697
user_0821,10,user_0812,0.711429
user_0821,11,user_0504,0.711309
user_0821,12,user_0444,0.710174
user_0821,13,user_0151,0.709609
user_0821,14,user_0443,0.706882
user_0821,15,user_0486,0.703552
user_0822,1,user_0790,0.748461
user_0822,2,user_0652,0.727604
user_0822,3,user_0822,0.724573
user_0822,4,user_0930,0.723653
user_0822,5,user_0350,0.718998
user_0822,6,user_0754,0.707932
user_0822,7,user_0135,0.705072
user_0822,8,user_0949,0.702703
user_0822,9,user_0617,0.702594
user_0822,10,user_0485,0.699292
user_0822,11,user_0071,0.697844
user_0822,12,user_0775,0.695645
user_0822,13,user_0157,0.695253
user_0822,14,user_0431,0.694639
user_0822,15,user_0363,0.694055
user_0823,1,user_0290,0.781188
user_0823,2,user_0160,0.779896
user_0823,3,user_0823,0.773879
user_0823,4,user_0373,0.768008
user_0823,5,user_0689,0.764404
user_0823,6,user_0981,0.764063
user_0823,7,user_0396,0.760689
user_0823,8,user_0661,0.754971
user_0823,9,user_0554,0.751725
user_0823,10,user_0931,0.750901
user_0823,11,user_0979,0.745587
user_0823,12,user_0345,0.745358
user_0823,13,user_0608,0.741539
user_0823,14,user_0909,0.741106
user_0823,15,user_0913,0.733618
user_0825,1,user_0504,0.850825
user_0825,2,user_0563,0.846853
user_0825,3,user_0600,0.845927
user_0825,4,user_0557,0.842102
user_0825,5,user_0045,0.836478
user_0825,6,user_0473,0.836020
user_0825,7,user_0671,0.834203
user_0825,8,user_0168,0.829620
user_0825,9,user_0821,0.828948
user_0825,10,user_0224,0.828233
user_0825,11,user_0274,0.826725
user_0825,12,user_0313,0.826725
user_0825,13,user_0147,0.826283
user_0825,14,user_0137,0.825685
user_0825,15,user_0410,0.825103
user_0826,1,user_0191,0.830897
user_0826,2,user_0099,0.810557
user_0826,3,user_0011,0.804446
user_0826,4,user_0167,0.803215
user_0826,5,user_0094,0.802660
user_0826,6,user_0415,0.801774
user_0826,7,user_0715,0.792375
user_0826,8,user_0147,0.792210
user_0826,9,user_0961,0.789321
user_0826,10,user_0405,0.789016
user_0826,11,user_0981,0.788229
user_0826,12,user_0563,0.787335
user_0826,13,user_0270,0.784519
user_0826,14,user_0467,0.782523
user_0826,15,user_0869,0.781494
user_0827,1,user_0827,0.862813
user_0827,2,user_0515,0.821412
user_0827,3,user_0917,0.818591
user_0827,4,user_0661,0.818063
user_0827,5,user_0123,0.808161
user_0827,6,user_0237,0.805771
user_0827,7,user_0912,0.800309
user_0827,8,user_0588,0.799716
user_0827,9,user_0157,0.798919
user_0827,10,user_0972,0.798747
user_0827,11,user_0884,0.797976
user_0827,12,user_0616,0.795740
user_0827,13,user_0882,0.795134
user_0827,14,user_0215,0.795099
user_0827,15,user_0614,0.794157
user_0828,1,user_0745,0.790449
user_0828,2,user_0828,0.781709
user_0828,3,user_0595,0.777138
user_0828,4,user_0277,0.775185
user_0828,5,user_0334,0.774484
user_0828,6,user_0270,0.762655
user_0828,7,user_0414,0.761130
user_0828,8,user_0553,0.759221
user_0828,9,user_0090,0.758113
user_0828,10,user_0417,0.757656
user_0828,11,user_0621,0.757580
user_0828,12,user_0199,0.749258
user_0828,13,user_0724,0.747480
user_0828,14,user_0918,0.745847
user_0828,15,user_0507,0.745150
user_0829,1,user_0862,0.680513
user_0829,2,user_0066,0.675115
user_0829,3,user_0671,0.672027
user_0829,4,user_0821,0.671262
user_0829,5,user_0563,0.669142
user_0829,6,user_0443,0.664707
user_0829,7,user_0504,0.664541
user_0829,8,user_0829,0.661984
user_0829,9,user_0561,0.660396
user_0829,10,user_0444,0.660320
user_0829,11,user_0486,0.659782
user_0829,12,user_0137,0.659021
user_0829,13,user_0733,0.658273
user_0829,14,user_0474,0.656932
user_0829,15,user_0944,0.656504
user_0830,1,user_0420,0.841526
user_0830,2,user_0157,0.834502
user_0830,3,user_0541,0.827452
user_0830,4,user_0699,0.824882
user_0830,5,user_0830,0.822447
user_0830,6,user_0020,0.816143
user_0830,7,user_0683,0.812630
user_0830,8,user_0094,0.812598
user_0830,9,user_0070,0.807711
user_0830,10,user_0869,0.806291
user_0830,11,user_0352,0.802798
user_0830,12,user_0048,0.801136
user_0830,13,user_0099,0.798406
user_0830,14,user_0641,0.798083
user_0830,15,user_0399,0.797431
user_0831,1,user_0971,0.842591
user_0831,2,user_0357,0.798189
user_0831,3,user_0969,0.787432
user_0831,4,user_0974,0.773686
user_0831,5,user_0188,0.772253
user_0831,6,user_0269,0.771649
user_0831,7,user_0425,0.768529
user_0831,8,user_0954,0.766986
user_0831,9,user_0897,0.764742
user_0831,10,user_0397,0.763164
user_0831,11,user_0721,0.757975
user_0831,12,user_0774,0.750555
user_0831,13,user_0578,0.750089
user_0831,14,user_0355,0.749947
user_0831,15,user_0669,0.748079
user_0832,1,user_0011,0.700738
user_0832,2,user_0969,0.699387
user_0832,3,user_0271,0.696444
user_0832,4,user_0038,0.696083
user_0832,5,user_0495,0.695809
user_0832,6,user_0048,0.694673
user_0832,7,user_0643,0.692693
user_0832,8,user_0410,0.689692
user_0832,9,user_0862,0.687891
user_0832,10,user_0170,0.685974
user_0832,11,user_0685,0.681384
user_0832,12,user_0196,0.677310
user_0832,13,user_0607,0.676915
user_0832,14,user_0041,0.676814
user_0832,15,user_0474,0.674296
user_0833,1,user_0803,0.734585
user_0833,2,user_0227,0.710512
user_0833,3,user_0092,0.706837
user_0833,4,user_0026,0.700443
user_0833,5,user_0836,0.697647
user_0833,6,user_0704,0.693449
user_0833,7,user_0876,0.690425
user_0833,8,user_0045,0.688638
user_0833,9,user_0003,0.688568
user_0833,10,user_0402,0.683891
user_0833,11,user_0339,0.681484
user_0833,12,user_0237,0.677832
user_0833,13,user_0119,0.677790
user_0833,14,user_0287,0.677328
user_0833,15,user_0335,0.676870
user_0835,1,user_0700,0.651292
user_0835,2,user_0451,0.647179
user_0835,3,user_0572,0.645344
user_0835,4,user_0907,0.645113
user_0835,5,user_0412,0.637651
user_0835,6,user_0110,0.635558
user_0835,7,user_0732,0.635289
user_0835,8,user_0147,0.635076
user_0835,9,user_0864,0.633108
user_0835,10,user_0733,0.632200
user_0835,11,user_0415,0.631369
user_0835,12,user_0127,0.630320
user_0835,13,user_0350,0.629481
user_0835,14,user_0922,0.629151
user_0835,15,user_0419,0.629147
user_0838,1,user_0293,0.838783
user_0838,2,user_0838,0.812192
user_0838,3,user_0868,0.810113
user_0838,4,user_0511,0.792692
user_0838,5,user_0669,0.789680
user_0838,6,user_0560,0.787299
user_0838,7,user_0032,0.780565
user_0838,8,user_0207,0.770426
user_0838,9,user_0802,0.768421
user_0838,10,user_0971,0.759071
user_0838,11,user_0609,0.758439
user_0838,12,user_0031,0.757838
user_0838,13,user_0478,0.754449
user_0838,14,user_0160,0.753606
user_0838,15,user_0854,0.752397
user_0842,1,user_0456,0.676457
user_0842,2,user_0510,0.675488
user_0842,3,user_0328,0.673486
user_0842,4,user_0326,0.667494
user_0842,5,user_0344,0.664217
user_0842,6,user_0144,0.658989
user_0842,7,user_0563,0.657669
user_0842,8,user_0028,0.657589
user_0842,9,user_0671,0.651366
user_0842,10,user_0459,0.649213
user_0842,11,user_0435,0.646447
user_0842,12,user_0441,0.645524
user_0842,13,user_0240,0.644779
user_0842,14,user_0540,0.643458
user_0842,15,user_0486,0.641886
user_0845,1,user_0415,0.789643
user_0845,2,user_0267,0.777148
user_0845,3,user_0912,0.767669
user_0845,4,user_0147,0.764860
user_0845,5,user_0247,0.760371
user_0845,6,user_0757,0.760029
user_0845,7,user_0437,0.759921
user_0845,8,user_0695,0.758079
user_0845,9,user_0135,0.754079
user_0845,10,user_0274,0.751835
user_0845,11,user_0434,0.751494
user_0845,12,user_0122,0.751281
user_0845,13,user_0153,0.748988
user_0845,14,user_0085,0.747535
user_0845,15,user_0685,0.747312
user_0846,1,user_0504,0.740837
user_0846,2,user_0147,0.724147
user_0846,3,user_0444,0.721322
user_0846,4,user_0733,0.715277
user_0846,5,user_0272,0.712689
user_0846,6,user_0563,0.710489
user_0846,7,user_0534,0.708106
user_0846,8,user_0862,0.704901
user_0846,9,user_0812,0.704151
user_0846,10,user_0157,0.704027
user_0846,11,user_0224,0.703741
user_0846,12,user_0267,0.703634
user_0846,13,user_0074,0.701226
user_0846,14,user_0486,0.700331
user_0846,15,user_0643,0.700088
user_0848,1,user_0668,0.687414
user_0848,2,user_0848,0.670200
user_0848,3,user_0876,0.663763
user_0848,4,user_0704,0.640773
user_0848,5,user_0832,0.640296
user_0848,6,user_0384,0.636591
user_0848,7,user_0566,0.630655
user_0848,8,user_0803,0.621178
user_0848,9,user_0859,0.620901
user_0848,10,user_0794,0.620671
user_0848,11,user_0718,0.619453
user_0848,12,user_0222,0.617386
user_0848,13,user_0104,0.615506
user_0848,14,user_0947,0.615323
user_0848,15,user_0705,0.614168
user_0850,1,user_0850,0.827461
user_0850,2,user_0433,0.719010
user_0850,3,user_0827,0.707135
user_0850,4,user_0972,0.705998
user_0850,5,user_0415,0.700758
user_0850,6,user_0444,0.698841
user_0850,7,user_0147,0.695878
user_0850,8,user_0620,0.695213
user_0850,9,user_0671,0.695091
user_0850,10,user_0270,0.693316
user_0850,11,user_0557,0.691529
user_0850,12,user_0917,0.690120
user_0850,13,user_0815,0.687737
user_0850,14,user_0183,0.687194
user_0850,15,user_0195,0.686768
user_0854,1,user_0502,0.789867
user_0854,2,user_0160,0.758424
user_0854,3,user_0661,0.750418
user_0854,4,user_0158,0.745329
user_0854,5,user_0800,0.744701
user_0854,6,user_0290,0.743793
user_0854,7,user_0981,0.739592
user_0854,8,user_0689,0.736623
user_0854,9,user_0458,0.736442
user_0854,10,user_0023,0.733039
user_0854,11,user_0396,0.727734
user_0854,12,user_0890,0.727174
user_0854,13,user_0854,0.719351
user_0854,14,user_0390,0.712566
user_0854,15,user_0931,0.708411
user_0855,1,user_0578,0.803210
user_0855,2,user_0838,0.778157
user_0855,3,user_0293,0.773053
user_0855,4,user_0868,0.772061
user_0855,5,user_0969,0.761409
user_0855,6,user_0549,0.761037
user_0855,7,user_0609,0.761006
user_0855,8,user_0032,0.757398
user_0855,9,user_0971,0.751447
user_0855,10,user_0541,0.748559
user_0855,11,user_0160,0.747971
user_0855,12,user_0585,0.746105
user_0855,13,user_0021,0.745868
user_0855,14,user_0669,0.745663
user_0855,15,user_0334,0.745411
user_0856,1,user_0478,0.880889
user_0856,2,user_0870,0.844533
user_0856,3,user_0397,0.838301
user_0856,4,user_0351,0.830524
user_0856,5,user_0012,0.825206
user_0856,6,user_0221,0.818481
user_0856,7,user_0611,0.815768
user_0856,8,user_0160,0.813237
user_0856,9,user_0046,0.811917
user_0856,10,user_0669,0.809042
user_0856,11,user_0969,0.806659
user_0856,12,user_0971,0.805400
user_0856,13,user_0048,0.803799
user_0856,14,user_0424,0.803639
user_0856,15,user_0188,0.798387
user_0858,1,user_0415,0.758537
user_0858,2,user_0160,0.742750
user_0858,3,user_0279,0.724998
user_0858,4,user_0123,0.715381
user_0858,5,user_0270,0.715107
user_0858,6,user_0224,0.713699
user_0858,7,user_0622,0.712953
user_0858,8,user_0045,0.712781
user_0858,9,user_0733,0.712730
user_0858,10,user_0157,0.711308
user_0858,11,user_0090,0.710499
user_0858,12,user_0290,0.709032
user_0858,13,user_0563,0.708777
user_0858,14,user_0444,0.704762
user_0858,15,user_0011,0.704142
user_0860,1,user_0422,0.833470
user_0860,2,user_0557,0.822428
user_0860,3,user_0334,0.821791
user_0860,4,user_0437,0.821108
user_0860,5,user_0415,0.821035
user_0860,6,user_0815,0.820989
user_0860,7,user_0695,0.820331
user_0860,8,user_0715,0.813948
user_0860,9,user_0147,0.810343
user_0860,10,user_0196,0.808005
user_0860,11,user_0073,0.805732
user_0860,12,user_0745,0.805209
user_0860,13,user_0547,0.804444
user_0860,14,user_0614,0.803907
user_0860,15,user_0563,0.803546
user_0862,1,user_0351,0.670379
user_0862,2,user_0862,0.665216
user_0862,3,user_0160,0.654117
user_0862,4,user_0267,0.650649
user_0862,5,user_0976,0.646554
user_0862,6,user_0563,0.642412
user_0862,7,user_0397,0.642366
user_0862,8,user_0396,0.641549
user_0862,9,user_0011,0.641347
user_0862,10,user_0363,0.637993
user_0862,11,user_0260,0.636890
user_0862,12,user_0345,0.636129
user_0862,13,user_0780,0.635862
user_0862,14,user_0917,0.633674
user_0862,15,user_0328,0.627244
user_0864,1,user_0864,0.786746
user_0864,2,user_0437,0.775179
user_0864,3,user_0486,0.762176
user_0864,4,user_0815,0.761056
user_0864,5,user_0733,0.760377
user_0864,6,user_0639,0.756306
user_0864,7,user_0270,0.755795
user_0864,8,user_0614,0.754783
user_0864,9,user_0147,0.754368
user_0864,10,user_0047,0.754258
user_0864,11,user_0074,0.753136
user_0864,12,user_0412,0.751238
user_0864,13,user_0812,0.747869
user_0864,14,user_0451,0.745937
user_0864,15,user_0504,0.742456
user_0866,1,user_0147,0.697787
user_0866,2,user_0866,0.689604
user_0866,3,user_0499,0.682882
user_0866,4,user_0099,0.667832
user_0866,5,user_0510,0.659749
user_0866,6,user_0740,0.654287
user_0866,7,user_0547,0.652723
user_0866,8,user_0600,0.651231
user_0866,9,user_0812,0.647261
user_0866,10,user_0495,0.647094
user_0866,11,user_0795,0.646862
user_0866,12,user_0862,0.646304
user_0866,13,user_0637,0.645874
user_0866,14,user_0643,0.644943
user_0866,15,user_0607,0.642904
user_0867,1,user_0461,0.708573
user_0867,2,user_0343,0.685709
user_0867,3,user_0583,0.674845
user_0867,4,user_0628,0.665717
user_0867,5,user_0328,0.662947
user_0867,6,user_0409,0.657021
user_0867,7,user_0110,0.645823
user_0867,8,user_0122,0.644856
user_0867,9,user_0868,0.644325
user_0867,10,user_0698,0.639960
user_0867,11,user_0205,0.639781
user_0867,12,user_0518,0.639092
user_0867,13,user_0984,0.638637
user_0867,14,user_0521,0.637879
user_0867,15,user_0693,0.634591
user_0868,1,user_0415,0.772532
user_0868,2,user_0868,0.757093
user_0868,3,user_0334,0.756656
user_0868,4,user_0293,0.754214
user_0868,5,user_0815,0.747916
user_0868,6,user_0099,0.747038
user_0868,7,user_0437,0.745653
user_0868,8,user_0147,0.740732
user_0868,9,user_0541,0.739529
user_0868,10,user_0924,0.739119
user_0868,11,user_0812,0.734401
user_0868,12,user_0821,0.733659
user_0868,13,user_0823,0.733601
user_0868,14,user_0312,0.733081
user_0868,15,user_0270,0.731707
user_0870,1,user_0221,0.863942
user_0870,2,user_0870,0.856898
user_0870,3,user_0351,0.851103
user_0870,4,user_0397,0.835773
user_0870,5,user_0478,0.828216
user_0870,6,user_0721,0.818593
user_0870,7,user_0188,0.811767
user_0870,8,user_0897,0.811540
user_0870,9,user_0780,0.810864
user_0870,10,user_0267,0.807268
user_0870,11,user_0563,0.798826
user_0870,12,user_0015,0.793928
user_0870,13,user_0971,0.789727
user_0870,14,user_0611,0.789576
user_0870,15,user_0160,0.788816
user_0871,1,user_0271,0.788271
user_0871,2,user_0378,0.787994
user_0871,3,user_0563,0.782788
user_0871,4,user_0279,0.780079
user_0871,5,user_0871,0.775835
user_0871,6,user_0600,0.774315
user_0871,7,user_0732,0.773918
user_0871,8,user_0147,0.773110
user_0871,9,user_0495,0.768717
user_0871,10,user_0099,0.768230
user_0871,11,user_0569,0.767798
user_0871,12,user_0148,0.767141
user_0871,13,user_0415,0.766138
user_0871,14,user_0546,0.763027
user_0871,15,user_0448,0.760892
user_0873,1,user_0941,0.728827
user_0873,2,user_0816,0.683193
user_0873,3,user_0370,0.679647
user_0873,4,user_0725,0.679607
user_0873,5,user_0980,0.676583
user_0873,6,user_0030,0.668229
user_0873,7,user_0178,0.666915
user_0873,8,user_0384,0.665556
user_0873,9,user_0072,0.665542
user_0873,10,user_0214,0.660152
user_0873,11,user_0136,0.659732
user_0873,12,user_0231,0.658918
user_0873,13,user_0252,0.657901
user_0873,14,user_0185,0.655789
user_0873,15,user_0715,0.655242
user_0875,1,user_0043,0.832755
user_0875,2,user_0641,0.811725
user_0875,3,user_0352,0.810769
user_0875,4,user_0417,0.806187
user_0875,5,user_0045,0.805100
user_0875,6,user_0400,0.801685
user_0875,7,user_0334,0.800825
user_0875,8,user_0224,0.798957
user_0875,9,user_0504,0.798735
user_0875,10,user_0415,0.797808
user_0875,11,user_0410,0.797764
user_0875,12,user_0123,0.795898
user_0875,13,user_0153,0.792828
user_0875,14,user_0270,0.791299
user_0875,15,user_0961,0.790219
user_0876,1,user_0099,0.798544
user_0876,2,user_0803,0.794854
user_0876,3,user_0092,0.780621
user_0876,4,user_0020,0.775405
user_0876,5,user_0524,0.774565
user_0876,6,user_0231,0.768941
user_0876,7,user_0123,0.767680
user_0876,8,user_0090,0.765790
user_0876,9,user_0011,0.764852
user_0876,10,user_0224,0.760687
user_0876,11,user_0132,0.759501
user_0876,12,user_0569,0.758424
user_0876,13,user_0119,0.757308
user_0876,14,user_0724,0.757104
user_0876,15,user_0415,0.754842
user_0877,1,user_0877,0.733206
user_0877,2,user_0393,0.623025
user_0877,3,user_0334,0.619380
user_0877,4,user_0090,0.618632
user_0877,5,user_0771,0.612313
user_0877,6,user_0098,0.609453
user_0877,7,user_0434,0.607532
user_0877,8,user_0240,0.605579
user_0877,9,user_0225,0.601175
user_0877,10,user_0311,0.597030
user_0877,11,user_0863,0.594378
user_0877,12,user_0415,0.593339
user_0877,13,user_0622,0.592452
user_0877,14,user_0172,0.591197
user_0877,15,user_0071,0.589493
user_0882,1,user_0862,0.827752
user_0882,2,user_0882,0.826519
user_0882,3,user_0267,0.823673
user_0882,4,user_0563,0.805008
user_0882,5,user_0045,0.797394
user_0882,6,user_0912,0.797204
user_0882,7,user_0415,0.795432
user_0882,8,user_0123,0.795152
user_0882,9,user_0757,0.794258
user_0882,10,user_0026,0.791953
user_0882,11,user_0420,0.791190
user_0882,12,user_0671,0.790645
user_0882,13,user_0504,0.789108
user_0882,14,user_0443,0.788849
user_0882,15,user_0237,0.788306
user_0883,1,user_0451,0.652381
user_0883,2,user_0378,0.618653
user_0883,3,user_0147,0.608797
user_0883,4,user_0557,0.607165
user_0883,5,user_0437,0.602979
user_0883,6,user_0561,0.597297
user_0883,7,user_0572,0.592749
user_0883,8,user_0534,0.590809
user_0883,9,user_0726,0.590226
user_0883,10,user_0158,0.589133
user_0883,11,user_0061,0.588402
user_0883,12,user_0689,0.585648
user_0883,13,user_0984,0.585253
user_0883,14,user_0074,0.582091
user_0883,15,user_0450,0.579262
user_0885,1,user_0147,0.804714
user_0885,2,user_0099,0.761133
user_0885,3,user_0557,0.751533
user_0885,4,user_0444,0.748801
user_0885,5,user_0547,0.742982
user_0885,6,user_0437,0.735840
user_0885,7,user_0085,0.735707
user_0885,8,user_0758,0.735672
user_0885,9,user_0812,0.734126
user_0885,10,user_0157,0.731233
user_0885,11,user_0451,0.729500
user_0885,12,user_0415,0.727935
user_0885,13,user_0539,0.726752
user_0885,14,user_0135,0.725944
user_0885,15,user_0506,0.722859
user_0887,1,user_0135,0.714858
user_0887,2,user_0862,0.714480
user_0887,3,user_0156,0.711682
user_0887,4,user_0826,0.710394
user_0887,5,user_0803,0.709013
user_0887,6,user_0045,0.708746
user_0887,7,user_0071,0.707214
user_0887,8,user_0652,0.702830
user_0887,9,user_0160,0.694803
user_0887,10,user_0507,0.691374
user_0887,11,user_0157,0.690724
user_0887,12,user_0026,0.686315
user_0887,13,user_0267,0.686270
user_0887,14,user_0524,0.684105
user_0887,15,user_0191,0.682329
user_0888,1,user_0888,0.855893
user_0888,2,user_0158,0.855699
user_0888,3,user_0583,0.845665
user_0888,4,user_0177,0.840968
user_0888,5,user_0661,0.838757
user_0888,6,user_0689,0.825234
user_0888,7,user_0345,0.824424
user_0888,8,user_0318,0.823107
user_0888,9,user_0577,0.823020
user_0888,10,user_0502,0.818054
user_0888,11,user_0160,0.814714
user_0888,12,user_0181,0.811487
user_0888,13,user_0608,0.809606
user_0888,14,user_0061,0.792264
user_0888,15,user_0117,0.790938
user_0890,1,user_0160,0.831851
user_0890,2,user_0661,0.813909
user_0890,3,user_0979,0.812077
user_0890,4,user_0345,0.810263
user_0890,5,user_0890,0.805620
user_0890,6,user_0290,0.800395
user_0890,7,user_0689,0.799514
user_0890,8,user_0919,0.794342
user_0890,9,user_0373,0.790968
user_0890,10,user_0800,0.789016
user_0890,11,user_0158,0.788936
user_0890,12,user_0502,0.786110
user_0890,13,user_0607,0.782274
user_0890,14,user_0608,0.781682
user_0890,15,user_0390,0.781392
user_0891,1,user_0293,0.840269
user_0891,2,user_0839,0.815797
user_0891,3,user_0868,0.815130
user_0891,4,user_0511,0.813549
user_0891,5,user_0032,0.803993
user_0891,6,user_0031,0.803667
user_0891,7,user_0669,0.798890
user_0891,8,user_0609,0.797046
user_0891,9,user_0854,0.795883
user_0891,10,user_0425,0.794568
user_0891,11,user_0585,0.792816
user_0891,12,user_0662,0.792215
user_0891,13,user_0235,0.791896
user_0891,14,user_0954,0.790703
user_0891,15,user_0960,0.790559
user_0895,1,user_0457,0.762101
user_0895,2,user_0863,0.749150
user_0895,3,user_0090,0.746708
user_0895,4,user_0902,0.737393
user_0895,5,user_0425,0.732283
user_0895,6,user_0415,0.730541
user_0895,7,user_0179,0.726665
user_0895,8,user_0417,0.722966
user_0895,9,user_0434,0.720637
user_0895,10,user_0311,0.714518
user_0895,11,user_0157,0.713709
user_0895,12,user_0045,0.709083
user_0895,13,user_0153,0.708854
user_0895,14,user_0349,0.707133
user_0895,15,user_0069,0.706998
user_0898,1,user_0160,0.804508
user_0898,2,user_0898,0.795678
user_0898,3,user_0373,0.794561
user_0898,4,user_0158,0.784294
user_0898,5,user_0661,0.779604
user_0898,6,user_0290,0.775318
user_0898,7,user_0800,0.775163
user_0898,8,user_0345,0.769364
user_0898,9,user_0317,0.766024
user_0898,10,user_0979,0.765824
user_0898,11,user_0931,0.764678
user_0898,12,user_0708,0.760005
user_0898,13,user_0608,0.759226
user_0898,14,user_0890,0.756875
user_0898,15,user_0568,0.755130
user_0900,1,user_0415,0.707133
user_0900,2,user_0147,0.704161
user_0900,3,user_0066,0.695038
user_0900,4,user_0444,0.693918
user_0900,5,user_0563,0.691960
user_0900,6,user_0547,0.690884
user_0900,7,user_0504,0.685944
user_0900,8,user_0095,0.683267
user_0900,9,user_0443,0.677851
user_0900,10,user_0811,0.675392
user_0900,11,user_0135,0.673486
user_0900,12,user_0862,0.673280
user_0900,13,user_0614,0.671060
user_0900,14,user_0410,0.666282
user_0900,15,user_0473,0.665843
user_0905,1,user_0708,0.629315
user_0905,2,user_0622,0.621890
user_0905,3,user_0425,0.616794
user_0905,4,user_0029,0.608620
user_0905,5,user_0863,0.603489
user_0905,6,user_0891,0.601120
user_0905,7,user_0544,0.595994
user_0905,8,user_0765,0.595614
user_0905,9,user_0735,0.593856
user_0905,10,user_0520,0.592390
user_0905,11,user_0458,0.590017
user_0905,12,user_0434,0.588590
user_0905,13,user_0365,0.584812
user_0905,14,user_0796,0.583101
user_0905,15,user_0948,0.579445
user_0906,1,user_0415,0.808117
user_0906,2,user_0123,0.792814
user_0906,3,user_0515,0.770584
user_0906,4,user_0334,0.769930
user_0906,5,user_0902,0.768901
user_0906,6,user_0913,0.766517
user_0906,7,user_0045,0.762947
user_0906,8,user_0043,0.758392
user_0906,9,user_0614,0.758061
user_0906,10,user_0099,0.756054
user_0906,11,user_0179,0.752477
user_0906,12,user_0224,0.752325
user_0906,13,user_0107,0.751084
user_0906,14,user_0563,0.749928
user_0906,15,user_0641,0.745646
user_0907,1,user_0671,0.819938
user_0907,2,user_0862,0.813704
user_0907,3,user_0563,0.812661
user_0907,4,user_0790,0.793462
user_0907,5,user_0408,0.791759
user_0907,6,user_0267,0.788390
user_0907,7,user_0593,0.787087
user_0907,8,user_0345,0.786043
user_0907,9,user_0600,0.785595
user_0907,10,user_0137,0.783994
user_0907,11,user_0160,0.782093
user_0907,12,user_0787,0.782069
user_0907,13,user_0229,0.779996
user_0907,14,user_0703,0.774763
user_0907,15,user_0168,0.774340
user_0908,1,user_0158,0.835355
user_0908,2,user_0583,0.831084
user_0908,3,user_0577,0.822520
user_0908,4,user_0177,0.822068
user_0908,5,user_0888,0.821181
user_0908,6,user_0318,0.816908
user_0908,7,user_0689,0.814331
user_0908,8,user_0661,0.806206
user_0908,9,user_0608,0.802310
user_0908,10,user_0181,0.799016
user_0908,11,user_0160,0.798597
user_0908,12,user_0805,0.786576
user_0908,13,user_0345,0.784763
user_0908,14,user_0010,0.778435
user_0908,15,user_0117,0.776780
user_0909,1,user_0661,0.727387
user_0909,2,user_0160,0.726767
user_0909,3,user_0181,0.716360
user_0909,4,user_0078,0.711959
user_0909,5,user_0909,0.711917
user_0909,6,user_0608,0.711194
user_0909,7,user_0849,0.710971
user_0909,8,user_0610,0.708196
user_0909,9,user_0345,0.708101
user_0909,10,user_0373,0.705633
user_0909,11,user_0793,0.702371
user_0909,12,user_0262,0.700834
user_0909,13,user_0363,0.698052
user_0909,14,user_0274,0.697803
user_0909,15,user_0410,0.696339
user_0913,1,user_0160,0.795171
user_0913,2,user_0123,0.782350
user_0913,3,user_0153,0.781330
user_0913,4,user_0661,0.771767
user_0913,5,user_0290,0.771548
user_0913,6,user_0247,0.768769
user_0913,7,user_0685,0.768013
user_0913,8,user_0869,0.766838
user_0913,9,user_0415,0.765000
user_0913,10,user_0969,0.764444
user_0913,11,user_0808,0.758524
user_0913,12,user_0338,0.757401
user_0913,13,user_0224,0.757283
user_0913,14,user_0237,0.756346
user_0913,15,user_0099,0.756161
user_0914,1,user_0971,0.812207
user_0914,2,user_0969,0.781913
user_0914,3,user_0160,0.766550
user_0914,4,user_0757,0.765247
user_0914,5,user_0795,0.763745
user_0914,6,user_0954,0.760870
user_0914,7,user_0359,0.759514
user_0914,8,user_0293,0.757061
user_0914,9,user_0166,0.756767
user_0914,10,user_0741,0.756296
user_0914,11,user_0974,0.751660
user_0914,12,user_0425,0.747498
user_0914,13,user_0839,0.747301
user_0914,14,user_0578,0.742154
user_0914,15,user_0808,0.740413
user_0920,1,user_0682,0.769905
user_0920,2,user_0293,0.760629
user_0920,3,user_0854,0.759684
user_0920,4,user_0920,0.757208
user_0920,5,user_0960,0.756871
user_0920,6,user_0969,0.755351
user_0920,7,user_0014,0.751976
user_0920,8,user_0375,0.750140
user_0920,9,user_0588,0.749415
user_0920,10,user_0839,0.748438
user_0920,11,user_0160,0.747355
user_0920,12,user_0868,0.745347
user_0920,13,user_0167,0.743345
user_0920,14,user_0802,0.741495
user_0920,15,user_0970,0.741430
user_0924,1,user_0650,0.873043
user_0924,2,user_0924,0.857648
user_0924,3,user_0361,0.832258
user_0924,4,user_0808,0.827230
user_0924,5,user_0927,0.820432
user_0924,6,user_0269,0.818933
user_0924,7,user_0354,0.801584
user_0924,8,user_0742,0.800535
user_0924,9,user_0969,0.785519
user_0924,10,user_0355,0.784892
user_0924,11,user_0971,0.771726
user_0924,12,user_0791,0.760976
user_0924,13,user_0271,0.760670
user_0924,14,user_0259,0.759016
user_0924,15,user_0564,0.756841
user_0926,1,user_0124,0.719332
user_0926,2,user_0577,0.714980
user_0926,3,user_0355,0.713303
user_0926,4,user_0686,0.700403
user_0926,5,user_0260,0.700350
user_0926,6,user_0130,0.697916
user_0926,7,user_0945,0.696493
user_0926,8,user_0897,0.692434
user_0926,9,user_0721,0.691927
user_0926,10,user_0221,0.690371
user_0926,11,user_0862,0.689797
user_0926,12,user_0637,0.687344
user_0926,13,user_0269,0.685462
user_0926,14,user_0583,0.685331
user_0926,15,user_0645,0.682314
user_0928,1,user_0969,0.788666
user_0928,2,user_0167,0.786144
user_0928,3,user_0099,0.779092
user_0928,4,user_0920,0.770592
user_0928,5,user_0259,0.770412
user_0928,6,user_0160,0.768110
user_0928,7,user_0588,0.765302
user_0928,8,user_0928,0.754212
user_0928,9,user_0692,0.752019
user_0928,10,user_0808,0.752018
user_0928,11,user_0996,0.751657
user_0928,12,user_0931,0.751174
user_0928,13,user_0740,0.750184
user_0928,14,user_0902,0.746655
user_0928,15,user_0524,0.746077
user_0931,1,user_0160,0.767648
user_0931,2,user_0267,0.765149
user_0931,3,user_0158,0.760085
user_0931,4,user_0661,0.756503
user_0931,5,user_0563,0.754492
user_0931,6,user_0689,0.753659
user_0931,7,user_0608,0.750303
user_0931,8,user_0345,0.748015
user_0931,9,user_0177,0.747993
user_0931,10,user_0600,0.745332
user_0931,11,user_0888,0.742844
user_0931,12,user_0931,0.742047
user_0931,13,user_0279,0.740102
user_0931,14,user_0671,0.740029
user_0931,15,user_0583,0.738050
user_0932,1,user_0932,0.837243
user_0932,2,user_0209,0.783699
user_0932,3,user_0099,0.781006
user_0932,4,user_0628,0.774399
user_0932,5,user_0461,0.771102
user_0932,6,user_0541,0.766180
user_0932,7,user_0122,0.765434
user_0932,8,user_0352,0.751452
user_0932,9,user_0186,0.751030
user_0932,10,user_0224,0.748258
user_0932,11,user_0524,0.747913
user_0932,12,user_0563,0.747450
user_0932,13,user_0921,0.746853
user_0932,14,user_0869,0.743741
user_0932,15,user_0043,0.742763
user_0934,1,user_0444,0.774655
user_0934,2,user_0415,0.772044
user_0934,3,user_0270,0.761525
user_0934,4,user_0563,0.754658
user_0934,5,user_0224,0.748237
user_0934,6,user_0614,0.747594
user_0934,7,user_0934,0.743294
user_0934,8,user_0557,0.742985
user_0934,9,user_0020,0.740542
user_0934,10,user_0099,0.740125
user_0934,11,user_0147,0.739808
user_0934,12,user_0157,0.738746
user_0934,13,user_0335,0.738331
user_0934,14,user_0922,0.736853
user_0934,15,user_0907,0.736399
user_0937,1,user_0862,0.786565
user_0937,2,user_0563,0.767911
user_0937,3,user_0732,0.759424
user_0937,4,user_0790,0.758051
user_0937,5,user_0147,0.752248
user_0937,6,user_0099,0.749784
user_0937,7,user_0944,0.747160
user_0937,8,user_0122,0.745774
user_0937,9,user_0345,0.745690
user_0937,10,user_0267,0.744425
user_0937,11,user_0757,0.743845
user_0937,12,user_0038,0.740473
user_0937,13,user_0420,0.739528
user_0937,14,user_0020,0.738293
user_0937,15,user_0787,0.738042
user_0939,1,user_0147,0.751785
user_0939,2,user_0045,0.720104
user_0939,3,user_0812,0.714180
user_0939,4,user_0473,0.712870
user_0939,5,user_0215,0.710608
user_0939,6,user_0157,0.710567
user_0939,7,user_0123,0.709813
user_0939,8,user_0506,0.707079
user_0939,9,user_0350,0.706859
user_0939,10,user_0600,0.706106
user_0939,11,user_0067,0.705014
user_0939,12,user_0239,0.703355
user_0939,13,user_0315,0.703333
user_0939,14,user_0085,0.702482
user_0939,15,user_0563,0.702453
user_0942,1,user_0335,0.790055
user_0942,2,user_0991,0.787500
user_0942,3,user_0224,0.786820
user_0942,4,user_0704,0.781444
user_0942,5,user_0524,0.781385
user_0942,6,user_0462,0.775528
user_0942,7,user_0157,0.774308
user_0942,8,user_0003,0.773012
user_0942,9,user_0339,0.772418
user_0942,10,user_0803,0.770778
user_0942,11,user_0045,0.769760
user_0942,12,user_0652,0.769549
user_0942,13,user_0913,0.768540
user_0942,14,user_0279,0.768361
user_0942,15,user_0784,0.767949
user_0947,1,user_0815,0.795895
user_0947,2,user_0152,0.794732
user_0947,3,user_0653,0.791580
user_0947,4,user_0437,0.789356
user_0947,5,user_0073,0.782725
user_0947,6,user_0695,0.781270
user_0947,7,user_0604,0.779121
user_0947,8,user_0422,0.776571
user_0947,9,user_0334,0.774478
user_0947,10,user_0715,0.773920
user_0947,11,user_0617,0.769100
user_0947,12,user_0316,0.763618
user_0947,13,user_0557,0.755553
user_0947,14,user_0812,0.752622
user_0947,15,user_0415,0.741416
user_0948,1,user_0290,0.890617
user_0948,2,user_0160,0.874965
user_0948,3,user_0979,0.836913
user_0948,4,user_0661,0.825102
user_0948,5,user_0345,0.819864
user_0948,6,user_0502,0.812595
user_0948,7,user_0608,0.808285
user_0948,8,user_0181,0.807024
user_0948,9,user_0931,0.805740
user_0948,10,user_0158,0.804918
user_0948,11,user_0607,0.803018
user_0948,12,user_0890,0.800571
user_0948,13,user_0554,0.795800
user_0948,14,user_0800,0.794843
user_0948,15,user_0645,0.787304
user_0949,1,user_0944,0.842927
user_0949,2,user_0363,0.819721
user_0949,3,user_0020,0.819195
user_0949,4,user_0157,0.806945
user_0949,5,user_0422,0.805185
user_0949,6,user_0758,0.804292
user_0949,7,user_0563,0.804183
user_0949,8,user_0663,0.800398
user_0949,9,user_0147,0.796798
user_0949,10,user_0524,0.796243
user_0949,11,user_0790,0.795374
user_0949,12,user_0325,0.794332
user_0949,13,user_0959,0.792030
user_0949,14,user_0420,0.791339
user_0949,15,user_0793,0.788812
user_0952,1,user_0952,0.674360
user_0952,2,user_0917,0.665158
user_0952,3,user_0858,0.657928
user_0952,4,user_0055,0.633158
user_0952,5,user_0643,0.630251
user_0952,6,user_0972,0.624800
user_0952,7,user_0688,0.622077
user_0952,8,user_0114,0.620237
user_0952,9,user_0041,0.617204
user_0952,10,user_0387,0.615520
user_0952,11,user_0202,0.613145
user_0952,12,user_0853,0.612808
user_0952,13,user_0827,0.612053
user_0952,14,user_0775,0.611333
user_0952,15,user_0540,0.610126
user_0954,1,user_0954,0.812342
user_0954,2,user_0709,0.789333
user_0954,3,user_0971,0.776764
user_0954,4,user_0188,0.770374
user_0954,5,user_0897,0.761488
user_0954,6,user_0512,0.742684
user_0954,7,user_0974,0.737864
user_0954,8,user_0320,0.733451
user_0954,9,user_0689,0.725564
user_0954,10,user_0015,0.721614
user_0954,11,user_0063,0.718622
user_0954,12,user_0576,0.716616
user_0954,13,user_0810,0.715193
user_0954,14,user_0721,0.714774
user_0954,15,user_0969,0.713961
user_0955,1,user_0543,0.814009
user_0955,2,user_0047,0.802253
user_0955,3,user_0745,0.796742
user_0955,4,user_0147,0.789161
user_0955,5,user_0985,0.786283
user_0955,6,user_0157,0.782363
user_0955,7,user_0504,0.780858
user_0955,8,user_0444,0.779824
user_0955,9,user_0437,0.778551
user_0955,10,user_0557,0.777215
user_0955,11,user_0477,0.775978
user_0955,12,user_0267,0.773888
user_0955,13,user_0541,0.770748
user_0955,14,user_0726,0.770248
user_0955,15,user_0448,0.767794
user_0956,1,user_0600,0.840446
user_0956,2,user_0267,0.829913
user_0956,3,user_0147,0.825020
user_0956,4,user_0862,0.824162
user_0956,5,user_0563,0.821584
user_0956,6,user_0757,0.804722
user_0956,7,user_0518,0.803814
user_0956,8,user_0504,0.802745
user_0956,9,user_0415,0.800555
user_0956,10,user_0661,0.800535
user_0956,11,user_0671,0.799679
user_0956,12,user_0160,0.798914
user_0956,13,user_0397,0.797442
user_0956,14,user_0047,0.796242
user_0956,15,user_0793,0.794175
user_0957,1,user_0501,0.659131
user_0957,2,user_0661,0.617677
user_0957,3,user_0340,0.614325
user_0957,4,user_0147,0.613071
user_0957,5,user_0862,0.611679
user_0957,6,user_0158,0.611383
user_0957,7,user_0519,0.610180
user_0957,8,user_0247,0.609266
user_0957,9,user_0044,0.608426
user_0957,10,user_0267,0.608369
user_0957,11,user_0976,0.608317
user_0957,12,user_0504,0.608171
user_0957,13,user_0251,0.608107
user_0957,14,user_0695,0.607546
user_0957,15,user_0010,0.605008
user_0959,1,user_0157,0.808425
user_0959,2,user_0563,0.801027
user_0959,3,user_0047,0.796896
user_0959,4,user_0415,0.794895
user_0959,5,user_0732,0.789475
user_0959,6,user_0167,0.786589
user_0959,7,user_0085,0.786365
user_0959,8,user_0541,0.784075
user_0959,9,user_0274,0.784030
user_0959,10,user_0099,0.783435
user_0959,11,user_0224,0.782829
user_0959,12,user_0123,0.781981
user_0959,13,user_0477,0.780392
user_0959,14,user_0448,0.779652
user_0959,15,user_0043,0.779045
user_0961,1,user_0099,0.840149
user_0961,2,user_0879,0.838134
user_0961,3,user_0415,0.836629
user_0961,4,user_0540,0.825834
user_0961,5,user_0224,0.823012
user_0961,6,user_0683,0.816378
user_0961,7,user_0961,0.813863
user_0961,8,user_0504,0.813526
user_0961,9,user_0174,0.812809
user_0961,10,user_0151,0.812378
user_0961,11,user_0399,0.810431
user_0961,12,user_0420,0.807869
user_0961,13,user_0437,0.807746
user_0961,14,user_0541,0.806938
user_0961,15,user_0844,0.806284
user_0963,1,user_0963,0.764158
user_0963,2,user_0665,0.670156
user_0963,3,user_0176,0.651875
user_0963,4,user_0334,0.648472
user_0963,5,user_0684,0.639991
user_0963,6,user_0080,0.637062
user_0963,7,user_0630,0.635184
user_0963,8,user_0604,0.635112
user_0963,9,user_0372,0.627393
user_0963,10,user_0054,0.624408
user_0963,11,user_0953,0.624119
user_0963,12,user_0595,0.623595
user_0963,13,user_0001,0.621919
user_0963,14,user_0035,0.621382
user_0963,15,user_0159,0.620221
user_0964,1,user_0457,0.749397
user_0964,2,user_0045,0.737677
user_0964,3,user_0099,0.721531
user_0964,4,user_0231,0.715644
user_0964,5,user_0902,0.714524
user_0964,6,user_0761,0.713604
user_0964,7,user_0334,0.713121
user_0964,8,user_0428,0.709713
user_0964,9,user_0335,0.708245
user_0964,10,user_0765,0.707116
user_0964,11,user_0224,0.706313
user_0964,12,user_0156,0.706075
user_0964,13,user_0264,0.704576
user_0964,14,user_0879,0.703186
user_0964,15,user_0504,0.702141
user_0965,1,user_0671,0.755745
user_0965,2,user_0504,0.743302
user_0965,3,user_0147,0.741870
user_0965,4,user_0647,0.738180
user_0965,5,user_0694,0.736660
user_0965,6,user_0473,0.735328
user_0965,7,user_0137,0.730433
user_0965,8,user_0557,0.729276
user_0965,9,user_0444,0.724520
user_0965,10,user_0420,0.724169
user_0965,11,user_0985,0.723822
user_0965,12,user_0879,0.721725
user_0965,13,user_0447,0.720365
user_0965,14,user_0510,0.720307
user_0965,15,user_0703,0.718504
user_0967,1,user_0519,0.844205
user_0967,2,user_0413,0.829010
user_0967,3,user_0967,0.826335
user_0967,4,user_0608,0.823788
user_0967,5,user_0849,0.822348
user_0967,6,user_0415,0.820313
user_0967,7,user_0160,0.816715
user_0967,8,user_0011,0.813220
user_0967,9,user_0740,0.812526
user_0967,10,user_0770,0.810536
user_0967,11,user_0969,0.801016
user_0967,12,user_0563,0.791683
user_0967,13,user_0931,0.790068
user_0967,14,user_0099,0.790064
user_0967,15,user_0147,0.785701
user_0968,1,user_0099,0.867455
user_0968,2,user_0563,0.839311
user_0968,3,user_0224,0.833503
user_0968,4,user_0415,0.830557
user_0968,5,user_0524,0.827608
user_0968,6,user_0405,0.826442
user_0968,7,user_0916,0.826320
user_0968,8,user_0045,0.825175
user_0968,9,user_0410,0.824284
user_0968,10,user_0879,0.822988
user_0968,11,user_0641,0.822523
user_0968,12,user_0902,0.819419
user_0968,13,user_0457,0.818109
user_0968,14,user_0961,0.817768
user_0968,15,user_0913,0.817591
user_0969,1,user_0969,0.785084
user_0969,2,user_0328,0.750648
user_0969,3,user_0355,0.743374
user_0969,4,user_0269,0.742424
user_0969,5,user_0471,0.731254
user_0969,6,user_0795,0.724772
user_0969,7,user_0637,0.721069
user_0969,8,user_0499,0.719886
user_0969,9,user_0160,0.716443
user_0969,10,user_0971,0.715784
user_0969,11,user_0260,0.707689
user_0969,12,user_0011,0.706558
user_0969,13,user_0808,0.700632
user_0969,14,user_0610,0.699677
user_0969,15,user_0271,0.697587
user_0971,1,user_0971,0.885924
user_0971,2,user_0974,0.846491
user_0971,3,user_0969,0.822970
user_0971,4,user_0357,0.806943
user_0971,5,user_0188,0.804612
user_0971,6,user_0954,0.791717
user_0971,7,user_0897,0.789950
user_0971,8,user_0802,0.779858
user_0971,9,user_0578,0.772805
user_0971,10,user_0259,0.771898
user_0971,11,user_0269,0.768257
user_0971,12,user_0328,0.765849
user_0971,13,user_0425,0.763098
user_0971,14,user_0011,0.760647
user_0971,15,user_0610,0.760078
user_0972,1,user_0862,0.834236
user_0972,2,user_0563,0.833402
user_0972,3,user_0913,0.814141
user_0972,4,user_0099,0.813250
user_0972,5,user_0410,0.811413
user_0972,6,user_0147,0.809229
user_0972,7,user_0495,0.807572
user_0972,8,user_0160,0.806325
user_0972,9,user_0614,0.806215
user_0972,10,user_0787,0.805287
user_0972,11,user_0011,0.805147
user_0972,12,user_0267,0.805064
user_0972,13,user_0524,0.804245
user_0972,14,user_0671,0.804163
user_0972,15,user_0427,0.803095
user_0973,1,user_0415,0.848041
user_0973,2,user_0504,0.843929
user_0973,3,user_0224,0.842695
user_0973,4,user_0563,0.838001
user_0973,5,user_0123,0.836599
user_0973,6,user_0157,0.829031
user_0973,7,user_0045,0.824275
user_0973,8,user_0099,0.820300
user_0973,9,user_0600,0.818623
user_0973,10,user_0147,0.818605
user_0973,11,user_0557,0.816181
user_0973,12,user_0444,0.814256
user_0973,13,user_0547,0.810472
user_0973,14,user_0614,0.805864
user_0973,15,user_0857,0.805770
user_0974,1,user_0971,0.857526
user_0974,2,user_0969,0.815731
user_0974,3,user_0425,0.808754
user_0974,4,user_0974,0.801495
user_0974,5,user_0188,0.799538
user_0974,6,user_0954,0.797137
user_0974,7,user_0357,0.781302
user_0974,8,user_0578,0.770672
user_0974,9,user_0549,0.767915
user_0974,10,user_0897,0.767057
user_0974,11,user_0063,0.765515
user_0974,12,user_0270,0.763943
user_0974,13,user_0924,0.762489
user_0974,14,user_0160,0.760650
user_0974,15,user_0259,0.760491
user_0975,1,user_0758,0.763142
user_0975,2,user_0071,0.762394
user_0975,3,user_0070,0.755791
user_0975,4,user_0663,0.753450
user_0975,5,user_0157,0.749057
user_0975,6,user_0363,0.741643
user_0975,7,user_0020,0.738336
user_0975,8,user_0240,0.737894
user_0975,9,user_0938,0.732471
user_0975,10,user_0422,0.732451
user_0975,11,user_0334,0.729486
user_0975,12,user_0281,0.729264
user_0975,13,user_0975,0.729161
user_0975,14,user_0448,0.720349
user_0975,15,user_0828,0.720011
user_0978,1,user_0240,0.590243
user_0978,2,user_0691,0.589459
user_0978,3,user_0071,0.589013
user_0978,4,user_0978,0.588703
user_0978,5,user_0147,0.579941
user_0978,6,user_0300,0.575974
user_0978,7,user_0230,0.571622
user_0978,8,user_0499,0.571133
user_0978,9,user_0309,0.570811
user_0978,10,user_0557,0.570500
user_0978,11,user_0546,0.568578
user_0978,12,user_0732,0.565534
user_0978,13,user_0666,0.564744
user_0978,14,user_0421,0.564618
user_0978,15,user_0600,0.560235
user_0979,1,user_0160,0.838195
user_0979,2,user_0158,0.820330
user_0979,3,user_0661,0.817487
user_0979,4,user_0345,0.807780
user_0979,5,user_0502,0.806889
user_0979,6,user_0608,0.802462
user_0979,7,user_0177,0.799898
user_0979,8,user_0290,0.799830
user_0979,9,user_0979,0.785144
user_0979,10,user_0270,0.783165
user_0979,11,user_0689,0.779359
user_0979,12,user_0931,0.777828
user_0979,13,user_0888,0.774121
user_0979,14,user_0208,0.773252
user_0979,15,user_0312,0.768614
user_0981,1,user_0160,0.879066
user_0981,2,user_0158,0.862314
user_0981,3,user_0661,0.851250
user_0981,4,user_0502,0.845666
user_0981,5,user_0689,0.843865
user_0981,6,user_0290,0.838722
user_0981,7,user_0345,0.827988
user_0981,8,user_0181,0.823728
user_0981,9,user_0931,0.822897
user_0981,10,user_0979,0.811152
user_0981,11,user_0800,0.809690
user_0981,12,user_0373,0.808763
user_0981,13,user_0981,0.808139
user_0981,14,user_0177,0.806811
user_0981,15,user_0608,0.805582
user_0983,1,user_0689,0.763437
user_0983,2,user_0608,0.738574
user_0983,3,user_0373,0.736779
user_0983,4,user_0976,0.731043
user_0983,5,user_0160,0.721337
user_0983,6,user_0661,0.720787
user_0983,7,user_0390,0.714993
user_0983,8,user_0983,0.712586
user_0983,9,user_0582,0.711965
user_0983,10,user_0317,0.709652
user_0983,11,user_0158,0.704637
user_0983,12,user_0267,0.704325
user_0983,13,user_0931,0.703580
user_0983,14,user_0519,0.702292
user_0983,15,user_0177,0.699052
user_0984,1,user_0504,0.796823
user_0984,2,user_0151,0.782058
user_0984,3,user_0270,0.774639
user_0984,4,user_0378,0.774551
user_0984,5,user_0437,0.773002
user_0984,6,user_0733,0.772647
user_0984,7,user_0557,0.770863
user_0984,8,user_0695,0.767718
user_0984,9,user_0485,0.766086
user_0984,10,user_0444,0.765874
user_0984,11,user_0614,0.764652
user_0984,12,user_0412,0.759392
user_0984,13,user_0061,0.757866
user_0984,14,user_0415,0.756951
user_0984,15,user_0984,0.755186
user_0987,1,user_0987,0.770753
user_0987,2,user_0622,0.727336
user_0987,3,user_0045,0.726873
user_0987,4,user_0827,0.716531
user_0987,5,user_0588,0.715580
user_0987,6,user_0970,0.712276
user_0987,7,user_0433,0.710913
user_0987,8,user_0334,0.703620
user_0987,9,user_0899,0.702546
user_0987,10,user_0157,0.699783
user_0987,11,user_0972,0.699166
user_0987,12,user_0158,0.697781
user_0987,13,user_0519,0.696768
user_0987,14,user_0661,0.696016
user_0987,15,user_0123,0.692769
user_0989,1,user_0608,0.735779
user_0989,2,user_0502,0.726062
user_0989,3,user_0158,0.721109
user_0989,4,user_0661,0.717479
user_0989,5,user_0147,0.716098
user_0989,6,user_0583,0.714705
user_0989,7,user_0312,0.711512
user_0989,8,user_0290,0.709378
user_0989,9,user_0823,0.709154
user_0989,10,user_0415,0.708998
user_0989,11,user_0160,0.708375
user_0989,12,user_0931,0.706195
user_0989,13,user_0979,0.700056
user_0989,14,user_0800,0.693866
user_0989,15,user_0888,0.693213
user_0990,1,user_0143,0.822671
user_0990,2,user_0405,0.817166
user_0990,3,user_0715,0.799748
user_0990,4,user_0422,0.799369
user_0990,5,user_0151,0.794863
user_0990,6,user_0217,0.791706
user_0990,7,user_0179,0.791005
user_0990,8,user_0653,0.790840
user_0990,9,user_0222,0.787266
user_0990,10,user_0195,0.786222
user_0990,11,user_0494,0.784871
user_0990,12,user_0507,0.783305
user_0990,13,user_0704,0.783133
user_0990,14,user_0157,0.781232
user_0990,15,user_0334,0.778767
user_0991,1,user_0135,0.538738
user_0991,2,user_0363,0.534309
user_0991,3,user_0590,0.531139
user_0991,4,user_0600,0.528739
user_0991,5,user_0943,0.520705
user_0991,6,user_0444,0.518589
user_0991,7,user_0151,0.515797
user_0991,8,user_0671,0.515134
user_0991,9,user_0944,0.514199
user_0991,10,user_0451,0.513932
user_0991,11,user_0066,0.511988
user_0991,12,user_0350,0.511868
user_0991,13,user_0758,0.509602
user_0991,14,user_0224,0.508688
user_0991,15,user_0691,0.508639
user_0993,1,user_0137,0.788821
user_0993,2,user_0563,0.778277
user_0993,3,user_0671,0.776310
user_0993,4,user_0495,0.774441
user_0993,5,user_0510,0.770314
user_0993,6,user_0168,0.769987
user_0993,7,user_0427,0.765542
user_0993,8,user_0473,0.765044
user_0993,9,user_0048,0.764886
user_0993,10,user_0410,0.764554
user_0993,11,user_0886,0.764551
user_0993,12,user_0633,0.761998
user_0993,13,user_0593,0.759544
user_0993,14,user_0729,0.757789
user_0993,15,user_0474,0.757744
user_0995,1,user_0167,0.745958
user_0995,2,user_0415,0.734180
user_0995,3,user_0011,0.734062
user_0995,4,user_0279,0.728498
user_0995,5,user_0270,0.728188
user_0995,6,user_0467,0.727363
user_0995,7,user_0147,0.725738
user_0995,8,user_0448,0.724538
user_0995,9,user_0563,0.719986
user_0995,10,user_0995,0.719532
user_0995,11,user_0969,0.714192
user_0995,12,user_0099,0.713909
user_0995,13,user_0157,0.713909
user_0995,14,user_0196,0.712926
user_0995,15,user_0335,0.712546
user_0998,1,user_0471,0.860896
user_0998,2,user_0998,0.832397
user_0998,3,user_0444,0.829425
user_0998,4,user_0415,0.811368
user_0998,5,user_0378,0.806932
user_0998,6,user_0011,0.800327
user_0998,7,user_0712,0.797153
user_0998,8,user_0224,0.795668
user_0998,9,user_0099,0.795215
user_0998,10,user_0563,0.794294
user_0998,11,user_0085,0.790732
user_0998,12,user_0043,0.787957
user_0998,13,user_0821,0.786825
user_0998,14,user_0147,0.785678
user_0998,15,user_0123,0.785540
user_0999,1,user_0415,0.785856
user_0999,2,user_0147,0.784413
user_0999,3,user_0270,0.770923
user_0999,4,user_0557,0.768730
user_0999,5,user_0334,0.766913
user_0999,6,user_0437,0.766263
user_0999,7,user_0099,0.764587
user_0999,8,user_0815,0.760334
user_0999,9,user_0477,0.758345
user_0999,10,user_0422,0.757956
user_0999,11,user_0604,0.754340
user_0999,12,user_0504,0.754010
user_0999,13,user_0281,0.753252
user_0999,14,user_0739,0.752237
user_0999,15,user_0279,0.749794
user_1000,1,user_0970,0.646471
user_1000,2,user_0278,0.641738
user_1000,3,user_0302,0.640153
user_1000,4,user_0050,0.629248
user_1000,5,user_0135,0.628408
user_1000,6,user_0521,0.623218
user_1000,7,user_0734,0.621848
user_1000,8,user_0667,0.611017
user_1000,9,user_0827,0.610813
user_1000,10,user_0528,0.610514
user_1000,11,user_0798,0.610237
user_1000,12,user_0830,0.609289
user_1000,13,user_0520,0.607689
user_1000,14,user_0899,0.607190
user_1000,15,user_0454,0.604836
