query_user_id,rank,candidate_user_id,score
user_0001,1,user_0599,0.370191
user_0001,2,user_0674,0.327961
user_0001,3,user_0891,0.216178
user_0001,4,user_0876,0.215718
user_0001,5,user_0848,0.211887
user_0001,6,user_0739,0.183466
user_0001,7,user_0832,0.172872
user_0001,8,user_0457,0.167798
user_0001,9,user_0581,0.154430
user_0001,10,user_0020,0.147581
user_0001,11,user_0322,0.132644
user_0001,12,user_0595,0.125970
user_0001,13,user_0549,0.125726
user_0001,14,user_0794,0.117561
user_0001,15,user_0070,0.083086
user_0003,1,user_0196,0.614523
user_0003,2,user_0048,0.587079
user_0003,3,user_0913,0.561221
user_0003,4,user_0993,0.547111
user_0003,5,user_0011,0.540698
user_0003,6,user_0474,0.518467
user_0003,7,user_0397,0.489020
user_0003,8,user_0857,0.473273
user_0003,9,user_0271,0.466722
user_0003,10,user_0267,0.440813
user_0003,11,user_0772,0.437996
user_0003,12,user_0917,0.433106
user_0003,13,user_0443,0.394930
user_0003,14,user_0563,0.379207
user_0003,15,user_0052,0.350239
user_0004,1,user_0204,0.519564
user_0004,2,user_0004,0.480513
user_0004,3,user_0747,0.441305
user_0004,4,user_0215,0.380861
user_0004,5,user_0815,0.340934
user_0004,6,user_0468,0.324445
user_0004,7,user_0147,0.292251
user_0004,8,user_0689,0.273562
user_0004,9,user_0504,0.266052
user_0004,10,user_0543,0.263472
user_0004,11,user_0313,0.245399
user_0004,12,user_0157,0.194204
user_0004,13,user_0074,0.189801
user_0004,14,user_0812,0.140824
user_0004,15,user_0462,0.126456
user_0007,1,user_0504,0.568402
user_0007,2,user_0441,0.520590
user_0007,3,user_0729,0.483050
user_0007,4,user_0444,0.407750
user_0007,5,user_0366,0.403205
user_0007,6,user_0647,0.389525
user_0007,7,user_0272,0.350403
user_0007,8,user_0614,0.341521
user_0007,9,user_0229,0.240418
user_0007,10,user_0202,0.194188
user_0007,11,user_0473,0.176557
user_0007,12,user_0451,0.160838
user_0007,13,user_0694,0.139046
user_0007,14,user_0074,0.110532
user_0007,15,user_0812,0.106568
user_0008,1,user_0020,0.569139
user_0008,2,user_0758,0.541707
user_0008,3,user_0203,0.538864
user_0008,4,user_0699,0.519330
user_0008,5,user_0157,0.474089
user_0008,6,user_0938,0.410720
user_0008,7,user_0830,0.403328
user_0008,8,user_0363,0.391538
user_0008,9,user_0507,0.373009
user_0008,10,user_0070,0.363568
user_0008,11,user_0399,0.273031
user_0008,12,user_0167,0.253433
user_0008,13,user_0473,0.207338
user_0008,14,user_0417,0.196129
user_0008,15,user_0099,0.165154
user_0009,1,user_0009,0.520049
user_0009,2,user_0186,0.478059
user_0009,3,user_0932,0.462188
user_0009,4,user_0045,0.439669
user_0009,5,user_0127,0.432489
user_0009,6,user_0153,0.405996
user_0009,7,user_0961,0.396117
user_0009,8,user_0765,0.390835
user_0009,9,user_0026,0.389960
user_0009,10,user_0220,0.369197
user_0009,11,user_0122,0.246938
user_0009,12,user_0172,0.223418
user_0009,13,user_0309,0.219144
user_0009,14,user_0434,0.203648
user_0009,15,user_0757,0.168911
user_0010,1,user_0032,0.737982
user_0010,2,user_0891,0.693892
user_0010,3,user_0031,0.648426
user_0010,4,user_0560,0.640599
user_0010,5,user_0838,0.615563
user_0010,6,user_0854,0.603098
user_0010,7,user_0839,0.527305
user_0010,8,user_0868,0.521351
user_0010,9,user_0674,0.512327
user_0010,10,user_0014,0.493060
user_0010,11,user_0504,0.387789
user_0010,12,user_0609,0.372052
user_0010,13,user_0557,0.301751
user_0010,14,user_0578,0.271029
user_0010,15,user_0293,0.266494
user_0012,1,user_0564,0.520069
user_0012,2,user_0548,0.516152
user_0012,3,user_0092,0.515700
user_0012,4,user_0078,0.511838
user_0012,5,user_0969,0.506940
user_0012,6,user_0181,0.482815
user_0012,7,user_0011,0.480504
user_0012,8,user_0046,0.475315
user_0012,9,user_0610,0.474802
user_0012,10,user_0160,0.462593
user_0012,11,user_0271,0.430944
user_0012,12,user_0397,0.414990
user_0012,13,user_0563,0.400099
user_0012,14,user_0355,0.372327
user_0012,15,user_0862,0.353637
user_0013,1,user_0448,0.647536
user_0013,2,user_0552,0.506215
user_0013,3,user_0695,0.420244
user_0013,4,user_0790,0.392207
user_0013,5,user_0267,0.385805
user_0013,6,user_0421,0.385006
user_0013,7,user_0912,0.365270
user_0013,8,user_0913,0.362786
user_0013,9,user_0745,0.312959
user_0013,10,user_0274,0.291081
user_0013,11,user_0147,0.289722
user_0013,12,user_0600,0.278218
user_0013,13,user_0671,0.235503
user_0013,14,user_0563,0.213798
user_0013,15,user_0557,0.149228
user_0016,1,user_0160,0.557748
user_0016,2,user_0583,0.537230
user_0016,3,user_0689,0.531547
user_0016,4,user_0969,0.503178
user_0016,5,user_0577,0.488709
user_0016,6,user_0650,0.483321
user_0016,7,user_0971,0.483268
user_0016,8,user_0502,0.481454
user_0016,9,user_0270,0.467856
user_0016,10,user_0415,0.445010
user_0016,11,user_0158,0.442084
user_0016,12,user_0954,0.407651
user_0016,13,user_0927,0.354165
user_0016,14,user_0924,0.323983
user_0016,15,user_0412,0.178032
user_0020,1,user_0020,0.545854
user_0020,2,user_0410,0.512650
user_0020,3,user_0803,0.502962
user_0020,4,user_0257,0.487692
user_0020,5,user_0011,0.485933
user_0020,6,user_0848,0.479289
user_0020,7,user_0876,0.440073
user_0020,8,user_0819,0.431504
user_0020,9,user_0859,0.429624
user_0020,10,user_0174,0.413962
user_0020,11,user_0148,0.410432
user_0020,12,user_0279,0.396921
user_0020,13,user_0326,0.318707
user_0020,14,user_0270,0.307913
user_0020,15,user_0191,0.208425
user_0022,1,user_0464,0.560979
user_0022,2,user_0151,0.536876
user_0022,3,user_0803,0.529229
user_0022,4,user_0045,0.528859
user_0022,5,user_0270,0.525649
user_0022,6,user_0991,0.506216
user_0022,7,user_0486,0.475455
user_0022,8,user_0022,0.472529
user_0022,9,user_0334,0.445597
user_0022,10,user_0733,0.428726
user_0022,11,user_0437,0.418637
user_0022,12,user_0363,0.377671
user_0022,13,user_0862,0.359414
user_0022,14,user_0715,0.352396
user_0022,15,user_0157,0.342577
user_0026,1,user_0945,0.502675
user_0026,2,user_0198,0.492845
user_0026,3,user_0550,0.492457
user_0026,4,user_0260,0.490899
user_0026,5,user_0029,0.446153
user_0026,6,user_0795,0.436218
user_0026,7,user_0791,0.425397
user_0026,8,user_0122,0.391449
user_0026,9,user_0723,0.390731
user_0026,10,user_0084,0.372954
user_0026,11,user_0345,0.369272
user_0026,12,user_0026,0.354394
user_0026,13,user_0267,0.332755
user_0026,14,user_0862,0.318000
user_0026,15,user_0882,0.206098
user_0028,1,user_0456,0.222338
user_0028,2,user_0028,0.201023
user_0028,3,user_0388,0.178966
user_0028,4,user_0022,0.164566
user_0028,5,user_0345,0.157048
user_0028,6,user_0344,0.138538
user_0028,7,user_0414,0.118204
user_0028,8,user_0326,0.113637
user_0028,9,user_0230,0.111962
user_0028,10,user_0071,0.108025
user_0028,11,user_0328,0.106668
user_0028,12,user_0459,0.092982
user_0028,13,user_0767,0.088911
user_0028,14,user_0250,0.088697
user_0028,15,user_0605,0.074125
user_0031,1,user_0032,0.605406
user_0031,2,user_0031,0.567035
user_0031,3,user_0838,0.553473
user_0031,4,user_0470,0.522194
user_0031,5,user_0854,0.487407
user_0031,6,user_0802,0.442914
user_0031,7,user_0868,0.440114
user_0031,8,user_0969,0.362997
user_0031,9,user_0839,0.348158
user_0031,10,user_0319,0.329319
user_0031,11,user_0971,0.304563
user_0031,12,user_0640,0.281290
user_0031,13,user_0014,0.233169
user_0031,14,user_0924,0.207794
user_0031,15,user_0293,0.109861
user_0033,1,user_0033,0.629094
user_0033,2,user_0011,0.573570
user_0033,3,user_0151,0.562155
user_0033,4,user_0413,0.560651
user_0033,5,user_0901,0.558866
user_0033,6,user_0078,0.550269
user_0033,7,user_0422,0.546227
user_0033,8,user_0279,0.544567
user_0033,9,user_0179,0.534118
user_0033,10,user_0626,0.521523
user_0033,11,user_0893,0.501085
user_0033,12,user_0704,0.484406
user_0033,13,user_0458,0.475504
user_0033,14,user_0231,0.470902
user_0033,15,user_0415,0.456544
user_0037,1,user_0941,0.601964
user_0037,2,user_0252,0.567918
user_0037,3,user_0151,0.486374
user_0037,4,user_0485,0.434960
user_0037,5,user_0733,0.388120
user_0037,6,user_0179,0.356762
user_0037,7,user_0270,0.326849
user_0037,8,user_0036,0.295932
user_0037,9,user_0477,0.284219
user_0037,10,user_0437,0.221352
user_0037,11,user_0744,0.218405
user_0037,12,user_0494,0.170563
user_0037,13,user_0090,0.164868
user_0037,14,user_0462,0.125426
user_0037,15,user_0557,0.118190
user_0040,1,user_0784,0.446527
user_0040,2,user_0156,0.359652
user_0040,3,user_0775,0.356665
user_0040,4,user_0186,0.332833
user_0040,5,user_0912,0.322022
user_0040,6,user_0224,0.310990
user_0040,7,user_0593,0.310396
user_0040,8,user_0123,0.303316
user_0040,9,user_0026,0.293856
user_0040,10,user_0415,0.241075
user_0040,11,user_0045,0.227187
user_0040,12,user_0671,0.209130
user_0040,13,user_0563,0.181283
user_0040,14,user_0862,0.179230
user_0040,15,user_0135,0.136389
user_0041,1,user_0196,0.597462
user_0041,2,user_0011,0.562616
user_0041,3,user_0279,0.517045
user_0041,4,user_0444,0.497351
user_0041,5,user_0614,0.497340
user_0041,6,user_0504,0.464661
user_0041,7,user_0563,0.459808
user_0041,8,user_0415,0.441827
user_0041,9,user_0437,0.432014
user_0041,10,user_0267,0.426697
user_0041,11,user_0443,0.426086
user_0041,12,user_0147,0.412491
user_0041,13,user_0639,0.315489
user_0041,14,user_0547,0.203791
user_0041,15,user_0099,0.124626
user_0043,1,user_0784,0.585571
user_0043,2,user_0913,0.582483
user_0043,3,user_0335,0.539801
user_0043,4,user_0902,0.536561
user_0043,5,user_0279,0.531667
user_0043,6,user_0466,0.529386
user_0043,7,user_0940,0.513478
user_0043,8,user_0052,0.494999
user_0043,9,user_0857,0.494590
user_0043,10,user_0507,0.471516
user_0043,11,user_0097,0.456171
user_0043,12,user_0457,0.451465
user_0043,13,user_0281,0.437081
user_0043,14,user_0563,0.421698
user_0043,15,user_0267,0.417568
user_0045,1,user_0497,0.620230
user_0045,2,user_0982,0.444659
user_0045,3,user_0721,0.430197
user_0045,4,user_0425,0.427974
user_0045,5,user_0644,0.426843
user_0045,6,user_0468,0.425496
user_0045,7,user_0971,0.412000
user_0045,8,user_0397,0.372500
user_0045,9,user_0424,0.351984
user_0045,10,user_0578,0.294936
user_0045,11,user_0902,0.292172
user_0045,12,user_0045,0.278155
user_0045,13,user_0334,0.243083
user_0045,14,user_0535,0.204539
user_0045,15,user_0293,0.083658
user_0046,1,user_0046,0.534186
user_0046,2,user_0478,0.478242
user_0046,3,user_0721,0.451042
user_0046,4,user_0095,0.449957
user_0046,5,user_0397,0.434864
user_0046,6,user_0328,0.335019
user_0046,7,user_0862,0.293630
user_0046,8,user_0351,0.279791
user_0046,9,user_0563,0.263998
user_0046,10,user_0976,0.214435
user_0046,11,user_0147,0.211732
user_0046,12,user_0345,0.208953
user_0046,13,user_0716,0.188650
user_0046,14,user_0269,0.152048
user_0046,15,user_0355,0.081486
user_0047,1,user_0011,0.631288
user_0047,2,user_0270,0.584876
user_0047,3,user_0485,0.577878
user_0047,4,user_0941,0.577243
user_0047,5,user_0157,0.554707
user_0047,6,user_0179,0.551544
user_0047,7,user_0279,0.535437
user_0047,8,user_0477,0.533469
user_0047,9,user_0902,0.527016
user_0047,10,user_0167,0.507797
user_0047,11,user_0614,0.504681
user_0047,12,user_0267,0.440106
user_0047,13,user_0415,0.409958
user_0047,14,user_0563,0.382654
user_0047,15,user_0924,0.332791
user_0049,1,user_0160,0.559906
user_0049,2,user_0317,0.555695
user_0049,3,user_0919,0.543162
user_0049,4,user_0345,0.532209
user_0049,5,user_0373,0.510821
user_0049,6,user_0979,0.483859
user_0049,7,user_0689,0.461256
user_0049,8,user_0177,0.454024
user_0049,9,user_0661,0.452407
user_0049,10,user_0502,0.415018
user_0049,11,user_0976,0.391389
user_0049,12,user_0158,0.377723
user_0049,13,user_0800,0.354079
user_0049,14,user_0805,0.273593
user_0049,15,user_0600,0.246234
user_0052,1,user_0011,0.582426
user_0052,2,user_0689,0.537803
user_0052,3,user_0160,0.537331
user_0052,4,user_0345,0.513963
user_0052,5,user_0270,0.493169
user_0052,6,user_0328,0.479691
user_0052,7,user_0279,0.477072
user_0052,8,user_0661,0.462488
user_0052,9,user_0147,0.429030
user_0052,10,user_0441,0.421282
user_0052,11,user_0363,0.394151
user_0052,12,user_0862,0.334330
user_0052,13,user_0647,0.304119
user_0052,14,user_0504,0.275437
user_0052,15,user_0563,0.218485
user_0053,1,user_0053,0.563737
user_0053,2,user_0578,0.560839
user_0053,3,user_0897,0.539494
user_0053,4,user_0974,0.535170
user_0053,5,user_0971,0.511113
user_0053,6,user_0383,0.508596
user_0053,7,user_0425,0.493184
user_0053,8,user_0550,0.490713
user_0053,9,user_0576,0.477139
user_0053,10,user_0188,0.472806
user_0053,11,user_0397,0.455617
user_0053,12,user_0063,0.437686
user_0053,13,user_0795,0.396539
user_0053,14,user_0854,0.314689
user_0053,15,user_0609,0.310393
user_0056,1,user_0420,0.552851
user_0056,2,user_0689,0.547048
user_0056,3,user_0409,0.538921
user_0056,4,user_0160,0.538783
user_0056,5,user_0303,0.505134
user_0056,6,user_0654,0.483296
user_0056,7,user_0345,0.471356
user_0056,8,user_0959,0.470501
user_0056,9,user_0979,0.450367
user_0056,10,user_0661,0.443946
user_0056,11,user_0909,0.434415
user_0056,12,user_0202,0.417206
user_0056,13,user_0643,0.392735
user_0056,14,user_0366,0.387000
user_0056,15,user_0486,0.283021
user_0058,1,user_0969,0.492014
user_0058,2,user_0160,0.480775
user_0058,3,user_0495,0.465116
user_0058,4,user_0123,0.435475
user_0058,5,user_0148,0.425798
user_0058,6,user_0443,0.423934
user_0058,7,user_0634,0.372668
user_0058,8,user_0271,0.358435
user_0058,9,user_0147,0.344795
user_0058,10,user_0011,0.343066
user_0058,11,user_0563,0.293769
user_0058,12,user_0415,0.280538
user_0058,13,user_0685,0.277781
user_0058,14,user_0099,0.198789
user_0058,15,user_0547,0.147902
user_0059,1,user_0151,0.371693
user_0059,2,user_0143,0.351733
user_0059,3,user_0127,0.270444
user_0059,4,user_0135,0.257722
user_0059,5,user_0968,0.235307
user_0059,6,user_0961,0.229421
user_0059,7,user_0683,0.229020
user_0059,8,user_0147,0.226729
user_0059,9,user_0415,0.224939
user_0059,10,user_0434,0.198803
user_0059,11,user_0393,0.185250
user_0059,12,user_0420,0.156633
user_0059,13,user_0069,0.116609
user_0059,14,user_0191,0.110948
user_0059,15,user_0099,0.092339
user_0060,1,user_0643,0.508808
user_0060,2,user_0160,0.480559
user_0060,3,user_0540,0.477834
user_0060,4,user_0550,0.468762
user_0060,5,user_0775,0.464322
user_0060,6,user_0862,0.444185
user_0060,7,user_0182,0.438372
user_0060,8,user_0026,0.415726
user_0060,9,user_0979,0.407799
user_0060,10,user_0267,0.402597
user_0060,11,user_0661,0.391391
user_0060,12,user_0397,0.362030
user_0060,13,user_0671,0.314059
user_0060,14,user_0076,0.253937
user_0060,15,user_0088,0.245739
user_0061,1,user_0437,0.507574
user_0061,2,user_0073,0.498177
user_0061,3,user_0279,0.478623
user_0061,4,user_0617,0.472875
user_0061,5,user_0267,0.435277
user_0061,6,user_0151,0.430056
user_0061,7,user_0270,0.429242
user_0061,8,user_0147,0.427394
user_0061,9,user_0504,0.419275
user_0061,10,user_0415,0.388243
user_0061,11,user_0444,0.378224
user_0061,12,user_0451,0.372641
user_0061,13,user_0733,0.366360
user_0061,14,user_0074,0.261037
user_0061,15,user_0557,0.246533
user_0063,1,user_0839,0.547627
user_0063,2,user_0505,0.519249
user_0063,3,user_0640,0.491085
user_0063,4,user_0159,0.487359
user_0063,5,user_0969,0.453576
user_0063,6,user_0188,0.449893
user_0063,7,user_0971,0.448919
user_0063,8,user_0063,0.428036
user_0063,9,user_0745,0.420068
user_0063,10,user_0721,0.401461
user_0063,11,user_0793,0.378750
user_0063,12,user_0515,0.357227
user_0063,13,user_0123,0.289070
user_0063,14,user_0293,0.284657
user_0063,15,user_0954,0.224819
user_0066,1,user_0350,0.666385
user_0066,2,user_0485,0.652616
user_0066,3,user_0066,0.627296
user_0066,4,user_0985,0.549392
user_0066,5,user_0423,0.548402
user_0066,6,user_0047,0.518767
user_0066,7,user_0504,0.509060
user_0066,8,user_0045,0.378880
user_0066,9,user_0313,0.345585
user_0066,10,user_0473,0.326458
user_0066,11,user_0147,0.316159
user_0066,12,user_0085,0.290058
user_0066,13,user_0477,0.284300
user_0066,14,user_0600,0.272532
user_0066,15,user_0882,0.235301
user_0068,1,user_0068,0.557867
user_0068,2,user_0677,0.500834
user_0068,3,user_0958,0.491051
user_0068,4,user_0011,0.451227
user_0068,5,user_0969,0.439805
user_0068,6,user_0260,0.439291
user_0068,7,user_0166,0.438453
user_0068,8,user_0610,0.427179
user_0068,9,user_0536,0.426089
user_0068,10,user_0160,0.420368
user_0068,11,user_0538,0.392701
user_0068,12,user_0397,0.371085
user_0068,13,user_0795,0.310152
user_0068,14,user_0511,0.281605
user_0068,15,user_0774,0.228022
user_0070,1,user_0944,0.636536
user_0070,2,user_0157,0.548968
user_0070,3,user_0758,0.541352
user_0070,4,user_0959,0.537092
user_0070,5,user_0590,0.529499
user_0070,6,user_0422,0.513509
user_0070,7,user_0363,0.507614
user_0070,8,user_0872,0.489728
user_0070,9,user_0663,0.462974
user_0070,10,user_0393,0.416298
user_0070,11,user_0070,0.383662
user_0070,12,user_0107,0.379892
user_0070,13,user_0655,0.364154
user_0070,14,user_0415,0.346267
user_0070,15,user_0938,0.273275
user_0071,1,user_0300,0.490109
user_0071,2,user_0803,0.474338
user_0071,3,user_0071,0.416461
user_0071,4,user_0267,0.330868
user_0071,5,user_0147,0.315787
user_0071,6,user_0484,0.252299
user_0071,7,user_0334,0.232450
user_0071,8,user_0415,0.218327
user_0071,9,user_0557,0.165399
user_0071,10,user_0230,0.130116
user_0071,11,user_0547,0.127039
user_0071,12,user_0457,0.113357
user_0071,13,user_0099,0.107749
user_0071,14,user_0240,0.096258
user_0071,15,user_0711,0.090660
user_0072,1,user_0720,0.635071
user_0072,2,user_0961,0.608163
user_0072,3,user_0384,0.604515
user_0072,4,user_0335,0.593069
user_0072,5,user_0457,0.587779
user_0072,6,user_0151,0.585760
user_0072,7,user_0224,0.581914
user_0072,8,user_0507,0.578509
user_0072,9,user_0179,0.561208
user_0072,10,user_0045,0.560185
user_0072,11,user_0902,0.530735
user_0072,12,user_0112,0.512898
user_0072,13,user_0231,0.486538
user_0072,14,user_0415,0.440540
user_0072,15,user_0462,0.413594
user_0073,1,user_0061,0.584188
user_0073,2,user_0073,0.557031
user_0073,3,user_0504,0.512991
user_0073,4,user_0105,0.502568
user_0073,5,user_0437,0.416689
user_0073,6,user_0695,0.408013
user_0073,7,user_0422,0.408000
user_0073,8,user_0274,0.389970
user_0073,9,user_0415,0.378932
user_0073,10,user_0815,0.369625
user_0073,11,user_0620,0.349258
user_0073,12,user_0557,0.275184
user_0073,13,user_0812,0.263564
user_0073,14,user_0451,0.255852
user_0073,15,user_0733,0.246346
user_0074,1,user_0074,0.625340
user_0074,2,user_0534,0.503061
user_0074,3,user_0437,0.398531
user_0074,4,user_0614,0.388123
user_0074,5,user_0061,0.357162
user_0074,6,user_0147,0.328167
user_0074,7,user_0315,0.312904
user_0074,8,user_0695,0.289356
user_0074,9,user_0486,0.251904
user_0074,10,user_0073,0.243451
user_0074,11,user_0047,0.241391
user_0074,12,user_0451,0.234815
user_0074,13,user_0864,0.228816
user_0074,14,user_0812,0.214795
user_0074,15,user_0557,0.102894
user_0075,1,user_0315,0.584952
user_0075,2,user_0075,0.532786
user_0075,3,user_0766,0.492455
user_0075,4,user_0444,0.391356
user_0075,5,user_0887,0.357860
user_0075,6,user_0593,0.332066
user_0075,7,user_0224,0.322244
user_0075,8,user_0135,0.269654
user_0075,9,user_0600,0.209968
user_0075,10,user_0563,0.201307
user_0075,11,user_0732,0.188846
user_0075,12,user_0541,0.167754
user_0075,13,user_0074,0.165099
user_0075,14,user_0099,0.118803
user_0075,15,user_0557,0.094488
user_0076,1,user_0568,0.665233
user_0076,2,user_0610,0.588642
user_0076,3,user_0689,0.517252
user_0076,4,user_0976,0.463117
user_0076,5,user_0661,0.456323
user_0076,6,user_0795,0.454768
user_0076,7,user_0160,0.452385
user_0076,8,user_0969,0.434155
user_0076,9,user_0637,0.322677
user_0076,10,user_0444,0.322416
user_0076,11,user_0471,0.309805
user_0076,12,user_0147,0.288816
user_0076,13,user_0721,0.285622
user_0076,14,user_0359,0.260982
user_0076,15,user_0158,0.253023
user_0078,1,user_0380,0.660431
user_0078,2,user_0137,0.654614
user_0078,3,user_0540,0.638575
user_0078,4,user_0495,0.622924
user_0078,5,user_0593,0.605526
user_0078,6,user_0473,0.596639
user_0078,7,user_0563,0.584296
user_0078,8,user_0224,0.583537
user_0078,9,user_0168,0.567712
user_0078,10,user_0879,0.561095
user_0078,11,user_0504,0.544564
user_0078,12,user_0238,0.538519
user_0078,13,user_0415,0.422040
user_0078,14,user_0099,0.373493
user_0078,15,user_0671,0.370300
user_0081,1,user_0410,0.552727
user_0081,2,user_0500,0.551244
user_0081,3,user_0335,0.530870
user_0081,4,user_0238,0.504439
user_0081,5,user_0367,0.498310
user_0081,6,user_0427,0.493419
user_0081,7,user_0224,0.490278
user_0081,8,user_0772,0.477359
user_0081,9,user_0819,0.475981
user_0081,10,user_0504,0.473350
user_0081,11,user_0775,0.461036
user_0081,12,user_0563,0.451428
user_0081,13,user_0137,0.443039
user_0081,14,user_0879,0.437372
user_0081,15,user_0510,0.367317
user_0082,1,user_0082,0.565320
user_0082,2,user_0983,0.499211
user_0082,3,user_0160,0.481453
user_0082,4,user_0413,0.477086
user_0082,5,user_0519,0.474392
user_0082,6,user_0501,0.410300
user_0082,7,user_0770,0.395500
user_0082,8,user_0153,0.356998
user_0082,9,user_0415,0.341532
user_0082,10,user_0127,0.332796
user_0082,11,user_0661,0.308081
user_0082,12,user_0423,0.304892
user_0082,13,user_0504,0.293788
user_0082,14,user_0123,0.272308
user_0082,15,user_0045,0.183125
user_0083,1,user_0078,0.577983
user_0083,2,user_0020,0.558634
user_0083,3,user_0422,0.551856
user_0083,4,user_0203,0.528235
user_0083,5,user_0775,0.517592
user_0083,6,user_0833,0.493728
user_0083,7,user_0663,0.459721
user_0083,8,user_0224,0.415518
user_0083,9,user_0790,0.414732
user_0083,10,user_0157,0.383838
user_0083,11,user_0699,0.356828
user_0083,12,user_0147,0.338402
user_0083,13,user_0415,0.277692
user_0083,14,user_0563,0.254454
user_0083,15,user_0099,0.209336
user_0084,1,user_0931,0.556929
user_0084,2,user_0345,0.536153
user_0084,3,user_0181,0.531387
user_0084,4,user_0092,0.511924
user_0084,5,user_0160,0.507853
user_0084,6,user_0981,0.507820
user_0084,7,user_0084,0.489038
user_0084,8,user_0396,0.486685
user_0084,9,user_0708,0.451803
user_0084,10,user_0003,0.442955
user_0084,11,user_0098,0.418892
user_0084,12,user_0373,0.418441
user_0084,13,user_0661,0.387083
user_0084,14,user_0290,0.372753
user_0084,15,user_0237,0.345887
user_0088,1,user_0486,0.582046
user_0088,2,user_0114,0.521335
user_0088,3,user_0821,0.462168
user_0088,4,user_0415,0.421925
user_0088,5,user_0264,0.359583
user_0088,6,user_0707,0.349273
user_0088,7,user_0270,0.297092
user_0088,8,user_0444,0.270702
user_0088,9,user_0047,0.233253
user_0088,10,user_0334,0.151726
user_0088,11,user_0121,0.143231
user_0088,12,user_0381,0.122138
user_0088,13,user_0451,0.121199
user_0088,14,user_0523,0.118779
user_0088,15,user_0412,0.111973
user_0090,1,user_0092,0.549780
user_0090,2,user_0270,0.542843
user_0090,3,user_0876,0.542446
user_0090,4,user_0255,0.541256
user_0090,5,user_0151,0.531788
user_0090,6,user_0328,0.495465
user_0090,7,user_0842,0.459220
user_0090,8,user_0240,0.450604
user_0090,9,user_0071,0.435348
user_0090,10,user_0326,0.427709
user_0090,11,user_0794,0.419797
user_0090,12,user_0459,0.404240
user_0090,13,user_0757,0.383611
user_0090,14,user_0090,0.336892
user_0090,15,user_0230,0.296083
user_0094,1,user_0011,0.538931
user_0094,2,user_0153,0.535456
user_0094,3,user_0474,0.506362
user_0094,4,user_0048,0.495104
user_0094,5,user_0410,0.473277
user_0094,6,user_0912,0.464042
user_0094,7,user_0420,0.455198
user_0094,8,user_0685,0.446280
user_0094,9,user_0094,0.421133
user_0094,10,user_0862,0.373014
user_0094,11,user_0415,0.343777
user_0094,12,user_0005,0.308296
user_0094,13,user_0147,0.278828
user_0094,14,user_0099,0.178821
user_0094,15,user_0547,0.127300
user_0095,1,user_0808,0.527268
user_0095,2,user_0355,0.506823
user_0095,3,user_0969,0.462485
user_0095,4,user_0924,0.423314
user_0095,5,user_0177,0.423212
user_0095,6,user_0650,0.390469
user_0095,7,user_0269,0.389234
user_0095,8,user_0971,0.365129
user_0095,9,user_0160,0.350672
user_0095,10,user_0267,0.254662
user_0095,11,user_0415,0.235513
user_0095,12,user_0147,0.227752
user_0095,13,user_0563,0.200374
user_0095,14,user_0608,0.171357
user_0095,15,user_0504,0.158121
user_0096,1,user_0114,0.718867
user_0096,2,user_0486,0.660896
user_0096,3,user_0821,0.649653
user_0096,4,user_0504,0.639031
user_0096,5,user_0639,0.600232
user_0096,6,user_0415,0.585879
user_0096,7,user_0510,0.584605
user_0096,8,user_0137,0.584101
user_0096,9,user_0272,0.558399
user_0096,10,user_0879,0.540267
user_0096,11,user_0151,0.502992
user_0096,12,user_0563,0.502560
user_0096,13,user_0671,0.492314
user_0096,14,user_0229,0.382447
user_0096,15,user_0557,0.181897
user_0097,1,user_0438,0.544469
user_0097,2,user_0038,0.484003
user_0097,3,user_0279,0.482079
user_0097,4,user_0196,0.476932
user_0097,5,user_0962,0.474991
user_0097,6,user_0772,0.454787
user_0097,7,user_0267,0.451996
user_0097,8,user_0485,0.450406
user_0097,9,user_0504,0.426015
user_0097,10,user_0862,0.425271
user_0097,11,user_0147,0.424261
user_0097,12,user_0345,0.389034
user_0097,13,user_0137,0.382480
user_0097,14,user_0563,0.330977
user_0097,15,user_0547,0.218044
user_0099,1,user_0048,0.583965
user_0099,2,user_0473,0.574589
user_0099,3,user_0495,0.547893
user_0099,4,user_0279,0.543979
user_0099,5,user_0410,0.541391
user_0099,6,user_0563,0.531345
user_0099,7,user_0812,0.515923
user_0099,8,user_0569,0.515296
user_0099,9,user_0099,0.506348
user_0099,10,user_0271,0.505255
user_0099,11,user_0685,0.454102
user_0099,12,user_0123,0.442433
user_0099,13,user_0085,0.433501
user_0099,14,user_0745,0.433439
user_0099,15,user_0415,0.352755
user_0100,1,user_0152,0.557532
user_0100,2,user_0656,0.505124
user_0100,3,user_0270,0.400438
user_0100,4,user_0437,0.379385
user_0100,5,user_0422,0.368041
user_0100,6,user_0972,0.364289
user_0100,7,user_0190,0.327083
user_0100,8,user_0147,0.298396
user_0100,9,user_0827,0.282718
user_0100,10,user_0074,0.232384
user_0100,11,user_0334,0.209060
user_0100,12,user_0073,0.200324
user_0100,13,user_0823,0.176802
user_0100,14,user_0815,0.164782
user_0100,15,user_0557,0.138242
user_0101,1,user_0143,0.712240
user_0101,2,user_0932,0.532954
user_0101,3,user_0090,0.531349
user_0101,4,user_0556,0.493227
user_0101,5,user_0339,0.487770
user_0101,6,user_0030,0.487644
user_0101,7,user_0704,0.476273
user_0101,8,user_0153,0.473986
user_0101,9,user_0652,0.451483
user_0101,10,user_0186,0.423180
user_0101,11,user_0836,0.413356
user_0101,12,user_0209,0.399018
user_0101,13,user_0776,0.393789
user_0101,14,user_0635,0.374735
user_0101,15,user_0961,0.241061
user_0103,1,user_0444,0.458679
user_0103,2,user_0441,0.375568
user_0103,3,user_0504,0.301564
user_0103,4,user_0721,0.300466
user_0103,5,user_0563,0.295655
user_0103,6,user_0147,0.246007
user_0103,7,user_0671,0.232340
user_0103,8,user_0862,0.226351
user_0103,9,user_0583,0.212768
user_0103,10,user_0486,0.209606
user_0103,11,user_0443,0.208911
user_0103,12,user_0047,0.192023
user_0103,13,user_0378,0.167340
user_0103,14,user_0074,0.119436
user_0103,15,user_0577,0.109290
user_0104,1,user_0224,0.504963
user_0104,2,user_0444,0.493835
user_0104,3,user_0335,0.488398
user_0104,4,user_0504,0.461948
user_0104,5,user_0879,0.423798
user_0104,6,user_0147,0.413651
user_0104,7,user_0267,0.396534
user_0104,8,user_0869,0.393121
user_0104,9,user_0563,0.354603
user_0104,10,user_0793,0.352468
user_0104,11,user_0045,0.349877
user_0104,12,user_0123,0.325227
user_0104,13,user_0415,0.316635
user_0104,14,user_0281,0.298115
user_0104,15,user_0099,0.201389
user_0105,1,user_0448,0.493886
user_0105,2,user_0695,0.490387
user_0105,3,user_0038,0.467167
user_0105,4,user_0267,0.461275
user_0105,5,user_0437,0.414253
user_0105,6,user_0793,0.404473
user_0105,7,user_0451,0.339065
user_0105,8,user_0421,0.318962
user_0105,9,user_0066,0.313563
user_0105,10,user_0158,0.291880
user_0105,11,user_0733,0.286473
user_0105,12,user_0600,0.270083
user_0105,13,user_0572,0.268688
user_0105,14,user_0486,0.226204
user_0105,15,user_0074,0.222705
user_0106,1,user_0160,0.555651
user_0106,2,user_0583,0.554168
user_0106,3,user_0011,0.538536
user_0106,4,user_0290,0.497830
user_0106,5,user_0888,0.494722
user_0106,6,user_0502,0.482648
user_0106,7,user_0422,0.475983
user_0106,8,user_0279,0.460277
user_0106,9,user_0158,0.452597
user_0106,10,user_0608,0.421642
user_0106,11,user_0270,0.413563
user_0106,12,user_0444,0.407002
user_0106,13,user_0437,0.392632
user_0106,14,user_0415,0.360534
user_0106,15,user_0924,0.316672
user_0107,1,user_0422,0.445293
user_0107,2,user_0167,0.424976
user_0107,3,user_0421,0.413309
user_0107,4,user_0038,0.402248
user_0107,5,user_0279,0.396379
user_0107,6,user_0147,0.387703
user_0107,7,user_0196,0.379174
user_0107,8,user_0917,0.361116
user_0107,9,user_0495,0.313615
user_0107,10,user_0443,0.293360
user_0107,11,user_0415,0.276185
user_0107,12,user_0474,0.272563
user_0107,13,user_0267,0.264478
user_0107,14,user_0543,0.214962
user_0107,15,user_0547,0.144087
user_0109,1,user_0109,0.568372
user_0109,2,user_0721,0.543237
user_0109,3,user_0468,0.503828
user_0109,4,user_0696,0.451081
user_0109,5,user_0870,0.445706
user_0109,6,user_0478,0.443055
user_0109,7,user_0320,0.427484
user_0109,8,user_0839,0.399484
user_0109,9,user_0294,0.366560
user_0109,10,user_0424,0.365548
user_0109,11,user_0221,0.363000
user_0109,12,user_0716,0.349557
user_0109,13,user_0971,0.324326
user_0109,14,user_0269,0.275433
user_0109,15,user_0808,0.177948
user_0110,1,user_0071,0.512438
user_0110,2,user_0110,0.488481
user_0110,3,user_0270,0.442069
user_0110,4,user_0444,0.426933
user_0110,5,user_0334,0.349370
user_0110,6,user_0160,0.349308
user_0110,7,user_0415,0.341745
user_0110,8,user_0600,0.328247
user_0110,9,user_0504,0.317604
user_0110,10,user_0045,0.310887
user_0110,11,user_0757,0.263922
user_0110,12,user_0938,0.242252
user_0110,13,user_0157,0.231438
user_0110,14,user_0557,0.205163
user_0110,15,user_0099,0.123830
user_0111,1,user_0793,0.487063
user_0111,2,user_0421,0.483968
user_0111,3,user_0020,0.473574
user_0111,4,user_0410,0.464871
user_0111,5,user_0148,0.436251
user_0111,6,user_0745,0.427859
user_0111,7,user_0614,0.423857
user_0111,8,user_0634,0.398373
user_0111,9,user_0147,0.388093
user_0111,10,user_0563,0.378814
user_0111,11,user_0267,0.372993
user_0111,12,user_0707,0.336782
user_0111,13,user_0732,0.332182
user_0111,14,user_0168,0.283135
user_0111,15,user_0600,0.268361
user_0112,1,user_0179,0.545561
user_0112,2,user_0107,0.545013
user_0112,3,user_0902,0.537991
user_0112,4,user_0112,0.512200
user_0112,5,user_0653,0.508495
user_0112,6,user_0604,0.504617
user_0112,7,user_0405,0.485457
user_0112,8,user_0384,0.474852
user_0112,9,user_0043,0.447736
user_0112,10,user_0252,0.439976
user_0112,11,user_0494,0.432357
user_0112,12,user_0045,0.391583
user_0112,13,user_0718,0.337193
user_0112,14,user_0415,0.333981
user_0112,15,user_0626,0.306697
user_0113,1,user_0932,0.445251
user_0113,2,user_0652,0.441282
user_0113,3,user_0410,0.374733
user_0113,4,user_0879,0.307142
user_0113,5,user_0191,0.232139
user_0113,6,user_0835,0.229405
user_0113,7,user_0541,0.196943
user_0113,8,user_0473,0.173487
user_0113,9,user_0094,0.166842
user_0113,10,user_0524,0.159759
user_0113,11,user_0761,0.153226
user_0113,12,user_0005,0.134804
user_0113,13,user_0099,0.128071
user_0113,14,user_0706,0.112986
user_0113,15,user_0557,0.070223
user_0115,1,user_0422,0.527392
user_0115,2,user_0543,0.524511
user_0115,3,user_0745,0.504726
user_0115,4,user_0444,0.451868
user_0115,5,user_0313,0.420440
user_0115,6,user_0045,0.390861
user_0115,7,user_0157,0.383133
user_0115,8,user_0504,0.375053
user_0115,9,user_0753,0.338054
user_0115,10,user_0912,0.324249
user_0115,11,user_0378,0.310527
user_0115,12,user_0541,0.288773
user_0115,13,user_0473,0.278544
user_0115,14,user_0308,0.210755
user_0115,15,user_0557,0.194196
user_0117,1,user_0645,0.603710
user_0117,2,user_0010,0.600272
user_0117,3,user_0117,0.586239
user_0117,4,user_0689,0.583313
user_0117,5,user_0608,0.561250
user_0117,6,user_0661,0.533473
user_0117,7,user_0758,0.499726
user_0117,8,user_0534,0.494028
user_0117,9,user_0502,0.492259
user_0117,10,user_0620,0.489236
user_0117,11,user_0158,0.488772
user_0117,12,user_0074,0.455208
user_0117,13,user_0695,0.443096
user_0117,14,user_0061,0.432263
user_0117,15,user_0073,0.342589
user_0118,1,user_0583,0.563139
user_0118,2,user_0451,0.519038
user_0118,3,user_0708,0.511088
user_0118,4,user_0312,0.510951
user_0118,5,user_0270,0.487354
user_0118,6,user_0502,0.476026
user_0118,7,user_0044,0.466927
user_0118,8,user_0365,0.461840
user_0118,9,user_0437,0.461638
user_0118,10,user_0433,0.457377
user_0118,11,user_0661,0.451171
user_0118,12,user_0177,0.441499
user_0118,13,user_0158,0.417157
user_0118,14,user_0800,0.414141
user_0118,15,user_0557,0.231799
user_0119,1,user_0444,0.505010
user_0119,2,user_0011,0.504001
user_0119,3,user_0270,0.429676
user_0119,4,user_0147,0.423779
user_0119,5,user_0160,0.410623
user_0119,6,user_0614,0.402900
user_0119,7,user_0123,0.400516
user_0119,8,user_0267,0.396354
user_0119,9,user_0437,0.375966
user_0119,10,user_0415,0.340046
user_0119,11,user_0504,0.333864
user_0119,12,user_0557,0.285653
user_0119,13,user_0563,0.246463
user_0119,14,user_0547,0.228749
user_0119,15,user_0099,0.162814
user_0123,1,user_0048,0.592483
user_0123,2,user_0495,0.538238
user_0123,3,user_0271,0.517502
user_0123,4,user_0137,0.505981
user_0123,5,user_0443,0.495439
user_0123,6,user_0123,0.490635
user_0123,7,user_0415,0.455666
user_0123,8,user_0563,0.443335
user_0123,9,user_0160,0.441979
user_0123,10,user_0732,0.415873
user_0123,11,user_0148,0.409563
user_0123,12,user_0099,0.399085
user_0123,13,user_0147,0.382203
user_0123,14,user_0600,0.271686
user_0123,15,user_0547,0.245614
user_0124,1,user_0624,0.489086
user_0124,2,user_0969,0.483109
user_0124,3,user_0124,0.467800
user_0124,4,user_0650,0.448506
user_0124,5,user_0971,0.428290
user_0124,6,user_0903,0.426903
user_0124,7,user_0681,0.411978
user_0124,8,user_0499,0.361682
user_0124,9,user_0415,0.316854
user_0124,10,user_0563,0.297983
user_0124,11,user_0269,0.263037
user_0124,12,user_0355,0.256381
user_0124,13,user_0808,0.251184
user_0124,14,user_0924,0.189839
user_0124,15,user_0043,0.113163
user_0128,1,user_0444,0.418912
user_0128,2,user_0127,0.388092
user_0128,3,user_0745,0.311321
user_0128,4,user_0671,0.290314
user_0128,5,user_0882,0.270275
user_0128,6,user_0415,0.259671
user_0128,7,user_0700,0.253837
user_0128,8,user_0504,0.250037
user_0128,9,user_0267,0.245071
user_0128,10,user_0563,0.221992
user_0128,11,user_0147,0.201400
user_0128,12,user_0123,0.197798
user_0128,13,user_0600,0.169274
user_0128,14,user_0378,0.132998
user_0128,15,user_0547,0.092799
user_0129,1,user_0224,0.482714
user_0129,2,user_0614,0.388401
user_0129,3,user_0123,0.372514
user_0129,4,user_0510,0.358741
user_0129,5,user_0415,0.356313
user_0129,6,user_0671,0.313361
user_0129,7,user_0821,0.309822
user_0129,8,user_0473,0.303296
user_0129,9,user_0706,0.271544
user_0129,10,user_0504,0.262697
user_0129,11,user_0147,0.252447
user_0129,12,user_0812,0.244221
user_0129,13,user_0563,0.231568
user_0129,14,user_0099,0.217938
user_0129,15,user_0541,0.187193
user_0131,1,user_0160,0.517482
user_0131,2,user_0181,0.471345
user_0131,3,user_0131,0.426280
user_0131,4,user_0931,0.420666
user_0131,5,user_0979,0.405295
user_0131,6,user_0390,0.402179
user_0131,7,user_0890,0.393722
user_0131,8,user_0981,0.392031
user_0131,9,user_0290,0.349104
user_0131,10,user_0661,0.330407
user_0131,11,user_0502,0.320343
user_0131,12,user_0689,0.295471
user_0131,13,user_0158,0.293503
user_0131,14,user_0023,0.169456
user_0131,15,user_0608,0.134118
user_0132,1,user_0414,0.637797
user_0132,2,user_0132,0.605799
user_0132,3,user_0777,0.581062
user_0132,4,user_0704,0.545317
user_0132,5,user_0964,0.533779
user_0132,6,user_0546,0.502030
user_0132,7,user_0127,0.466411
user_0132,8,user_0224,0.386878
user_0132,9,user_0415,0.348960
user_0132,10,user_0539,0.340878
user_0132,11,user_0732,0.328976
user_0132,12,user_0524,0.256847
user_0132,13,user_0938,0.171902
user_0132,14,user_0961,0.152343
user_0132,15,user_0099,0.071586
user_0134,1,user_0998,0.535847
user_0134,2,user_0134,0.509273
user_0134,3,user_0490,0.401046
user_0134,4,user_0712,0.371544
user_0134,5,user_0907,0.358238
user_0134,6,user_0772,0.352809
user_0134,7,user_0443,0.349590
user_0134,8,user_0415,0.342058
user_0134,9,user_0527,0.332975
user_0134,10,user_0289,0.326937
user_0134,11,user_0659,0.309765
user_0134,12,user_0917,0.244028
user_0134,13,user_0195,0.231671
user_0134,14,user_0378,0.211517
user_0134,15,user_0707,0.208949
user_0135,1,user_0135,0.483436
user_0135,2,user_0153,0.427193
user_0135,3,user_0167,0.413093
user_0135,4,user_0421,0.370353
user_0135,5,user_0448,0.339551
user_0135,6,user_0147,0.305161
user_0135,7,user_0437,0.289949
user_0135,8,user_0415,0.271643
user_0135,9,user_0267,0.226130
user_0135,10,user_0434,0.220310
user_0135,11,user_0541,0.219845
user_0135,12,user_0157,0.194486
user_0135,13,user_0099,0.192708
user_0135,14,user_0961,0.191641
user_0135,15,user_0547,0.168686
user_0136,1,user_0410,0.443898
user_0136,2,user_0020,0.416529
user_0136,3,user_0157,0.376603
user_0136,4,user_0224,0.375524
user_0136,5,user_0153,0.292998
user_0136,6,user_0793,0.277842
user_0136,7,user_0415,0.245335
user_0136,8,user_0334,0.240768
user_0136,9,user_0123,0.239978
user_0136,10,user_0147,0.232766
user_0136,11,user_0541,0.184031
user_0136,12,user_0868,0.177713
user_0136,13,user_0045,0.173617
user_0136,14,user_0563,0.171110
user_0136,15,user_0293,0.061717
user_0138,1,user_0504,0.621135
user_0138,2,user_0289,0.613324
user_0138,3,user_0604,0.601518
user_0138,4,user_0281,0.601280
user_0138,5,user_0612,0.575918
user_0138,6,user_0151,0.547261
user_0138,7,user_0334,0.497720
user_0138,8,user_0316,0.476541
user_0138,9,user_0653,0.449588
user_0138,10,user_0415,0.432877
user_0138,11,user_0138,0.423020
user_0138,12,user_0437,0.404260
user_0138,13,user_0152,0.380477
user_0138,14,user_0730,0.344757
user_0138,15,user_0815,0.305106
user_0142,1,user_0886,0.583215
user_0142,2,user_0529,0.559732
user_0142,3,user_0729,0.559368
user_0142,4,user_0137,0.553790
user_0142,5,user_0168,0.550936
user_0142,6,user_0239,0.550552
user_0142,7,user_0067,0.544655
user_0142,8,user_0224,0.535932
user_0142,9,user_0841,0.534223
user_0142,10,user_0238,0.518842
user_0142,11,user_0447,0.504137
user_0142,12,user_0879,0.479930
user_0142,13,user_0265,0.462399
user_0142,14,user_0563,0.448132
user_0142,15,user_0671,0.405567
user_0143,1,user_0143,0.552275
user_0143,2,user_0011,0.550899
user_0143,3,user_0784,0.501501
user_0143,4,user_0422,0.497447
user_0143,5,user_0092,0.457825
user_0143,6,user_0803,0.451050
user_0143,7,user_0339,0.426701
user_0143,8,user_0081,0.372240
user_0143,9,user_0652,0.356265
user_0143,10,user_0167,0.313804
user_0143,11,user_0685,0.285679
user_0143,12,user_0415,0.279036
user_0143,13,user_0099,0.266035
user_0143,14,user_0402,0.233201
user_0143,15,user_0231,0.220695
user_0144,1,user_0144,0.668828
user_0144,2,user_0410,0.647466
user_0144,3,user_0776,0.626881
user_0144,4,user_0456,0.603721
user_0144,5,user_0844,0.597091
user_0144,6,user_0151,0.584700
user_0144,7,user_0270,0.575225
user_0144,8,user_0377,0.569522
user_0144,9,user_0507,0.567936
user_0144,10,user_0842,0.567098
user_0144,11,user_0363,0.512938
user_0144,12,user_0494,0.504604
user_0144,13,user_0078,0.488161
user_0144,14,user_0744,0.369211
user_0144,15,user_0819,0.353475
user_0147,1,user_0169,0.575942
user_0147,2,user_0741,0.558544
user_0147,3,user_0969,0.532159
user_0147,4,user_0166,0.499058
user_0147,5,user_0795,0.493615
user_0147,6,user_0637,0.485371
user_0147,7,user_0721,0.482542
user_0147,8,user_0478,0.476922
user_0147,9,user_0866,0.458649
user_0147,10,user_0499,0.457412
user_0147,11,user_0269,0.448442
user_0147,12,user_0359,0.441832
user_0147,13,user_0147,0.405518
user_0147,14,user_0808,0.306100
user_0147,15,user_0355,0.284355
user_0152,1,user_0869,0.616407
user_0152,2,user_0038,0.613123
user_0152,3,user_0152,0.577890
user_0152,4,user_0793,0.563158
user_0152,5,user_0448,0.536869
user_0152,6,user_0437,0.518538
user_0152,7,user_0600,0.452618
user_0152,8,user_0504,0.438279
user_0152,9,user_0733,0.419672
user_0152,10,user_0695,0.395157
user_0152,11,user_0147,0.389846
user_0152,12,user_0415,0.363999
user_0152,13,user_0757,0.336057
user_0152,14,user_0815,0.306256
user_0152,15,user_0557,0.298053
user_0153,1,user_0961,0.589841
user_0153,2,user_0186,0.559731
user_0153,3,user_0224,0.558432
user_0153,4,user_0153,0.545850
user_0153,5,user_0556,0.527435
user_0153,6,user_0776,0.524073
user_0153,7,user_0287,0.511315
user_0153,8,user_0227,0.505856
user_0153,9,user_0123,0.505023
user_0153,10,user_0040,0.493309
user_0153,11,user_0714,0.481789
user_0153,12,user_0415,0.476983
user_0153,13,user_0045,0.464106
user_0153,14,user_0513,0.377166
user_0153,15,user_0090,0.362584
user_0157,1,user_0413,0.496606
user_0157,2,user_0770,0.491307
user_0157,3,user_0849,0.471102
user_0157,4,user_0519,0.457735
user_0157,5,user_0422,0.457606
user_0157,6,user_0160,0.406682
user_0157,7,user_0270,0.397653
user_0157,8,user_0279,0.371196
user_0157,9,user_0911,0.363839
user_0157,10,user_0623,0.351025
user_0157,11,user_0363,0.296784
user_0157,12,user_0917,0.293580
user_0157,13,user_0504,0.275785
user_0157,14,user_0415,0.244334
user_0157,15,user_0157,0.160111
user_0159,1,user_0410,0.589331
user_0159,2,user_0772,0.586980
user_0159,3,user_0766,0.555181
user_0159,4,user_0614,0.545577
user_0159,5,user_0907,0.534002
user_0159,6,user_0279,0.533184
user_0159,7,user_0151,0.525504
user_0159,8,user_0196,0.520329
user_0159,9,user_0415,0.508905
user_0159,10,user_0494,0.507901
user_0159,11,user_0563,0.500597
user_0159,12,user_0444,0.497512
user_0159,13,user_0270,0.495153
user_0159,14,user_0485,0.471134
user_0159,15,user_0862,0.309724
user_0160,1,user_0979,0.594646
user_0160,2,user_0931,0.588262
user_0160,3,user_0160,0.566326
user_0160,4,user_0181,0.551613
user_0160,5,user_0969,0.528077
user_0160,6,user_0177,0.502496
user_0160,7,user_0661,0.495765
user_0160,8,user_0689,0.485772
user_0160,9,user_0345,0.472080
user_0160,10,user_0011,0.442548
user_0160,11,user_0290,0.367697
user_0160,12,user_0410,0.274255
user_0160,13,user_0608,0.226954
user_0160,14,user_0600,0.200450
user_0160,15,user_0563,0.173233
user_0162,1,user_0279,0.539422
user_0162,2,user_0473,0.538440
user_0162,3,user_0504,0.524715
user_0162,4,user_0812,0.519513
user_0162,5,user_0224,0.516369
user_0162,6,user_0593,0.511248
user_0162,7,user_0444,0.467213
user_0162,8,user_0563,0.466167
user_0162,9,user_0415,0.461192
user_0162,10,user_0671,0.455125
user_0162,11,user_0045,0.445593
user_0162,12,user_0099,0.414373
user_0162,13,user_0281,0.397527
user_0162,14,user_0600,0.365738
user_0162,15,user_0147,0.358279
user_0164,1,user_0672,0.717397
user_0164,2,user_0649,0.680341
user_0164,3,user_0988,0.563868
user_0164,4,user_0164,0.558292
user_0164,5,user_0525,0.529075
user_0164,6,user_0205,0.476676
user_0164,7,user_0923,0.432113
user_0164,8,user_0702,0.350656
user_0164,9,user_0499,0.201261
user_0164,10,user_0468,0.178451
user_0164,11,user_0140,0.158072
user_0164,12,user_0191,0.116161
user_0164,13,user_0523,0.110854
user_0164,14,user_0583,0.100722
user_0164,15,user_0916,0.088055
user_0166,1,user_0166,0.561186
user_0166,2,user_0624,0.533385
user_0166,3,user_0141,0.516330
user_0166,4,user_0741,0.501293
user_0166,5,user_0945,0.467252
user_0166,6,user_0169,0.451728
user_0166,7,user_0897,0.448632
user_0166,8,user_0120,0.360603
user_0166,9,user_0124,0.323772
user_0166,10,user_0260,0.309938
user_0166,11,user_0130,0.247008
user_0166,12,user_0686,0.191753
user_0166,13,user_0637,0.185386
user_0166,14,user_0526,0.145988
user_0166,15,user_0355,0.113180
user_0167,1,user_0011,0.442736
user_0167,2,user_0160,0.442616
user_0167,3,user_0913,0.428695
user_0167,4,user_0467,0.419166
user_0167,5,user_0167,0.413484
user_0167,6,user_0148,0.384159
user_0167,7,user_0271,0.381905
user_0167,8,user_0634,0.348012
user_0167,9,user_0189,0.347340
user_0167,10,user_0819,0.329603
user_0167,11,user_0147,0.328051
user_0167,12,user_0267,0.299507
user_0167,13,user_0563,0.277489
user_0167,14,user_0732,0.254813
user_0167,15,user_0099,0.201195
user_0168,1,user_0511,0.559361
user_0168,2,user_0971,0.545629
user_0168,3,user_0160,0.530368
user_0168,4,user_0188,0.497933
user_0168,5,user_0969,0.482852
user_0168,6,user_0032,0.471826
user_0168,7,user_0260,0.468641
user_0168,8,user_0838,0.452536
user_0168,9,user_0669,0.452060
user_0168,10,user_0269,0.423800
user_0168,11,user_0397,0.423732
user_0168,12,user_0868,0.352596
user_0168,13,user_0808,0.352369
user_0168,14,user_0355,0.343771
user_0168,15,user_0609,0.278249
user_0169,1,user_0169,0.558676
user_0169,2,user_0532,0.492115
user_0169,3,user_0166,0.471955
user_0169,4,user_0741,0.449290
user_0169,5,user_0969,0.443531
user_0169,6,user_0971,0.395678
user_0169,7,user_0270,0.377753
user_0169,8,user_0120,0.329250
user_0169,9,user_0043,0.322388
user_0169,10,user_0158,0.307496
user_0169,11,user_0334,0.289630
user_0169,12,user_0807,0.196324
user_0169,13,user_0557,0.182838
user_0169,14,user_0924,0.142000
user_0169,15,user_0293,0.081538
user_0170,1,user_0170,0.270559
user_0170,2,user_0495,0.234241
user_0170,3,user_0969,0.233955
user_0170,4,user_0866,0.174896
user_0170,5,user_0355,0.173605
user_0170,6,user_0147,0.173067
user_0170,7,user_0328,0.165570
user_0170,8,user_0196,0.159027
user_0170,9,user_0569,0.156953
user_0170,10,user_0499,0.152292
user_0170,11,user_0095,0.108507
user_0170,12,user_0640,0.101139
user_0170,13,user_0510,0.093672
user_0170,14,user_0135,0.078835
user_0170,15,user_0099,0.063252
user_0171,1,user_0807,0.476841
user_0171,2,user_0444,0.279274
user_0171,3,user_0461,0.252858
user_0171,4,user_0471,0.231771
user_0171,5,user_0862,0.146846
user_0171,6,user_0147,0.135733
user_0171,7,user_0721,0.133172
user_0171,8,user_0637,0.122104
user_0171,9,user_0499,0.121355
user_0171,10,user_0518,0.117286
user_0171,11,user_0524,0.114142
user_0171,12,user_0785,0.112322
user_0171,13,user_0240,0.074238
user_0171,14,user_0557,0.066325
user_0171,15,user_0293,0.047876
user_0176,1,user_0361,0.497215
user_0176,2,user_0354,0.483221
user_0176,3,user_0791,0.444218
user_0176,4,user_0670,0.433137
user_0176,5,user_0269,0.431492
user_0176,6,user_0742,0.430014
user_0176,7,user_0969,0.423685
user_0176,8,user_0808,0.400141
user_0176,9,user_0650,0.396711
user_0176,10,user_0795,0.393696
user_0176,11,user_0924,0.383294
user_0176,12,user_0355,0.368519
user_0176,13,user_0160,0.316862
user_0176,14,user_0123,0.306058
user_0176,15,user_0927,0.244280
user_0182,1,user_0026,0.468355
user_0182,2,user_0593,0.463184
user_0182,3,user_0913,0.446797
user_0182,4,user_0444,0.446669
user_0182,5,user_0862,0.440041
user_0182,6,user_0335,0.430415
user_0182,7,user_0224,0.429950
user_0182,8,user_0504,0.379516
user_0182,9,user_0879,0.344173
user_0182,10,user_0563,0.326798
user_0182,11,user_0671,0.316989
user_0182,12,user_0267,0.270914
user_0182,13,user_0123,0.259979
user_0182,14,user_0415,0.258155
user_0182,15,user_0137,0.197496
user_0183,1,user_0650,0.439839
user_0183,2,user_0578,0.439430
user_0183,3,user_0969,0.437475
user_0183,4,user_0795,0.410534
user_0183,5,user_0259,0.404896
user_0183,6,user_0063,0.385794
user_0183,7,user_0791,0.382995
user_0183,8,user_0269,0.364592
user_0183,9,user_0123,0.328829
user_0183,10,user_0927,0.310299
user_0183,11,user_0355,0.308948
user_0183,12,user_0515,0.308444
user_0183,13,user_0415,0.204005
user_0183,14,user_0808,0.197812
user_0183,15,user_0924,0.182116
user_0184,1,user_0279,0.525762
user_0184,2,user_0183,0.497583
user_0184,3,user_0604,0.494202
user_0184,4,user_0152,0.492158
user_0184,5,user_0422,0.474448
user_0184,6,user_0437,0.464428
user_0184,7,user_0415,0.423472
user_0184,8,user_0270,0.421782
user_0184,9,user_0184,0.421135
user_0184,10,user_0653,0.381616
user_0184,11,user_0433,0.379475
user_0184,12,user_0073,0.360191
user_0184,13,user_0557,0.331380
user_0184,14,user_0815,0.330611
user_0184,15,user_0334,0.315140
user_0188,1,user_0897,0.624012
user_0188,2,user_0974,0.583497
user_0188,3,user_0969,0.565906
user_0188,4,user_0063,0.547802
user_0188,5,user_0425,0.546647
user_0188,6,user_0188,0.533560
user_0188,7,user_0971,0.532364
user_0188,8,user_0576,0.525610
user_0188,9,user_0397,0.493225
user_0188,10,user_0774,0.488400
user_0188,11,user_0839,0.453305
user_0188,12,user_0578,0.438190
user_0188,13,user_0954,0.414787
user_0188,14,user_0709,0.334058
user_0188,15,user_0015,0.328055
user_0191,1,user_0147,0.393198
user_0191,2,user_0128,0.389618
user_0191,3,user_0267,0.369358
user_0191,4,user_0862,0.345668
user_0191,5,user_0135,0.321148
user_0191,6,user_0671,0.318332
user_0191,7,user_0979,0.226263
user_0191,8,user_0122,0.226229
user_0191,9,user_0600,0.213842
user_0191,10,user_0168,0.205174
user_0191,11,user_0137,0.194593
user_0191,12,user_0473,0.173564
user_0191,13,user_0732,0.146935
user_0191,14,user_0510,0.144948
user_0191,15,user_0547,0.143494
user_0195,1,user_0913,0.624033
user_0195,2,user_0224,0.598459
user_0195,3,user_0857,0.538804
user_0195,4,user_0026,0.505913
user_0195,5,user_0772,0.502502
user_0195,6,user_0335,0.480496
user_0195,7,user_0410,0.461279
user_0195,8,user_0045,0.431653
user_0195,9,user_0593,0.427113
user_0195,10,user_0879,0.397771
user_0195,11,user_0195,0.377261
user_0195,12,user_0199,0.362858
user_0195,13,user_0563,0.336789
user_0195,14,user_0123,0.320243
user_0195,15,user_0541,0.292704
user_0197,1,user_0448,0.584080
user_0197,2,user_0695,0.541292
user_0197,3,user_0437,0.504276
user_0197,4,user_0267,0.498487
user_0197,5,user_0197,0.475408
user_0197,6,user_0247,0.442791
user_0197,7,user_0152,0.429211
user_0197,8,user_0100,0.416305
user_0197,9,user_0505,0.384950
user_0197,10,user_0415,0.357857
user_0197,11,user_0733,0.329723
user_0197,12,user_0685,0.325063
user_0197,13,user_0912,0.320282
user_0197,14,user_0815,0.247502
user_0197,15,user_0214,0.235555
user_0204,1,user_0204,0.577665
user_0204,2,user_0226,0.524072
user_0204,3,user_0747,0.490081
user_0204,4,user_0594,0.457564
user_0204,5,user_0702,0.429932
user_0204,6,user_0313,0.427747
user_0204,7,user_0614,0.405225
user_0204,8,user_0315,0.402065
user_0204,9,user_0267,0.375526
user_0204,10,user_0689,0.307027
user_0204,11,user_0147,0.252482
user_0204,12,user_0373,0.214131
user_0204,13,user_0526,0.188523
user_0204,14,user_0563,0.184192
user_0204,15,user_0812,0.115638
user_0205,1,user_0721,0.571976
user_0205,2,user_0870,0.531159
user_0205,3,user_0611,0.456295
user_0205,4,user_0351,0.435410
user_0205,5,user_0397,0.420552
user_0205,6,user_0478,0.414118
user_0205,7,user_0971,0.345496
user_0205,8,user_0563,0.260905
user_0205,9,user_0043,0.260090
user_0205,10,user_0221,0.249773
user_0205,11,user_0205,0.214064
user_0205,12,user_0468,0.195693
user_0205,13,user_0320,0.176632
user_0205,14,user_0954,0.170585
user_0205,15,user_0689,0.154208
user_0206,1,user_0444,0.445828
user_0206,2,user_0397,0.438515
user_0206,3,user_0011,0.414763
user_0206,4,user_0839,0.382721
user_0206,5,user_0721,0.339397
user_0206,6,user_0336,0.328421
user_0206,7,user_0862,0.314186
user_0206,8,user_0504,0.287476
user_0206,9,user_0971,0.280366
user_0206,10,user_0563,0.231362
user_0206,11,user_0608,0.219043
user_0206,12,user_0415,0.213339
user_0206,13,user_0547,0.205134
user_0206,14,user_0267,0.202815
user_0206,15,user_0147,0.169119
user_0209,1,user_0921,0.510966
user_0209,2,user_0932,0.444667
user_0209,3,user_0156,0.442630
user_0209,4,user_0209,0.442007
user_0209,5,user_0127,0.420494
user_0209,6,user_0869,0.406745
user_0209,7,user_0313,0.390153
user_0209,8,user_0153,0.382819
user_0209,9,user_0045,0.378718
user_0209,10,user_0415,0.315777
user_0209,11,user_0157,0.306593
user_0209,12,user_0541,0.246620
user_0209,13,user_0147,0.225762
user_0209,14,user_0099,0.223335
user_0209,15,user_0547,0.173360
user_0210,1,user_0654,0.540672
user_0210,2,user_0645,0.535351
user_0210,3,user_0689,0.534593
user_0210,4,user_0343,0.531198
user_0210,5,user_0583,0.524567
user_0210,6,user_0979,0.502020
user_0210,7,user_0160,0.494020
user_0210,8,user_0661,0.493691
user_0210,9,user_0607,0.492646
user_0210,10,user_0345,0.480344
user_0210,11,user_0181,0.479110
user_0210,12,user_0888,0.431291
user_0210,13,user_0401,0.412586
user_0210,14,user_0158,0.383509
user_0210,15,user_0577,0.353124
user_0215,1,user_0215,0.609026
user_0215,2,user_0196,0.589487
user_0215,3,user_0504,0.546192
user_0215,4,user_0593,0.540028
user_0215,5,user_0410,0.534360
user_0215,6,user_0168,0.531961
user_0215,7,user_0614,0.510734
user_0215,8,user_0563,0.487388
user_0215,9,user_0415,0.471946
user_0215,10,user_0443,0.447620
user_0215,11,user_0137,0.422960
user_0215,12,user_0147,0.394296
user_0215,13,user_0671,0.378946
user_0215,14,user_0985,0.319095
user_0215,15,user_0812,0.249032
user_0216,1,user_0657,0.477303
user_0216,2,user_0971,0.460550
user_0216,3,user_0795,0.458941
user_0216,4,user_0689,0.458622
user_0216,5,user_0478,0.450876
user_0216,6,user_0594,0.418145
user_0216,7,user_0583,0.378044
user_0216,8,user_0696,0.368525
user_0216,9,user_0979,0.344191
user_0216,10,user_0698,0.301166
user_0216,11,user_0347,0.270149
user_0216,12,user_0053,0.227188
user_0216,13,user_0355,0.208775
user_0216,14,user_0557,0.188163
user_0216,15,user_0709,0.160754
user_0217,1,user_0444,0.567617
user_0217,2,user_0011,0.494697
user_0217,3,user_0270,0.440438
user_0217,4,user_0504,0.384796
user_0217,5,user_0415,0.358089
user_0217,6,user_0443,0.356833
user_0217,7,user_0123,0.316087
user_0217,8,user_0160,0.305889
user_0217,9,user_0862,0.266714
user_0217,10,user_0563,0.265321
user_0217,11,user_0147,0.230647
user_0217,12,user_0557,0.209976
user_0217,13,user_0274,0.193887
user_0217,14,user_0547,0.159277
user_0217,15,user_0099,0.159104
user_0218,1,user_0410,0.526172
user_0218,2,user_0270,0.465336
user_0218,3,user_0159,0.460723
user_0218,4,user_0614,0.450089
user_0218,5,user_0922,0.433620
user_0218,6,user_0415,0.427596
user_0218,7,user_0745,0.422149
user_0218,8,user_0274,0.404405
user_0218,9,user_0793,0.367983
user_0218,10,user_0334,0.347814
user_0218,11,user_0378,0.316998
user_0218,12,user_0864,0.281759
user_0218,13,user_0123,0.268269
user_0218,14,user_0158,0.257727
user_0218,15,user_0557,0.242898
user_0219,1,user_0802,0.499272
user_0219,2,user_0032,0.477245
user_0219,3,user_0974,0.470720
user_0219,4,user_0259,0.469743
user_0219,5,user_0839,0.465150
user_0219,6,user_0971,0.457172
user_0219,7,user_0188,0.454116
user_0219,8,user_0425,0.435254
user_0219,9,user_0838,0.429331
user_0219,10,user_0031,0.415408
user_0219,11,user_0854,0.414708
user_0219,12,user_0969,0.398112
user_0219,13,user_0014,0.395814
user_0219,14,user_0511,0.391376
user_0219,15,user_0924,0.186025
user_0220,1,user_0114,0.573816
user_0220,2,user_0587,0.519830
user_0220,3,user_0879,0.494678
user_0220,4,user_0490,0.472567
user_0220,5,user_0137,0.420003
user_0220,6,user_0787,0.393664
user_0220,7,user_0671,0.392407
user_0220,8,user_0645,0.383892
user_0220,9,user_0624,0.337206
user_0220,10,user_0345,0.326274
user_0220,11,user_0862,0.277146
user_0220,12,user_0686,0.259411
user_0220,13,user_0267,0.233666
user_0220,14,user_0130,0.212384
user_0220,15,user_0355,0.172007
user_0221,1,user_0550,0.507007
user_0221,2,user_0754,0.433246
user_0221,3,user_0221,0.418749
user_0221,4,user_0696,0.409349
user_0221,5,user_0721,0.358551
user_0221,6,user_0741,0.343427
user_0221,7,user_0260,0.338780
user_0221,8,user_0320,0.333162
user_0221,9,user_0468,0.310849
user_0221,10,user_0807,0.310751
user_0221,11,user_0945,0.284793
user_0221,12,user_0795,0.267380
user_0221,13,user_0882,0.249760
user_0221,14,user_0661,0.184365
user_0221,15,user_0158,0.135435
user_0223,1,user_0048,0.542366
user_0223,2,user_0279,0.527195
user_0223,3,user_0504,0.503576
user_0223,4,user_0540,0.492559
user_0223,5,user_0427,0.446897
user_0223,6,user_0137,0.444816
user_0223,7,user_0410,0.434343
user_0223,8,user_0671,0.413987
user_0223,9,user_0614,0.409371
user_0223,10,user_0274,0.400992
user_0223,11,user_0563,0.392926
user_0223,12,user_0473,0.388715
user_0223,13,user_0270,0.384975
user_0223,14,user_0168,0.359886
user_0223,15,user_0557,0.219917
user_0224,1,user_0224,0.624143
user_0224,2,user_0614,0.554258
user_0224,3,user_0270,0.534296
user_0224,4,user_0444,0.524932
user_0224,5,user_0504,0.522332
user_0224,6,user_0279,0.510398
user_0224,7,user_0563,0.510265
user_0224,8,user_0045,0.475086
user_0224,9,user_0437,0.446913
user_0224,10,user_0157,0.398390
user_0224,11,user_0415,0.393890
user_0224,12,user_0147,0.374124
user_0224,13,user_0745,0.365778
user_0224,14,user_0099,0.279498
user_0224,15,user_0557,0.185159
user_0225,1,user_0101,0.488363
user_0225,2,user_0902,0.449155
user_0225,3,user_0335,0.432821
user_0225,4,user_0349,0.422328
user_0225,5,user_0826,0.408727
user_0225,6,user_0765,0.394501
user_0225,7,user_0507,0.389355
user_0225,8,user_0260,0.384942
user_0225,9,user_0156,0.333154
user_0225,10,user_0071,0.310903
user_0225,11,user_0673,0.284336
user_0225,12,user_0920,0.284004
user_0225,13,user_0524,0.258271
user_0225,14,user_0603,0.212143
user_0225,15,user_0225,0.126694
user_0226,1,user_0378,0.544014
user_0226,2,user_0226,0.532828
user_0226,3,user_0991,0.393113
user_0226,4,user_0270,0.392521
user_0226,5,user_0444,0.381029
user_0226,6,user_0593,0.377201
user_0226,7,user_0504,0.365996
user_0226,8,user_0462,0.297858
user_0226,9,user_0045,0.274347
user_0226,10,user_0437,0.268874
user_0226,11,user_0857,0.263372
user_0226,12,user_0224,0.262197
user_0226,13,user_0196,0.229006
user_0226,14,user_0557,0.174106
user_0226,15,user_0563,0.170191
user_0228,1,user_0495,0.423622
user_0228,2,user_0378,0.351770
user_0228,3,user_0267,0.326989
user_0228,4,user_0795,0.308428
user_0228,5,user_0137,0.307722
user_0228,6,user_0038,0.302504
user_0228,7,user_0671,0.293363
user_0228,8,user_0147,0.282049
user_0228,9,user_0600,0.276142
user_0228,10,user_0862,0.262815
user_0228,11,user_0510,0.229970
user_0228,12,user_0355,0.223430
user_0228,13,user_0135,0.218200
user_0228,14,user_0499,0.206529
user_0228,15,user_0547,0.154601
user_0229,1,user_0270,0.536650
user_0229,2,user_0048,0.503538
user_0229,3,user_0079,0.484344
user_0229,4,user_0410,0.478981
user_0229,5,user_0886,0.344192
user_0229,6,user_0168,0.342350
user_0229,7,user_0215,0.318823
user_0229,8,user_0602,0.299429
user_0229,9,user_0563,0.296788
user_0229,10,user_0147,0.290030
user_0229,11,user_0473,0.274170
user_0229,12,user_0671,0.225242
user_0229,13,user_0691,0.192640
user_0229,14,user_0922,0.141232
user_0229,15,user_0547,0.108826
user_0231,1,user_0444,0.548396
user_0231,2,user_0279,0.542193
user_0231,3,user_0085,0.490630
user_0231,4,user_0902,0.470189
user_0231,5,user_0224,0.436625
user_0231,6,user_0313,0.404400
user_0231,7,user_0912,0.371684
user_0231,8,user_0415,0.283812
user_0231,9,user_0541,0.282668
user_0231,10,user_0045,0.281137
user_0231,11,user_0043,0.279959
user_0231,12,user_0123,0.238528
user_0231,13,user_0563,0.207486
user_0231,14,user_0099,0.163221
user_0231,15,user_0504,0.158749
user_0234,1,user_0160,0.594323
user_0234,2,user_0692,0.510770
user_0234,3,user_0610,0.495734
user_0234,4,user_0011,0.475422
user_0234,5,user_0279,0.473968
user_0234,6,user_0917,0.457452
user_0234,7,user_0849,0.441576
user_0234,8,user_0438,0.424438
user_0234,9,user_0564,0.416213
user_0234,10,user_0410,0.400136
user_0234,11,user_0271,0.399712
user_0234,12,user_0495,0.378457
user_0234,13,user_0148,0.362774
user_0234,14,user_0469,0.358176
user_0234,15,user_0858,0.322320
user_0235,1,user_0511,0.560623
user_0235,2,user_0095,0.524280
user_0235,3,user_0160,0.489176
user_0235,4,user_0032,0.484560
user_0235,5,user_0969,0.467460
user_0235,6,user_0614,0.447732
user_0235,7,user_0147,0.374509
user_0235,8,user_0669,0.329117
user_0235,9,user_0267,0.319880
user_0235,10,user_0868,0.313839
user_0235,11,user_0862,0.305025
user_0235,12,user_0563,0.268157
user_0235,13,user_0099,0.149875
user_0235,14,user_0547,0.134534
user_0235,15,user_0293,0.087065
user_0236,1,user_0507,0.484235
user_0236,2,user_0405,0.481407
user_0236,3,user_0902,0.476249
user_0236,4,user_0059,0.462392
user_0236,5,user_0655,0.416948
user_0236,6,user_0506,0.405075
user_0236,7,user_0399,0.349840
user_0236,8,user_0707,0.345493
user_0236,9,user_0045,0.343632
user_0236,10,user_0222,0.294540
user_0236,11,user_0524,0.267482
user_0236,12,user_0652,0.262153
user_0236,13,user_0938,0.253069
user_0236,14,user_0157,0.192710
user_0236,15,user_0099,0.131333
user_0239,1,user_0654,0.624280
user_0239,2,user_0645,0.623502
user_0239,3,user_0345,0.595079
user_0239,4,user_0689,0.583953
user_0239,5,user_0919,0.566229
user_0239,6,user_0979,0.547832
user_0239,7,user_0607,0.543018
user_0239,8,user_0931,0.539508
user_0239,9,user_0160,0.538250
user_0239,10,user_0554,0.523891
user_0239,11,user_0290,0.497469
user_0239,12,user_0661,0.496574
user_0239,13,user_0158,0.439840
user_0239,14,user_0317,0.365190
user_0239,15,user_0373,0.348581
user_0241,1,user_0321,0.495083
user_0241,2,user_0173,0.463852
user_0241,3,user_0636,0.374744
user_0241,4,user_0969,0.360219
user_0241,5,user_0354,0.334981
user_0241,6,user_0160,0.334254
user_0241,7,user_0045,0.277796
user_0241,8,user_0795,0.263998
user_0241,9,user_0524,0.238390
user_0241,10,user_0637,0.229281
user_0241,11,user_0267,0.228088
user_0241,12,user_0578,0.193213
user_0241,13,user_0130,0.126006
user_0241,14,user_0862,0.117351
user_0241,15,user_0355,0.113966
user_0243,1,user_0157,0.669561
user_0243,2,user_0153,0.647701
user_0243,3,user_0151,0.642246
user_0243,4,user_0143,0.636168
user_0243,5,user_0092,0.623251
user_0243,6,user_0902,0.577483
user_0243,7,user_0826,0.572850
user_0243,8,user_0179,0.545316
user_0243,9,user_0026,0.527387
user_0243,10,user_0224,0.507316
user_0243,11,user_0003,0.485429
user_0243,12,user_0045,0.436078
user_0243,13,user_0402,0.431644
user_0243,14,user_0757,0.318448
user_0243,15,user_0652,0.274280
user_0244,1,user_0209,0.434478
user_0244,2,user_0932,0.407285
user_0244,3,user_0714,0.371067
user_0244,4,user_0556,0.363017
user_0244,5,user_0143,0.361347
user_0244,6,user_0153,0.360366
user_0244,7,user_0652,0.321040
user_0244,8,user_0704,0.300793
user_0244,9,user_0339,0.263980
user_0244,10,user_0555,0.253629
user_0244,11,user_0179,0.246639
user_0244,12,user_0415,0.207876
user_0244,13,user_0832,0.169127
user_0244,14,user_0776,0.147452
user_0244,15,user_0845,0.124256
user_0245,1,user_0279,0.548114
user_0245,2,user_0410,0.522002
user_0245,3,user_0422,0.507516
user_0245,4,user_0641,0.456742
user_0245,5,user_0151,0.408714
user_0245,6,user_0604,0.394346
user_0245,7,user_0486,0.384572
user_0245,8,user_0653,0.358779
user_0245,9,user_0614,0.335872
user_0245,10,user_0557,0.272885
user_0245,11,user_0815,0.267508
user_0245,12,user_0437,0.250461
user_0245,13,user_0715,0.228386
user_0245,14,user_0563,0.207309
user_0245,15,user_0334,0.201106
user_0246,1,user_0473,0.575511
user_0246,2,user_0399,0.561952
user_0246,3,user_0045,0.519243
user_0246,4,user_0304,0.512657
user_0246,5,user_0614,0.495224
user_0246,6,user_0563,0.468420
user_0246,7,user_0123,0.465507
user_0246,8,user_0504,0.439531
user_0246,9,user_0706,0.431388
user_0246,10,user_0415,0.403157
user_0246,11,user_0099,0.375387
user_0246,12,user_0821,0.371610
user_0246,13,user_0338,0.333198
user_0246,14,user_0707,0.284983
user_0246,15,user_0541,0.284352
user_0247,1,user_0267,0.530067
user_0247,2,user_0066,0.464849
user_0247,3,user_0247,0.448370
user_0247,4,user_0501,0.447130
user_0247,5,user_0350,0.417420
user_0247,6,user_0723,0.397192
user_0247,7,user_0200,0.396715
user_0247,8,user_0671,0.371694
user_0247,9,user_0633,0.320527
user_0247,10,user_0340,0.247018
user_0247,11,user_0862,0.223077
user_0247,12,user_0345,0.223052
user_0247,13,user_0882,0.219866
user_0247,14,user_0757,0.200764
user_0247,15,user_0432,0.165266
user_0249,1,user_0032,0.650121
user_0249,2,user_0839,0.543284
user_0249,3,user_0640,0.486199
user_0249,4,user_0669,0.455666
user_0249,5,user_0868,0.369937
user_0249,6,user_0504,0.357716
user_0249,7,user_0971,0.332011
user_0249,8,user_0661,0.303082
user_0249,9,user_0721,0.279181
user_0249,10,user_0207,0.269830
user_0249,11,user_0671,0.263582
user_0249,12,user_0147,0.259991
user_0249,13,user_0267,0.245421
user_0249,14,user_0293,0.205230
user_0249,15,user_0563,0.192445
user_0251,1,user_0451,0.349115
user_0251,2,user_0177,0.345197
user_0251,3,user_0985,0.328632
user_0251,4,user_0448,0.322408
user_0251,5,user_0274,0.306394
user_0251,6,user_0437,0.290677
user_0251,7,user_0757,0.247409
user_0251,8,user_0600,0.222718
user_0251,9,user_0147,0.199150
user_0251,10,user_0270,0.194660
user_0251,11,user_0661,0.179586
user_0251,12,user_0473,0.175577
user_0251,13,user_0563,0.150813
user_0251,14,user_0671,0.116953
user_0251,15,user_0557,0.094650
user_0253,1,user_0803,0.498445
user_0253,2,user_0045,0.449693
user_0253,3,user_0501,0.429194
user_0253,4,user_0143,0.390472
user_0253,5,user_0279,0.389508
user_0253,6,user_0078,0.388106
user_0253,7,user_0127,0.379775
user_0253,8,user_0156,0.339459
user_0253,9,user_0776,0.339363
user_0253,10,user_0862,0.325292
user_0253,11,user_0704,0.323482
user_0253,12,user_0270,0.315724
user_0253,13,user_0961,0.310498
user_0253,14,user_0415,0.300305
user_0253,15,user_0231,0.286401
user_0254,1,user_0556,0.546300
user_0254,2,user_0186,0.491896
user_0254,3,user_0254,0.480547
user_0254,4,user_0143,0.472678
user_0254,5,user_0030,0.436944
user_0254,6,user_0153,0.345671
user_0254,7,user_0179,0.344483
user_0254,8,user_0287,0.272020
user_0254,9,user_0776,0.260958
user_0254,10,user_0209,0.229117
user_0254,11,user_0457,0.169619
user_0254,12,user_0415,0.166694
user_0254,13,user_0090,0.165986
user_0254,14,user_0069,0.163146
user_0254,15,user_0845,0.119793
user_0255,1,user_0803,0.562885
user_0255,2,user_0270,0.529866
user_0255,3,user_0111,0.521568
user_0255,4,user_0020,0.510974
user_0255,5,user_0159,0.500537
user_0255,6,user_0143,0.499541
user_0255,7,user_0777,0.488529
user_0255,8,user_0224,0.485964
user_0255,9,user_0704,0.483884
user_0255,10,user_0339,0.453682
user_0255,11,user_0072,0.425382
user_0255,12,user_0784,0.410520
user_0255,13,user_0715,0.403737
user_0255,14,user_0277,0.347175
user_0255,15,user_0902,0.296489
user_0256,1,user_0802,0.692563
user_0256,2,user_0160,0.656952
user_0256,3,user_0328,0.655915
user_0256,4,user_0357,0.642439
user_0256,5,user_0969,0.576380
user_0256,6,user_0971,0.559692
user_0256,7,user_0032,0.548571
user_0256,8,user_0511,0.540896
user_0256,9,user_0669,0.539949
user_0256,10,user_0610,0.522827
user_0256,11,user_0838,0.515443
user_0256,12,user_0756,0.489353
user_0256,13,user_0011,0.408441
user_0256,14,user_0271,0.327950
user_0256,15,user_0293,0.101650
user_0258,1,user_0444,0.504608
user_0258,2,user_0754,0.452541
user_0258,3,user_0147,0.447603
user_0258,4,user_0415,0.447139
user_0258,5,user_0504,0.378856
user_0258,6,user_0135,0.347881
user_0258,7,user_0437,0.329337
user_0258,8,user_0313,0.320789
user_0258,9,user_0761,0.308446
user_0258,10,user_0451,0.245696
user_0258,11,user_0045,0.213692
user_0258,12,user_0157,0.191148
user_0258,13,user_0557,0.159879
user_0258,14,user_0523,0.140530
user_0258,15,user_0547,0.102892
user_0268,1,user_0048,0.490639
user_0268,2,user_0270,0.489420
user_0268,3,user_0410,0.451676
user_0268,4,user_0438,0.441216
user_0268,5,user_0377,0.370031
user_0268,6,user_0448,0.312910
user_0268,7,user_0335,0.302732
user_0268,8,user_0456,0.298784
user_0268,9,user_0224,0.261923
user_0268,10,user_0160,0.246979
user_0268,11,user_0540,0.246739
user_0268,12,user_0168,0.221877
user_0268,13,user_0137,0.217068
user_0268,14,user_0279,0.193186
user_0268,15,user_0563,0.168650
user_0269,1,user_0969,0.513812
user_0269,2,user_0808,0.513726
user_0269,3,user_0971,0.481361
user_0269,4,user_0011,0.462390
user_0269,5,user_0160,0.458626
user_0269,6,user_0650,0.456023
user_0269,7,user_0355,0.433514
user_0269,8,user_0269,0.431867
user_0269,9,user_0924,0.420845
user_0269,10,user_0495,0.372626
user_0269,11,user_0563,0.369193
user_0269,12,user_0267,0.344529
user_0269,13,user_0415,0.289549
user_0269,14,user_0271,0.284329
user_0269,15,user_0357,0.244931
user_0270,1,user_0931,0.599741
user_0270,2,user_0969,0.565023
user_0270,3,user_0160,0.517424
user_0270,4,user_0011,0.490585
user_0270,5,user_0519,0.456445
user_0270,6,user_0397,0.448119
user_0270,7,user_0270,0.412490
user_0270,8,user_0661,0.342749
user_0270,9,user_0991,0.290471
user_0270,10,user_0147,0.284587
user_0270,11,user_0614,0.244086
user_0270,12,user_0563,0.205228
user_0270,13,user_0267,0.196306
user_0270,14,user_0157,0.134408
user_0270,15,user_0608,0.095057
user_0271,1,user_0662,0.564059
user_0271,2,user_0294,0.550415
user_0271,3,user_0478,0.541051
user_0271,4,user_0046,0.525825
user_0271,5,user_0721,0.524505
user_0271,6,user_0424,0.520437
user_0271,7,user_0160,0.497563
user_0271,8,user_0397,0.494007
user_0271,9,user_0015,0.492943
user_0271,10,user_0897,0.484039
user_0271,11,user_0969,0.478439
user_0271,12,user_0945,0.475411
user_0271,13,user_0971,0.441910
user_0271,14,user_0188,0.425901
user_0271,15,user_0269,0.326384
user_0272,1,user_0238,0.586717
user_0272,2,user_0504,0.532206
user_0272,3,user_0647,0.519680
user_0272,4,user_0441,0.460622
user_0272,5,user_0168,0.399571
user_0272,6,user_0272,0.353846
user_0272,7,user_0473,0.344146
user_0272,8,user_0921,0.330660
user_0272,9,user_0137,0.311723
user_0272,10,user_0099,0.273230
user_0272,11,user_0671,0.240770
user_0272,12,user_0563,0.216998
user_0272,13,user_0557,0.202543
user_0272,14,user_0541,0.125535
user_0272,15,user_0694,0.083979
user_0274,1,user_0378,0.423739
user_0274,2,user_0437,0.387447
user_0274,3,user_0733,0.379100
user_0274,4,user_0545,0.336587
user_0274,5,user_0270,0.325155
user_0274,6,user_0066,0.316599
user_0274,7,user_0504,0.311755
user_0274,8,user_0095,0.306816
user_0274,9,user_0279,0.301020
user_0274,10,user_0147,0.293980
user_0274,11,user_0695,0.290473
user_0274,12,user_0443,0.251967
user_0274,13,user_0563,0.243514
user_0274,14,user_0328,0.226914
user_0274,15,user_0557,0.159286
user_0275,1,user_0011,0.577096
user_0275,2,user_0413,0.527587
user_0275,3,user_0770,0.525728
user_0275,4,user_0270,0.481890
user_0275,5,user_0519,0.442776
user_0275,6,user_0849,0.423301
user_0275,7,user_0661,0.421869
user_0275,8,user_0160,0.404343
user_0275,9,user_0465,0.401372
user_0275,10,user_0279,0.360326
user_0275,11,user_0504,0.340836
user_0275,12,user_0563,0.335623
user_0275,13,user_0608,0.282144
user_0275,14,user_0147,0.276471
user_0275,15,user_0415,0.216245
user_0277,1,user_0277,0.511037
user_0277,2,user_0444,0.424635
user_0277,3,user_0279,0.332581
user_0277,4,user_0766,0.325302
user_0277,5,user_0270,0.308910
user_0277,6,user_0745,0.306102
user_0277,7,user_0152,0.301634
user_0277,8,user_0437,0.271727
user_0277,9,user_0159,0.252236
user_0277,10,user_0815,0.246023
user_0277,11,user_0415,0.242263
user_0277,12,user_0614,0.232992
user_0277,13,user_0695,0.182464
user_0277,14,user_0604,0.160088
user_0277,15,user_0557,0.153646
user_0279,1,user_0473,0.617977
user_0279,2,user_0504,0.590452
user_0279,3,user_0239,0.581435
user_0279,4,user_0683,0.557155
user_0279,5,user_0707,0.546415
user_0279,6,user_0466,0.538663
user_0279,7,user_0444,0.529009
user_0279,8,user_0151,0.516968
user_0279,9,user_0879,0.515165
user_0279,10,user_0563,0.511729
user_0279,11,user_0643,0.509655
user_0279,12,user_0415,0.505047
user_0279,13,user_0754,0.461170
user_0279,14,user_0147,0.425081
user_0279,15,user_0600,0.402709
user_0282,1,user_0802,0.610101
user_0282,2,user_0511,0.594568
user_0282,3,user_0756,0.584266
user_0282,4,user_0282,0.547017
user_0282,5,user_0031,0.485548
user_0282,6,user_0669,0.476848
user_0282,7,user_0032,0.432280
user_0282,8,user_0839,0.418574
user_0282,9,user_0838,0.401252
user_0282,10,user_0560,0.397324
user_0282,11,user_0014,0.396447
user_0282,12,user_0854,0.373944
user_0282,13,user_0342,0.348902
user_0282,14,user_0319,0.325518
user_0282,15,user_0868,0.300417
user_0284,1,user_0284,0.539712
user_0284,2,user_0003,0.538335
user_0284,3,user_0011,0.521936
user_0284,4,user_0897,0.498977
user_0284,5,user_0397,0.494184
user_0284,6,user_0940,0.493806
user_0284,7,user_0353,0.477445
user_0284,8,user_0862,0.471640
user_0284,9,user_0721,0.450333
user_0284,10,user_0591,0.434205
user_0284,11,user_0345,0.430587
user_0284,12,user_0745,0.419745
user_0284,13,user_0534,0.404725
user_0284,14,user_0712,0.184851
user_0284,15,user_0608,0.110536
user_0285,1,user_0048,0.490690
user_0285,2,user_0011,0.479341
user_0285,3,user_0931,0.457200
user_0285,4,user_0969,0.429726
user_0285,5,user_0279,0.378614
user_0285,6,user_0160,0.364218
user_0285,7,user_0467,0.354778
user_0285,8,user_0634,0.344208
user_0285,9,user_0818,0.336311
user_0285,10,user_0913,0.318993
user_0285,11,user_0614,0.299711
user_0285,12,user_0410,0.293383
user_0285,13,user_0147,0.262957
user_0285,14,user_0196,0.231424
user_0285,15,user_0563,0.176320
user_0286,1,user_0587,0.633008
user_0286,2,user_0486,0.590421
user_0286,3,user_0466,0.576048
user_0286,4,user_0879,0.548235
user_0286,5,user_0930,0.527956
user_0286,6,user_0504,0.506003
user_0286,7,user_0510,0.498763
user_0286,8,user_0264,0.488603
user_0286,9,user_0137,0.479643
user_0286,10,user_0151,0.442194
user_0286,11,user_0563,0.406828
user_0286,12,user_0671,0.401344
user_0286,13,user_0683,0.339741
user_0286,14,user_0366,0.231056
user_0286,15,user_0229,0.226717
user_0289,1,user_0636,0.585263
user_0289,2,user_0504,0.564026
user_0289,3,user_0638,0.542330
user_0289,4,user_0984,0.459729
user_0289,5,user_0650,0.426466
user_0289,6,user_0686,0.418011
user_0289,7,user_0289,0.409147
user_0289,8,user_0124,0.388812
user_0289,9,user_0733,0.370142
user_0289,10,user_0437,0.361099
user_0289,11,user_0712,0.354152
user_0289,12,user_0695,0.332293
user_0289,13,user_0862,0.262810
user_0289,14,user_0810,0.198993
user_0289,15,user_0557,0.174597
user_0292,1,user_0099,0.698242
user_0292,2,user_0916,0.696216
user_0292,3,user_0473,0.662752
user_0292,4,user_0127,0.658783
user_0292,5,user_0415,0.643828
user_0292,6,user_0045,0.629343
user_0292,7,user_0821,0.620725
user_0292,8,user_0334,0.620016
user_0292,9,user_0504,0.606692
user_0292,10,user_0444,0.565589
user_0292,11,user_0925,0.484864
user_0292,12,user_0147,0.431779
user_0292,13,user_0651,0.430196
user_0292,14,user_0308,0.212356
user_0292,15,user_0694,0.200014
user_0293,1,user_0032,0.647714
user_0293,2,user_0640,0.640720
user_0293,3,user_0319,0.604668
user_0293,4,user_0511,0.601101
user_0293,5,user_0560,0.571683
user_0293,6,user_0838,0.552857
user_0293,7,user_0854,0.538929
user_0293,8,user_0839,0.507348
user_0293,9,user_0669,0.442765
user_0293,10,user_0293,0.430660
user_0293,11,user_0353,0.426632
user_0293,12,user_0868,0.394615
user_0293,13,user_0762,0.356991
user_0293,14,user_0909,0.221452
user_0293,15,user_0207,0.193581
user_0297,1,user_0413,0.505728
user_0297,2,user_0849,0.497454
user_0297,3,user_0519,0.440891
user_0297,4,user_0534,0.425453
user_0297,5,user_0504,0.396460
user_0297,6,user_0583,0.395063
user_0297,7,user_0623,0.387194
user_0297,8,user_0661,0.350595
user_0297,9,user_0158,0.320288
user_0297,10,user_0147,0.309754
user_0297,11,user_0733,0.299504
user_0297,12,user_0451,0.238746
user_0297,13,user_0074,0.235107
user_0297,14,user_0577,0.200506
user_0297,15,user_0275,0.180293
user_0301,1,user_0568,0.475197
user_0301,2,user_0336,0.438237
user_0301,3,user_0610,0.412238
user_0301,4,user_0976,0.391115
user_0301,5,user_0356,0.389414
user_0301,6,user_0444,0.375016
user_0301,7,user_0160,0.319796
user_0301,8,user_0345,0.252276
user_0301,9,user_0301,0.248818
user_0301,10,user_0661,0.242334
user_0301,11,user_0900,0.215881
user_0301,12,user_0689,0.198491
user_0301,13,user_0373,0.170560
user_0301,14,user_0608,0.152418
user_0301,15,user_0547,0.086295
user_0304,1,user_0279,0.565081
user_0304,2,user_0420,0.548871
user_0304,3,user_0335,0.539249
user_0304,4,user_0157,0.522962
user_0304,5,user_0224,0.493966
user_0304,6,user_0127,0.480847
user_0304,7,user_0415,0.477718
user_0304,8,user_0961,0.462622
user_0304,9,user_0005,0.460047
user_0304,10,user_0473,0.455111
user_0304,11,user_0563,0.318233
user_0304,12,user_0434,0.284829
user_0304,13,user_0541,0.283298
user_0304,14,user_0707,0.282506
user_0304,15,user_0547,0.170970
user_0306,1,user_0721,0.610003
user_0306,2,user_0306,0.554887
user_0306,3,user_0611,0.554696
user_0306,4,user_0478,0.512302
user_0306,5,user_0870,0.506820
user_0306,6,user_0971,0.404210
user_0306,7,user_0969,0.377731
user_0306,8,user_0512,0.374384
user_0306,9,user_0614,0.360733
user_0306,10,user_0795,0.343212
user_0306,11,user_0397,0.340233
user_0306,12,user_0221,0.338387
user_0306,13,user_0188,0.336511
user_0306,14,user_0661,0.315284
user_0306,15,user_0583,0.141001
user_0307,1,user_0444,0.456084
user_0307,2,user_0547,0.348056
user_0307,3,user_0157,0.325147
user_0307,4,user_0334,0.223090
user_0307,5,user_0745,0.221185
user_0307,6,user_0224,0.218626
user_0307,7,user_0123,0.211299
user_0307,8,user_0147,0.210467
user_0307,9,user_0541,0.200682
user_0307,10,user_0045,0.190709
user_0307,11,user_0557,0.181578
user_0307,12,user_0600,0.179882
user_0307,13,user_0415,0.179636
user_0307,14,user_0671,0.147015
user_0307,15,user_0099,0.137329
user_0308,1,user_0279,0.572650
user_0308,2,user_0614,0.467246
user_0308,3,user_0504,0.462538
user_0308,4,user_0215,0.391100
user_0308,5,user_0308,0.325742
user_0308,6,user_0473,0.309077
user_0308,7,user_0812,0.298766
user_0308,8,user_0147,0.297262
user_0308,9,user_0694,0.261444
user_0308,10,user_0703,0.258974
user_0308,11,user_0334,0.199295
user_0308,12,user_0061,0.198460
user_0308,13,user_0557,0.182419
user_0308,14,user_0073,0.179735
user_0308,15,user_0074,0.166962
user_0310,1,user_0224,0.587858
user_0310,2,user_0641,0.563607
user_0310,3,user_0604,0.563593
user_0310,4,user_0879,0.541304
user_0310,5,user_0335,0.536573
user_0310,6,user_0281,0.510515
user_0310,7,user_0043,0.510249
user_0310,8,user_0399,0.501218
user_0310,9,user_0415,0.494944
user_0310,10,user_0504,0.437243
user_0310,11,user_0524,0.436670
user_0310,12,user_0916,0.415027
user_0310,13,user_0099,0.405559
user_0310,14,user_0045,0.372905
user_0310,15,user_0462,0.268228
user_0313,1,user_0313,0.517271
user_0313,2,user_0541,0.427668
user_0313,3,user_0457,0.397482
user_0313,4,user_0472,0.390107
user_0313,5,user_0761,0.383986
user_0313,6,user_0281,0.348840
user_0313,7,user_0902,0.339814
user_0313,8,user_0224,0.336555
user_0313,9,user_0335,0.334513
user_0313,10,user_0504,0.305289
user_0313,11,user_0334,0.296834
user_0313,12,user_0045,0.289187
user_0313,13,user_0563,0.276023
user_0313,14,user_0085,0.243187
user_0313,15,user_0462,0.159898
user_0315,1,user_0444,0.587162
user_0315,2,user_0315,0.568439
user_0315,3,user_0448,0.545024
user_0315,4,user_0912,0.481379
user_0315,5,user_0415,0.479857
user_0315,6,user_0313,0.431187
user_0315,7,user_0902,0.420054
user_0315,8,user_0224,0.411685
user_0315,9,user_0215,0.392714
user_0315,10,user_0157,0.371753
user_0315,11,user_0237,0.364953
user_0315,12,user_0504,0.321868
user_0315,13,user_0123,0.320187
user_0315,14,user_0045,0.319442
user_0315,15,user_0557,0.180550
user_0316,1,user_0444,0.661178
user_0316,2,user_0279,0.558267
user_0316,3,user_0415,0.520669
user_0316,4,user_0473,0.493997
user_0316,5,user_0821,0.486624
user_0316,6,user_0563,0.481725
user_0316,7,user_0123,0.455603
user_0316,8,user_0902,0.446747
user_0316,9,user_0812,0.442143
user_0316,10,user_0504,0.379082
user_0316,11,user_0043,0.371984
user_0316,12,user_0614,0.365661
user_0316,13,user_0099,0.331386
user_0316,14,user_0334,0.305768
user_0316,15,user_0557,0.304062
user_0320,1,user_0294,0.562769
user_0320,2,user_0320,0.541933
user_0320,3,user_0535,0.516390
user_0320,4,user_0662,0.499457
user_0320,5,user_0397,0.466911
user_0320,6,user_0330,0.462939
user_0320,7,user_0721,0.438444
user_0320,8,user_0870,0.429425
user_0320,9,user_0644,0.392751
user_0320,10,user_0221,0.337523
user_0320,11,user_0188,0.319832
user_0320,12,user_0971,0.312444
user_0320,13,user_0839,0.307172
user_0320,14,user_0954,0.268415
user_0320,15,user_0709,0.136058
user_0322,1,user_0448,0.494026
user_0322,2,user_0826,0.486114
user_0322,3,user_0057,0.441295
user_0322,4,user_0913,0.403190
user_0322,5,user_0267,0.397624
user_0322,6,user_0683,0.379548
user_0322,7,user_0614,0.329729
user_0322,8,user_0437,0.294008
user_0322,9,user_0179,0.276122
user_0322,10,user_0086,0.236920
user_0322,11,user_0415,0.236694
user_0322,12,user_0147,0.210386
user_0322,13,user_0815,0.204662
user_0322,14,user_0373,0.173091
user_0322,15,user_0563,0.130659
user_0323,1,user_0072,0.609476
user_0323,2,user_0621,0.606924
user_0323,3,user_0142,0.565149
user_0323,4,user_0678,0.562889
user_0323,5,user_0472,0.492159
user_0323,6,user_0335,0.474049
user_0323,7,user_0384,0.467749
user_0323,8,user_0310,0.460760
user_0323,9,user_0457,0.458478
user_0323,10,user_0507,0.432505
user_0323,11,user_0595,0.431069
user_0323,12,user_0281,0.405561
user_0323,13,user_0704,0.387639
user_0323,14,user_0876,0.370523
user_0323,15,user_0222,0.360661
user_0324,1,user_0645,0.570601
user_0324,2,user_0202,0.497839
user_0324,3,user_0267,0.468828
user_0324,4,user_0862,0.456867
user_0324,5,user_0345,0.430534
user_0324,6,user_0985,0.408318
user_0324,7,user_0147,0.405762
user_0324,8,user_0654,0.392726
user_0324,9,user_0443,0.350521
user_0324,10,user_0401,0.349509
user_0324,11,user_0066,0.345897
user_0324,12,user_0671,0.317435
user_0324,13,user_0047,0.299537
user_0324,14,user_0355,0.277557
user_0324,15,user_0882,0.252642
user_0332,1,user_0657,0.594819
user_0332,2,user_0332,0.492391
user_0332,3,user_0550,0.333369
user_0332,4,user_0345,0.247165
user_0332,5,user_0351,0.235264
user_0332,6,user_0368,0.229152
user_0332,7,user_0729,0.184982
user_0332,8,user_0840,0.173455
user_0332,9,user_0114,0.173074
user_0332,10,user_0671,0.164481
user_0332,11,user_0103,0.145579
user_0332,12,user_0053,0.132158
user_0332,13,user_0882,0.102351
user_0332,14,user_0305,0.086164
user_0332,15,user_0703,0.076621
user_0333,1,user_0931,0.583491
user_0333,2,user_0345,0.573288
user_0333,3,user_0689,0.561577
user_0333,4,user_0160,0.552589
user_0333,5,user_0181,0.546370
user_0333,6,user_0373,0.540554
user_0333,7,user_0177,0.535388
user_0333,8,user_0661,0.521869
user_0333,9,user_0270,0.501754
user_0333,10,user_0274,0.500881
user_0333,11,user_0502,0.478183
user_0333,12,user_0158,0.447813
user_0333,13,user_0290,0.445411
user_0333,14,user_0608,0.440542
user_0333,15,user_0147,0.288106
user_0338,1,user_0270,0.591084
user_0338,2,user_0444,0.580054
user_0338,3,user_0224,0.562446
user_0338,4,user_0912,0.524460
user_0338,5,user_0563,0.508677
user_0338,6,user_0504,0.486745
user_0338,7,user_0123,0.476114
user_0338,8,user_0745,0.448518
user_0338,9,user_0415,0.432886
user_0338,10,user_0160,0.432702
user_0338,11,user_0147,0.421052
user_0338,12,user_0600,0.413504
user_0338,13,user_0557,0.323701
user_0338,14,user_0547,0.282495
user_0338,15,user_0158,0.273826
user_0339,1,user_0504,0.541408
user_0339,2,user_0224,0.520515
user_0339,3,user_0335,0.499021
user_0339,4,user_0151,0.488017
user_0339,5,user_0466,0.482440
user_0339,6,user_0772,0.478825
user_0339,7,user_0026,0.465623
user_0339,8,user_0879,0.459853
user_0339,9,user_0045,0.449550
user_0339,10,user_0415,0.433545
user_0339,11,user_0156,0.404353
user_0339,12,user_0563,0.404048
user_0339,13,user_0775,0.403481
user_0339,14,user_0485,0.356957
user_0339,15,user_0178,0.310014
user_0341,1,user_0444,0.523605
user_0341,2,user_0826,0.489049
user_0341,3,user_0930,0.461059
user_0341,4,user_0231,0.459178
user_0341,5,user_0224,0.457244
user_0341,6,user_0303,0.409125
user_0341,7,user_0156,0.394836
user_0341,8,user_0486,0.389339
user_0341,9,user_0313,0.364758
user_0341,10,user_0557,0.348038
user_0341,11,user_0264,0.315482
user_0341,12,user_0045,0.314822
user_0341,13,user_0782,0.311763
user_0341,14,user_0462,0.276755
user_0341,15,user_0099,0.181448
user_0342,1,user_0802,0.584477
user_0342,2,user_0032,0.572854
user_0342,3,user_0838,0.551724
user_0342,4,user_0342,0.523374
user_0342,5,user_0031,0.474416
user_0342,6,user_0505,0.467835
user_0342,7,user_0511,0.439048
user_0342,8,user_0319,0.433829
user_0342,9,user_0868,0.426516
user_0342,10,user_0014,0.406300
user_0342,11,user_0669,0.394060
user_0342,12,user_0839,0.389661
user_0342,13,user_0969,0.334299
user_0342,14,user_0167,0.266770
user_0342,15,user_0293,0.225200
user_0345,1,user_0290,0.621278
user_0345,2,user_0160,0.588611
user_0345,3,user_0969,0.557091
user_0345,4,user_0345,0.543766
user_0345,5,user_0689,0.543703
user_0345,6,user_0607,0.542353
user_0345,7,user_0931,0.519073
user_0345,8,user_0661,0.499325
user_0345,9,user_0979,0.468824
user_0345,10,user_0158,0.412460
user_0345,11,user_0011,0.349580
user_0345,12,user_0608,0.312956
user_0345,13,user_0600,0.295787
user_0345,14,user_0147,0.282733
user_0345,15,user_0563,0.205605
user_0347,1,user_0486,0.562664
user_0347,2,user_0504,0.535003
user_0347,3,user_0563,0.510663
user_0347,4,user_0721,0.468427
user_0347,5,user_0473,0.462771
user_0347,6,user_0437,0.429896
user_0347,7,user_0671,0.403123
user_0347,8,user_0694,0.373003
user_0347,9,user_0985,0.364389
user_0347,10,user_0815,0.351033
user_0347,11,user_0147,0.312537
user_0347,12,user_0812,0.303476
user_0347,13,user_0074,0.301383
user_0347,14,user_0695,0.272805
user_0347,15,user_0557,0.191895
user_0348,1,user_0011,0.608018
user_0348,2,user_0683,0.580559
user_0348,3,user_0335,0.556649
user_0348,4,user_0913,0.524760
user_0348,5,user_0613,0.494741
user_0348,6,user_0271,0.460279
user_0348,7,user_0467,0.422267
user_0348,8,user_0167,0.414582
user_0348,9,user_0415,0.405957
user_0348,10,user_0614,0.379360
user_0348,11,user_0437,0.303723
user_0348,12,user_0005,0.246004
user_0348,13,user_0815,0.220876
user_0348,14,user_0147,0.198124
user_0348,15,user_0563,0.192845
user_0349,1,user_0020,0.532627
user_0349,2,user_0460,0.486510
user_0349,3,user_0203,0.480390
user_0349,4,user_0775,0.479449
user_0349,5,user_0833,0.476099
user_0349,6,user_0119,0.471928
user_0349,7,user_0363,0.452658
user_0349,8,user_0267,0.404917
user_0349,9,user_0157,0.403042
user_0349,10,user_0160,0.371921
user_0349,11,user_0772,0.367376
user_0349,12,user_0045,0.328910
user_0349,13,user_0524,0.295681
user_0349,14,user_0661,0.277105
user_0349,15,user_0563,0.266616
user_0352,1,user_0045,0.561370
user_0352,2,user_0910,0.552568
user_0352,3,user_0279,0.532865
user_0352,4,user_0352,0.525046
user_0352,5,user_0231,0.517216
user_0352,6,user_0340,0.498558
user_0352,7,user_0415,0.488402
user_0352,8,user_0085,0.463214
user_0352,9,user_0563,0.461770
user_0352,10,user_0501,0.453270
user_0352,11,user_0776,0.444925
user_0352,12,user_0267,0.428755
user_0352,13,user_0815,0.363451
user_0352,14,user_0862,0.341626
user_0352,15,user_0147,0.310068
user_0353,1,user_0032,0.602577
user_0353,2,user_0353,0.580179
user_0353,3,user_0756,0.564703
user_0353,4,user_0839,0.495521
user_0353,5,user_0560,0.475625
user_0353,6,user_0669,0.469156
user_0353,7,user_0511,0.459720
user_0353,8,user_0935,0.449728
user_0353,9,user_0014,0.435668
user_0353,10,user_0838,0.421571
user_0353,11,user_0854,0.401475
user_0353,12,user_0585,0.358016
user_0353,13,user_0868,0.352872
user_0353,14,user_0609,0.346273
user_0353,15,user_0909,0.282488
user_0358,1,user_0358,0.585297
user_0358,2,user_0569,0.515036
user_0358,3,user_0437,0.437563
user_0358,4,user_0614,0.391759
user_0358,5,user_0612,0.390874
user_0358,6,user_0815,0.357093
user_0358,7,user_0563,0.350993
user_0358,8,user_0099,0.348678
user_0358,9,user_0147,0.328481
user_0358,10,user_0706,0.322236
user_0358,11,user_0812,0.261606
user_0358,12,user_0972,0.259731
user_0358,13,user_0557,0.225230
user_0358,14,user_0639,0.185512
user_0358,15,user_0240,0.179637
user_0359,1,user_0931,0.579327
user_0359,2,user_0160,0.577790
user_0359,3,user_0607,0.571722
user_0359,4,user_0979,0.538878
user_0359,5,user_0969,0.470634
user_0359,6,user_0359,0.461001
user_0359,7,user_0740,0.443415
user_0359,8,user_0608,0.405806
user_0359,9,user_0795,0.405566
user_0359,10,user_0499,0.398829
user_0359,11,user_0147,0.281885
user_0359,12,user_0866,0.243964
user_0359,13,user_0415,0.234980
user_0359,14,user_0547,0.108317
user_0359,15,user_0099,0.094163
user_0363,1,user_0279,0.545768
user_0363,2,user_0363,0.542209
user_0363,3,user_0422,0.523601
user_0363,4,user_0157,0.515824
user_0363,5,user_0663,0.508753
user_0363,6,user_0224,0.508655
user_0363,7,user_0167,0.459339
user_0363,8,user_0941,0.458008
user_0363,9,user_0270,0.450551
user_0363,10,user_0415,0.433969
user_0363,11,user_0938,0.409190
user_0363,12,user_0563,0.382311
user_0363,13,user_0924,0.309590
user_0363,14,user_0099,0.274993
user_0363,15,user_0070,0.247343
user_0364,1,user_0364,0.695810
user_0364,2,user_0582,0.554112
user_0364,3,user_0019,0.532196
user_0364,4,user_0375,0.507417
user_0364,5,user_0983,0.497634
user_0364,6,user_0759,0.489395
user_0364,7,user_0425,0.422835
user_0364,8,user_0918,0.418347
user_0364,9,user_0692,0.403192
user_0364,10,user_0098,0.344022
user_0364,11,user_0595,0.336097
user_0364,12,user_0107,0.315056
user_0364,13,user_0090,0.231554
user_0364,14,user_0549,0.229599
user_0364,15,user_0157,0.204417
user_0367,1,user_0397,0.381166
user_0367,2,user_0775,0.310055
user_0367,3,user_0671,0.300154
user_0367,4,user_0790,0.289775
user_0367,5,user_0267,0.289478
user_0367,6,user_0661,0.281699
user_0367,7,user_0482,0.275519
user_0367,8,user_0345,0.275389
user_0367,9,user_0793,0.272722
user_0367,10,user_0979,0.267274
user_0367,11,user_0026,0.245885
user_0367,12,user_0563,0.219950
user_0367,13,user_0038,0.209785
user_0367,14,user_0862,0.195917
user_0367,15,user_0160,0.187283
user_0368,1,user_0413,0.212339
user_0368,2,user_0798,0.204920
user_0368,3,user_0519,0.186738
user_0368,4,user_0284,0.170559
user_0368,5,user_0619,0.161490
user_0368,6,user_0368,0.155892
user_0368,7,user_0738,0.140581
user_0368,8,user_0224,0.139189
user_0368,9,user_0375,0.137595
user_0368,10,user_0415,0.127538
user_0368,11,user_0970,0.125847
user_0368,12,user_0004,0.112186
user_0368,13,user_0906,0.105004
user_0368,14,user_0278,0.099887
user_0368,15,user_0462,0.094969
user_0371,1,user_0420,0.618725
user_0371,2,user_0325,0.541263
user_0371,3,user_0020,0.523488
user_0371,4,user_0775,0.494231
user_0371,5,user_0590,0.486095
user_0371,6,user_0078,0.483932
user_0371,7,user_0944,0.479170
user_0371,8,user_0363,0.442171
user_0371,9,user_0422,0.438016
user_0371,10,user_0157,0.436803
user_0371,11,user_0881,0.408904
user_0371,12,user_0758,0.398907
user_0371,13,user_0147,0.314117
user_0371,14,user_0451,0.280781
user_0371,15,user_0949,0.271950
user_0372,1,user_0656,0.531095
user_0372,2,user_0372,0.499393
user_0372,3,user_0588,0.475755
user_0372,4,user_0917,0.459787
user_0372,5,user_0358,0.457202
user_0372,6,user_0184,0.456227
user_0372,7,user_0604,0.420335
user_0372,8,user_0107,0.419487
user_0372,9,user_0422,0.363078
user_0372,10,user_0970,0.357680
user_0372,11,user_0316,0.345381
user_0372,12,user_0152,0.288766
user_0372,13,user_0334,0.237858
user_0372,14,user_0924,0.236689
user_0372,15,user_0715,0.169966
user_0374,1,user_0319,0.657593
user_0374,2,user_0032,0.552094
user_0374,3,user_0374,0.550681
user_0374,4,user_0764,0.529016
user_0374,5,user_0014,0.507708
user_0374,6,user_0756,0.497758
user_0374,7,user_0353,0.493278
user_0374,8,user_0935,0.488356
user_0374,9,user_0640,0.487525
user_0374,10,user_0838,0.479233
user_0374,11,user_0868,0.477402
user_0374,12,user_0839,0.472387
user_0374,13,user_0235,0.462280
user_0374,14,user_0585,0.452365
user_0374,15,user_0909,0.322213
user_0379,1,user_0466,0.462809
user_0379,2,user_0160,0.451661
user_0379,3,user_0345,0.448794
user_0379,4,user_0568,0.436155
user_0379,5,user_0123,0.424825
user_0379,6,user_0772,0.414978
user_0379,7,user_0913,0.412794
user_0379,8,user_0485,0.408610
user_0379,9,user_0397,0.318154
user_0379,10,user_0237,0.314403
user_0379,11,user_0862,0.314384
user_0379,12,user_0267,0.288894
user_0379,13,user_0045,0.283308
user_0379,14,user_0563,0.249266
user_0379,15,user_0882,0.192168
user_0380,1,user_0224,0.538419
user_0380,2,user_0011,0.533364
user_0380,3,user_0504,0.520658
user_0380,4,user_0160,0.516061
user_0380,5,user_0279,0.497255
user_0380,6,user_0444,0.482329
user_0380,7,user_0563,0.472603
user_0380,8,user_0772,0.469345
user_0380,9,user_0045,0.468149
user_0380,10,user_0156,0.448294
user_0380,11,user_0862,0.445611
user_0380,12,user_0123,0.441387
user_0380,13,user_0415,0.437406
user_0380,14,user_0157,0.386053
user_0380,15,user_0267,0.345010
user_0383,1,user_0971,0.542421
user_0383,2,user_0897,0.534131
user_0383,3,user_0974,0.521943
user_0383,4,user_0425,0.501773
user_0383,5,user_0576,0.480983
user_0383,6,user_0969,0.479448
user_0383,7,user_0188,0.477405
user_0383,8,user_0578,0.445654
user_0383,9,user_0063,0.443198
user_0383,10,user_0954,0.436554
user_0383,11,user_0160,0.385801
user_0383,12,user_0397,0.384640
user_0383,13,user_0838,0.325374
user_0383,14,user_0267,0.290312
user_0383,15,user_0568,0.281419
user_0388,1,user_0593,0.565863
user_0388,2,user_0486,0.551423
user_0388,3,user_0388,0.541973
user_0388,4,user_0504,0.522814
user_0388,5,user_0563,0.480192
user_0388,6,user_0437,0.434285
user_0388,7,user_0695,0.414624
user_0388,8,user_0147,0.396574
user_0388,9,user_0671,0.389218
user_0388,10,user_0010,0.333310
user_0388,11,user_0334,0.330184
user_0388,12,user_0557,0.296934
user_0388,13,user_0038,0.282313
user_0388,14,user_0815,0.281047
user_0388,15,user_0073,0.270231
user_0389,1,user_0066,0.370260
user_0389,2,user_0443,0.338531
user_0389,3,user_0583,0.315949
user_0389,4,user_0561,0.288566
user_0389,5,user_0124,0.260789
user_0389,6,user_0269,0.218096
user_0389,7,user_0074,0.209742
user_0389,8,user_0712,0.204665
user_0389,9,user_0686,0.199100
user_0389,10,user_0328,0.196267
user_0389,11,user_0577,0.192426
user_0389,12,user_0862,0.178798
user_0389,13,user_0355,0.165193
user_0389,14,user_0557,0.155880
user_0389,15,user_0637,0.147229
user_0390,1,user_0160,0.637015
user_0390,2,user_0931,0.557926
user_0390,3,user_0681,0.541075
user_0390,4,user_0181,0.528039
user_0390,5,user_0981,0.510180
user_0390,6,user_0689,0.507175
user_0390,7,user_0345,0.503259
user_0390,8,user_0661,0.481285
user_0390,9,user_0158,0.477112
user_0390,10,user_0823,0.469699
user_0390,11,user_0016,0.441852
user_0390,12,user_0502,0.435987
user_0390,13,user_0290,0.428948
user_0390,14,user_0373,0.397480
user_0390,15,user_0608,0.268065
user_0391,1,user_0011,0.580550
user_0391,2,user_0803,0.509481
user_0391,3,user_0704,0.459281
user_0391,4,user_0836,0.386293
user_0391,5,user_0470,0.384785
user_0391,6,user_0932,0.380404
user_0391,7,user_0391,0.378305
user_0391,8,user_0991,0.346207
user_0391,9,user_0107,0.345371
user_0391,10,user_0869,0.332801
user_0391,11,user_0191,0.321763
user_0391,12,user_0179,0.304642
user_0391,13,user_0938,0.268234
user_0391,14,user_0766,0.263247
user_0391,15,user_0415,0.199789
user_0392,1,user_0350,0.619362
user_0392,2,user_0873,0.604690
user_0392,3,user_0047,0.562145
user_0392,4,user_0790,0.547372
user_0392,5,user_0423,0.460611
user_0392,6,user_0147,0.458332
user_0392,7,user_0726,0.429277
user_0392,8,user_0985,0.419617
user_0392,9,user_0448,0.406270
user_0392,10,user_0590,0.398089
user_0392,11,user_0695,0.378716
user_0392,12,user_0451,0.340107
user_0392,13,user_0477,0.318832
user_0392,14,user_0392,0.279185
user_0392,15,user_0793,0.227601
user_0395,1,user_0127,0.514126
user_0395,2,user_0395,0.473850
user_0395,3,user_0572,0.452076
user_0395,4,user_0501,0.406847
user_0395,5,user_0718,0.390282
user_0395,6,user_0413,0.377178
user_0395,7,user_0153,0.373511
user_0395,8,user_0045,0.352998
user_0395,9,user_0732,0.342859
user_0395,10,user_0651,0.335738
user_0395,11,user_0082,0.325325
user_0395,12,user_0864,0.236222
user_0395,13,user_0961,0.234529
user_0395,14,user_0309,0.212052
user_0395,15,user_0308,0.114135
user_0400,1,user_0043,0.603478
user_0400,2,user_0641,0.595168
user_0400,3,user_0593,0.593335
user_0400,4,user_0504,0.545437
user_0400,5,user_0910,0.542654
user_0400,6,user_0466,0.534363
user_0400,7,user_0563,0.531140
user_0400,8,user_0913,0.527777
user_0400,9,user_0045,0.503419
user_0400,10,user_0857,0.498747
user_0400,11,user_0772,0.494736
user_0400,12,user_0415,0.474676
user_0400,13,user_0296,0.436296
user_0400,14,user_0485,0.374823
user_0400,15,user_0267,0.336954
user_0406,1,user_0740,0.598364
user_0406,2,user_0413,0.568020
user_0406,3,user_0250,0.560450
user_0406,4,user_0519,0.547863
user_0406,5,user_0849,0.547367
user_0406,6,user_0579,0.517386
user_0406,7,user_0770,0.510149
user_0406,8,user_0160,0.501835
user_0406,9,user_0161,0.462943
user_0406,10,user_0345,0.455182
user_0406,11,user_0158,0.359874
user_0406,12,user_0798,0.340865
user_0406,13,user_0147,0.321597
user_0406,14,user_0275,0.259493
user_0406,15,user_0484,0.186395
user_0408,1,user_0011,0.599001
user_0408,2,user_0619,0.452558
user_0408,3,user_0862,0.395944
user_0408,4,user_0738,0.346711
user_0408,5,user_0160,0.334172
user_0408,6,user_0689,0.303819
user_0408,7,user_0147,0.292542
user_0408,8,user_0795,0.266282
user_0408,9,user_0499,0.253059
user_0408,10,user_0519,0.224795
user_0408,11,user_0740,0.186605
user_0408,12,user_0547,0.185457
user_0408,13,user_0979,0.183786
user_0408,14,user_0732,0.150836
user_0408,15,user_0099,0.086744
user_0409,1,user_0409,0.587194
user_0409,2,user_0607,0.475385
user_0409,3,user_0654,0.447317
user_0409,4,user_0234,0.426537
user_0409,5,user_0345,0.391026
user_0409,6,user_0909,0.379616
user_0409,7,user_0260,0.377380
user_0409,8,user_0328,0.369453
user_0409,9,user_0661,0.361849
user_0409,10,user_0269,0.332368
user_0409,11,user_0355,0.317088
user_0409,12,user_0862,0.293302
user_0409,13,user_0147,0.288793
user_0409,14,user_0202,0.245974
user_0409,15,user_0478,0.236474
user_0411,1,user_0683,0.572096
user_0411,2,user_0826,0.550240
user_0411,3,user_0224,0.539239
user_0411,4,user_0335,0.533111
user_0411,5,user_0156,0.513032
user_0411,6,user_0507,0.503817
user_0411,7,user_0231,0.477896
user_0411,8,user_0026,0.476430
user_0411,9,user_0932,0.462169
user_0411,10,user_0707,0.447794
user_0411,11,user_0879,0.444321
user_0411,12,user_0157,0.430462
user_0411,13,user_0415,0.426043
user_0411,14,user_0961,0.397304
user_0411,15,user_0868,0.352082
user_0413,1,user_0535,0.565982
user_0413,2,user_0330,0.473487
user_0413,3,user_0662,0.466021
user_0413,4,user_0721,0.450612
user_0413,5,user_0015,0.381114
user_0413,6,user_0478,0.375901
user_0413,7,user_0971,0.340804
user_0413,8,user_0320,0.329781
user_0413,9,user_0328,0.278636
user_0413,10,user_0351,0.276983
user_0413,11,user_0053,0.242165
user_0413,12,user_0221,0.239530
user_0413,13,user_0578,0.189575
user_0413,14,user_0557,0.080546
user_0413,15,user_0293,0.050444
user_0414,1,user_0414,0.576240
user_0414,2,user_0569,0.552742
user_0414,3,user_0410,0.537152
user_0414,4,user_0048,0.524385
user_0414,5,user_0546,0.512683
user_0414,6,user_0495,0.499114
user_0414,7,user_0020,0.482867
user_0414,8,user_0196,0.413311
user_0414,9,user_0148,0.400276
user_0414,10,user_0127,0.386451
user_0414,11,user_0527,0.384593
user_0414,12,user_0563,0.368042
user_0414,13,user_0732,0.342521
user_0414,14,user_0271,0.340563
user_0414,15,user_0099,0.261391
user_0417,1,user_0224,0.526047
user_0417,2,user_0641,0.506739
user_0417,3,user_0563,0.506083
user_0417,4,user_0279,0.502905
user_0417,5,user_0524,0.501882
user_0417,6,user_0043,0.500635
user_0417,7,user_0857,0.474167
user_0417,8,user_0902,0.464423
user_0417,9,user_0504,0.461865
user_0417,10,user_0334,0.450033
user_0417,11,user_0281,0.445691
user_0417,12,user_0045,0.438153
user_0417,13,user_0462,0.422463
user_0417,14,user_0415,0.413346
user_0417,15,user_0099,0.343800
user_0421,1,user_0495,0.434014
user_0421,2,user_0546,0.418520
user_0421,3,user_0732,0.366251
user_0421,4,user_0148,0.348834
user_0421,5,user_0137,0.343936
user_0421,6,user_0020,0.340938
user_0421,7,user_0938,0.339757
user_0421,8,user_0271,0.295307
user_0421,9,user_0510,0.281810
user_0421,10,user_0378,0.271170
user_0421,11,user_0524,0.226741
user_0421,12,user_0147,0.222795
user_0421,13,user_0099,0.220381
user_0421,14,user_0547,0.196487
user_0421,15,user_0557,0.107654
user_0422,1,user_0912,0.659008
user_0422,2,user_0944,0.646219
user_0422,3,user_0543,0.643027
user_0422,4,user_0215,0.589076
user_0422,5,user_0745,0.565568
user_0422,6,user_0504,0.552343
user_0422,7,user_0590,0.549577
user_0422,8,user_0985,0.538383
user_0422,9,user_0758,0.531604
user_0422,10,user_0157,0.524125
user_0422,11,user_0557,0.507861
user_0422,12,user_0444,0.484561
user_0422,13,user_0812,0.354767
user_0422,14,user_0600,0.337817
user_0422,15,user_0074,0.295486
user_0423,1,user_0485,0.596144
user_0423,2,user_0423,0.570251
user_0423,3,user_0047,0.545469
user_0423,4,user_0350,0.530929
user_0423,5,user_0128,0.491444
user_0423,6,user_0882,0.458061
user_0423,7,user_0985,0.456000
user_0423,8,user_0123,0.450965
user_0423,9,user_0267,0.387066
user_0423,10,user_0600,0.383576
user_0423,11,user_0745,0.363592
user_0423,12,user_0147,0.355123
user_0423,13,user_0614,0.311508
user_0423,14,user_0661,0.301255
user_0423,15,user_0703,0.256729
user_0430,1,user_0425,0.600181
user_0430,2,user_0897,0.575398
user_0430,3,user_0774,0.553620
user_0430,4,user_0971,0.472599
user_0430,5,user_0188,0.463145
user_0430,6,user_0969,0.408487
user_0430,7,user_0578,0.380818
user_0430,8,user_0160,0.306323
user_0430,9,user_0397,0.289770
user_0430,10,user_0954,0.258624
user_0430,11,user_0549,0.233194
user_0430,12,user_0336,0.223208
user_0430,13,user_0974,0.204734
user_0430,14,user_0123,0.100553
user_0430,15,user_0600,0.085506
user_0433,1,user_0588,0.507089
user_0433,2,user_0464,0.500051
user_0433,3,user_0279,0.482795
user_0433,4,user_0160,0.463589
user_0433,5,user_0413,0.460773
user_0433,6,user_0970,0.448432
user_0433,7,user_0917,0.442951
user_0433,8,user_0158,0.431301
user_0433,9,user_0278,0.416157
user_0433,10,user_0415,0.398762
user_0433,11,user_0827,0.391275
user_0433,12,user_0798,0.363918
user_0433,13,user_0433,0.362414
user_0433,14,user_0972,0.353845
user_0433,15,user_0849,0.335499
user_0434,1,user_0423,0.325250
user_0434,2,user_0434,0.279199
user_0434,3,user_0123,0.270532
user_0434,4,user_0425,0.243661
user_0434,5,user_0415,0.217037
user_0434,6,user_0053,0.206589
user_0434,7,user_0045,0.172660
user_0434,8,user_0034,0.144369
user_0434,9,user_0622,0.143672
user_0434,10,user_0661,0.130137
user_0434,11,user_0334,0.092904
user_0434,12,user_0172,0.084819
user_0434,13,user_0157,0.081446
user_0434,14,user_0708,0.070726
user_0434,15,user_0090,0.058718
user_0438,1,user_0478,0.673142
user_0438,2,user_0721,0.615111
user_0438,3,user_0870,0.559722
user_0438,4,user_0397,0.485326
user_0438,5,user_0351,0.469202
user_0438,6,user_0011,0.467153
user_0438,7,user_0046,0.461355
user_0438,8,user_0969,0.459523
user_0438,9,user_0328,0.412265
user_0438,10,user_0160,0.395319
user_0438,11,user_0610,0.387629
user_0438,12,user_0971,0.383374
user_0438,13,user_0669,0.341409
user_0438,14,user_0221,0.278770
user_0438,15,user_0357,0.239619
user_0439,1,user_0153,0.559473
user_0439,2,user_0331,0.555603
user_0439,3,user_0817,0.554328
user_0439,4,user_0422,0.552057
user_0439,5,user_0448,0.544774
user_0439,6,user_0003,0.527732
user_0439,7,user_0111,0.519421
user_0439,8,user_0793,0.510725
user_0439,9,user_0024,0.507294
user_0439,10,user_0437,0.499507
user_0439,11,user_0439,0.482383
user_0439,12,user_0237,0.479884
user_0439,13,user_0860,0.475325
user_0439,14,user_0267,0.473435
user_0439,15,user_0715,0.357829
user_0441,1,user_0127,0.484015
user_0441,2,user_0572,0.479682
user_0441,3,user_0922,0.455042
user_0441,4,user_0534,0.438382
user_0441,5,user_0671,0.403458
user_0441,6,user_0732,0.402301
user_0441,7,user_0700,0.393366
user_0441,8,user_0772,0.369477
user_0441,9,user_0563,0.340269
user_0441,10,user_0864,0.328722
user_0441,11,user_0267,0.307970
user_0441,12,user_0733,0.271261
user_0441,13,user_0862,0.257831
user_0441,14,user_0486,0.232846
user_0441,15,user_0600,0.214281
user_0442,1,user_0011,0.578170
user_0442,2,user_0519,0.540805
user_0442,3,user_0410,0.413573
user_0442,4,user_0160,0.404677
user_0442,5,user_0147,0.368355
user_0442,6,user_0661,0.366009
user_0442,7,user_0979,0.340163
user_0442,8,user_0127,0.311606
user_0442,9,user_0157,0.289377
user_0442,10,user_0168,0.260947
user_0442,11,user_0415,0.242994
user_0442,12,user_0707,0.195915
user_0442,13,user_0600,0.168679
user_0442,14,user_0563,0.145564
user_0442,15,user_0547,0.122050
user_0446,1,user_0446,0.553399
user_0446,2,user_0669,0.496248
user_0446,3,user_0862,0.486275
user_0446,4,user_0969,0.454014
user_0446,5,user_0495,0.433285
user_0446,6,user_0795,0.414035
user_0446,7,user_0196,0.397851
user_0446,8,user_0267,0.364057
user_0446,9,user_0279,0.358245
user_0446,10,user_0563,0.347553
user_0446,11,user_0637,0.306152
user_0446,12,user_0600,0.294937
user_0446,13,user_0147,0.292303
user_0446,14,user_0355,0.215544
user_0446,15,user_0547,0.130790
user_0447,1,user_0114,0.563245
user_0447,2,user_0504,0.543995
user_0447,3,user_0495,0.537205
user_0447,4,user_0510,0.526094
user_0447,5,user_0137,0.513473
user_0447,6,user_0563,0.467121
user_0447,7,user_0473,0.454390
user_0447,8,user_0038,0.441987
user_0447,9,user_0703,0.423404
user_0447,10,user_0600,0.346530
user_0447,11,user_0147,0.345107
user_0447,12,user_0328,0.320331
user_0447,13,user_0671,0.290852
user_0447,14,user_0862,0.266731
user_0447,15,user_0135,0.244666
user_0449,1,user_0159,0.386849
user_0449,2,user_0195,0.380157
user_0449,3,user_0815,0.352423
user_0449,4,user_0745,0.352072
user_0449,5,user_0215,0.344049
user_0449,6,user_0504,0.333233
user_0449,7,user_0415,0.322242
user_0449,8,user_0821,0.284643
user_0449,9,user_0561,0.255984
user_0449,10,user_0378,0.218882
user_0449,11,user_0812,0.158495
user_0449,12,user_0074,0.137044
user_0449,13,user_0557,0.091487
user_0449,14,user_0439,0.090796
user_0449,15,user_0449,0.079400
user_0453,1,user_0729,0.476149
user_0453,2,user_0114,0.424054
user_0453,3,user_0420,0.418788
user_0453,4,user_0427,0.416403
user_0453,5,user_0504,0.412010
user_0453,6,user_0453,0.406096
user_0453,7,user_0671,0.387982
user_0453,8,user_0198,0.366758
user_0453,9,user_0229,0.349526
user_0453,10,user_0137,0.336197
user_0453,11,user_0563,0.330226
user_0453,12,user_0882,0.280351
user_0453,13,user_0703,0.261386
user_0453,14,user_0694,0.212720
user_0453,15,user_0862,0.204729
user_0454,1,user_0156,0.560578
user_0454,2,user_0653,0.523549
user_0454,3,user_0806,0.464523
user_0454,4,user_0763,0.439862
user_0454,5,user_0151,0.418258
user_0454,6,user_0303,0.410183
user_0454,7,user_0405,0.390425
user_0454,8,user_0415,0.352342
user_0454,9,user_0932,0.344096
user_0454,10,user_0968,0.317546
user_0454,11,user_0730,0.295660
user_0454,12,user_0486,0.291875
user_0454,13,user_0066,0.263202
user_0454,14,user_0135,0.256800
user_0454,15,user_0827,0.204969
user_0460,1,user_0485,0.524182
user_0460,2,user_0910,0.451526
user_0460,3,user_0790,0.450670
user_0460,4,user_0350,0.421074
user_0460,5,user_0466,0.410159
user_0460,6,user_0772,0.367001
user_0460,7,user_0614,0.364603
user_0460,8,user_0047,0.361173
user_0460,9,user_0367,0.318616
user_0460,10,user_0879,0.310573
user_0460,11,user_0157,0.288332
user_0460,12,user_0267,0.236683
user_0460,13,user_0787,0.181806
user_0460,14,user_0563,0.164873
user_0460,15,user_0600,0.158340
user_0463,1,user_0011,0.545397
user_0463,2,user_0448,0.496165
user_0463,3,user_0003,0.474282
user_0463,4,user_0038,0.469841
user_0463,5,user_0793,0.454146
user_0463,6,user_0534,0.433848
user_0463,7,user_0415,0.412905
user_0463,8,user_0695,0.404182
user_0463,9,user_0267,0.403968
user_0463,10,user_0557,0.398394
user_0463,11,user_0443,0.382748
user_0463,12,user_0600,0.377588
user_0463,13,user_0563,0.352068
user_0463,14,user_0147,0.320610
user_0463,15,user_0547,0.274857
user_0465,1,user_0519,0.577891
user_0465,2,user_0770,0.546313
user_0465,3,user_0689,0.537401
user_0465,4,user_0413,0.512095
user_0465,5,user_0160,0.487220
user_0465,6,user_0465,0.476972
user_0465,7,user_0482,0.472424
user_0465,8,user_0775,0.450844
user_0465,9,user_0345,0.433475
user_0465,10,user_0661,0.402643
user_0465,11,user_0363,0.394890
user_0465,12,user_0397,0.387408
user_0465,13,user_0147,0.378731
user_0465,14,user_0979,0.378375
user_0465,15,user_0267,0.357623
user_0466,1,user_0335,0.590965
user_0466,2,user_0905,0.552809
user_0466,3,user_0466,0.533047
user_0466,4,user_0368,0.488457
user_0466,5,user_0142,0.471011
user_0466,6,user_0029,0.438918
user_0466,7,user_0003,0.426869
user_0466,8,user_0119,0.423301
user_0466,9,user_0098,0.421042
user_0466,10,user_0092,0.408285
user_0466,11,user_0237,0.393520
user_0466,12,user_0345,0.359516
user_0466,13,user_0339,0.334215
user_0466,14,user_0826,0.332218
user_0466,15,user_0555,0.261275
user_0469,1,user_0979,0.615594
user_0469,2,user_0011,0.586825
user_0469,3,user_0160,0.554757
user_0469,4,user_0181,0.539079
user_0469,5,user_0931,0.531067
user_0469,6,user_0689,0.526431
user_0469,7,user_0290,0.483150
user_0469,8,user_0823,0.477533
user_0469,9,user_0981,0.465067
user_0469,10,user_0969,0.462562
user_0469,11,user_0610,0.456744
user_0469,12,user_0131,0.415929
user_0469,13,user_0167,0.351674
user_0469,14,user_0373,0.343593
user_0469,15,user_0608,0.331804
user_0470,1,user_0969,0.377950
user_0470,2,user_0971,0.373333
user_0470,3,user_0188,0.369881
user_0470,4,user_0637,0.336399
user_0470,5,user_0160,0.290470
user_0470,6,user_0954,0.282451
user_0470,7,user_0741,0.256956
user_0470,8,user_0661,0.212560
user_0470,9,user_0868,0.161893
user_0470,10,user_0808,0.147596
user_0470,11,user_0807,0.147404
user_0470,12,user_0709,0.115065
user_0470,13,user_0207,0.098131
user_0470,14,user_0336,0.094050
user_0470,15,user_0293,0.065328
user_0471,1,user_0471,0.661991
user_0471,2,user_0259,0.577170
user_0471,3,user_0969,0.541078
user_0471,4,user_0682,0.474545
user_0471,5,user_0361,0.469016
user_0471,6,user_0569,0.445778
user_0471,7,user_0808,0.426538
user_0471,8,user_0269,0.413541
user_0471,9,user_0650,0.412753
user_0471,10,user_0478,0.394816
user_0471,11,user_0355,0.362154
user_0471,12,user_0499,0.271052
user_0471,13,user_0927,0.240792
user_0471,14,user_0924,0.206374
user_0471,15,user_0099,0.193377
user_0472,1,user_0410,0.555787
user_0472,2,user_0472,0.523670
user_0472,3,user_0427,0.520739
user_0472,4,user_0224,0.519311
user_0472,5,user_0304,0.505030
user_0472,6,user_0045,0.494964
user_0472,7,user_0335,0.491888
user_0472,8,user_0913,0.483115
user_0472,9,user_0179,0.482385
user_0472,10,user_0857,0.476453
user_0472,11,user_0772,0.467298
user_0472,12,user_0507,0.460235
user_0472,13,user_0902,0.449534
user_0472,14,user_0563,0.444743
user_0472,15,user_0415,0.375479
user_0474,1,user_0495,0.554332
user_0474,2,user_0020,0.522693
user_0474,3,user_0761,0.518533
user_0474,4,user_0281,0.504790
user_0474,5,user_0569,0.491653
user_0474,6,user_0325,0.485254
user_0474,7,user_0473,0.475688
user_0474,8,user_0457,0.466727
user_0474,9,user_0444,0.457433
user_0474,10,user_0099,0.441180
user_0474,11,user_0812,0.438859
user_0474,12,user_0147,0.419416
user_0474,13,user_0752,0.366997
user_0474,14,user_0557,0.360322
user_0474,15,user_0874,0.290911
user_0479,1,user_0167,0.537724
user_0479,2,user_0279,0.439470
user_0479,3,user_0685,0.423916
user_0479,4,user_0745,0.407358
user_0479,5,user_0157,0.404626
user_0479,6,user_0346,0.399377
user_0479,7,user_0160,0.387336
user_0479,8,user_0971,0.362898
user_0479,9,user_0043,0.343053
user_0479,10,user_0334,0.338214
user_0479,11,user_0415,0.337887
user_0479,12,user_0443,0.304153
user_0479,13,user_0123,0.287534
user_0479,14,user_0563,0.256265
user_0479,15,user_0614,0.199850
user_0480,1,user_0029,0.493164
user_0480,2,user_0480,0.447586
user_0480,3,user_0458,0.401067
user_0480,4,user_0112,0.388185
user_0480,5,user_0902,0.356337
user_0480,6,user_0650,0.355630
user_0480,7,user_0328,0.349536
user_0480,8,user_0826,0.338648
user_0480,9,user_0120,0.308651
user_0480,10,user_0578,0.233161
user_0480,11,user_0179,0.230709
user_0480,12,user_0363,0.209452
user_0480,13,user_0045,0.202454
user_0480,14,user_0862,0.168725
user_0480,15,user_0086,0.117619
user_0482,1,user_0540,0.611935
user_0482,2,user_0067,0.572512
user_0482,3,user_0410,0.561499
user_0482,4,user_0028,0.538106
user_0482,5,user_0510,0.507463
user_0482,6,user_0137,0.490978
user_0482,7,user_0168,0.475677
user_0482,8,user_0886,0.451560
user_0482,9,user_0486,0.433577
user_0482,10,user_0563,0.397246
user_0482,11,user_0671,0.367895
user_0482,12,user_0038,0.355946
user_0482,13,user_0703,0.347219
user_0482,14,user_0229,0.320938
user_0482,15,user_0600,0.256507
user_0485,1,user_0410,0.623302
user_0485,2,user_0048,0.565520
user_0485,3,user_0020,0.562939
user_0485,4,user_0271,0.562365
user_0485,5,user_0335,0.538415
user_0485,6,user_0857,0.532863
user_0485,7,user_0224,0.517348
user_0485,8,user_0427,0.510688
user_0485,9,user_0641,0.491819
user_0485,10,user_0127,0.486934
user_0485,11,user_0279,0.482830
user_0485,12,user_0563,0.392542
user_0485,13,user_0732,0.388870
user_0485,14,user_0281,0.322620
user_0485,15,user_0099,0.239638
user_0487,1,user_0917,0.492107
user_0487,2,user_0563,0.454298
user_0487,3,user_0433,0.452899
user_0487,4,user_0160,0.391453
user_0487,5,user_0972,0.374084
user_0487,6,user_0345,0.373962
user_0487,7,user_0190,0.348733
user_0487,8,user_0671,0.337549
user_0487,9,user_0504,0.335031
user_0487,10,user_0267,0.322891
user_0487,11,user_0147,0.321588
user_0487,12,user_0827,0.315342
user_0487,13,user_0158,0.295959
user_0487,14,user_0600,0.269115
user_0487,15,user_0355,0.153926
user_0489,1,user_0415,0.616194
user_0489,2,user_0168,0.539325
user_0489,3,user_0879,0.538270
user_0489,4,user_0473,0.533785
user_0489,5,user_0707,0.530173
user_0489,6,user_0137,0.528759
user_0489,7,user_0045,0.528149
user_0489,8,user_0005,0.521653
user_0489,9,user_0504,0.505726
user_0489,10,user_0671,0.489913
user_0489,11,user_0761,0.462471
user_0489,12,user_0099,0.423422
user_0489,13,user_0563,0.386822
user_0489,14,user_0541,0.336968
user_0489,15,user_0147,0.254050
user_0493,1,user_0740,0.541398
user_0493,2,user_0413,0.537664
user_0493,3,user_0519,0.530469
user_0493,4,user_0770,0.485652
user_0493,5,user_0237,0.468660
user_0493,6,user_0912,0.385883
user_0493,7,user_0267,0.375079
user_0493,8,user_0515,0.372582
user_0493,9,user_0795,0.372231
user_0493,10,user_0661,0.346637
user_0493,11,user_0045,0.325208
user_0493,12,user_0745,0.287682
user_0493,13,user_0123,0.265649
user_0493,14,user_0423,0.252910
user_0493,15,user_0757,0.210321
user_0498,1,user_0370,0.465871
user_0498,2,user_0455,0.453584
user_0498,3,user_0498,0.425876
user_0498,4,user_0876,0.366436
user_0498,5,user_0766,0.331648
user_0498,6,user_0214,0.319768
user_0498,7,user_0253,0.302044
user_0498,8,user_0893,0.301446
user_0498,9,user_0941,0.300514
user_0498,10,user_0704,0.238013
user_0498,11,user_0107,0.228838
user_0498,12,user_0384,0.221271
user_0498,13,user_0011,0.189585
user_0498,14,user_0924,0.181508
user_0498,15,user_0179,0.170772
user_0499,1,user_0969,0.526659
user_0499,2,user_0681,0.517137
user_0499,3,user_0624,0.515061
user_0499,4,user_0160,0.477511
user_0499,5,user_0808,0.452304
user_0499,6,user_0123,0.435192
user_0499,7,user_0499,0.418331
user_0499,8,user_0795,0.416699
user_0499,9,user_0147,0.405657
user_0499,10,user_0415,0.397431
user_0499,11,user_0637,0.387400
user_0499,12,user_0224,0.378538
user_0499,13,user_0927,0.356436
user_0499,14,user_0045,0.266532
user_0499,15,user_0293,0.127607
user_0506,1,user_0422,0.488339
user_0506,2,user_0159,0.485679
user_0506,3,user_0444,0.469513
user_0506,4,user_0313,0.432289
user_0506,5,user_0793,0.386318
user_0506,6,user_0270,0.373728
user_0506,7,user_0437,0.370405
user_0506,8,user_0745,0.347539
user_0506,9,user_0157,0.325853
user_0506,10,user_0334,0.303175
user_0506,11,user_0563,0.278877
user_0506,12,user_0415,0.248730
user_0506,13,user_0147,0.197116
user_0506,14,user_0557,0.183456
user_0506,15,user_0045,0.174335
user_0512,1,user_0512,0.594139
user_0512,2,user_0721,0.537489
user_0512,3,user_0897,0.366818
user_0512,4,user_0643,0.357889
user_0512,5,user_0661,0.338691
user_0512,6,user_0345,0.326754
user_0512,7,user_0221,0.308377
user_0512,8,user_0563,0.289512
user_0512,9,user_0267,0.277141
user_0512,10,user_0862,0.269305
user_0512,11,user_0147,0.249017
user_0512,12,user_0600,0.206529
user_0512,13,user_0689,0.197655
user_0512,14,user_0954,0.145198
user_0512,15,user_0709,0.144621
user_0513,1,user_0153,0.587978
user_0513,2,user_0501,0.553392
user_0513,3,user_0227,0.487851
user_0513,4,user_0267,0.482827
user_0513,5,user_0045,0.481844
user_0513,6,user_0434,0.474807
user_0513,7,user_0423,0.459489
user_0513,8,user_0961,0.452586
user_0513,9,user_0123,0.435522
user_0513,10,user_0179,0.434002
user_0513,11,user_0415,0.388499
user_0513,12,user_0513,0.340495
user_0513,13,user_0757,0.295510
user_0513,14,user_0090,0.200139
user_0513,15,user_0293,0.101978
user_0515,1,user_0237,0.429004
user_0515,2,user_0003,0.331626
user_0515,3,user_0122,0.297351
user_0515,4,user_0084,0.293989
user_0515,5,user_0331,0.285452
user_0515,6,user_0434,0.278550
user_0515,7,user_0482,0.275689
user_0515,8,user_0912,0.269860
user_0515,9,user_0092,0.233735
user_0515,10,user_0997,0.219426
user_0515,11,user_0685,0.217798
user_0515,12,user_0777,0.192163
user_0515,13,user_0553,0.187466
user_0515,14,user_0309,0.118363
user_0515,15,user_0757,0.115120
user_0518,1,user_0518,0.542841
user_0518,2,user_0491,0.478715
user_0518,3,user_0461,0.417798
user_0518,4,user_0095,0.388640
user_0518,5,user_0984,0.387981
user_0518,6,user_0945,0.373743
user_0518,7,user_0328,0.343587
user_0518,8,user_0122,0.322761
user_0518,9,user_0536,0.311126
user_0518,10,user_0260,0.291792
user_0518,11,user_0147,0.259317
user_0518,12,user_0110,0.241990
user_0518,13,user_0583,0.193997
user_0518,14,user_0698,0.173387
user_0518,15,user_0637,0.146400
user_0519,1,user_0519,0.526179
user_0519,2,user_0740,0.524094
user_0519,3,user_0011,0.508612
user_0519,4,user_0413,0.501162
user_0519,5,user_0770,0.461348
user_0519,6,user_0160,0.447838
user_0519,7,user_0345,0.405127
user_0519,8,user_0969,0.381983
user_0519,9,user_0849,0.376658
user_0519,10,user_0661,0.342597
user_0519,11,user_0147,0.336293
user_0519,12,user_0158,0.296782
user_0519,13,user_0600,0.216651
user_0519,14,user_0415,0.199070
user_0519,15,user_0547,0.162961
user_0520,1,user_0520,0.603196
user_0520,2,user_0981,0.570113
user_0520,3,user_0160,0.555821
user_0520,4,user_0390,0.530887
user_0520,5,user_0502,0.504754
user_0520,6,user_0458,0.489962
user_0520,7,user_0890,0.456945
user_0520,8,user_0290,0.448817
user_0520,9,user_0365,0.415480
user_0520,10,user_0298,0.409494
user_0520,11,user_0023,0.394428
user_0520,12,user_0409,0.394069
user_0520,13,user_0312,0.374322
user_0520,14,user_0800,0.357191
user_0520,15,user_0391,0.323525
user_0521,1,user_0521,0.432468
user_0521,2,user_0510,0.390557
user_0521,3,user_0083,0.386417
user_0521,4,user_0932,0.351114
user_0521,5,user_0328,0.316231
user_0521,6,user_0264,0.290362
user_0521,7,user_0930,0.250335
user_0521,8,user_0459,0.222027
user_0521,9,user_0255,0.218772
user_0521,10,user_0240,0.215351
user_0521,11,user_0782,0.212209
user_0521,12,user_0191,0.211092
user_0521,13,user_0071,0.207545
user_0521,14,user_0028,0.199803
user_0521,15,user_0995,0.163656
user_0522,1,user_0504,0.533508
user_0522,2,user_0066,0.533287
user_0522,3,user_0047,0.478696
user_0522,4,user_0534,0.453958
user_0522,5,user_0733,0.415614
user_0522,6,user_0985,0.406536
user_0522,7,user_0620,0.393679
user_0522,8,user_0124,0.392531
user_0522,9,user_0695,0.358199
user_0522,10,user_0563,0.341412
user_0522,11,user_0712,0.334043
user_0522,12,user_0486,0.323353
user_0522,13,user_0882,0.267831
user_0522,14,user_0772,0.261118
user_0522,15,user_0074,0.255690
user_0527,1,user_0534,0.556038
user_0527,2,user_0614,0.536293
user_0527,3,user_0202,0.509726
user_0527,4,user_0504,0.489273
user_0527,5,user_0661,0.471944
user_0527,6,user_0671,0.432227
user_0527,7,user_0486,0.360379
user_0527,8,user_0047,0.355707
user_0527,9,user_0563,0.341255
user_0527,10,user_0147,0.332666
user_0527,11,user_0695,0.264649
user_0527,12,user_0600,0.236992
user_0527,13,user_0074,0.214708
user_0527,14,user_0451,0.177170
user_0527,15,user_0557,0.106343
user_0530,1,user_0438,0.501925
user_0530,2,user_0092,0.428625
user_0530,3,user_0097,0.424830
user_0530,4,user_0817,0.370056
user_0530,5,user_0421,0.365750
user_0530,6,user_0335,0.359304
user_0530,7,user_0167,0.348934
user_0530,8,user_0727,0.335448
user_0530,9,user_0941,0.316204
user_0530,10,user_0231,0.309449
user_0530,11,user_0704,0.308259
user_0530,12,user_0437,0.294266
user_0530,13,user_0174,0.284331
user_0530,14,user_0562,0.237942
user_0530,15,user_0104,0.213319
user_0536,1,user_0160,0.491489
user_0536,2,user_0359,0.421154
user_0536,3,user_0260,0.384094
user_0536,4,user_0654,0.381895
user_0536,5,user_0945,0.376360
user_0536,6,user_0979,0.368504
user_0536,7,user_0795,0.366599
user_0536,8,user_0696,0.359117
user_0536,9,user_0345,0.357681
user_0536,10,user_0343,0.332913
user_0536,11,user_0328,0.275972
user_0536,12,user_0637,0.257892
user_0536,13,user_0862,0.214142
user_0536,14,user_0130,0.207776
user_0536,15,user_0355,0.139773
user_0541,1,user_0593,0.540269
user_0541,2,user_0168,0.515983
user_0541,3,user_0239,0.487662
user_0541,4,user_0879,0.459693
user_0541,5,user_0420,0.455427
user_0541,6,user_0026,0.446907
user_0541,7,user_0671,0.443803
user_0541,8,user_0123,0.435265
user_0541,9,user_0045,0.402530
user_0541,10,user_0634,0.380887
user_0541,11,user_0267,0.373579
user_0541,12,user_0563,0.365843
user_0541,13,user_0925,0.357634
user_0541,14,user_0541,0.328824
user_0541,15,user_0700,0.232944
user_0542,1,user_0568,0.554012
user_0542,2,user_0141,0.547979
user_0542,3,user_0032,0.500080
user_0542,4,user_0677,0.494099
user_0542,5,user_0397,0.486804
user_0542,6,user_0689,0.460537
user_0542,7,user_0188,0.446641
user_0542,8,user_0351,0.443023
user_0542,9,user_0468,0.426024
user_0542,10,user_0260,0.406149
user_0542,11,user_0644,0.395799
user_0542,12,user_0160,0.387016
user_0542,13,user_0960,0.386224
user_0542,14,user_0945,0.329590
user_0542,15,user_0267,0.204113
user_0544,1,user_0544,0.410484
user_0544,2,user_0971,0.372076
user_0544,3,user_0377,0.362825
user_0544,4,user_0034,0.338796
user_0544,5,user_0708,0.308547
user_0544,6,user_0234,0.283198
user_0544,7,user_0355,0.238569
user_0544,8,user_0583,0.210691
user_0544,9,user_0053,0.205359
user_0544,10,user_0328,0.200680
user_0544,11,user_0954,0.182967
user_0544,12,user_0320,0.176365
user_0544,13,user_0622,0.175960
user_0544,14,user_0286,0.128878
user_0544,15,user_0709,0.115192
user_0546,1,user_0413,0.577244
user_0546,2,user_0519,0.573940
user_0546,3,user_0482,0.524215
user_0546,4,user_0160,0.512449
user_0546,5,user_0420,0.507290
user_0546,6,user_0546,0.435549
user_0546,7,user_0495,0.423012
user_0546,8,user_0410,0.416929
user_0546,9,user_0540,0.415376
user_0546,10,user_0607,0.389868
user_0546,11,user_0557,0.385316
user_0546,12,user_0038,0.365091
user_0546,13,user_0345,0.302332
user_0546,14,user_0732,0.282002
user_0546,15,user_0510,0.252218
user_0547,1,user_0420,0.765694
user_0547,2,user_0944,0.712659
user_0547,3,user_0325,0.689443
user_0547,4,user_0590,0.574737
user_0547,5,user_0949,0.560365
user_0547,6,user_0157,0.559718
user_0547,7,user_0959,0.543961
user_0547,8,user_0758,0.525225
user_0547,9,user_0440,0.511758
user_0547,10,user_0147,0.476008
user_0547,11,user_0985,0.409633
user_0547,12,user_0486,0.408772
user_0547,13,user_0732,0.317593
user_0547,14,user_0547,0.228228
user_0547,15,user_0074,0.141085
user_0550,1,user_0897,0.597204
user_0550,2,user_0550,0.575152
user_0550,3,user_0971,0.569751
user_0550,4,user_0774,0.563995
user_0550,5,user_0576,0.554860
user_0550,6,user_0012,0.538811
user_0550,7,user_0188,0.530159
user_0550,8,user_0063,0.502158
user_0550,9,user_0640,0.486242
user_0550,10,user_0397,0.461083
user_0550,11,user_0351,0.439602
user_0550,12,user_0945,0.437986
user_0550,13,user_0954,0.437317
user_0550,14,user_0608,0.309242
user_0550,15,user_0563,0.305954
user_0551,1,user_0643,0.523417
user_0551,2,user_0826,0.519504
user_0551,3,user_0961,0.289332
user_0551,4,user_0554,0.270158
user_0551,5,user_0147,0.246776
user_0551,6,user_0932,0.226120
user_0551,7,user_0551,0.217313
user_0551,8,user_0069,0.204969
user_0551,9,user_0135,0.199601
user_0551,10,user_0666,0.196358
user_0551,11,user_0415,0.190993
user_0551,12,user_0528,0.109513
user_0551,13,user_0434,0.095843
user_0551,14,user_0707,0.083462
user_0551,15,user_0157,0.066833
user_0552,1,user_0422,0.442112
user_0552,2,user_0444,0.404743
user_0552,3,user_0279,0.393526
user_0552,4,user_0437,0.382524
user_0552,5,user_0147,0.340223
user_0552,6,user_0415,0.308909
user_0552,7,user_0504,0.305824
user_0552,8,user_0733,0.300277
user_0552,9,user_0270,0.297520
user_0552,10,user_0334,0.278232
user_0552,11,user_0045,0.251161
user_0552,12,user_0812,0.243610
user_0552,13,user_0563,0.232826
user_0552,14,user_0157,0.154207
user_0552,15,user_0557,0.131493
user_0553,1,user_0270,0.453688
user_0553,2,user_0448,0.410141
user_0553,3,user_0553,0.404999
user_0553,4,user_0331,0.400990
user_0553,5,user_0279,0.400185
user_0553,6,user_0691,0.373984
user_0553,7,user_0938,0.367258
user_0553,8,user_0417,0.307728
user_0553,9,user_0147,0.301203
user_0553,10,user_0415,0.293881
user_0553,11,user_0267,0.251104
user_0553,12,user_0157,0.239197
user_0553,13,user_0230,0.231409
user_0553,14,user_0563,0.207142
user_0553,15,user_0434,0.153918
user_0554,1,user_0290,0.592566
user_0554,2,user_0343,0.565764
user_0554,3,user_0160,0.555380
user_0554,4,user_0554,0.555310
user_0554,5,user_0931,0.521631
user_0554,6,user_0345,0.509469
user_0554,7,user_0312,0.455916
user_0554,8,user_0011,0.420370
user_0554,9,user_0979,0.404113
user_0554,10,user_0907,0.391107
user_0554,11,user_0643,0.380359
user_0554,12,user_0661,0.334485
user_0554,13,user_0147,0.300607
user_0554,14,user_0415,0.255929
user_0554,15,user_0608,0.224549
user_0556,1,user_0153,0.494812
user_0556,2,user_0186,0.443007
user_0556,3,user_0127,0.417626
user_0556,4,user_0570,0.397967
user_0556,5,user_0775,0.379357
user_0556,6,user_0482,0.310131
user_0556,7,user_0026,0.309710
user_0556,8,user_0122,0.288933
user_0556,9,user_0979,0.275579
user_0556,10,user_0879,0.239710
user_0556,11,user_0267,0.236624
user_0556,12,user_0921,0.225471
user_0556,13,user_0671,0.220041
user_0556,14,user_0045,0.172603
user_0556,15,user_0287,0.147376
user_0557,1,user_0689,0.512035
user_0557,2,user_0504,0.433585
user_0557,3,user_0061,0.396764
user_0557,4,user_0415,0.396256
user_0557,5,user_0196,0.354847
user_0557,6,user_0695,0.339978
user_0557,7,user_0443,0.305650
user_0557,8,user_0147,0.303150
user_0557,9,user_0074,0.279732
user_0557,10,user_0614,0.269402
user_0557,11,user_0378,0.225029
user_0557,12,user_0639,0.208348
user_0557,13,user_0355,0.157704
user_0557,14,user_0473,0.157015
user_0557,15,user_0954,0.151107
user_0559,1,user_0153,0.342212
user_0559,2,user_0279,0.273203
user_0559,3,user_0540,0.251523
user_0559,4,user_0708,0.240725
user_0559,5,user_0224,0.235946
user_0559,6,user_0045,0.220895
user_0559,7,user_0437,0.203939
user_0559,8,user_0622,0.179233
user_0559,9,user_0086,0.168724
user_0559,10,user_0776,0.163399
user_0559,11,user_0270,0.148299
user_0559,12,user_0034,0.107035
user_0559,13,user_0363,0.094706
user_0559,14,user_0334,0.078302
user_0559,15,user_0557,0.066096
user_0563,1,user_0341,0.514950
user_0563,2,user_0932,0.489500
user_0563,3,user_0758,0.444509
user_0563,4,user_0763,0.432005
user_0563,5,user_0830,0.421282
user_0563,6,user_0699,0.419058
user_0563,7,user_0660,0.418357
user_0563,8,user_0457,0.352131
user_0563,9,user_0281,0.351983
user_0563,10,user_0985,0.350945
user_0563,11,user_0125,0.298480
user_0563,12,user_0099,0.282518
user_0563,13,user_0655,0.260345
user_0563,14,user_0070,0.241701
user_0563,15,user_0462,0.241027
user_0564,1,user_0011,0.604834
user_0564,2,user_0048,0.600091
user_0564,3,user_0160,0.569977
user_0564,4,user_0564,0.560661
user_0564,5,user_0438,0.555184
user_0564,6,user_0969,0.544230
user_0564,7,user_0495,0.533182
user_0564,8,user_0148,0.528168
user_0564,9,user_0271,0.495691
user_0564,10,user_0279,0.482134
user_0564,11,user_0167,0.459001
user_0564,12,user_0025,0.454811
user_0564,13,user_0610,0.447425
user_0564,14,user_0217,0.428990
user_0564,15,user_0563,0.395508
user_0566,1,user_0692,0.515536
user_0566,2,user_0803,0.509233
user_0566,3,user_0011,0.505613
user_0566,4,user_0160,0.487285
user_0566,5,user_0396,0.476641
user_0566,6,user_0913,0.464953
user_0566,7,user_0003,0.460529
user_0566,8,user_0991,0.446155
user_0566,9,user_0893,0.395378
user_0566,10,user_0267,0.386985
user_0566,11,user_0339,0.374313
user_0566,12,user_0237,0.365995
user_0566,13,user_0222,0.336990
user_0566,14,user_0862,0.303409
user_0566,15,user_0157,0.271406
user_0567,1,user_0002,0.535136
user_0567,2,user_0160,0.485873
user_0567,3,user_0158,0.359477
user_0567,4,user_0685,0.349563
user_0567,5,user_0339,0.320625
user_0567,6,user_0482,0.316176
user_0567,7,user_0092,0.300399
user_0567,8,user_0979,0.296970
user_0567,9,user_0632,0.245186
user_0567,10,user_0434,0.220241
user_0567,11,user_0135,0.215228
user_0567,12,user_0757,0.199505
user_0567,13,user_0266,0.169975
user_0567,14,user_0122,0.164810
user_0567,15,user_0723,0.144433
user_0568,1,user_0568,0.645607
user_0568,2,user_0931,0.292709
user_0568,3,user_0160,0.277135
user_0568,4,user_0689,0.263639
user_0568,5,user_0862,0.247531
user_0568,6,user_0181,0.242623
user_0568,7,user_0290,0.215488
user_0568,8,user_0345,0.200610
user_0568,9,user_0976,0.198256
user_0568,10,user_0607,0.158726
user_0568,11,user_0661,0.144063
user_0568,12,user_0979,0.132071
user_0568,13,user_0317,0.122572
user_0568,14,user_0373,0.117485
user_0568,15,user_0608,0.079230
user_0570,1,user_0160,0.556533
user_0570,2,user_0931,0.522505
user_0570,3,user_0689,0.510563
user_0570,4,user_0181,0.498354
user_0570,5,user_0979,0.491482
user_0570,6,user_0345,0.486069
user_0570,7,user_0290,0.461966
user_0570,8,user_0177,0.451371
user_0570,9,user_0502,0.450346
user_0570,10,user_0661,0.442939
user_0570,11,user_0888,0.431559
user_0570,12,user_0800,0.396511
user_0570,13,user_0373,0.384507
user_0570,14,user_0158,0.377738
user_0570,15,user_0608,0.359422
user_0571,1,user_0897,0.521882
user_0571,2,user_0862,0.488078
user_0571,3,user_0550,0.486687
user_0571,4,user_0397,0.472643
user_0571,5,user_0188,0.469844
user_0571,6,user_0971,0.452314
user_0571,7,user_0954,0.434729
user_0571,8,user_0260,0.407402
user_0571,9,user_0659,0.345829
user_0571,10,user_0351,0.299368
user_0571,11,user_0976,0.298075
user_0571,12,user_0721,0.259569
user_0571,13,user_0608,0.248097
user_0571,14,user_0147,0.202960
user_0571,15,user_0355,0.135791
user_0575,1,user_0534,0.378008
user_0575,2,user_0270,0.330884
user_0575,3,user_0527,0.327843
user_0575,4,user_0215,0.279514
user_0575,5,user_0152,0.277416
user_0575,6,user_0437,0.276117
user_0575,7,user_0659,0.209291
user_0575,8,user_0543,0.208695
user_0575,9,user_0815,0.204400
user_0575,10,user_0695,0.198950
user_0575,11,user_0702,0.193416
user_0575,12,user_0604,0.192352
user_0575,13,user_0073,0.146324
user_0575,14,user_0147,0.118920
user_0575,15,user_0608,0.077710
user_0577,1,user_0583,0.602400
user_0577,2,user_0577,0.590122
user_0577,3,user_0888,0.526965
user_0577,4,user_0415,0.431035
user_0577,5,user_0563,0.425428
user_0577,6,user_0047,0.424548
user_0577,7,user_0158,0.402921
user_0577,8,user_0821,0.401637
user_0577,9,user_0671,0.385572
user_0577,10,user_0733,0.376010
user_0577,11,user_0147,0.333865
user_0577,12,user_0600,0.324166
user_0577,13,user_0985,0.317943
user_0577,14,user_0561,0.279976
user_0577,15,user_0355,0.279822
user_0579,1,user_0579,0.516192
user_0579,2,user_0413,0.405162
user_0579,3,user_0770,0.378708
user_0579,4,user_0519,0.353925
user_0579,5,user_0911,0.316537
user_0579,6,user_0849,0.274691
user_0579,7,user_0541,0.252118
user_0579,8,user_0967,0.245916
user_0579,9,user_0127,0.243057
user_0579,10,user_0543,0.234718
user_0579,11,user_0415,0.173516
user_0579,12,user_0623,0.172782
user_0579,13,user_0005,0.164184
user_0579,14,user_0275,0.110596
user_0579,15,user_0798,0.080153
user_0581,1,user_0011,0.559590
user_0581,2,user_0683,0.475335
user_0581,3,user_0167,0.472172
user_0581,4,user_0271,0.467453
user_0581,5,user_0335,0.448807
user_0581,6,user_0467,0.444975
user_0581,7,user_0094,0.442027
user_0581,8,user_0290,0.436167
user_0581,9,user_0415,0.386841
user_0581,10,user_0405,0.366559
user_0581,11,user_0715,0.310523
user_0581,12,user_0191,0.276768
user_0581,13,user_0147,0.272690
user_0581,14,user_0563,0.197794
user_0581,15,user_0099,0.125202
user_0584,1,user_0160,0.512985
user_0584,2,user_0485,0.492768
user_0584,3,user_0775,0.467195
user_0584,4,user_0267,0.461303
user_0584,5,user_0202,0.449311
user_0584,6,user_0614,0.435271
user_0584,7,user_0661,0.433290
user_0584,8,user_0545,0.390786
user_0584,9,user_0671,0.380810
user_0584,10,user_0772,0.371882
user_0584,11,user_0345,0.370631
user_0584,12,user_0882,0.348830
user_0584,13,user_0563,0.308564
user_0584,14,user_0862,0.295425
user_0584,15,user_0703,0.254999
user_0585,1,user_0511,0.585290
user_0585,2,user_0585,0.550447
user_0585,3,user_0756,0.545469
user_0585,4,user_0762,0.452819
user_0585,5,user_0560,0.444454
user_0585,6,user_0935,0.443318
user_0585,7,user_0839,0.428543
user_0585,8,user_0838,0.412356
user_0585,9,user_0032,0.394412
user_0585,10,user_0014,0.360775
user_0585,11,user_0353,0.356288
user_0585,12,user_0609,0.280711
user_0585,13,user_0854,0.280017
user_0585,14,user_0868,0.250096
user_0585,15,user_0293,0.054502
user_0589,1,user_0775,0.456796
user_0589,2,user_0550,0.456511
user_0589,3,user_0512,0.429025
user_0589,4,user_0160,0.423169
user_0589,5,user_0397,0.412955
user_0589,6,user_0317,0.390730
user_0589,7,user_0897,0.376136
user_0589,8,user_0351,0.375297
user_0589,9,user_0320,0.368711
user_0589,10,user_0221,0.349405
user_0589,11,user_0345,0.333167
user_0589,12,user_0882,0.305332
user_0589,13,user_0583,0.296590
user_0589,14,user_0267,0.272601
user_0589,15,user_0577,0.229848
user_0591,1,user_0011,0.554476
user_0591,2,user_0897,0.539979
user_0591,3,user_0160,0.530185
user_0591,4,user_0969,0.521679
user_0591,5,user_0931,0.519444
user_0591,6,user_0857,0.497306
user_0591,7,user_0279,0.491248
user_0591,8,user_0940,0.487546
user_0591,9,user_0610,0.477662
user_0591,10,user_0981,0.464543
user_0591,11,user_0397,0.456245
user_0591,12,user_0591,0.453559
user_0591,13,user_0772,0.434487
user_0591,14,user_0563,0.412928
user_0591,15,user_0608,0.304948
user_0592,1,user_0454,0.508557
user_0592,2,user_0072,0.454405
user_0592,3,user_0489,0.436606
user_0592,4,user_0970,0.418369
user_0592,5,user_0369,0.387351
user_0592,6,user_0776,0.350583
user_0592,7,user_0022,0.347336
user_0592,8,user_0635,0.330122
user_0592,9,user_0050,0.329791
user_0592,10,user_0056,0.302236
user_0592,11,user_0946,0.294017
user_0592,12,user_0174,0.272064
user_0592,13,user_0690,0.265005
user_0592,14,user_0883,0.254873
user_0592,15,user_0798,0.137359
user_0593,1,user_0444,0.461492
user_0593,2,user_0074,0.432976
user_0593,3,user_0315,0.407680
user_0593,4,user_0695,0.332049
user_0593,5,user_0593,0.300999
user_0593,6,user_0671,0.282491
user_0593,7,user_0504,0.279566
user_0593,8,user_0137,0.248903
user_0593,9,user_0563,0.231877
user_0593,10,user_0600,0.229617
user_0593,11,user_0473,0.197173
user_0593,12,user_0703,0.170964
user_0593,13,user_0557,0.170752
user_0593,14,user_0944,0.141021
user_0593,15,user_0694,0.115318
user_0594,1,user_0594,0.518932
user_0594,2,user_0495,0.433952
user_0594,3,user_0795,0.416192
user_0594,4,user_0645,0.380722
user_0594,5,user_0862,0.374116
user_0594,6,user_0478,0.296020
user_0594,7,user_0046,0.293049
user_0594,8,user_0607,0.279138
user_0594,9,user_0654,0.275377
user_0594,10,user_0642,0.267726
user_0594,11,user_0137,0.264143
user_0594,12,user_0147,0.231028
user_0594,13,user_0526,0.199287
user_0594,14,user_0355,0.165793
user_0594,15,user_0206,0.156339
user_0598,1,user_0652,0.591916
user_0598,2,user_0598,0.590637
user_0598,3,user_0341,0.541346
user_0598,4,user_0803,0.511480
user_0598,5,user_0026,0.486247
user_0598,6,user_0257,0.476933
user_0598,7,user_0836,0.474560
user_0598,8,user_0660,0.467623
user_0598,9,user_0209,0.464449
user_0598,10,user_0869,0.441929
user_0598,11,user_0022,0.441761
user_0598,12,user_0157,0.354242
user_0598,13,user_0191,0.311964
user_0598,14,user_0264,0.299467
user_0598,15,user_0434,0.253815
user_0599,1,user_0263,0.552856
user_0599,2,user_0599,0.539604
user_0599,3,user_0682,0.517376
user_0599,4,user_0375,0.488015
user_0599,5,user_0960,0.479319
user_0599,6,user_0969,0.455106
user_0599,7,user_0902,0.434406
user_0599,8,user_0970,0.426038
user_0599,9,user_0472,0.391928
user_0599,10,user_0043,0.336560
user_0599,11,user_0415,0.328390
user_0599,12,user_0595,0.317887
user_0599,13,user_0924,0.293487
user_0599,14,user_0123,0.220864
user_0599,15,user_0524,0.192993
user_0600,1,user_0448,0.515957
user_0600,2,user_0600,0.483142
user_0600,3,user_0267,0.445384
user_0600,4,user_0274,0.396904
user_0600,5,user_0247,0.388514
user_0600,6,user_0563,0.384587
user_0600,7,user_0350,0.369455
user_0600,8,user_0123,0.364399
user_0600,9,user_0147,0.337892
user_0600,10,user_0661,0.335257
user_0600,11,user_0423,0.321762
user_0600,12,user_0671,0.296380
user_0600,13,user_0703,0.284773
user_0600,14,user_0882,0.257045
user_0600,15,user_0757,0.207806
user_0602,1,user_0504,0.525892
user_0602,2,user_0602,0.504431
user_0602,3,user_0114,0.434217
user_0602,4,user_0415,0.422703
user_0602,5,user_0168,0.409177
user_0602,6,user_0563,0.384447
user_0602,7,user_0443,0.382490
user_0602,8,user_0486,0.375864
user_0602,9,user_0473,0.370818
user_0602,10,user_0066,0.289825
user_0602,11,user_0671,0.288068
user_0602,12,user_0985,0.282447
user_0602,13,user_0147,0.281339
user_0602,14,user_0451,0.211816
user_0602,15,user_0523,0.199885
user_0603,1,user_0735,0.386293
user_0603,2,user_0384,0.368675
user_0603,3,user_0893,0.363136
user_0603,4,user_0179,0.339150
user_0603,5,user_0863,0.324891
user_0603,6,user_0765,0.312920
user_0603,7,user_0457,0.310649
user_0603,8,user_0362,0.277812
user_0603,9,user_0429,0.261038
user_0603,10,user_0254,0.251726
user_0603,11,user_0646,0.242047
user_0603,12,user_0178,0.216018
user_0603,13,user_0098,0.213948
user_0603,14,user_0719,0.187259
user_0603,15,user_0603,0.095450
user_0604,1,user_0196,0.725221
user_0604,2,user_0604,0.625857
user_0604,3,user_0641,0.592828
user_0604,4,user_0504,0.583268
user_0604,5,user_0045,0.580025
user_0604,6,user_0486,0.563593
user_0604,7,user_0812,0.557186
user_0604,8,user_0563,0.555714
user_0604,9,user_0279,0.543582
user_0604,10,user_0405,0.530900
user_0604,11,user_0857,0.526553
user_0604,12,user_0296,0.511538
user_0604,13,user_0415,0.492426
user_0604,14,user_0437,0.483968
user_0604,15,user_0815,0.441446
user_0605,1,user_0605,0.634004
user_0605,2,user_0982,0.537810
user_0605,3,user_0328,0.489819
user_0605,4,user_0969,0.463933
user_0605,5,user_0160,0.446411
user_0605,6,user_0270,0.442894
user_0605,7,user_0971,0.416222
user_0605,8,user_0721,0.412398
user_0605,9,user_0674,0.332330
user_0605,10,user_0802,0.326127
user_0605,11,user_0357,0.311091
user_0605,12,user_0767,0.302923
user_0605,13,user_0842,0.296872
user_0605,14,user_0838,0.278479
user_0605,15,user_0090,0.079364
user_0609,1,user_0032,0.664882
user_0609,2,user_0511,0.633775
user_0609,3,user_0935,0.617436
user_0609,4,user_0838,0.582909
user_0609,5,user_0560,0.566095
user_0609,6,user_0353,0.550254
user_0609,7,user_0839,0.549424
user_0609,8,user_0854,0.501999
user_0609,9,user_0669,0.498310
user_0609,10,user_0585,0.406604
user_0609,11,user_0795,0.394207
user_0609,12,user_0868,0.376542
user_0609,13,user_0609,0.369711
user_0609,14,user_0960,0.367144
user_0609,15,user_0293,0.170963
user_0610,1,user_0356,0.596675
user_0610,2,user_0568,0.586620
user_0610,3,user_0986,0.581501
user_0610,4,user_0160,0.567692
user_0610,5,user_0976,0.529516
user_0610,6,user_0328,0.526849
user_0610,7,user_0336,0.526813
user_0610,8,user_0969,0.511754
user_0610,9,user_0610,0.501274
user_0610,10,user_0677,0.467910
user_0610,11,user_0120,0.454518
user_0610,12,user_0415,0.451791
user_0610,13,user_0502,0.441434
user_0610,14,user_0924,0.311021
user_0610,15,user_0578,0.300035
user_0611,1,user_0870,0.577932
user_0611,2,user_0611,0.562678
user_0611,3,user_0306,0.537439
user_0611,4,user_0351,0.506449
user_0611,5,user_0330,0.469367
user_0611,6,user_0512,0.466963
user_0611,7,user_0478,0.461275
user_0611,8,user_0320,0.416120
user_0611,9,user_0468,0.404973
user_0611,10,user_0046,0.387119
user_0611,11,user_0780,0.373309
user_0611,12,user_0221,0.335049
user_0611,13,user_0696,0.327239
user_0611,14,user_0133,0.304185
user_0611,15,user_0535,0.271914
user_0614,1,user_0215,0.614769
user_0614,2,user_0614,0.549312
user_0614,3,user_0410,0.545360
user_0614,4,user_0504,0.537480
user_0614,5,user_0563,0.535502
user_0614,6,user_0168,0.535259
user_0614,7,user_0238,0.532372
user_0614,8,user_0123,0.511411
user_0614,9,user_0857,0.496122
user_0614,10,user_0443,0.485059
user_0614,11,user_0415,0.399993
user_0614,12,user_0541,0.397045
user_0614,13,user_0745,0.391604
user_0614,14,user_0695,0.372701
user_0614,15,user_0147,0.360945
user_0617,1,user_0534,0.515098
user_0617,2,user_0617,0.507980
user_0617,3,user_0753,0.497057
user_0617,4,user_0422,0.486246
user_0617,5,user_0270,0.467720
user_0617,6,user_0652,0.456606
user_0617,7,user_0745,0.445436
user_0617,8,user_0451,0.431901
user_0617,9,user_0444,0.416302
user_0617,10,user_0267,0.379686
user_0617,11,user_0777,0.359169
user_0617,12,user_0157,0.314124
user_0617,13,user_0045,0.313526
user_0617,14,user_0733,0.306745
user_0617,15,user_0415,0.305976
user_0619,1,user_0619,0.431047
user_0619,2,user_0279,0.387922
user_0619,3,user_0151,0.372255
user_0619,4,user_0451,0.372061
user_0619,5,user_0328,0.358843
user_0619,6,user_0270,0.329292
user_0619,7,user_0365,0.329281
user_0619,8,user_0583,0.319121
user_0619,9,user_0437,0.229718
user_0619,10,user_0363,0.205815
user_0619,11,user_0698,0.202246
user_0619,12,user_0486,0.200520
user_0619,13,user_0693,0.138117
user_0619,14,user_0862,0.108653
user_0619,15,user_0557,0.107649
user_0620,1,user_0620,0.492397
user_0620,2,user_0216,0.475531
user_0620,3,user_0534,0.443677
user_0620,4,user_0645,0.437624
user_0620,5,user_0504,0.409919
user_0620,6,user_0444,0.392522
user_0620,7,user_0695,0.334931
user_0620,8,user_0415,0.317289
user_0620,9,user_0267,0.309037
user_0620,10,user_0827,0.298518
user_0620,11,user_0147,0.282982
user_0620,12,user_0073,0.214922
user_0620,13,user_0519,0.188438
user_0620,14,user_0557,0.152585
user_0620,15,user_0608,0.136788
user_0621,1,user_0335,0.600868
user_0621,2,user_0410,0.526722
user_0621,3,user_0224,0.506950
user_0621,4,user_0621,0.489325
user_0621,5,user_0415,0.479829
user_0621,6,user_0614,0.463618
user_0621,7,user_0123,0.444218
user_0621,8,user_0563,0.409273
user_0621,9,user_0281,0.392788
user_0621,10,user_0473,0.377637
user_0621,11,user_0641,0.374854
user_0621,12,user_0504,0.355497
user_0621,13,user_0099,0.321590
user_0621,14,user_0334,0.258221
user_0621,15,user_0043,0.242577
user_0622,1,user_0260,0.542423
user_0622,2,user_0804,0.515148
user_0622,3,user_0969,0.512452
user_0622,4,user_0328,0.511064
user_0622,5,user_0677,0.501678
user_0622,6,user_0795,0.500034
user_0622,7,user_0536,0.483021
user_0622,8,user_0397,0.480703
user_0622,9,user_0958,0.473481
user_0622,10,user_0945,0.465451
user_0622,11,user_0359,0.460098
user_0622,12,user_0716,0.456687
user_0622,13,user_0774,0.390493
user_0622,14,user_0269,0.332311
user_0622,15,user_0355,0.257917
user_0624,1,user_0141,0.616047
user_0624,2,user_0624,0.543157
user_0624,3,user_0166,0.543148
user_0624,4,user_0206,0.478649
user_0624,5,user_0645,0.468141
user_0624,6,user_0696,0.431796
user_0624,7,user_0594,0.413337
user_0624,8,user_0866,0.359169
user_0624,9,user_0359,0.344495
user_0624,10,user_0810,0.310616
user_0624,11,user_0807,0.248855
user_0624,12,user_0600,0.230270
user_0624,13,user_0686,0.223927
user_0624,14,user_0526,0.182650
user_0624,15,user_0637,0.177798
user_0630,1,user_0043,0.640556
user_0630,2,user_0224,0.637954
user_0630,3,user_0641,0.626445
user_0630,4,user_0457,0.584027
user_0630,5,user_0334,0.564970
user_0630,6,user_0912,0.561553
user_0630,7,user_0857,0.548755
user_0630,8,user_0488,0.544758
user_0630,9,user_0422,0.543805
user_0630,10,user_0099,0.529611
user_0630,11,user_0415,0.520969
user_0630,12,user_0123,0.512173
user_0630,13,user_0045,0.511568
user_0630,14,user_0902,0.495613
user_0630,15,user_0338,0.485182
user_0634,1,user_0345,0.585405
user_0634,2,user_0114,0.571917
user_0634,3,user_0671,0.444440
user_0634,4,user_0754,0.439086
user_0634,5,user_0147,0.418823
user_0634,6,user_0267,0.402378
user_0634,7,user_0661,0.401499
user_0634,8,user_0355,0.379920
user_0634,9,user_0600,0.367963
user_0634,10,user_0202,0.367684
user_0634,11,user_0862,0.358672
user_0634,12,user_0972,0.338931
user_0634,13,user_0821,0.327108
user_0634,14,user_0827,0.271171
user_0634,15,user_0557,0.146488
user_0635,1,user_0057,0.551438
user_0635,2,user_0151,0.550457
user_0635,3,user_0200,0.538926
user_0635,4,user_0733,0.500015
user_0635,5,user_0437,0.490961
user_0635,6,user_0365,0.487168
user_0635,7,user_0097,0.483920
user_0635,8,user_0334,0.481832
user_0635,9,user_0242,0.445569
user_0635,10,user_0985,0.427387
user_0635,11,user_0730,0.387629
user_0635,12,user_0363,0.330465
user_0635,13,user_0348,0.317749
user_0635,14,user_0711,0.275876
user_0635,15,user_0694,0.251373
user_0637,1,user_0637,0.438171
user_0637,2,user_0504,0.415687
user_0637,3,user_0686,0.412539
user_0637,4,user_0130,0.382716
user_0637,5,user_0345,0.375159
user_0637,6,user_0328,0.374875
user_0637,7,user_0443,0.365671
user_0637,8,user_0095,0.354138
user_0637,9,user_0600,0.301125
user_0637,10,user_0563,0.289738
user_0637,11,user_0862,0.284193
user_0637,12,user_0147,0.280570
user_0637,13,user_0721,0.272521
user_0637,14,user_0355,0.269310
user_0637,15,user_0510,0.238638
user_0641,1,user_0196,0.655097
user_0641,2,user_0410,0.591714
user_0641,3,user_0011,0.581747
user_0641,4,user_0504,0.576428
user_0641,5,user_0224,0.557725
user_0641,6,user_0427,0.552909
user_0641,7,user_0335,0.552503
user_0641,8,user_0279,0.543390
user_0641,9,user_0270,0.527532
user_0641,10,user_0563,0.524311
user_0641,11,user_0151,0.523616
user_0641,12,user_0857,0.522199
user_0641,13,user_0334,0.515494
user_0641,14,user_0415,0.511980
user_0641,15,user_0099,0.506621
user_0642,1,user_0808,0.531048
user_0642,2,user_0742,0.516395
user_0642,3,user_0361,0.510914
user_0642,4,user_0354,0.489421
user_0642,5,user_0969,0.488231
user_0642,6,user_0048,0.471410
user_0642,7,user_0269,0.427361
user_0642,8,user_0355,0.401434
user_0642,9,user_0160,0.389202
user_0642,10,user_0650,0.372122
user_0642,11,user_0410,0.327113
user_0642,12,user_0137,0.193214
user_0642,13,user_0600,0.182030
user_0642,14,user_0563,0.181928
user_0642,15,user_0495,0.180399
user_0643,1,user_0410,0.526024
user_0643,2,user_0137,0.517467
user_0643,3,user_0510,0.469267
user_0643,4,user_0593,0.456085
user_0643,5,user_0123,0.426646
user_0643,6,user_0614,0.424644
user_0643,7,user_0473,0.420789
user_0643,8,user_0563,0.397880
user_0643,9,user_0168,0.375676
user_0643,10,user_0504,0.360970
user_0643,11,user_0415,0.225375
user_0643,12,user_0671,0.222312
user_0643,13,user_0147,0.209783
user_0643,14,user_0541,0.149279
user_0643,15,user_0557,0.134484
user_0644,1,user_0011,0.569593
user_0644,2,user_0721,0.511167
user_0644,3,user_0478,0.455531
user_0644,4,user_0644,0.418341
user_0644,5,user_0015,0.418107
user_0644,6,user_0969,0.390957
user_0644,7,user_0397,0.382573
user_0644,8,user_0971,0.370265
user_0644,9,user_0689,0.361588
user_0644,10,user_0147,0.359404
user_0644,11,user_0954,0.314150
user_0644,12,user_0160,0.271705
user_0644,13,user_0267,0.225910
user_0644,14,user_0563,0.204809
user_0644,15,user_0547,0.145027
user_0647,1,user_0011,0.655876
user_0647,2,user_0270,0.627084
user_0647,3,user_0604,0.515318
user_0647,4,user_0279,0.483415
user_0647,5,user_0415,0.454655
user_0647,6,user_0985,0.448293
user_0647,7,user_0504,0.422814
user_0647,8,user_0602,0.412580
user_0647,9,user_0147,0.380488
user_0647,10,user_0437,0.345074
user_0647,11,user_0815,0.321204
user_0647,12,user_0523,0.292749
user_0647,13,user_0477,0.279643
user_0647,14,user_0563,0.238891
user_0647,15,user_0608,0.135814
user_0650,1,user_0160,0.586657
user_0650,2,user_0361,0.534357
user_0650,3,user_0354,0.529449
user_0650,4,user_0670,0.522705
user_0650,5,user_0011,0.521431
user_0650,6,user_0969,0.521013
user_0650,7,user_0355,0.490032
user_0650,8,user_0610,0.489741
user_0650,9,user_0742,0.487188
user_0650,10,user_0650,0.476150
user_0650,11,user_0259,0.437643
user_0650,12,user_0808,0.436497
user_0650,13,user_0269,0.428290
user_0650,14,user_0924,0.362463
user_0650,15,user_0927,0.333809
user_0651,1,user_0864,0.333718
user_0651,2,user_0347,0.255330
user_0651,3,user_0151,0.254971
user_0651,4,user_0414,0.210350
user_0651,5,user_0874,0.187757
user_0651,6,user_0393,0.153679
user_0651,7,user_0110,0.152043
user_0651,8,user_0587,0.139844
user_0651,9,user_0867,0.137107
user_0651,10,user_0539,0.136784
user_0651,11,user_0837,0.130775
user_0651,12,user_0278,0.130498
user_0651,13,user_0462,0.129729
user_0651,14,user_0328,0.115442
user_0651,15,user_0655,0.104111
user_0652,1,user_0260,0.527151
user_0652,2,user_0003,0.525609
user_0652,3,user_0160,0.525433
user_0652,4,user_0237,0.520212
user_0652,5,user_0397,0.514100
user_0652,6,user_0448,0.507545
user_0652,7,user_0011,0.505149
user_0652,8,user_0224,0.482757
user_0652,9,user_0267,0.448312
user_0652,10,user_0415,0.438694
user_0652,11,user_0862,0.438090
user_0652,12,user_0123,0.358628
user_0652,13,user_0563,0.320425
user_0652,14,user_0757,0.283134
user_0652,15,user_0099,0.115826
user_0653,1,user_0151,0.580706
user_0653,2,user_0803,0.520665
user_0653,3,user_0938,0.503435
user_0653,4,user_0444,0.501581
user_0653,5,user_0270,0.497032
user_0653,6,user_0334,0.487366
user_0653,7,user_0415,0.458847
user_0653,8,user_0157,0.449049
user_0653,9,user_0147,0.448149
user_0653,10,user_0614,0.408495
user_0653,11,user_0090,0.292567
user_0653,12,user_0757,0.286526
user_0653,13,user_0099,0.282514
user_0653,14,user_0557,0.209842
user_0653,15,user_0230,0.150628
user_0655,1,user_0099,0.739882
user_0655,2,user_0569,0.654122
user_0655,3,user_0473,0.571128
user_0655,4,user_0902,0.549871
user_0655,5,user_0125,0.549130
user_0655,6,user_0761,0.496078
user_0655,7,user_0123,0.495462
user_0655,8,user_0415,0.476806
user_0655,9,user_0916,0.460834
user_0655,10,user_0399,0.447521
user_0655,11,user_0812,0.439865
user_0655,12,user_0043,0.433189
user_0655,13,user_0045,0.395579
user_0655,14,user_0338,0.335645
user_0655,15,user_0504,0.323683
user_0656,1,user_0270,0.541526
user_0656,2,user_0147,0.493898
user_0656,3,user_0444,0.481920
user_0656,4,user_0917,0.456880
user_0656,5,user_0415,0.410199
user_0656,6,user_0437,0.400996
user_0656,7,user_0827,0.374988
user_0656,8,user_0972,0.371694
user_0656,9,user_0815,0.369239
user_0656,10,user_0158,0.351918
user_0656,11,user_0504,0.288199
user_0656,12,user_0563,0.283236
user_0656,13,user_0557,0.273404
user_0656,14,user_0547,0.160048
user_0656,15,user_0608,0.148465
user_0657,1,user_0657,0.714500
user_0657,2,user_0332,0.656092
user_0657,3,user_0232,0.548767
user_0657,4,user_0368,0.325631
user_0657,5,user_0908,0.301122
user_0657,6,user_0702,0.295873
user_0657,7,user_0473,0.277532
user_0657,8,user_0215,0.270652
user_0657,9,user_0795,0.266992
user_0657,10,user_0004,0.240678
user_0657,11,user_0224,0.234224
user_0657,12,user_0284,0.209330
user_0657,13,user_0140,0.190004
user_0657,14,user_0462,0.141877
user_0657,15,user_0305,0.127506
user_0659,1,user_0504,0.446812
user_0659,2,user_0045,0.380249
user_0659,3,user_0721,0.344994
user_0659,4,user_0659,0.337695
user_0659,5,user_0671,0.323048
user_0659,6,user_0443,0.311234
user_0659,7,user_0815,0.295950
user_0659,8,user_0614,0.272538
user_0659,9,user_0703,0.251925
user_0659,10,user_0661,0.229384
user_0659,11,user_0147,0.222513
user_0659,12,user_0812,0.169132
user_0659,13,user_0274,0.145681
user_0659,14,user_0695,0.135917
user_0659,15,user_0557,0.088831
user_0660,1,user_0869,0.567196
user_0660,2,user_0413,0.519768
user_0660,3,user_0279,0.518217
user_0660,4,user_0179,0.508762
user_0660,5,user_0660,0.451592
user_0660,6,user_0270,0.389470
user_0660,7,user_0331,0.389017
user_0660,8,user_0143,0.387738
user_0660,9,user_0415,0.357700
user_0660,10,user_0437,0.341418
user_0660,11,user_0399,0.284157
user_0660,12,user_0715,0.281225
user_0660,13,user_0393,0.267009
user_0660,14,user_0230,0.136849
user_0660,15,user_0070,0.109234
user_0662,1,user_0361,0.626289
user_0662,2,user_0354,0.553319
user_0662,3,user_0742,0.543387
user_0662,4,user_0269,0.449880
user_0662,5,user_0650,0.449731
user_0662,6,user_0808,0.443085
user_0662,7,user_0971,0.403570
user_0662,8,user_0969,0.402161
user_0662,9,user_0424,0.394121
user_0662,10,user_0535,0.382690
user_0662,11,user_0355,0.328452
user_0662,12,user_0924,0.324237
user_0662,13,user_0791,0.306693
user_0662,14,user_0927,0.304427
user_0662,15,user_0578,0.238917
user_0663,1,user_0020,0.576855
user_0663,2,user_0157,0.551073
user_0663,3,user_0959,0.535062
user_0663,4,user_0422,0.515422
user_0663,5,user_0790,0.463748
user_0663,6,user_0663,0.457964
user_0663,7,user_0444,0.431725
user_0663,8,user_0224,0.362637
user_0663,9,user_0334,0.306717
user_0663,10,user_0267,0.304073
user_0663,11,user_0147,0.251238
user_0663,12,user_0313,0.203597
user_0663,13,user_0793,0.174973
user_0663,14,user_0563,0.150706
user_0663,15,user_0557,0.126382
user_0664,1,user_0733,0.423037
user_0664,2,user_0685,0.420728
user_0664,3,user_0350,0.410176
user_0664,4,user_0482,0.392223
user_0664,5,user_0793,0.390389
user_0664,6,user_0267,0.381751
user_0664,7,user_0160,0.371899
user_0664,8,user_0274,0.362987
user_0664,9,user_0158,0.362648
user_0664,10,user_0775,0.361999
user_0664,11,user_0600,0.353120
user_0664,12,user_0224,0.323977
user_0664,13,user_0671,0.316534
user_0664,14,user_0661,0.298901
user_0664,15,user_0757,0.245497
user_0666,1,user_0160,0.569245
user_0666,2,user_0485,0.547080
user_0666,3,user_0350,0.506162
user_0666,4,user_0128,0.500010
user_0666,5,user_0274,0.461181
user_0666,6,user_0345,0.461129
user_0666,7,user_0122,0.455669
user_0666,8,user_0147,0.451345
user_0666,9,user_0267,0.435330
user_0666,10,user_0862,0.430587
user_0666,11,user_0757,0.428928
user_0666,12,user_0661,0.425965
user_0666,13,user_0123,0.357687
user_0666,14,user_0600,0.350839
user_0666,15,user_0547,0.164656
user_0668,1,user_0072,0.479695
user_0668,2,user_0803,0.370950
user_0668,3,user_0227,0.363735
user_0668,4,user_0876,0.343305
user_0668,5,user_0270,0.334068
user_0668,6,user_0970,0.282944
user_0668,7,user_0904,0.260619
user_0668,8,user_0555,0.237915
user_0668,9,user_0674,0.236802
user_0668,10,user_0704,0.225260
user_0668,11,user_0231,0.225227
user_0668,12,user_0714,0.198757
user_0668,13,user_0122,0.183758
user_0668,14,user_0776,0.155618
user_0668,15,user_0090,0.092009
user_0670,1,user_0361,0.626863
user_0670,2,user_0354,0.595146
user_0670,3,user_0742,0.574529
user_0670,4,user_0650,0.560429
user_0670,5,user_0670,0.553456
user_0670,6,user_0791,0.522903
user_0670,7,user_0924,0.506758
user_0670,8,user_0269,0.489406
user_0670,9,user_0160,0.486018
user_0670,10,user_0355,0.476272
user_0670,11,user_0011,0.471938
user_0670,12,user_0969,0.449339
user_0670,13,user_0808,0.424507
user_0670,14,user_0259,0.418467
user_0670,15,user_0927,0.324026
user_0672,1,user_0471,0.601826
user_0672,2,user_0011,0.596072
user_0672,3,user_0894,0.527100
user_0672,4,user_0196,0.512340
user_0672,5,user_0260,0.511622
user_0672,6,user_0474,0.474028
user_0672,7,user_0969,0.466608
user_0672,8,user_0160,0.465370
user_0672,9,user_0610,0.454681
user_0672,10,user_0795,0.437960
user_0672,11,user_0808,0.411590
user_0672,12,user_0269,0.376059
user_0672,13,user_0355,0.343270
user_0672,14,user_0563,0.283687
user_0672,15,user_0712,0.281811
user_0673,1,user_0790,0.623807
user_0673,2,user_0270,0.575777
user_0673,3,user_0011,0.568795
user_0673,4,user_0151,0.567540
user_0673,5,user_0143,0.506453
user_0673,6,user_0444,0.493643
user_0673,7,user_0410,0.476371
user_0673,8,user_0279,0.457070
user_0673,9,user_0437,0.436826
user_0673,10,user_0224,0.436255
user_0673,11,user_0196,0.435867
user_0673,12,user_0415,0.412932
user_0673,13,user_0157,0.411693
user_0673,14,user_0147,0.402739
user_0673,15,user_0563,0.349594
user_0675,1,user_0614,0.535963
user_0675,2,user_0437,0.500766
user_0675,3,user_0486,0.500105
user_0675,4,user_0604,0.459339
user_0675,5,user_0152,0.445495
user_0675,6,user_0504,0.441860
user_0675,7,user_0279,0.405147
user_0675,8,user_0147,0.390267
user_0675,9,user_0270,0.363463
user_0675,10,user_0695,0.340236
user_0675,11,user_0563,0.329698
user_0675,12,user_0281,0.325422
user_0675,13,user_0815,0.321755
user_0675,14,user_0073,0.289865
user_0675,15,user_0557,0.116476
user_0676,1,user_0196,0.596851
user_0676,2,user_0279,0.572623
user_0676,3,user_0224,0.567259
user_0676,4,user_0910,0.556375
user_0676,5,user_0335,0.542353
user_0676,6,user_0564,0.538286
user_0676,7,user_0913,0.533677
user_0676,8,user_0641,0.505626
user_0676,9,user_0614,0.490726
user_0676,10,user_0467,0.485571
user_0676,11,user_0563,0.456514
user_0676,12,user_0443,0.456458
user_0676,13,user_0504,0.434845
user_0676,14,user_0415,0.402499
user_0676,15,user_0639,0.234740
user_0677,1,user_0317,0.463177
user_0677,2,user_0160,0.452479
user_0677,3,user_0696,0.435627
user_0677,4,user_0158,0.403874
user_0677,5,user_0677,0.382019
user_0677,6,user_0502,0.366060
user_0677,7,user_0345,0.345750
user_0677,8,user_0979,0.339775
user_0677,9,user_0550,0.327268
user_0677,10,user_0976,0.323058
user_0677,11,user_0301,0.323053
user_0677,12,user_0607,0.312356
user_0677,13,user_0689,0.310102
user_0677,14,user_0373,0.262485
user_0677,15,user_0800,0.252500
user_0678,1,user_0066,0.529842
user_0678,2,user_0451,0.508076
user_0678,3,user_0504,0.492181
user_0678,4,user_0378,0.487948
user_0678,5,user_0437,0.487030
user_0678,6,user_0267,0.464323
user_0678,7,user_0600,0.464174
user_0678,8,user_0443,0.454176
user_0678,9,user_0862,0.439041
user_0678,10,user_0147,0.426738
user_0678,11,user_0486,0.403425
user_0678,12,user_0557,0.403173
user_0678,13,user_0563,0.399621
user_0678,14,user_0202,0.383103
user_0678,15,user_0074,0.376653
user_0685,1,user_0444,0.522116
user_0685,2,user_0410,0.510380
user_0685,3,user_0274,0.510185
user_0685,4,user_0685,0.484196
user_0685,5,user_0745,0.447785
user_0685,6,user_0123,0.402752
user_0685,7,user_0085,0.390147
user_0685,8,user_0557,0.368285
user_0685,9,user_0415,0.362805
user_0685,10,user_0912,0.354311
user_0685,11,user_0812,0.349697
user_0685,12,user_0147,0.340396
user_0685,13,user_0378,0.336112
user_0685,14,user_0547,0.284489
user_0685,15,user_0099,0.257828
user_0686,1,user_0285,0.584468
user_0686,2,user_0638,0.550352
user_0686,3,user_0173,0.510732
user_0686,4,user_0686,0.497960
user_0686,5,user_0636,0.482303
user_0686,6,user_0671,0.469034
user_0686,7,user_0130,0.437741
user_0686,8,user_0712,0.396625
user_0686,9,user_0624,0.393674
user_0686,10,user_0471,0.390383
user_0686,11,user_0637,0.327749
user_0686,12,user_0927,0.325512
user_0686,13,user_0269,0.307414
user_0686,14,user_0499,0.258561
user_0686,15,user_0355,0.246832
user_0687,1,user_0569,0.625246
user_0687,2,user_0167,0.597365
user_0687,3,user_0270,0.580903
user_0687,4,user_0969,0.546966
user_0687,5,user_0160,0.541042
user_0687,6,user_0271,0.517270
user_0687,7,user_0685,0.509891
user_0687,8,user_0378,0.503105
user_0687,9,user_0147,0.458360
user_0687,10,user_0099,0.411254
user_0687,11,user_0415,0.391660
user_0687,12,user_0557,0.370862
user_0687,13,user_0547,0.321778
user_0687,14,user_0090,0.254789
user_0687,15,user_0328,0.218092
user_0688,1,user_0803,0.533850
user_0688,2,user_0011,0.533507
user_0688,3,user_0969,0.466712
user_0688,4,user_0591,0.464891
user_0688,5,user_0650,0.432608
user_0688,6,user_0795,0.424421
user_0688,7,user_0345,0.420030
user_0688,8,user_0160,0.371942
user_0688,9,user_0269,0.354220
user_0688,10,user_0415,0.338789
user_0688,11,user_0862,0.298559
user_0688,12,user_0924,0.298040
user_0688,13,user_0808,0.275264
user_0688,14,user_0681,0.264176
user_0688,15,user_0355,0.258581
user_0690,1,user_0534,0.380010
user_0690,2,user_0745,0.376290
user_0690,3,user_0543,0.332514
user_0690,4,user_0771,0.323088
user_0690,5,user_0444,0.294221
user_0690,6,user_0487,0.274519
user_0690,7,user_0602,0.260664
user_0690,8,user_0071,0.246618
user_0690,9,user_0147,0.191825
user_0690,10,user_0590,0.183049
user_0690,11,user_0135,0.151940
user_0690,12,user_0944,0.142447
user_0690,13,user_0451,0.139674
user_0690,14,user_0949,0.128276
user_0690,15,user_0821,0.126453
user_0692,1,user_0048,0.606906
user_0692,2,user_0410,0.603524
user_0692,3,user_0224,0.596815
user_0692,4,user_0427,0.577318
user_0692,5,user_0168,0.561683
user_0692,6,user_0081,0.554826
user_0692,7,user_0238,0.548183
user_0692,8,user_0466,0.536634
user_0692,9,user_0857,0.534220
user_0692,10,user_0772,0.529419
user_0692,11,user_0276,0.519433
user_0692,12,user_0819,0.490948
user_0692,13,user_0137,0.488328
user_0692,14,user_0563,0.487292
user_0692,15,user_0993,0.361752
user_0693,1,user_0897,0.529962
user_0693,2,user_0974,0.527014
user_0693,3,user_0701,0.509724
user_0693,4,user_0971,0.504634
user_0693,5,user_0576,0.473446
user_0693,6,user_0188,0.388647
user_0693,7,user_0721,0.382025
user_0693,8,user_0251,0.350081
user_0693,9,user_0279,0.328637
user_0693,10,user_0815,0.320863
user_0693,11,user_0437,0.313654
user_0693,12,user_0984,0.302625
user_0693,13,user_0557,0.275546
user_0693,14,user_0270,0.253236
user_0693,15,user_0954,0.238147
user_0697,1,user_0190,0.526395
user_0697,2,user_0588,0.472595
user_0697,3,user_0872,0.461935
user_0697,4,user_0697,0.438054
user_0697,5,user_0372,0.397903
user_0697,6,user_0422,0.387133
user_0697,7,user_0987,0.374029
user_0697,8,user_0433,0.369166
user_0697,9,user_0661,0.337263
user_0697,10,user_0074,0.266384
user_0697,11,user_0827,0.264167
user_0697,12,user_0320,0.259336
user_0697,13,user_0266,0.251962
user_0697,14,user_0864,0.232830
user_0697,15,user_0557,0.191278
user_0699,1,user_0444,0.570089
user_0699,2,user_0270,0.563933
user_0699,3,user_0011,0.563567
user_0699,4,user_0160,0.488016
user_0699,5,user_0147,0.462867
user_0699,6,user_0415,0.407091
user_0699,7,user_0157,0.398383
user_0699,8,user_0085,0.362035
user_0699,9,user_0123,0.352376
user_0699,10,user_0563,0.311940
user_0699,11,user_0557,0.297647
user_0699,12,user_0547,0.296493
user_0699,13,user_0757,0.272865
user_0699,14,user_0099,0.188514
user_0699,15,user_0158,0.157761
user_0700,1,user_0641,0.465389
user_0700,2,user_0504,0.460500
user_0700,3,user_0127,0.450440
user_0700,4,user_0352,0.436055
user_0700,5,user_0869,0.432066
user_0700,6,user_0921,0.430599
user_0700,7,user_0695,0.378626
user_0700,8,user_0857,0.360372
user_0700,9,user_0045,0.353891
user_0700,10,user_0415,0.350431
user_0700,11,user_0267,0.313771
user_0700,12,user_0123,0.300339
user_0700,13,user_0793,0.288337
user_0700,14,user_0563,0.256566
user_0700,15,user_0541,0.255427
user_0701,1,user_0291,0.532434
user_0701,2,user_0701,0.508126
user_0701,3,user_0471,0.387759
user_0701,4,user_0624,0.381099
user_0701,5,user_0260,0.307795
user_0701,6,user_0039,0.299463
user_0701,7,user_0696,0.282109
user_0701,8,user_0130,0.246283
user_0701,9,user_0166,0.238477
user_0701,10,user_0124,0.232745
user_0701,11,user_0169,0.232326
user_0701,12,user_0810,0.223088
user_0701,13,user_0984,0.220216
user_0701,14,user_0269,0.142982
user_0701,15,user_0452,0.136404
user_0702,1,user_0604,0.577021
user_0702,2,user_0279,0.556700
user_0702,3,user_0569,0.556695
user_0702,4,user_0504,0.550700
user_0702,5,user_0316,0.523835
user_0702,6,user_0415,0.481327
user_0702,7,user_0270,0.458098
user_0702,8,user_0653,0.454632
user_0702,9,user_0815,0.438451
user_0702,10,user_0099,0.431158
user_0702,11,user_0138,0.428813
user_0702,12,user_0334,0.421470
user_0702,13,user_0437,0.380637
user_0702,14,user_0152,0.373708
user_0702,15,user_0557,0.308371
user_0705,1,user_0669,0.435524
user_0705,2,user_0610,0.412151
user_0705,3,user_0969,0.410099
user_0705,4,user_0682,0.390502
user_0705,5,user_0450,0.355376
user_0705,6,user_0446,0.328996
user_0705,7,user_0733,0.311287
user_0705,8,user_0563,0.290062
user_0705,9,user_0328,0.252550
user_0705,10,user_0137,0.222683
user_0705,11,user_0838,0.204585
user_0705,12,user_0583,0.199719
user_0705,13,user_0577,0.193626
user_0705,14,user_0014,0.157318
user_0705,15,user_0355,0.141384
user_0706,1,user_0504,0.468944
user_0706,2,user_0791,0.422967
user_0706,3,user_0147,0.280365
user_0706,4,user_0347,0.272342
user_0706,5,user_0671,0.261341
user_0706,6,user_0862,0.261051
user_0706,7,user_0543,0.260338
user_0706,8,user_0985,0.236781
user_0706,9,user_0523,0.211804
user_0706,10,user_0269,0.211803
user_0706,11,user_0712,0.206367
user_0706,12,user_0451,0.200661
user_0706,13,user_0355,0.188441
user_0706,14,user_0637,0.183700
user_0706,15,user_0709,0.156315
user_0707,1,user_0729,0.587963
user_0707,2,user_0137,0.560022
user_0707,3,user_0504,0.547668
user_0707,4,user_0593,0.545457
user_0707,5,user_0114,0.539635
user_0707,6,user_0453,0.526354
user_0707,7,user_0529,0.512322
user_0707,8,user_0486,0.494239
user_0707,9,user_0930,0.482580
user_0707,10,user_0671,0.470543
user_0707,11,user_0703,0.413904
user_0707,12,user_0229,0.392881
user_0707,13,user_0985,0.354739
user_0707,14,user_0925,0.353202
user_0707,15,user_0198,0.346619
user_0710,1,user_0011,0.623958
user_0710,2,user_0802,0.619768
user_0710,3,user_0511,0.619062
user_0710,4,user_0669,0.612043
user_0710,5,user_0032,0.610703
user_0710,6,user_0560,0.610433
user_0710,7,user_0838,0.603050
user_0710,8,user_0935,0.585809
user_0710,9,user_0868,0.583118
user_0710,10,user_0839,0.561151
user_0710,11,user_0319,0.556688
user_0710,12,user_0585,0.509339
user_0710,13,user_0609,0.458235
user_0710,14,user_0969,0.401170
user_0710,15,user_0293,0.151413
user_0713,1,user_0713,0.550126
user_0713,2,user_0294,0.491369
user_0713,3,user_0330,0.485257
user_0713,4,user_0535,0.455407
user_0713,5,user_0644,0.414978
user_0713,6,user_0721,0.407024
user_0713,7,user_0708,0.381968
user_0713,8,user_0425,0.378564
user_0713,9,user_0796,0.317874
user_0713,10,user_0153,0.289399
user_0713,11,user_0800,0.282359
user_0713,12,user_0795,0.278699
user_0713,13,user_0578,0.235151
user_0713,14,user_0868,0.172245
user_0713,15,user_0293,0.055193
user_0715,1,user_0011,0.624957
user_0715,2,user_0270,0.569509
user_0715,3,user_0715,0.543707
user_0715,4,user_0766,0.494760
user_0715,5,user_0160,0.493877
user_0715,6,user_0279,0.493217
user_0715,7,user_0650,0.464746
user_0715,8,user_0147,0.451593
user_0715,9,user_0331,0.448617
user_0715,10,user_0167,0.402672
user_0715,11,user_0415,0.387334
user_0715,12,user_0938,0.353950
user_0715,13,user_0563,0.328215
user_0715,14,user_0924,0.194225
user_0715,15,user_0608,0.170348
user_0716,1,user_0802,0.692802
user_0716,2,user_0011,0.538432
user_0716,3,user_0511,0.531445
user_0716,4,user_0032,0.488958
user_0716,5,user_0669,0.468773
user_0716,6,user_0839,0.442095
user_0716,7,user_0160,0.373685
user_0716,8,user_0868,0.366573
user_0716,9,user_0969,0.362244
user_0716,10,user_0838,0.357265
user_0716,11,user_0971,0.296552
user_0716,12,user_0357,0.264463
user_0716,13,user_0415,0.257721
user_0716,14,user_0099,0.102879
user_0716,15,user_0293,0.070129
user_0717,1,user_0717,0.533157
user_0717,2,user_0368,0.477730
user_0717,3,user_0905,0.450612
user_0717,4,user_0149,0.413251
user_0717,5,user_0619,0.391601
user_0717,6,user_0738,0.328809
user_0717,7,user_0224,0.299959
user_0717,8,user_0867,0.268873
user_0717,9,user_0147,0.185510
user_0717,10,user_0045,0.158213
user_0717,11,user_0157,0.151641
user_0717,12,user_0504,0.135796
user_0717,13,user_0524,0.114698
user_0717,14,user_0462,0.100326
user_0717,15,user_0868,0.092921
user_0718,1,user_0160,0.516210
user_0718,2,user_0469,0.509958
user_0718,3,user_0396,0.493836
user_0718,4,user_0610,0.478977
user_0718,5,user_0092,0.475159
user_0718,6,user_0969,0.467996
user_0718,7,user_0981,0.420444
user_0718,8,user_0564,0.385737
user_0718,9,user_0011,0.355592
user_0718,10,user_0608,0.343354
user_0718,11,user_0748,0.296773
user_0718,12,user_0271,0.274505
user_0718,13,user_0167,0.247076
user_0718,14,user_0095,0.221328
user_0718,15,user_0262,0.210694
user_0719,1,user_0092,0.565358
user_0719,2,user_0803,0.515456
user_0719,3,user_0784,0.504559
user_0719,4,user_0259,0.462149
user_0719,5,user_0011,0.459670
user_0719,6,user_0237,0.450918
user_0719,7,user_0339,0.449886
user_0719,8,user_0160,0.428221
user_0719,9,user_0123,0.413610
user_0719,10,user_0267,0.404709
user_0719,11,user_0902,0.403196
user_0719,12,user_0685,0.373402
user_0719,13,user_0415,0.346109
user_0719,14,user_0167,0.345791
user_0719,15,user_0924,0.330038
user_0722,1,user_0785,0.579501
user_0722,2,user_0804,0.577327
user_0722,3,user_0839,0.430049
user_0722,4,user_0807,0.423131
user_0722,5,user_0425,0.396753
user_0722,6,user_0169,0.350839
user_0722,7,user_0511,0.331843
user_0722,8,user_0160,0.303276
user_0722,9,user_0969,0.300294
user_0722,10,user_0795,0.270713
user_0722,11,user_0267,0.246673
user_0722,12,user_0868,0.244062
user_0722,13,user_0415,0.200655
user_0722,14,user_0123,0.196854
user_0722,15,user_0293,0.060078
user_0724,1,user_0724,0.609013
user_0724,2,user_0720,0.605492
user_0724,3,user_0410,0.595191
user_0724,4,user_0842,0.578732
user_0724,5,user_0456,0.564798
user_0724,6,user_0844,0.538872
user_0724,7,user_0270,0.522390
user_0724,8,user_0144,0.521612
user_0724,9,user_0224,0.482614
user_0724,10,user_0776,0.376409
user_0724,11,user_0334,0.353219
user_0724,12,user_0281,0.317833
user_0724,13,user_0961,0.312277
user_0724,14,user_0838,0.194081
user_0724,15,user_0090,0.159431
user_0725,1,user_0224,0.533347
user_0725,2,user_0045,0.486172
user_0725,3,user_0279,0.484581
user_0725,4,user_0444,0.483121
user_0725,5,user_0857,0.481553
user_0725,6,user_0335,0.470100
user_0725,7,user_0772,0.466203
user_0725,8,user_0563,0.459391
user_0725,9,user_0504,0.449375
user_0725,10,user_0912,0.446481
user_0725,11,user_0902,0.445225
user_0725,12,user_0793,0.433365
user_0725,13,user_0043,0.423959
user_0725,14,user_0415,0.421402
user_0725,15,user_0156,0.402597
user_0726,1,user_0422,0.501835
user_0726,2,user_0959,0.499508
user_0726,3,user_0726,0.496578
user_0726,4,user_0534,0.495069
user_0726,5,user_0313,0.494646
user_0726,6,user_0614,0.377053
user_0726,7,user_0215,0.355330
user_0726,8,user_0196,0.353247
user_0726,9,user_0157,0.352482
user_0726,10,user_0541,0.349312
user_0726,11,user_0563,0.335598
user_0726,12,user_0543,0.320293
user_0726,13,user_0504,0.307219
user_0726,14,user_0147,0.300161
user_0726,15,user_0793,0.280439
user_0729,1,user_0504,0.619485
user_0729,2,user_0441,0.585161
user_0729,3,user_0729,0.569559
user_0729,4,user_0114,0.513501
user_0729,5,user_0778,0.505909
user_0729,6,user_0647,0.493835
user_0729,7,user_0367,0.470431
user_0729,8,user_0563,0.433292
user_0729,9,user_0229,0.414131
user_0729,10,user_0366,0.408984
user_0729,11,user_0272,0.405409
user_0729,12,user_0882,0.397082
user_0729,13,user_0137,0.392566
user_0729,14,user_0671,0.356061
user_0729,15,user_0648,0.269064
user_0731,1,user_0731,0.693968
user_0731,2,user_0576,0.627433
user_0731,3,user_0063,0.622174
user_0731,4,user_0974,0.605500
user_0731,5,user_0897,0.605071
user_0731,6,user_0188,0.588220
user_0731,7,user_0971,0.582179
user_0731,8,user_0425,0.555744
user_0731,9,user_0550,0.463778
user_0731,10,user_0945,0.442227
user_0731,11,user_0578,0.429266
user_0731,12,user_0969,0.425401
user_0731,13,user_0954,0.411383
user_0731,14,user_0053,0.408997
user_0731,15,user_0166,0.350158
user_0734,1,user_0734,0.622861
user_0734,2,user_0920,0.489518
user_0734,3,user_0588,0.475729
user_0734,4,user_0622,0.407656
user_0734,5,user_0987,0.404674
user_0734,6,user_0190,0.397597
user_0734,7,user_0899,0.390689
user_0734,8,user_0761,0.373904
user_0734,9,user_0827,0.342105
user_0734,10,user_0071,0.331298
user_0734,11,user_0735,0.323459
user_0734,12,user_0220,0.288240
user_0734,13,user_0022,0.247366
user_0734,14,user_0135,0.235466
user_0734,15,user_0088,0.218418
user_0735,1,user_0059,0.558055
user_0735,2,user_0735,0.529241
user_0735,3,user_0335,0.529026
user_0735,4,user_0457,0.500318
user_0735,5,user_0879,0.479564
user_0735,6,user_0618,0.474730
user_0735,7,user_0045,0.455190
user_0735,8,user_0765,0.453070
user_0735,9,user_0334,0.415945
user_0735,10,user_0504,0.411910
user_0735,11,user_0264,0.397092
user_0735,12,user_0151,0.373991
user_0735,13,user_0863,0.335053
user_0735,14,user_0751,0.276824
user_0735,15,user_0462,0.251213
user_0736,1,user_0504,0.555330
user_0736,2,user_0587,0.550544
user_0736,3,user_0571,0.542921
user_0736,4,user_0772,0.527154
user_0736,5,user_0427,0.517214
user_0736,6,user_0224,0.495210
user_0736,7,user_0137,0.493046
user_0736,8,user_0238,0.479029
user_0736,9,user_0473,0.449754
user_0736,10,user_0563,0.430085
user_0736,11,user_0485,0.427229
user_0736,12,user_0168,0.378428
user_0736,13,user_0882,0.370370
user_0736,14,user_0671,0.348657
user_0736,15,user_0862,0.318922
user_0737,1,user_0583,0.617242
user_0737,2,user_0318,0.604981
user_0737,3,user_0689,0.587416
user_0737,4,user_0645,0.565828
user_0737,5,user_0654,0.552121
user_0737,6,user_0577,0.551270
user_0737,7,user_0888,0.541055
user_0737,8,user_0345,0.541020
user_0737,9,user_0181,0.505516
user_0737,10,user_0177,0.497885
user_0737,11,user_0401,0.491701
user_0737,12,user_0661,0.478434
user_0737,13,user_0158,0.475675
user_0737,14,user_0061,0.437192
user_0737,15,user_0600,0.305000
user_0739,1,user_0494,0.435805
user_0739,2,user_0569,0.432995
user_0739,3,user_0739,0.430924
user_0739,4,user_0844,0.426554
user_0739,5,user_0279,0.409192
user_0739,6,user_0144,0.404123
user_0739,7,user_0604,0.382236
user_0739,8,user_0410,0.381873
user_0739,9,user_0486,0.381604
user_0739,10,user_0363,0.338025
user_0739,11,user_0270,0.331136
user_0739,12,user_0289,0.312577
user_0739,13,user_0766,0.312061
user_0739,14,user_0682,0.301800
user_0739,15,user_0653,0.265348
user_0740,1,user_0740,0.652789
user_0740,2,user_0413,0.580552
user_0740,3,user_0849,0.515585
user_0740,4,user_0519,0.512287
user_0740,5,user_0770,0.510760
user_0740,6,user_0969,0.510302
user_0740,7,user_0692,0.495876
user_0740,8,user_0160,0.463520
user_0740,9,user_0745,0.422283
user_0740,10,user_0465,0.408476
user_0740,11,user_0798,0.365285
user_0740,12,user_0499,0.335488
user_0740,13,user_0158,0.318865
user_0740,14,user_0147,0.303833
user_0740,15,user_0099,0.290195
user_0744,1,user_0649,0.724235
user_0744,2,user_0525,0.473523
user_0744,3,user_0164,0.438196
user_0744,4,user_0205,0.380210
user_0744,5,user_0702,0.335227
user_0744,6,user_0140,0.320581
user_0744,7,user_0971,0.284538
user_0744,8,user_0410,0.232302
user_0744,9,user_0270,0.221096
user_0744,10,user_0224,0.186695
user_0744,11,user_0671,0.170360
user_0744,12,user_0160,0.167794
user_0744,13,user_0147,0.143903
user_0744,14,user_0563,0.095304
user_0744,15,user_0916,0.091116
user_0746,1,user_0910,0.527841
user_0746,2,user_0772,0.519160
user_0746,3,user_0466,0.513133
user_0746,4,user_0857,0.503740
user_0746,5,user_0313,0.503064
user_0746,6,user_0045,0.502632
user_0746,7,user_0614,0.501889
user_0746,8,user_0472,0.493363
user_0746,9,user_0515,0.492872
user_0746,10,user_0606,0.484015
user_0746,11,user_0504,0.448430
user_0746,12,user_0524,0.439538
user_0746,13,user_0563,0.438614
user_0746,14,user_0746,0.342630
user_0746,15,user_0338,0.336347
user_0747,1,user_0747,0.605630
user_0747,2,user_0594,0.603286
user_0747,3,user_0461,0.528754
user_0747,4,user_0224,0.509886
user_0747,5,user_0444,0.508816
user_0747,6,user_0270,0.504069
user_0747,7,user_0147,0.501715
user_0747,8,user_0504,0.490614
user_0747,9,user_0437,0.487773
user_0747,10,user_0215,0.474117
user_0747,11,user_0415,0.442373
user_0747,12,user_0526,0.320062
user_0747,13,user_0085,0.289979
user_0747,14,user_0557,0.233790
user_0747,15,user_0157,0.204338
user_0748,1,user_0461,0.614666
user_0748,2,user_0011,0.555723
user_0748,3,user_0969,0.531646
user_0748,4,user_0397,0.497864
user_0748,5,user_0839,0.486756
user_0748,6,user_0160,0.482366
user_0748,7,user_0518,0.476672
user_0748,8,user_0415,0.413291
user_0748,9,user_0563,0.398235
user_0748,10,user_0122,0.397978
user_0748,11,user_0357,0.375596
user_0748,12,user_0267,0.366206
user_0748,13,user_0774,0.276417
user_0748,14,user_0924,0.258296
user_0748,15,user_0293,0.112718
user_0750,1,user_0224,0.559852
user_0750,2,user_0862,0.520644
user_0750,3,user_0793,0.493601
user_0750,4,user_0869,0.484025
user_0750,5,user_0444,0.479565
user_0750,6,user_0504,0.475113
user_0750,7,user_0912,0.469051
user_0750,8,user_0156,0.451242
user_0750,9,user_0541,0.443701
user_0750,10,user_0745,0.385216
user_0750,11,user_0338,0.370095
user_0750,12,user_0557,0.366542
user_0750,13,user_0563,0.327347
user_0750,14,user_0415,0.321825
user_0750,15,user_0439,0.224048
user_0752,1,user_0495,0.518684
user_0752,2,user_0510,0.512619
user_0752,3,user_0965,0.492541
user_0752,4,user_0486,0.486462
user_0752,5,user_0137,0.450288
user_0752,6,user_0879,0.440025
user_0752,7,user_0529,0.436703
user_0752,8,user_0447,0.427296
user_0752,9,user_0930,0.408114
user_0752,10,user_0563,0.350651
user_0752,11,user_0703,0.308864
user_0752,12,user_0671,0.297207
user_0752,13,user_0546,0.296522
user_0752,14,user_0198,0.270799
user_0752,15,user_0694,0.152639
user_0754,1,user_0160,0.579259
user_0754,2,user_0345,0.560674
user_0754,3,user_0862,0.507776
user_0754,4,user_0510,0.502240
user_0754,5,user_0671,0.495603
user_0754,6,user_0795,0.492001
user_0754,7,user_0563,0.485880
user_0754,8,user_0267,0.484616
user_0754,9,user_0979,0.473390
user_0754,10,user_0600,0.443706
user_0754,11,user_0355,0.442630
user_0754,12,user_0147,0.428507
user_0754,13,user_0866,0.409689
user_0754,14,user_0757,0.381860
user_0754,15,user_0499,0.380226
user_0755,1,user_0790,0.618273
user_0755,2,user_0614,0.489719
user_0755,3,user_0444,0.475853
user_0755,4,user_0733,0.470966
user_0755,5,user_0451,0.458717
user_0755,6,user_0047,0.413804
user_0755,7,user_0147,0.410351
user_0755,8,user_0415,0.407183
user_0755,9,user_0600,0.389721
user_0755,10,user_0486,0.382851
user_0755,11,user_0504,0.333075
user_0755,12,user_0563,0.300788
user_0755,13,user_0157,0.282280
user_0755,14,user_0812,0.258957
user_0755,15,user_0557,0.161367
user_0756,1,user_0756,0.750072
user_0756,2,user_0032,0.687727
user_0756,3,user_0839,0.598889
user_0756,4,user_0511,0.585481
user_0756,5,user_0669,0.579227
user_0756,6,user_0560,0.545422
user_0756,7,user_0838,0.493164
user_0756,8,user_0935,0.468227
user_0756,9,user_0969,0.413461
user_0756,10,user_0160,0.397812
user_0756,11,user_0795,0.394761
user_0756,12,user_0868,0.363874
user_0756,13,user_0609,0.318936
user_0756,14,user_0293,0.114715
user_0756,15,user_0355,0.100739
user_0759,1,user_0839,0.528971
user_0759,2,user_0425,0.481078
user_0759,3,user_0014,0.480447
user_0759,4,user_0854,0.467293
user_0759,5,user_0033,0.463427
user_0759,6,user_0231,0.448814
user_0759,7,user_0960,0.428261
user_0759,8,user_0935,0.421962
user_0759,9,user_0868,0.405995
user_0759,10,user_0458,0.395271
user_0759,11,user_0031,0.392042
user_0759,12,user_0838,0.385361
user_0759,13,user_0891,0.364632
user_0759,14,user_0415,0.309544
user_0759,15,user_0293,0.101120
user_0760,1,user_0589,0.535739
user_0760,2,user_0011,0.497473
user_0760,3,user_0159,0.489445
user_0760,4,user_0472,0.489102
user_0760,5,user_0335,0.485283
user_0760,6,user_0157,0.471042
user_0760,7,user_0279,0.470328
user_0760,8,user_0224,0.461752
user_0760,9,user_0941,0.448650
user_0760,10,user_0270,0.434089
user_0760,11,user_0167,0.426894
user_0760,12,user_0563,0.397900
user_0760,13,user_0415,0.383893
user_0760,14,user_0281,0.340993
user_0760,15,user_0924,0.322225
user_0763,1,user_0534,0.482187
user_0763,2,user_0504,0.450884
user_0763,3,user_0451,0.409911
user_0763,4,user_0444,0.386172
user_0763,5,user_0061,0.350691
user_0763,6,user_0073,0.342984
user_0763,7,user_0147,0.333666
user_0763,8,user_0985,0.299471
user_0763,9,user_0543,0.298013
user_0763,10,user_0135,0.297206
user_0763,11,user_0671,0.246791
user_0763,12,user_0557,0.225841
user_0763,13,user_0433,0.192607
user_0763,14,user_0074,0.185759
user_0763,15,user_0709,0.138036
user_0765,1,user_0048,0.583893
user_0765,2,user_0410,0.566939
user_0765,3,user_0224,0.529419
user_0765,4,user_0168,0.487548
user_0765,5,user_0641,0.479071
user_0765,6,user_0427,0.476459
user_0765,7,user_0045,0.470795
user_0765,8,user_0123,0.465466
user_0765,9,user_0912,0.459279
user_0765,10,user_0137,0.458399
user_0765,11,user_0338,0.439949
user_0765,12,user_0350,0.436648
user_0765,13,user_0563,0.436493
user_0765,14,user_0485,0.435169
user_0765,15,user_0541,0.380076
user_0767,1,user_0092,0.578703
user_0767,2,user_0456,0.545286
user_0767,3,user_0119,0.542317
user_0767,4,user_0160,0.535127
user_0767,5,user_0842,0.528998
user_0767,6,user_0335,0.523889
user_0767,7,user_0344,0.505323
user_0767,8,user_0969,0.503662
user_0767,9,user_0011,0.493028
user_0767,10,user_0326,0.448350
user_0767,11,user_0270,0.434663
user_0767,12,user_0828,0.412951
user_0767,13,user_0240,0.375081
user_0767,14,user_0938,0.323443
user_0767,15,user_0757,0.220909
user_0768,1,user_0011,0.632354
user_0768,2,user_0270,0.580263
user_0768,3,user_0048,0.554861
user_0768,4,user_0410,0.520454
user_0768,5,user_0438,0.481096
user_0768,6,user_0793,0.473167
user_0768,7,user_0334,0.452424
user_0768,8,user_0971,0.406399
user_0768,9,user_0279,0.381020
user_0768,10,user_0160,0.345247
user_0768,11,user_0167,0.344068
user_0768,12,user_0715,0.318061
user_0768,13,user_0641,0.309678
user_0768,14,user_0415,0.248991
user_0768,15,user_0608,0.154991
user_0769,1,user_0689,0.608438
user_0769,2,user_0645,0.585955
user_0769,3,user_0607,0.581535
user_0769,4,user_0931,0.570521
user_0769,5,user_0345,0.566048
user_0769,6,user_0160,0.565254
user_0769,7,user_0661,0.539232
user_0769,8,user_0177,0.535540
user_0769,9,user_0181,0.533025
user_0769,10,user_0290,0.518920
user_0769,11,user_0502,0.518464
user_0769,12,user_0979,0.494856
user_0769,13,user_0608,0.481535
user_0769,14,user_0158,0.467080
user_0769,15,user_0600,0.306421
user_0774,1,user_0931,0.603036
user_0774,2,user_0979,0.599501
user_0774,3,user_0345,0.479263
user_0774,4,user_0290,0.434421
user_0774,5,user_0160,0.430545
user_0774,6,user_0607,0.428494
user_0774,7,user_0981,0.401755
user_0774,8,user_0661,0.401249
user_0774,9,user_0502,0.365641
user_0774,10,user_0800,0.348109
user_0774,11,user_0158,0.343244
user_0774,12,user_0535,0.288756
user_0774,13,user_0608,0.208931
user_0774,14,user_0373,0.184241
user_0774,15,user_0099,0.062283
user_0778,1,user_0587,0.620211
user_0778,2,user_0772,0.529789
user_0778,3,user_0870,0.438626
user_0778,4,user_0671,0.374855
user_0778,5,user_0045,0.365541
user_0778,6,user_0563,0.353506
user_0778,7,user_0350,0.351404
user_0778,8,user_0882,0.301706
user_0778,9,user_0793,0.286793
user_0778,10,user_0909,0.285676
user_0778,11,user_0600,0.279140
user_0778,12,user_0137,0.265182
user_0778,13,user_0787,0.262904
user_0778,14,user_0557,0.245039
user_0778,15,user_0052,0.215751
user_0780,1,user_0870,0.614890
user_0780,2,user_0721,0.582127
user_0780,3,user_0780,0.568027
user_0780,4,user_0611,0.561035
user_0780,5,user_0478,0.548105
user_0780,6,user_0330,0.517212
user_0780,7,user_0351,0.485498
user_0780,8,user_0897,0.459704
user_0780,9,user_0320,0.444373
user_0780,10,user_0945,0.394492
user_0780,11,user_0512,0.393892
user_0780,12,user_0397,0.382899
user_0780,13,user_0188,0.358224
user_0780,14,user_0133,0.349893
user_0780,15,user_0221,0.339427
user_0781,1,user_0803,0.519859
user_0781,2,user_0938,0.418488
user_0781,3,user_0313,0.373967
user_0781,4,user_0573,0.364628
user_0781,5,user_0405,0.354571
user_0781,6,user_0652,0.352937
user_0781,7,user_0506,0.266569
user_0781,8,user_0157,0.260691
user_0781,9,user_0557,0.244023
user_0781,10,user_0895,0.214732
user_0781,11,user_0462,0.185727
user_0781,12,user_0541,0.179340
user_0781,13,user_0393,0.177467
user_0781,14,user_0099,0.167174
user_0781,15,user_0070,0.127494
user_0782,1,user_0179,0.481072
user_0782,2,user_0224,0.463953
user_0782,3,user_0043,0.463460
user_0782,4,user_0444,0.446459
user_0782,5,user_0339,0.333379
user_0782,6,user_0045,0.270197
user_0782,7,user_0524,0.259950
user_0782,8,user_0226,0.246404
user_0782,9,user_0626,0.225776
user_0782,10,user_0555,0.212972
user_0782,11,user_0782,0.208754
user_0782,12,user_0462,0.186486
user_0782,13,user_0157,0.176719
user_0782,14,user_0714,0.171898
user_0782,15,user_0004,0.076886
user_0784,1,user_0092,0.453504
user_0784,2,user_0510,0.418736
user_0784,3,user_0328,0.403322
user_0784,4,user_0240,0.390629
user_0784,5,user_0521,0.369246
user_0784,6,user_0160,0.362124
user_0784,7,user_0930,0.347420
user_0784,8,user_0345,0.325733
user_0784,9,user_0071,0.291315
user_0784,10,user_0979,0.283906
user_0784,11,user_0866,0.281040
user_0784,12,user_0995,0.244008
user_0784,13,user_0264,0.239883
user_0784,14,user_0230,0.132730
user_0784,15,user_0191,0.117165
user_0785,1,user_0716,0.626085
user_0785,2,user_0807,0.518096
user_0785,3,user_0785,0.498799
user_0785,4,user_0804,0.473388
user_0785,5,user_0677,0.452089
user_0785,6,user_0839,0.428440
user_0785,7,user_0795,0.395370
user_0785,8,user_0169,0.360726
user_0785,9,user_0166,0.359591
user_0785,10,user_0722,0.333044
user_0785,11,user_0774,0.329131
user_0785,12,user_0269,0.278280
user_0785,13,user_0609,0.261357
user_0785,14,user_0039,0.249998
user_0785,15,user_0810,0.248928
user_0786,1,user_0786,0.577643
user_0786,2,user_0810,0.491225
user_0786,3,user_0701,0.432894
user_0786,4,user_0039,0.425881
user_0786,5,user_0169,0.413272
user_0786,6,user_0260,0.388401
user_0786,7,user_0011,0.384349
user_0786,8,user_0160,0.369308
user_0786,9,user_0969,0.367429
user_0786,10,user_0839,0.365237
user_0786,11,user_0166,0.360522
user_0786,12,user_0397,0.345682
user_0786,13,user_0424,0.345208
user_0786,14,user_0741,0.340334
user_0786,15,user_0120,0.249909
user_0787,1,user_0137,0.635472
user_0787,2,user_0473,0.628989
user_0787,3,user_0504,0.574891
user_0787,4,user_0045,0.574093
user_0787,5,user_0879,0.564134
user_0787,6,user_0510,0.552623
user_0787,7,user_0224,0.548421
user_0787,8,user_0563,0.488428
user_0787,9,user_0444,0.483660
user_0787,10,user_0812,0.427227
user_0787,11,user_0415,0.387059
user_0787,12,user_0272,0.375677
user_0787,13,user_0671,0.335519
user_0787,14,user_0147,0.309100
user_0787,15,user_0099,0.299961
user_0788,1,user_0802,0.582900
user_0788,2,user_0756,0.581512
user_0788,3,user_0279,0.547798
user_0788,4,user_0235,0.504640
user_0788,5,user_0156,0.493078
user_0788,6,user_0839,0.491906
user_0788,7,user_0270,0.478325
user_0788,8,user_0448,0.470812
user_0788,9,user_0353,0.438702
user_0788,10,user_0695,0.431062
user_0788,11,user_0415,0.393468
user_0788,12,user_0147,0.388198
user_0788,13,user_0563,0.348047
user_0788,14,user_0862,0.323422
user_0788,15,user_0099,0.167534
user_0792,1,user_0270,0.621563
user_0792,2,user_0485,0.557308
user_0792,3,user_0167,0.525722
user_0792,4,user_0733,0.518580
user_0792,5,user_0477,0.422339
user_0792,6,user_0563,0.404208
user_0792,7,user_0157,0.402903
user_0792,8,user_0415,0.401156
user_0792,9,user_0745,0.400219
user_0792,10,user_0473,0.388455
user_0792,11,user_0147,0.367018
user_0792,12,user_0085,0.329378
user_0792,13,user_0504,0.303780
user_0792,14,user_0557,0.235162
user_0792,15,user_0099,0.193585
user_0795,1,user_0803,0.510973
user_0795,2,user_0741,0.503598
user_0795,3,user_0826,0.475192
user_0795,4,user_0795,0.447766
user_0795,5,user_0969,0.447299
user_0795,6,user_0160,0.374584
user_0795,7,user_0866,0.315816
user_0795,8,user_0862,0.309834
user_0795,9,user_0147,0.302471
user_0795,10,user_0499,0.290981
user_0795,11,user_0415,0.282251
user_0795,12,user_0122,0.281430
user_0795,13,user_0757,0.153183
user_0795,14,user_0563,0.125179
user_0795,15,user_0099,0.072482
user_0797,1,user_0160,0.559143
user_0797,2,user_0966,0.552410
user_0797,3,user_0986,0.551397
user_0797,4,user_0610,0.547571
user_0797,5,user_0568,0.513663
user_0797,6,user_0501,0.512375
user_0797,7,user_0976,0.505712
user_0797,8,user_0082,0.502281
user_0797,9,user_0677,0.431207
user_0797,10,user_0153,0.409276
user_0797,11,user_0186,0.407089
user_0797,12,user_0430,0.405913
user_0797,13,user_0795,0.380909
user_0797,14,user_0578,0.270434
user_0797,15,user_0293,0.063022
user_0799,1,user_0504,0.483738
user_0799,2,user_0061,0.479182
user_0799,3,user_0147,0.399242
user_0799,4,user_0647,0.372135
user_0799,5,user_0347,0.341898
user_0799,6,user_0451,0.336032
user_0799,7,user_0758,0.312171
user_0799,8,user_0671,0.273820
user_0799,9,user_0985,0.268331
user_0799,10,user_0074,0.243537
user_0799,11,user_0944,0.238046
user_0799,12,user_0557,0.223312
user_0799,13,user_0694,0.221778
user_0799,14,user_0752,0.211529
user_0799,15,user_0240,0.117326
user_0804,1,user_0804,0.594272
user_0804,2,user_0807,0.494075
user_0804,3,user_0785,0.408630
user_0804,4,user_0122,0.382154
user_0804,5,user_0795,0.366505
user_0804,6,user_0123,0.315726
user_0804,7,user_0415,0.309415
user_0804,8,user_0160,0.302758
user_0804,9,user_0267,0.290973
user_0804,10,user_0147,0.220693
user_0804,11,user_0600,0.210657
user_0804,12,user_0706,0.197367
user_0804,13,user_0563,0.138420
user_0804,14,user_0812,0.085690
user_0804,15,user_0547,0.077119
user_0806,1,user_0011,0.615763
user_0806,2,user_0151,0.538746
user_0806,3,user_0683,0.536181
user_0806,4,user_0580,0.530035
user_0806,5,user_0415,0.498637
user_0806,6,user_0279,0.497601
user_0806,7,user_0405,0.482600
user_0806,8,user_0143,0.462218
user_0806,9,user_0806,0.449791
user_0806,10,user_0217,0.444506
user_0806,11,user_0604,0.429748
user_0806,12,user_0766,0.356307
user_0806,13,user_0167,0.341878
user_0806,14,user_0099,0.298432
user_0806,15,user_0938,0.239896
user_0809,1,user_0123,0.576376
user_0809,2,user_0563,0.502271
user_0809,3,user_0504,0.487760
user_0809,4,user_0869,0.472136
user_0809,5,user_0444,0.468616
user_0809,6,user_0153,0.449717
user_0809,7,user_0224,0.426881
user_0809,8,user_0415,0.385295
user_0809,9,user_0045,0.383374
user_0809,10,user_0902,0.372560
user_0809,11,user_0147,0.298627
user_0809,12,user_0157,0.294223
user_0809,13,user_0099,0.290954
user_0809,14,user_0793,0.219436
user_0809,15,user_0541,0.204210
user_0812,1,user_0604,0.609983
user_0812,2,user_0127,0.592908
user_0812,3,user_0444,0.581577
user_0812,4,user_0504,0.565185
user_0812,5,user_0527,0.553812
user_0812,6,user_0437,0.516308
user_0812,7,user_0639,0.488900
user_0812,8,user_0653,0.484270
user_0812,9,user_0415,0.466647
user_0812,10,user_0815,0.452939
user_0812,11,user_0864,0.379840
user_0812,12,user_0812,0.371309
user_0812,13,user_0557,0.318191
user_0812,14,user_0074,0.309755
user_0812,15,user_0099,0.294857
user_0813,1,user_0813,0.483948
user_0813,2,user_0287,0.374493
user_0813,3,user_0227,0.365755
user_0813,4,user_0704,0.346659
user_0813,5,user_0034,0.335027
user_0813,6,user_0098,0.330580
user_0813,7,user_0334,0.296380
user_0813,8,user_0186,0.285954
user_0813,9,user_0411,0.240894
user_0813,10,user_0708,0.216924
user_0813,11,user_0776,0.210788
user_0813,12,user_0622,0.203391
user_0813,13,user_0090,0.191920
user_0813,14,user_0863,0.182096
user_0813,15,user_0172,0.165055
user_0815,1,user_0701,0.498368
user_0815,2,user_0534,0.469531
user_0815,3,user_0610,0.461322
user_0815,4,user_0234,0.422183
user_0815,5,user_0151,0.413142
user_0815,6,user_0208,0.410107
user_0815,7,user_0270,0.367950
user_0815,8,user_0124,0.349985
user_0815,9,user_0984,0.337792
user_0815,10,user_0437,0.314181
user_0815,11,user_0328,0.297512
user_0815,12,user_0557,0.275027
user_0815,13,user_0815,0.255269
user_0815,14,user_0073,0.214416
user_0815,15,user_0709,0.152348
user_0816,1,user_0816,0.673456
user_0816,2,user_0104,0.631863
user_0816,3,user_0071,0.491674
user_0816,4,user_0448,0.466619
user_0816,5,user_0399,0.435303
user_0816,6,user_0761,0.367226
user_0816,7,user_0045,0.317377
user_0816,8,user_0595,0.287193
user_0816,9,user_0157,0.261505
user_0816,10,user_0085,0.252549
user_0816,11,user_0524,0.211872
user_0816,12,user_0417,0.194268
user_0816,13,user_0334,0.188883
user_0816,14,user_0281,0.149943
user_0816,15,user_0099,0.124585
user_0821,1,user_0733,0.537997
user_0821,2,user_0151,0.531219
user_0821,3,user_0451,0.513927
user_0821,4,user_0444,0.457943
user_0821,5,user_0279,0.457320
user_0821,6,user_0270,0.444044
user_0821,7,user_0147,0.408158
user_0821,8,user_0443,0.403364
user_0821,9,user_0437,0.394853
user_0821,10,user_0415,0.365806
user_0821,11,user_0504,0.291874
user_0821,12,user_0486,0.258039
user_0821,13,user_0563,0.252655
user_0821,14,user_0815,0.205100
user_0821,15,user_0812,0.142822
user_0822,1,user_0790,0.664210
user_0822,2,user_0431,0.559533
user_0822,3,user_0617,0.518944
user_0822,4,user_0652,0.514355
user_0822,5,user_0071,0.493521
user_0822,6,user_0822,0.484253
user_0822,7,user_0930,0.419872
user_0822,8,user_0350,0.404068
user_0822,9,user_0775,0.401433
user_0822,10,user_0485,0.392849
user_0822,11,user_0754,0.359531
user_0822,12,user_0157,0.351474
user_0822,13,user_0949,0.313363
user_0822,14,user_0135,0.310393
user_0822,15,user_0363,0.308384
user_0823,1,user_0931,0.538596
user_0823,2,user_0689,0.536856
user_0823,3,user_0160,0.535446
user_0823,4,user_0909,0.516677
user_0823,5,user_0981,0.506485
user_0823,6,user_0396,0.505430
user_0823,7,user_0979,0.498049
user_0823,8,user_0661,0.495048
user_0823,9,user_0373,0.494565
user_0823,10,user_0554,0.493583
user_0823,11,user_0345,0.490154
user_0823,12,user_0823,0.485811
user_0823,13,user_0608,0.459863
user_0823,14,user_0290,0.444653
user_0823,15,user_0913,0.387969
user_0825,1,user_0410,0.514845
user_0825,2,user_0224,0.509028
user_0825,3,user_0563,0.480527
user_0825,4,user_0313,0.479474
user_0825,5,user_0473,0.466518
user_0825,6,user_0504,0.457315
user_0825,7,user_0274,0.452627
user_0825,8,user_0168,0.422671
user_0825,9,user_0821,0.402600
user_0825,10,user_0671,0.402390
user_0825,11,user_0147,0.389422
user_0825,12,user_0045,0.380792
user_0825,13,user_0137,0.372305
user_0825,14,user_0600,0.357136
user_0825,15,user_0557,0.320729
user_0826,1,user_0191,0.471824
user_0826,2,user_0011,0.451133
user_0826,3,user_0981,0.225742
user_0826,4,user_0715,0.195290
user_0826,5,user_0467,0.183925
user_0826,6,user_0270,0.170623
user_0826,7,user_0167,0.160819
user_0826,8,user_0869,0.146751
user_0826,9,user_0415,0.144393
user_0826,10,user_0094,0.136382
user_0826,11,user_0405,0.125243
user_0826,12,user_0147,0.106853
user_0826,13,user_0961,0.088002
user_0826,14,user_0563,0.065363
user_0826,15,user_0099,0.046982
user_0827,1,user_0588,0.461917
user_0827,2,user_0827,0.429667
user_0827,3,user_0616,0.409721
user_0827,4,user_0917,0.387777
user_0827,5,user_0237,0.349786
user_0827,6,user_0515,0.329258
user_0827,7,user_0215,0.313356
user_0827,8,user_0614,0.298268
user_0827,9,user_0661,0.283216
user_0827,10,user_0123,0.257901
user_0827,11,user_0912,0.242177
user_0827,12,user_0884,0.232711
user_0827,13,user_0157,0.221850
user_0827,14,user_0972,0.213528
user_0827,15,user_0882,0.145459
user_0828,1,user_0745,0.481151
user_0828,2,user_0553,0.392002
user_0828,3,user_0270,0.376583
user_0828,4,user_0828,0.372729
user_0828,5,user_0724,0.307216
user_0828,6,user_0507,0.304518
user_0828,7,user_0918,0.291204
user_0828,8,user_0414,0.267522
user_0828,9,user_0595,0.260522
user_0828,10,user_0277,0.228266
user_0828,11,user_0621,0.220163
user_0828,12,user_0199,0.206860
user_0828,13,user_0334,0.202968
user_0828,14,user_0417,0.163747
user_0828,15,user_0090,0.129060
user_0829,1,user_0474,0.483559
user_0829,2,user_0486,0.470149
user_0829,3,user_0137,0.459299
user_0829,4,user_0504,0.452985
user_0829,5,user_0821,0.446694
user_0829,6,user_0444,0.426104
user_0829,7,user_0671,0.421970
user_0829,8,user_0563,0.415053
user_0829,9,user_0443,0.405887
user_0829,10,user_0066,0.346875
user_0829,11,user_0561,0.341273
user_0829,12,user_0829,0.330052
user_0829,13,user_0944,0.325742
user_0829,14,user_0733,0.292916
user_0829,15,user_0862,0.287616
user_0830,1,user_0420,0.628553
user_0830,2,user_0830,0.581232
user_0830,3,user_0020,0.565064
user_0830,4,user_0869,0.406557
user_0830,5,user_0683,0.403603
user_0830,6,user_0699,0.400851
user_0830,7,user_0641,0.388358
user_0830,8,user_0157,0.359928
user_0830,9,user_0352,0.356299
user_0830,10,user_0048,0.348345
user_0830,11,user_0399,0.329204
user_0830,12,user_0094,0.280852
user_0830,13,user_0070,0.263513
user_0830,14,user_0541,0.252259
user_0830,15,user_0099,0.152829
user_0831,1,user_0971,0.555399
user_0831,2,user_0897,0.539589
user_0831,3,user_0721,0.533867
user_0831,4,user_0425,0.530223
user_0831,5,user_0357,0.526749
user_0831,6,user_0188,0.505428
user_0831,7,user_0974,0.498091
user_0831,8,user_0969,0.497986
user_0831,9,user_0669,0.454087
user_0831,10,user_0578,0.419465
user_0831,11,user_0774,0.405225
user_0831,12,user_0397,0.397644
user_0831,13,user_0954,0.395480
user_0831,14,user_0269,0.281440
user_0831,15,user_0355,0.162602
user_0832,1,user_0011,0.423991
user_0832,2,user_0969,0.379415
user_0832,3,user_0048,0.348750
user_0832,4,user_0495,0.318851
user_0832,5,user_0410,0.310904
user_0832,6,user_0271,0.286264
user_0832,7,user_0474,0.279921
user_0832,8,user_0643,0.268389
user_0832,9,user_0041,0.247478
user_0832,10,user_0170,0.239503
user_0832,11,user_0196,0.228647
user_0832,12,user_0038,0.221978
user_0832,13,user_0862,0.201787
user_0832,14,user_0607,0.188602
user_0832,15,user_0685,0.176047
user_0833,1,user_0803,0.521917
user_0833,2,user_0092,0.505437
user_0833,3,user_0119,0.505170
user_0833,4,user_0227,0.485593
user_0833,5,user_0339,0.485460
user_0833,6,user_0003,0.483077
user_0833,7,user_0026,0.472101
user_0833,8,user_0335,0.439148
user_0833,9,user_0237,0.420193
user_0833,10,user_0287,0.406059
user_0833,11,user_0704,0.398367
user_0833,12,user_0402,0.396763
user_0833,13,user_0876,0.395468
user_0833,14,user_0045,0.378144
user_0833,15,user_0836,0.346631
user_0835,1,user_0350,0.486800
user_0835,2,user_0733,0.469973
user_0835,3,user_0907,0.449778
user_0835,4,user_0415,0.379871
user_0835,5,user_0451,0.365933
user_0835,6,user_0110,0.361118
user_0835,7,user_0127,0.355950
user_0835,8,user_0864,0.337935
user_0835,9,user_0700,0.337933
user_0835,10,user_0572,0.291941
user_0835,11,user_0922,0.290253
user_0835,12,user_0147,0.285700
user_0835,13,user_0412,0.280557
user_0835,14,user_0419,0.250542
user_0835,15,user_0732,0.241631
user_0838,1,user_0802,0.735971
user_0838,2,user_0511,0.675729
user_0838,3,user_0032,0.568775
user_0838,4,user_0838,0.541955
user_0838,5,user_0669,0.526762
user_0838,6,user_0971,0.498906
user_0838,7,user_0031,0.483681
user_0838,8,user_0478,0.483174
user_0838,9,user_0560,0.474492
user_0838,10,user_0160,0.471126
user_0838,11,user_0868,0.431573
user_0838,12,user_0854,0.390824
user_0838,13,user_0609,0.309036
user_0838,14,user_0207,0.265007
user_0838,15,user_0293,0.131686
user_0842,1,user_0456,0.404339
user_0842,2,user_0144,0.388583
user_0842,3,user_0435,0.368151
user_0842,4,user_0540,0.336361
user_0842,5,user_0344,0.326114
user_0842,6,user_0441,0.292563
user_0842,7,user_0563,0.276473
user_0842,8,user_0486,0.274124
user_0842,9,user_0671,0.272248
user_0842,10,user_0510,0.207082
user_0842,11,user_0459,0.204800
user_0842,12,user_0326,0.201917
user_0842,13,user_0028,0.176621
user_0842,14,user_0328,0.159858
user_0842,15,user_0240,0.099248
user_0845,1,user_0153,0.427221
user_0845,2,user_0135,0.393375
user_0845,3,user_0085,0.370996
user_0845,4,user_0912,0.300479
user_0845,5,user_0437,0.278449
user_0845,6,user_0147,0.269876
user_0845,7,user_0685,0.261464
user_0845,8,user_0122,0.249259
user_0845,9,user_0267,0.241973
user_0845,10,user_0274,0.227258
user_0845,11,user_0415,0.219013
user_0845,12,user_0247,0.211526
user_0845,13,user_0695,0.204224
user_0845,14,user_0757,0.197735
user_0845,15,user_0434,0.173307
user_0846,1,user_0733,0.463132
user_0846,2,user_0504,0.437815
user_0846,3,user_0534,0.397161
user_0846,4,user_0444,0.391737
user_0846,5,user_0643,0.382949
user_0846,6,user_0563,0.362490
user_0846,7,user_0147,0.362134
user_0846,8,user_0272,0.344594
user_0846,9,user_0224,0.332071
user_0846,10,user_0486,0.309252
user_0846,11,user_0267,0.291259
user_0846,12,user_0862,0.280994
user_0846,13,user_0812,0.278786
user_0846,14,user_0074,0.243130
user_0846,15,user_0157,0.208449
user_0848,1,user_0859,0.542876
user_0848,2,user_0848,0.532674
user_0848,3,user_0876,0.528578
user_0848,4,user_0794,0.522366
user_0848,5,user_0104,0.503063
user_0848,6,user_0704,0.502287
user_0848,7,user_0803,0.499029
user_0848,8,user_0384,0.470226
user_0848,9,user_0668,0.466072
user_0848,10,user_0832,0.437754
user_0848,11,user_0566,0.433922
user_0848,12,user_0222,0.383745
user_0848,13,user_0718,0.368291
user_0848,14,user_0947,0.365898
user_0848,15,user_0705,0.365513
user_0850,1,user_0850,0.638321
user_0850,2,user_0620,0.446979
user_0850,3,user_0444,0.432455
user_0850,4,user_0183,0.406258
user_0850,5,user_0972,0.338541
user_0850,6,user_0270,0.319700
user_0850,7,user_0195,0.316592
user_0850,8,user_0917,0.298840
user_0850,9,user_0671,0.292990
user_0850,10,user_0415,0.289712
user_0850,11,user_0147,0.279646
user_0850,12,user_0827,0.249004
user_0850,13,user_0433,0.219977
user_0850,14,user_0815,0.124766
user_0850,15,user_0557,0.075669
user_0854,1,user_0931,0.565352
user_0854,2,user_0458,0.540059
user_0854,3,user_0396,0.537823
user_0854,4,user_0890,0.528848
user_0854,5,user_0981,0.524248
user_0854,6,user_0160,0.523357
user_0854,7,user_0023,0.509910
user_0854,8,user_0290,0.505976
user_0854,9,user_0390,0.501778
user_0854,10,user_0689,0.495868
user_0854,11,user_0854,0.495160
user_0854,12,user_0800,0.485120
user_0854,13,user_0502,0.482212
user_0854,14,user_0158,0.460526
user_0854,15,user_0661,0.431714
user_0855,1,user_0971,0.363547
user_0855,2,user_0969,0.335465
user_0855,3,user_0021,0.305642
user_0855,4,user_0032,0.260495
user_0855,5,user_0578,0.257819
user_0855,6,user_0160,0.233298
user_0855,7,user_0549,0.212170
user_0855,8,user_0669,0.205434
user_0855,9,user_0585,0.199508
user_0855,10,user_0838,0.172307
user_0855,11,user_0868,0.164685
user_0855,12,user_0334,0.128227
user_0855,13,user_0609,0.107621
user_0855,14,user_0541,0.106602
user_0855,15,user_0293,0.055861
user_0856,1,user_0478,0.540034
user_0856,2,user_0397,0.485977
user_0856,3,user_0611,0.467263
user_0856,4,user_0870,0.457752
user_0856,5,user_0012,0.439505
user_0856,6,user_0046,0.331863
user_0856,7,user_0351,0.322173
user_0856,8,user_0048,0.305944
user_0856,9,user_0160,0.293925
user_0856,10,user_0971,0.243298
user_0856,11,user_0424,0.235486
user_0856,12,user_0221,0.196484
user_0856,13,user_0969,0.193043
user_0856,14,user_0188,0.189629
user_0856,15,user_0669,0.168645
user_0858,1,user_0160,0.525445
user_0858,2,user_0622,0.510700
user_0858,3,user_0224,0.490999
user_0858,4,user_0011,0.478935
user_0858,5,user_0279,0.472114
user_0858,6,user_0090,0.469128
user_0858,7,user_0270,0.439421
user_0858,8,user_0444,0.438549
user_0858,9,user_0290,0.418434
user_0858,10,user_0045,0.383125
user_0858,11,user_0733,0.369526
user_0858,12,user_0415,0.348983
user_0858,13,user_0123,0.309938
user_0858,14,user_0563,0.282529
user_0858,15,user_0157,0.204836
user_0860,1,user_0422,0.407588
user_0860,2,user_0334,0.265017
user_0860,3,user_0547,0.250337
user_0860,4,user_0745,0.227613
user_0860,5,user_0695,0.201213
user_0860,6,user_0614,0.162422
user_0860,7,user_0715,0.148522
user_0860,8,user_0437,0.147712
user_0860,9,user_0415,0.133232
user_0860,10,user_0557,0.120688
user_0860,11,user_0196,0.119074
user_0860,12,user_0563,0.115821
user_0860,13,user_0147,0.093276
user_0860,14,user_0073,0.092063
user_0860,15,user_0815,0.073540
user_0862,1,user_0160,0.554835
user_0862,2,user_0351,0.484811
user_0862,3,user_0397,0.476547
user_0862,4,user_0345,0.457989
user_0862,5,user_0396,0.428855
user_0862,6,user_0862,0.377363
user_0862,7,user_0976,0.374849
user_0862,8,user_0917,0.361929
user_0862,9,user_0780,0.349067
user_0862,10,user_0267,0.331118
user_0862,11,user_0011,0.328442
user_0862,12,user_0260,0.328166
user_0862,13,user_0363,0.307869
user_0862,14,user_0328,0.281981
user_0862,15,user_0563,0.162791
user_0864,1,user_0864,0.500960
user_0864,2,user_0270,0.490635
user_0864,3,user_0614,0.390385
user_0864,4,user_0437,0.390188
user_0864,5,user_0733,0.377776
user_0864,6,user_0486,0.368116
user_0864,7,user_0147,0.332667
user_0864,8,user_0504,0.318941
user_0864,9,user_0047,0.308714
user_0864,10,user_0815,0.308311
user_0864,11,user_0451,0.298067
user_0864,12,user_0812,0.223410
user_0864,13,user_0639,0.215019
user_0864,14,user_0074,0.174482
user_0864,15,user_0412,0.162958
user_0866,1,user_0866,0.391448
user_0866,2,user_0607,0.385773
user_0866,3,user_0795,0.370359
user_0866,4,user_0862,0.354093
user_0866,5,user_0495,0.332349
user_0866,6,user_0643,0.321488
user_0866,7,user_0499,0.285411
user_0866,8,user_0147,0.281865
user_0866,9,user_0600,0.199573
user_0866,10,user_0637,0.181785
user_0866,11,user_0740,0.142548
user_0866,12,user_0812,0.141351
user_0866,13,user_0510,0.140913
user_0866,14,user_0547,0.099015
user_0866,15,user_0099,0.068853
user_0867,1,user_0461,0.531234
user_0867,2,user_0583,0.518391
user_0867,3,user_0521,0.458623
user_0867,4,user_0628,0.452119
user_0867,5,user_0409,0.437088
user_0867,6,user_0984,0.432599
user_0867,7,user_0343,0.419939
user_0867,8,user_0122,0.392477
user_0867,9,user_0518,0.385385
user_0867,10,user_0110,0.362985
user_0867,11,user_0328,0.323991
user_0867,12,user_0693,0.313361
user_0867,13,user_0868,0.291687
user_0867,14,user_0205,0.272421
user_0867,15,user_0698,0.239341
user_0868,1,user_0924,0.328964
user_0868,2,user_0437,0.296316
user_0868,3,user_0270,0.272164
user_0868,4,user_0868,0.210772
user_0868,5,user_0415,0.209212
user_0868,6,user_0334,0.185520
user_0868,7,user_0312,0.180634
user_0868,8,user_0147,0.166156
user_0868,9,user_0541,0.154662
user_0868,10,user_0815,0.152407
user_0868,11,user_0812,0.151056
user_0868,12,user_0821,0.146130
user_0868,13,user_0823,0.139495
user_0868,14,user_0099,0.133648
user_0868,15,user_0293,0.066164
user_0870,1,user_0721,0.561823
user_0870,2,user_0611,0.558707
user_0870,3,user_0870,0.544981
user_0870,4,user_0478,0.542767
user_0870,5,user_0351,0.514495
user_0870,6,user_0780,0.514446
user_0870,7,user_0397,0.513879
user_0870,8,user_0897,0.498863
user_0870,9,user_0221,0.472750
user_0870,10,user_0160,0.456038
user_0870,11,user_0015,0.448086
user_0870,12,user_0971,0.443480
user_0870,13,user_0188,0.412879
user_0870,14,user_0267,0.357710
user_0870,15,user_0563,0.316886
user_0871,1,user_0448,0.513928
user_0871,2,user_0569,0.505647
user_0871,3,user_0871,0.499313
user_0871,4,user_0495,0.497689
user_0871,5,user_0279,0.476222
user_0871,6,user_0271,0.472268
user_0871,7,user_0378,0.423497
user_0871,8,user_0148,0.423172
user_0871,9,user_0546,0.419111
user_0871,10,user_0415,0.383357
user_0871,11,user_0147,0.359736
user_0871,12,user_0563,0.319298
user_0871,13,user_0732,0.191915
user_0871,14,user_0600,0.179449
user_0871,15,user_0099,0.139688
user_0873,1,user_0941,0.598164
user_0873,2,user_0178,0.593158
user_0873,3,user_0252,0.573901
user_0873,4,user_0980,0.531317
user_0873,5,user_0370,0.517936
user_0873,6,user_0136,0.516701
user_0873,7,user_0715,0.504180
user_0873,8,user_0030,0.476569
user_0873,9,user_0072,0.452517
user_0873,10,user_0214,0.421505
user_0873,11,user_0384,0.389953
user_0873,12,user_0231,0.345641
user_0873,13,user_0185,0.329482
user_0873,14,user_0725,0.243191
user_0873,15,user_0816,0.184583
user_0875,1,user_0043,0.705243
user_0875,2,user_0410,0.691101
user_0875,3,user_0400,0.686097
user_0875,4,user_0641,0.660844
user_0875,5,user_0224,0.649865
user_0875,6,user_0270,0.632813
user_0875,7,user_0504,0.584657
user_0875,8,user_0045,0.576366
user_0875,9,user_0352,0.558843
user_0875,10,user_0123,0.523492
user_0875,11,user_0415,0.516916
user_0875,12,user_0417,0.468688
user_0875,13,user_0961,0.435055
user_0875,14,user_0153,0.420411
user_0875,15,user_0334,0.344776
user_0876,1,user_0092,0.629941
user_0876,2,user_0569,0.627360
user_0876,3,user_0803,0.619777
user_0876,4,user_0119,0.577650
user_0876,5,user_0020,0.544731
user_0876,6,user_0224,0.522255
user_0876,7,user_0724,0.470429
user_0876,8,user_0415,0.452995
user_0876,9,user_0090,0.429987
user_0876,10,user_0123,0.417582
user_0876,11,user_0132,0.397627
user_0876,12,user_0011,0.394998
user_0876,13,user_0231,0.375479
user_0876,14,user_0524,0.315139
user_0876,15,user_0099,0.256901
user_0877,1,user_0877,0.541856
user_0877,2,user_0098,0.341904
user_0877,3,user_0415,0.315437
user_0877,4,user_0334,0.296333
user_0877,5,user_0071,0.294789
user_0877,6,user_0393,0.289238
user_0877,7,user_0622,0.257125
user_0877,8,user_0771,0.234460
user_0877,9,user_0311,0.192134
user_0877,10,user_0863,0.192117
user_0877,11,user_0434,0.182766
user_0877,12,user_0225,0.169410
user_0877,13,user_0090,0.156338
user_0877,14,user_0240,0.088890
user_0877,15,user_0172,0.082886
user_0882,1,user_0882,0.457193
user_0882,2,user_0026,0.372692
user_0882,3,user_0912,0.315337
user_0882,4,user_0237,0.299195
user_0882,5,user_0420,0.213260
user_0882,6,user_0862,0.202648
user_0882,7,user_0415,0.197528
user_0882,8,user_0504,0.192608
user_0882,9,user_0267,0.190455
user_0882,10,user_0045,0.176797
user_0882,11,user_0123,0.164302
user_0882,12,user_0757,0.153012
user_0882,13,user_0671,0.143053
user_0882,14,user_0443,0.139820
user_0882,15,user_0563,0.094611
user_0883,1,user_0534,0.385368
user_0883,2,user_0378,0.327634
user_0883,3,user_0437,0.299402
user_0883,4,user_0689,0.275417
user_0883,5,user_0572,0.270224
user_0883,6,user_0061,0.264326
user_0883,7,user_0561,0.244870
user_0883,8,user_0158,0.238420
user_0883,9,user_0451,0.227870
user_0883,10,user_0726,0.194202
user_0883,11,user_0450,0.191801
user_0883,12,user_0147,0.183911
user_0883,13,user_0984,0.171852
user_0883,14,user_0074,0.167160
user_0883,15,user_0557,0.106656
user_0885,1,user_0758,0.417879
user_0885,2,user_0147,0.413988
user_0885,3,user_0437,0.413155
user_0885,4,user_0157,0.392875
user_0885,5,user_0444,0.375487
user_0885,6,user_0085,0.369410
user_0885,7,user_0135,0.349082
user_0885,8,user_0506,0.326180
user_0885,9,user_0451,0.302120
user_0885,10,user_0415,0.252042
user_0885,11,user_0547,0.213998
user_0885,12,user_0812,0.210679
user_0885,13,user_0557,0.200606
user_0885,14,user_0099,0.188479
user_0885,15,user_0539,0.130000
user_0887,1,user_0826,0.498800
user_0887,2,user_0026,0.481851
user_0887,3,user_0803,0.477166
user_0887,4,user_0071,0.463980
user_0887,5,user_0045,0.416019
user_0887,6,user_0135,0.400938
user_0887,7,user_0507,0.394948
user_0887,8,user_0156,0.391550
user_0887,9,user_0160,0.361482
user_0887,10,user_0191,0.359122
user_0887,11,user_0157,0.357670
user_0887,12,user_0267,0.344875
user_0887,13,user_0862,0.338695
user_0887,14,user_0524,0.335205
user_0887,15,user_0652,0.315186
user_0888,1,user_0318,0.691379
user_0888,2,user_0117,0.683119
user_0888,3,user_0583,0.642014
user_0888,4,user_0689,0.597032
user_0888,5,user_0888,0.580671
user_0888,6,user_0181,0.574734
user_0888,7,user_0345,0.571552
user_0888,8,user_0160,0.568279
user_0888,9,user_0177,0.563369
user_0888,10,user_0577,0.534614
user_0888,11,user_0661,0.468485
user_0888,12,user_0502,0.457552
user_0888,13,user_0158,0.452893
user_0888,14,user_0608,0.302713
user_0888,15,user_0061,0.230670
user_0890,1,user_0160,0.551055
user_0890,2,user_0919,0.539534
user_0890,3,user_0689,0.504819
user_0890,4,user_0390,0.465455
user_0890,5,user_0890,0.431415
user_0890,6,user_0979,0.427316
user_0890,7,user_0373,0.394308
user_0890,8,user_0345,0.372948
user_0890,9,user_0661,0.334344
user_0890,10,user_0607,0.295394
user_0890,11,user_0158,0.263742
user_0890,12,user_0290,0.261499
user_0890,13,user_0800,0.232944
user_0890,14,user_0502,0.210488
user_0890,15,user_0608,0.122662
user_0891,1,user_0511,0.542548
user_0891,2,user_0032,0.531555
user_0891,3,user_0669,0.523832
user_0891,4,user_0235,0.439111
user_0891,5,user_0031,0.430884
user_0891,6,user_0854,0.426622
user_0891,7,user_0585,0.416475
user_0891,8,user_0839,0.379556
user_0891,9,user_0868,0.350831
user_0891,10,user_0425,0.338212
user_0891,11,user_0609,0.239626
user_0891,12,user_0960,0.206301
user_0891,13,user_0954,0.197862
user_0891,14,user_0662,0.125339
user_0891,15,user_0293,0.073807
user_0895,1,user_0349,0.520101
user_0895,2,user_0425,0.476356
user_0895,3,user_0902,0.458173
user_0895,4,user_0179,0.446605
user_0895,5,user_0457,0.421818
user_0895,6,user_0153,0.373237
user_0895,7,user_0045,0.352653
user_0895,8,user_0417,0.324968
user_0895,9,user_0863,0.311728
user_0895,10,user_0157,0.284298
user_0895,11,user_0311,0.282258
user_0895,12,user_0415,0.217514
user_0895,13,user_0069,0.131136
user_0895,14,user_0434,0.124395
user_0895,15,user_0090,0.079637
user_0898,1,user_0931,0.501597
user_0898,2,user_0898,0.478484
user_0898,3,user_0160,0.473217
user_0898,4,user_0317,0.472588
user_0898,5,user_0345,0.454556
user_0898,6,user_0158,0.421784
user_0898,7,user_0568,0.418625
user_0898,8,user_0890,0.358511
user_0898,9,user_0800,0.335529
user_0898,10,user_0979,0.312450
user_0898,11,user_0661,0.310254
user_0898,12,user_0290,0.297990
user_0898,13,user_0708,0.286153
user_0898,14,user_0373,0.282738
user_0898,15,user_0608,0.219520
user_0900,1,user_0811,0.555528
user_0900,2,user_0066,0.528910
user_0900,3,user_0415,0.489222
user_0900,4,user_0444,0.486049
user_0900,5,user_0504,0.464695
user_0900,6,user_0410,0.445778
user_0900,7,user_0443,0.443853
user_0900,8,user_0614,0.439195
user_0900,9,user_0147,0.419470
user_0900,10,user_0473,0.404529
user_0900,11,user_0563,0.392522
user_0900,12,user_0095,0.376646
user_0900,13,user_0862,0.320322
user_0900,14,user_0135,0.269245
user_0900,15,user_0547,0.253113
user_0905,1,user_0029,0.473299
user_0905,2,user_0458,0.465782
user_0905,3,user_0425,0.417650
user_0905,4,user_0520,0.413074
user_0905,5,user_0365,0.361480
user_0905,6,user_0544,0.354219
user_0905,7,user_0796,0.353743
user_0905,8,user_0708,0.335677
user_0905,9,user_0622,0.253642
user_0905,10,user_0891,0.252685
user_0905,11,user_0765,0.235241
user_0905,12,user_0948,0.222058
user_0905,13,user_0735,0.181889
user_0905,14,user_0434,0.131223
user_0905,15,user_0863,0.121356
user_0906,1,user_0043,0.601183
user_0906,2,user_0641,0.548668
user_0906,3,user_0107,0.535158
user_0906,4,user_0224,0.525639
user_0906,5,user_0179,0.511313
user_0906,6,user_0913,0.509837
user_0906,7,user_0123,0.492747
user_0906,8,user_0902,0.491321
user_0906,9,user_0099,0.486196
user_0906,10,user_0334,0.475538
user_0906,11,user_0515,0.464590
user_0906,12,user_0045,0.462546
user_0906,13,user_0614,0.451532
user_0906,14,user_0415,0.447118
user_0906,15,user_0563,0.429245
user_0907,1,user_0862,0.561835
user_0907,2,user_0160,0.513154
user_0907,3,user_0790,0.496579
user_0907,4,user_0408,0.418225
user_0907,5,user_0593,0.390737
user_0907,6,user_0345,0.366900
user_0907,7,user_0671,0.333648
user_0907,8,user_0137,0.331909
user_0907,9,user_0168,0.311076
user_0907,10,user_0267,0.296422
user_0907,11,user_0563,0.272996
user_0907,12,user_0787,0.261186
user_0907,13,user_0229,0.211075
user_0907,14,user_0600,0.145106
user_0907,15,user_0703,0.066622
user_0908,1,user_0010,0.602790
user_0908,2,user_0318,0.600780
user_0908,3,user_0583,0.581029
user_0908,4,user_0689,0.540658
user_0908,5,user_0160,0.534315
user_0908,6,user_0345,0.516326
user_0908,7,user_0577,0.513905
user_0908,8,user_0177,0.503344
user_0908,9,user_0117,0.495975
user_0908,10,user_0888,0.484655
user_0908,11,user_0661,0.459974
user_0908,12,user_0181,0.454674
user_0908,13,user_0158,0.425789
user_0908,14,user_0608,0.423032
user_0908,15,user_0805,0.349753
user_0909,1,user_0909,0.602031
user_0909,2,user_0160,0.562079
user_0909,3,user_0181,0.546793
user_0909,4,user_0661,0.542506
user_0909,5,user_0610,0.518040
user_0909,6,user_0274,0.505391
user_0909,7,user_0410,0.496492
user_0909,8,user_0345,0.482805
user_0909,9,user_0793,0.475130
user_0909,10,user_0608,0.473358
user_0909,11,user_0078,0.458134
user_0909,12,user_0363,0.425193
user_0909,13,user_0262,0.406641
user_0909,14,user_0849,0.393408
user_0909,15,user_0373,0.376297
user_0913,1,user_0160,0.680894
user_0913,2,user_0685,0.529907
user_0913,3,user_0237,0.525374
user_0913,4,user_0153,0.469954
user_0913,5,user_0969,0.464339
user_0913,6,user_0869,0.456022
user_0913,7,user_0224,0.389307
user_0913,8,user_0290,0.374406
user_0913,9,user_0661,0.373203
user_0913,10,user_0123,0.358777
user_0913,11,user_0415,0.311255
user_0913,12,user_0338,0.310231
user_0913,13,user_0247,0.289556
user_0913,14,user_0808,0.227969
user_0913,15,user_0099,0.201110
user_0914,1,user_0971,0.571295
user_0914,2,user_0974,0.550085
user_0914,3,user_0425,0.492507
user_0914,4,user_0969,0.446496
user_0914,5,user_0359,0.382756
user_0914,6,user_0839,0.375616
user_0914,7,user_0160,0.371234
user_0914,8,user_0795,0.371196
user_0914,9,user_0954,0.346462
user_0914,10,user_0741,0.329405
user_0914,11,user_0166,0.323765
user_0914,12,user_0578,0.241725
user_0914,13,user_0757,0.214330
user_0914,14,user_0808,0.185707
user_0914,15,user_0293,0.070589
user_0920,1,user_0802,0.643945
user_0920,2,user_0920,0.605189
user_0920,3,user_0160,0.586888
user_0920,4,user_0588,0.570373
user_0920,5,user_0014,0.534036
user_0920,6,user_0375,0.529060
user_0920,7,user_0969,0.518977
user_0920,8,user_0167,0.498211
user_0920,9,user_0970,0.470152
user_0920,10,user_0854,0.467284
user_0920,11,user_0868,0.451104
user_0920,12,user_0839,0.446221
user_0920,13,user_0682,0.419243
user_0920,14,user_0960,0.310931
user_0920,15,user_0293,0.154670
user_0924,1,user_0361,0.560217
user_0924,2,user_0924,0.497248
user_0924,3,user_0354,0.496063
user_0924,4,user_0791,0.483206
user_0924,5,user_0564,0.465700
user_0924,6,user_0650,0.463881
user_0924,7,user_0259,0.457200
user_0924,8,user_0742,0.441658
user_0924,9,user_0927,0.437907
user_0924,10,user_0808,0.418735
user_0924,11,user_0969,0.413749
user_0924,12,user_0269,0.378729
user_0924,13,user_0971,0.371827
user_0924,14,user_0355,0.327256
user_0924,15,user_0271,0.290975
user_0926,1,user_0260,0.650326
user_0926,2,user_0645,0.564527
user_0926,3,user_0897,0.486581
user_0926,4,user_0945,0.464542
user_0926,5,user_0721,0.447809
user_0926,6,user_0124,0.375727
user_0926,7,user_0637,0.352033
user_0926,8,user_0583,0.323630
user_0926,9,user_0862,0.315930
user_0926,10,user_0269,0.287843
user_0926,11,user_0130,0.285567
user_0926,12,user_0221,0.270062
user_0926,13,user_0577,0.230192
user_0926,14,user_0686,0.197706
user_0926,15,user_0355,0.158282
user_0928,1,user_0996,0.556343
user_0928,2,user_0920,0.549067
user_0928,3,user_0167,0.548609
user_0928,4,user_0160,0.547689
user_0928,5,user_0931,0.533633
user_0928,6,user_0969,0.526870
user_0928,7,user_0740,0.510804
user_0928,8,user_0692,0.509810
user_0928,9,user_0588,0.507811
user_0928,10,user_0928,0.507450
user_0928,11,user_0259,0.460791
user_0928,12,user_0902,0.458171
user_0928,13,user_0524,0.397224
user_0928,14,user_0099,0.368937
user_0928,15,user_0808,0.347015
user_0931,1,user_0160,0.436567
user_0931,2,user_0689,0.433704
user_0931,3,user_0279,0.431704
user_0931,4,user_0931,0.413569
user_0931,5,user_0563,0.393770
user_0931,6,user_0583,0.366542
user_0931,7,user_0345,0.357434
user_0931,8,user_0177,0.354162
user_0931,9,user_0888,0.317692
user_0931,10,user_0267,0.307174
user_0931,11,user_0661,0.298410
user_0931,12,user_0608,0.281493
user_0931,13,user_0158,0.260103
user_0931,14,user_0600,0.225554
user_0931,15,user_0671,0.222424
user_0932,1,user_0461,0.670360
user_0932,2,user_0932,0.580413
user_0932,3,user_0043,0.563797
user_0932,4,user_0224,0.544381
user_0932,5,user_0628,0.483300
user_0932,6,user_0186,0.480591
user_0932,7,user_0352,0.415283
user_0932,8,user_0122,0.396785
user_0932,9,user_0869,0.395738
user_0932,10,user_0524,0.389458
user_0932,11,user_0921,0.373007
user_0932,12,user_0563,0.369306
user_0932,13,user_0209,0.345010
user_0932,14,user_0541,0.289809
user_0932,15,user_0099,0.188504
user_0934,1,user_0444,0.534819
user_0934,2,user_0270,0.531336
user_0934,3,user_0224,0.513949
user_0934,4,user_0335,0.495061
user_0934,5,user_0020,0.465235
user_0934,6,user_0934,0.463944
user_0934,7,user_0614,0.456010
user_0934,8,user_0907,0.434027
user_0934,9,user_0563,0.433657
user_0934,10,user_0157,0.368621
user_0934,11,user_0415,0.367851
user_0934,12,user_0147,0.331502
user_0934,13,user_0922,0.319818
user_0934,14,user_0557,0.252412
user_0934,15,user_0099,0.168056
user_0937,1,user_0862,0.541906
user_0937,2,user_0020,0.514574
user_0937,3,user_0790,0.506853
user_0937,4,user_0944,0.496962
user_0937,5,user_0420,0.489591
user_0937,6,user_0345,0.441742
user_0937,7,user_0732,0.420089
user_0937,8,user_0787,0.411161
user_0937,9,user_0563,0.406918
user_0937,10,user_0038,0.385226
user_0937,11,user_0122,0.377806
user_0937,12,user_0267,0.374440
user_0937,13,user_0147,0.265203
user_0937,14,user_0757,0.249550
user_0937,15,user_0099,0.184862
user_0939,1,user_0147,0.431568
user_0939,2,user_0239,0.375782
user_0939,3,user_0085,0.370334
user_0939,4,user_0215,0.364841
user_0939,5,user_0506,0.358969
user_0939,6,user_0067,0.357971
user_0939,7,user_0157,0.343977
user_0939,8,user_0350,0.342614
user_0939,9,user_0315,0.336740
user_0939,10,user_0045,0.335930
user_0939,11,user_0123,0.323557
user_0939,12,user_0473,0.313167
user_0939,13,user_0600,0.313018
user_0939,14,user_0812,0.312805
user_0939,15,user_0563,0.309135
user_0942,1,user_0224,0.527748
user_0942,2,user_0784,0.504477
user_0942,3,user_0339,0.496199
user_0942,4,user_0913,0.474596
user_0942,5,user_0803,0.460645
user_0942,6,user_0462,0.437968
user_0942,7,user_0003,0.430764
user_0942,8,user_0335,0.426712
user_0942,9,user_0991,0.389661
user_0942,10,user_0704,0.381731
user_0942,11,user_0279,0.381051
user_0942,12,user_0045,0.359201
user_0942,13,user_0652,0.329346
user_0942,14,user_0524,0.281716
user_0942,15,user_0157,0.197410
user_0947,1,user_0617,0.515544
user_0947,2,user_0437,0.458352
user_0947,3,user_0152,0.418996
user_0947,4,user_0073,0.377857
user_0947,5,user_0604,0.366181
user_0947,6,user_0422,0.358453
user_0947,7,user_0316,0.323058
user_0947,8,user_0695,0.319022
user_0947,9,user_0557,0.312227
user_0947,10,user_0334,0.295196
user_0947,11,user_0653,0.282600
user_0947,12,user_0415,0.279428
user_0947,13,user_0715,0.247677
user_0947,14,user_0812,0.206897
user_0947,15,user_0815,0.193074
user_0948,1,user_0931,0.602646
user_0948,2,user_0160,0.540795
user_0948,3,user_0181,0.536447
user_0948,4,user_0607,0.523893
user_0948,5,user_0979,0.504208
user_0948,6,user_0890,0.498170
user_0948,7,user_0554,0.485384
user_0948,8,user_0645,0.481693
user_0948,9,user_0661,0.469007
user_0948,10,user_0345,0.462286
user_0948,11,user_0502,0.450317
user_0948,12,user_0290,0.402352
user_0948,13,user_0158,0.373071
user_0948,14,user_0800,0.367966
user_0948,15,user_0608,0.296527
user_0949,1,user_0944,0.662867
user_0949,2,user_0420,0.577982
user_0949,3,user_0020,0.566969
user_0949,4,user_0325,0.547959
user_0949,5,user_0790,0.542130
user_0949,6,user_0959,0.519425
user_0949,7,user_0422,0.512628
user_0949,8,user_0363,0.475995
user_0949,9,user_0157,0.449281
user_0949,10,user_0663,0.440840
user_0949,11,user_0758,0.388530
user_0949,12,user_0524,0.383721
user_0949,13,user_0147,0.311718
user_0949,14,user_0793,0.294315
user_0949,15,user_0563,0.289708
user_0952,1,user_0952,0.634929
user_0952,2,user_0202,0.566446
user_0952,3,user_0055,0.515050
user_0952,4,user_0853,0.485192
user_0952,5,user_0858,0.482556
user_0952,6,user_0917,0.457853
user_0952,7,user_0775,0.428100
user_0952,8,user_0827,0.427128
user_0952,9,user_0688,0.390769
user_0952,10,user_0972,0.390651
user_0952,11,user_0540,0.335470
user_0952,12,user_0041,0.332517
user_0952,13,user_0387,0.329374
user_0952,14,user_0643,0.322073
user_0952,15,user_0114,0.316515
user_0954,1,user_0897,0.543674
user_0954,2,user_0974,0.525954
user_0954,3,user_0188,0.492622
user_0954,4,user_0576,0.485445
user_0954,5,user_0969,0.476913
user_0954,6,user_0971,0.473910
user_0954,7,user_0063,0.445032
user_0954,8,user_0954,0.404118
user_0954,9,user_0721,0.364178
user_0954,10,user_0512,0.320367
user_0954,11,user_0689,0.303688
user_0954,12,user_0015,0.247635
user_0954,13,user_0320,0.234422
user_0954,14,user_0709,0.157746
user_0954,15,user_0810,0.086892
user_0955,1,user_0726,0.495770
user_0955,2,user_0745,0.468284
user_0955,3,user_0448,0.450293
user_0955,4,user_0543,0.431993
user_0955,5,user_0047,0.416551
user_0955,6,user_0437,0.403486
user_0955,7,user_0985,0.381819
user_0955,8,user_0541,0.338843
user_0955,9,user_0147,0.338777
user_0955,10,user_0157,0.325766
user_0955,11,user_0444,0.312422
user_0955,12,user_0504,0.280194
user_0955,13,user_0557,0.251307
user_0955,14,user_0267,0.242156
user_0955,15,user_0477,0.225299
user_0956,1,user_0160,0.508302
user_0956,2,user_0397,0.493395
user_0956,3,user_0862,0.470872
user_0956,4,user_0504,0.465309
user_0956,5,user_0415,0.417887
user_0956,6,user_0671,0.379134
user_0956,7,user_0661,0.368047
user_0956,8,user_0267,0.365539
user_0956,9,user_0147,0.350542
user_0956,10,user_0793,0.327565
user_0956,11,user_0518,0.324734
user_0956,12,user_0563,0.323197
user_0956,13,user_0600,0.319252
user_0956,14,user_0047,0.302793
user_0956,15,user_0757,0.241319
user_0957,1,user_0251,0.370203
user_0957,2,user_0158,0.311874
user_0957,3,user_0862,0.310034
user_0957,4,user_0340,0.242681
user_0957,5,user_0504,0.239989
user_0957,6,user_0267,0.234807
user_0957,7,user_0661,0.220909
user_0957,8,user_0247,0.220118
user_0957,9,user_0976,0.206294
user_0957,10,user_0519,0.179712
user_0957,11,user_0501,0.178816
user_0957,12,user_0695,0.176011
user_0957,13,user_0044,0.156649
user_0957,14,user_0147,0.135513
user_0957,15,user_0010,0.122499
user_0959,1,user_0224,0.496115
user_0959,2,user_0448,0.434900
user_0959,3,user_0043,0.430800
user_0959,4,user_0167,0.331400
user_0959,5,user_0415,0.297683
user_0959,6,user_0047,0.277510
user_0959,7,user_0274,0.272302
user_0959,8,user_0157,0.231267
user_0959,9,user_0732,0.213314
user_0959,10,user_0541,0.207008
user_0959,11,user_0123,0.177008
user_0959,12,user_0085,0.157641
user_0959,13,user_0563,0.157544
user_0959,14,user_0477,0.129968
user_0959,15,user_0099,0.126651
user_0961,1,user_0224,0.625684
user_0961,2,user_0399,0.597306
user_0961,3,user_0540,0.596023
user_0961,4,user_0151,0.529803
user_0961,5,user_0879,0.519095
user_0961,6,user_0174,0.493070
user_0961,7,user_0504,0.474867
user_0961,8,user_0844,0.456665
user_0961,9,user_0961,0.448485
user_0961,10,user_0683,0.395473
user_0961,11,user_0415,0.393797
user_0961,12,user_0541,0.330542
user_0961,13,user_0437,0.278699
user_0961,14,user_0420,0.276833
user_0961,15,user_0099,0.192769
user_0963,1,user_0080,0.590663
user_0963,2,user_0035,0.555410
user_0963,3,user_0963,0.551786
user_0963,4,user_0604,0.526275
user_0963,5,user_0665,0.466487
user_0963,6,user_0001,0.435645
user_0963,7,user_0159,0.434621
user_0963,8,user_0595,0.427925
user_0963,9,user_0054,0.387867
user_0963,10,user_0176,0.373504
user_0963,11,user_0334,0.364700
user_0963,12,user_0630,0.301286
user_0963,13,user_0684,0.266318
user_0963,14,user_0372,0.242900
user_0963,15,user_0953,0.241714
user_0964,1,user_0224,0.551901
user_0964,2,user_0335,0.548160
user_0964,3,user_0504,0.541311
user_0964,4,user_0765,0.518524
user_0964,5,user_0231,0.509691
user_0964,6,user_0879,0.500161
user_0964,7,user_0761,0.498245
user_0964,8,user_0156,0.493658
user_0964,9,user_0902,0.493221
user_0964,10,user_0099,0.480475
user_0964,11,user_0045,0.464101
user_0964,12,user_0428,0.455217
user_0964,13,user_0457,0.447050
user_0964,14,user_0264,0.325777
user_0964,15,user_0334,0.320489
user_0965,1,user_0147,0.423244
user_0965,2,user_0420,0.391372
user_0965,3,user_0504,0.380208
user_0965,4,user_0444,0.367111
user_0965,5,user_0879,0.340897
user_0965,6,user_0647,0.312030
user_0965,7,user_0671,0.307305
user_0965,8,user_0510,0.307242
user_0965,9,user_0137,0.266807
user_0965,10,user_0985,0.256082
user_0965,11,user_0473,0.238966
user_0965,12,user_0447,0.206991
user_0965,13,user_0557,0.189282
user_0965,14,user_0703,0.135868
user_0965,15,user_0694,0.105237
user_0967,1,user_0740,0.559103
user_0967,2,user_0011,0.537919
user_0967,3,user_0413,0.534354
user_0967,4,user_0160,0.492295
user_0967,5,user_0770,0.467141
user_0967,6,user_0967,0.460914
user_0967,7,user_0931,0.457233
user_0967,8,user_0519,0.429524
user_0967,9,user_0969,0.399737
user_0967,10,user_0849,0.365176
user_0967,11,user_0147,0.331793
user_0967,12,user_0415,0.280020
user_0967,13,user_0608,0.266610
user_0967,14,user_0563,0.176715
user_0967,15,user_0099,0.082215
user_0968,1,user_0913,0.533272
user_0968,2,user_0224,0.482860
user_0968,3,user_0410,0.462125
user_0968,4,user_0641,0.460524
user_0968,5,user_0457,0.415905
user_0968,6,user_0902,0.393579
user_0968,7,user_0879,0.381267
user_0968,8,user_0405,0.342166
user_0968,9,user_0524,0.333534
user_0968,10,user_0916,0.285747
user_0968,11,user_0961,0.282021
user_0968,12,user_0415,0.245829
user_0968,13,user_0045,0.213865
user_0968,14,user_0563,0.194291
user_0968,15,user_0099,0.104275
user_0969,1,user_0471,0.511634
user_0969,2,user_0610,0.498842
user_0969,3,user_0011,0.498097
user_0969,4,user_0969,0.481329
user_0969,5,user_0160,0.445039
user_0969,6,user_0795,0.433655
user_0969,7,user_0637,0.433080
user_0969,8,user_0260,0.432102
user_0969,9,user_0971,0.392300
user_0969,10,user_0808,0.370580
user_0969,11,user_0499,0.358341
user_0969,12,user_0269,0.353776
user_0969,13,user_0328,0.352382
user_0969,14,user_0271,0.320998
user_0969,15,user_0355,0.239486
user_0971,1,user_0011,0.548171
user_0971,2,user_0897,0.543355
user_0971,3,user_0259,0.536842
user_0971,4,user_0425,0.511872
user_0971,5,user_0974,0.504773
user_0971,6,user_0971,0.500560
user_0971,7,user_0969,0.494074
user_0971,8,user_0357,0.488942
user_0971,9,user_0188,0.476717
user_0971,10,user_0954,0.471062
user_0971,11,user_0610,0.437219
user_0971,12,user_0578,0.426673
user_0971,13,user_0328,0.416567
user_0971,14,user_0802,0.384847
user_0971,15,user_0269,0.294033
user_0972,1,user_0011,0.539580
user_0972,2,user_0913,0.483203
user_0972,3,user_0160,0.464809
user_0972,4,user_0410,0.451565
user_0972,5,user_0862,0.438569
user_0972,6,user_0614,0.438157
user_0972,7,user_0147,0.375685
user_0972,8,user_0787,0.365477
user_0972,9,user_0427,0.340033
user_0972,10,user_0495,0.337152
user_0972,11,user_0267,0.326493
user_0972,12,user_0671,0.266824
user_0972,13,user_0524,0.226167
user_0972,14,user_0563,0.216552
user_0972,15,user_0099,0.115211
user_0973,1,user_0224,0.567032
user_0973,2,user_0857,0.528645
user_0973,3,user_0614,0.513730
user_0973,4,user_0157,0.511310
user_0973,5,user_0504,0.507627
user_0973,6,user_0563,0.505347
user_0973,7,user_0600,0.489418
user_0973,8,user_0415,0.488594
user_0973,9,user_0045,0.476449
user_0973,10,user_0123,0.476302
user_0973,11,user_0444,0.473287
user_0973,12,user_0147,0.460416
user_0973,13,user_0099,0.294432
user_0973,14,user_0557,0.280790
user_0973,15,user_0547,0.259390
user_0974,1,user_0971,0.644746
user_0974,2,user_0974,0.641008
user_0974,3,user_0897,0.606717
user_0974,4,user_0188,0.549983
user_0974,5,user_0425,0.544693
user_0974,6,user_0063,0.538201
user_0974,7,user_0969,0.518590
user_0974,8,user_0357,0.516095
user_0974,9,user_0160,0.513323
user_0974,10,user_0259,0.501760
user_0974,11,user_0549,0.492021
user_0974,12,user_0954,0.465279
user_0974,13,user_0270,0.462944
user_0974,14,user_0578,0.452404
user_0974,15,user_0924,0.275800
user_0975,1,user_0422,0.486505
user_0975,2,user_0975,0.474951
user_0975,3,user_0071,0.457292
user_0975,4,user_0448,0.444301
user_0975,5,user_0281,0.423515
user_0975,6,user_0020,0.385067
user_0975,7,user_0758,0.372954
user_0975,8,user_0363,0.354369
user_0975,9,user_0157,0.340891
user_0975,10,user_0663,0.339514
user_0975,11,user_0828,0.288555
user_0975,12,user_0938,0.265015
user_0975,13,user_0334,0.254326
user_0975,14,user_0240,0.181767
user_0975,15,user_0070,0.131236
user_0978,1,user_0546,0.384936
user_0978,2,user_0071,0.275980
user_0978,3,user_0666,0.260497
user_0978,4,user_0732,0.255784
user_0978,5,user_0147,0.254655
user_0978,6,user_0240,0.225760
user_0978,7,user_0300,0.212140
user_0978,8,user_0309,0.187172
user_0978,9,user_0691,0.185891
user_0978,10,user_0557,0.184742
user_0978,11,user_0421,0.176303
user_0978,12,user_0978,0.175701
user_0978,13,user_0499,0.168362
user_0978,14,user_0600,0.161639
user_0978,15,user_0230,0.149615
user_0979,1,user_0208,0.592541
user_0979,2,user_0160,0.588598
user_0979,3,user_0931,0.560384
user_0979,4,user_0689,0.555136
user_0979,5,user_0345,0.543608
user_0979,6,user_0177,0.534240
user_0979,7,user_0979,0.521321
user_0979,8,user_0290,0.509233
user_0979,9,user_0661,0.487767
user_0979,10,user_0158,0.468190
user_0979,11,user_0888,0.461830
user_0979,12,user_0502,0.456846
user_0979,13,user_0270,0.441571
user_0979,14,user_0312,0.404953
user_0979,15,user_0608,0.365225
user_0981,1,user_0345,0.533422
user_0981,2,user_0931,0.527688
user_0981,3,user_0181,0.527388
user_0981,4,user_0160,0.518545
user_0981,5,user_0689,0.503316
user_0981,6,user_0979,0.498658
user_0981,7,user_0661,0.485385
user_0981,8,user_0373,0.469171
user_0981,9,user_0502,0.465052
user_0981,10,user_0177,0.455152
user_0981,11,user_0290,0.451589
user_0981,12,user_0800,0.449603
user_0981,13,user_0981,0.449187
user_0981,14,user_0608,0.439073
user_0981,15,user_0158,0.424781
user_0983,1,user_0983,0.549681
user_0983,2,user_0390,0.528234
user_0983,3,user_0931,0.525385
user_0983,4,user_0582,0.506599
user_0983,5,user_0177,0.502395
user_0983,6,user_0689,0.498717
user_0983,7,user_0976,0.449516
user_0983,8,user_0160,0.445021
user_0983,9,user_0317,0.425779
user_0983,10,user_0519,0.411098
user_0983,11,user_0661,0.404318
user_0983,12,user_0158,0.368854
user_0983,13,user_0267,0.319356
user_0983,14,user_0373,0.284017
user_0983,15,user_0608,0.154606
user_0984,1,user_0485,0.595479
user_0984,2,user_0151,0.572230
user_0984,3,user_0270,0.570995
user_0984,4,user_0733,0.565944
user_0984,5,user_0415,0.557318
user_0984,6,user_0504,0.551212
user_0984,7,user_0984,0.548801
user_0984,8,user_0614,0.521857
user_0984,9,user_0437,0.517252
user_0984,10,user_0412,0.512164
user_0984,11,user_0378,0.498973
user_0984,12,user_0444,0.492740
user_0984,13,user_0695,0.458481
user_0984,14,user_0557,0.337642
user_0984,15,user_0061,0.336010
user_0987,1,user_0987,0.552099
user_0987,2,user_0588,0.548298
user_0987,3,user_0970,0.505039
user_0987,4,user_0899,0.492016
user_0987,5,user_0622,0.456126
user_0987,6,user_0157,0.438650
user_0987,7,user_0827,0.431951
user_0987,8,user_0972,0.409792
user_0987,9,user_0661,0.369139
user_0987,10,user_0433,0.365872
user_0987,11,user_0123,0.358391
user_0987,12,user_0519,0.347707
user_0987,13,user_0334,0.327431
user_0987,14,user_0045,0.316522
user_0987,15,user_0158,0.274525
user_0989,1,user_0160,0.644752
user_0989,2,user_0312,0.625614
user_0989,3,user_0931,0.622632
user_0989,4,user_0290,0.614490
user_0989,5,user_0583,0.585827
user_0989,6,user_0608,0.551522
user_0989,7,user_0888,0.542497
user_0989,8,user_0502,0.537730
user_0989,9,user_0979,0.537635
user_0989,10,user_0158,0.487127
user_0989,11,user_0661,0.477771
user_0989,12,user_0800,0.467679
user_0989,13,user_0823,0.432558
user_0989,14,user_0147,0.389815
user_0989,15,user_0415,0.294354
user_0990,1,user_0143,0.558570
user_0990,2,user_0151,0.536673
user_0990,3,user_0217,0.535519
user_0990,4,user_0179,0.530002
user_0990,5,user_0422,0.516632
user_0990,6,user_0507,0.513008
user_0990,7,user_0157,0.504416
user_0990,8,user_0653,0.486242
user_0990,9,user_0704,0.482438
user_0990,10,user_0222,0.473556
user_0990,11,user_0405,0.464847
user_0990,12,user_0334,0.441291
user_0990,13,user_0715,0.424677
user_0990,14,user_0195,0.424263
user_0990,15,user_0494,0.317372
user_0991,1,user_0590,0.515953
user_0991,2,user_0600,0.509474
user_0991,3,user_0135,0.472607
user_0991,4,user_0350,0.464497
user_0991,5,user_0944,0.455370
user_0991,6,user_0943,0.442328
user_0991,7,user_0066,0.412604
user_0991,8,user_0671,0.382796
user_0991,9,user_0451,0.382378
user_0991,10,user_0444,0.355447
user_0991,11,user_0758,0.350927
user_0991,12,user_0363,0.318129
user_0991,13,user_0691,0.309052
user_0991,14,user_0151,0.266323
user_0991,15,user_0224,0.220176
user_0993,1,user_0474,0.562897
user_0993,2,user_0048,0.546061
user_0993,3,user_0729,0.535036
user_0993,4,user_0495,0.520624
user_0993,5,user_0410,0.477392
user_0993,6,user_0593,0.456298
user_0993,7,user_0427,0.443957
user_0993,8,user_0886,0.440223
user_0993,9,user_0633,0.425143
user_0993,10,user_0510,0.423587
user_0993,11,user_0137,0.422164
user_0993,12,user_0473,0.400445
user_0993,13,user_0671,0.377022
user_0993,14,user_0168,0.353954
user_0993,15,user_0563,0.268301
user_0995,1,user_0335,0.602241
user_0995,2,user_0969,0.516498
user_0995,3,user_0167,0.499015
user_0995,4,user_0448,0.493440
user_0995,5,user_0467,0.487653
user_0995,6,user_0011,0.480380
user_0995,7,user_0157,0.479214
user_0995,8,user_0279,0.477193
user_0995,9,user_0995,0.465585
user_0995,10,user_0196,0.419098
user_0995,11,user_0147,0.379682
user_0995,12,user_0099,0.364947
user_0995,13,user_0415,0.319832
user_0995,14,user_0270,0.315586
user_0995,15,user_0563,0.197292
user_0998,1,user_0998,0.662592
user_0998,2,user_0471,0.554015
user_0998,3,user_0444,0.460134
user_0998,4,user_0011,0.430579
user_0998,5,user_0043,0.376435
user_0998,6,user_0224,0.367485
user_0998,7,user_0085,0.343595
user_0998,8,user_0415,0.277039
user_0998,9,user_0123,0.226704
user_0998,10,user_0821,0.223716
user_0998,11,user_0563,0.216203
user_0998,12,user_0378,0.205489
user_0998,13,user_0712,0.187540
user_0998,14,user_0147,0.162875
user_0998,15,user_0099,0.151953
user_0999,1,user_0604,0.616469
user_0999,2,user_0279,0.575198
user_0999,3,user_0270,0.546061
user_0999,4,user_0437,0.524351
user_0999,5,user_0415,0.516158
user_0999,6,user_0504,0.498750
user_0999,7,user_0147,0.487668
user_0999,8,user_0281,0.466920
user_0999,9,user_0422,0.465355
user_0999,10,user_0334,0.446377
user_0999,11,user_0739,0.396913
user_0999,12,user_0815,0.350518
user_0999,13,user_0477,0.327461
user_0999,14,user_0557,0.261185
user_0999,15,user_0099,0.165401
user_1000,1,user_0899,0.458866
user_1000,2,user_0521,0.445974
user_1000,3,user_0667,0.429840
user_1000,4,user_0454,0.411169
user_1000,5,user_0970,0.351659
user_1000,6,user_0830,0.323264
user_1000,7,user_0050,0.322028
user_1000,8,user_0302,0.266147
user_1000,9,user_0734,0.247046
user_1000,10,user_0827,0.229337
user_1000,11,user_0135,0.222264
user_1000,12,user_0520,0.209092
user_1000,13,user_0528,0.172683
user_1000,14,user_0278,0.125562
user_1000,15,user_0798,0.096476
