query_user_id,rank,candidate_user_id,score
user_0168255c,1,user_f43d6008,0.776300
user_0168255c,2,user_bdcc6e7d,0.700586
user_0168255c,3,user_39b3eda0,0.699802
user_0168255c,4,user_fa60616d,0.691520
user_0168255c,5,user_7924afc9,0.690177
user_0168255c,6,user_7fd91653,0.686152
user_0168255c,7,user_45be01a5,0.680027
user_0168255c,8,user_e93dfaa2,0.679463
user_0168255c,9,user_b8f24804,0.678633
user_0168255c,10,user_3f2fbc90,0.677642
user_0168255c,11,user_8a760553,0.677617
user_0168255c,12,user_5881b259,0.669549
user_0168255c,13,user_f0b144fc,0.662754
user_0168255c,14,user_91f5e7af,0.661813
user_0168255c,15,user_c8e749e2,0.661440
user_02016939,1,user_6ae9ce92,0.676591
user_02016939,2,user_09dea596,0.666890
user_02016939,3,user_02016939,0.646869
user_02016939,4,user_56e6d0cd,0.642392
user_02016939,5,user_d9b8914f,0.640802
user_02016939,6,user_9fefea54,0.639989
user_02016939,7,user_dd1d7b22,0.637920
user_02016939,8,user_ba4f42bb,0.636364
user_02016939,9,user_ded778b8,0.632832
user_02016939,10,user_ea67f9c6,0.630537
user_02016939,11,user_70580e9a,0.630194
user_02016939,12,user_1f09455f,0.627513
user_02016939,13,user_3121653d,0.624914
user_02016939,14,user_378003e3,0.624597
user_02016939,15,user_ac6d6bff,0.624358
user_0285dee3,1,user_0285dee3,0.573145
user_0285dee3,2,user_380ddd3f,0.569161
user_0285dee3,3,user_b2dd04c8,0.548681
user_0285dee3,4,user_69a4dd06,0.543239
user_0285dee3,5,user_94f185bc,0.543036
user_0285dee3,6,user_0dfb7397,0.538767
user_0285dee3,7,user_6bf0e007,0.528829
user_0285dee3,8,user_7b052f32,0.526668
user_0285dee3,9,user_5d35f631,0.524661
user_0285dee3,10,user_b9b94432,0.522086
user_0285dee3,11,user_a1b097c2,0.507485
user_0285dee3,12,user_a16d1fb6,0.504495
user_0285dee3,13,user_56909460,0.503813
user_0285dee3,14,user_823846de,0.498513
user_0285dee3,15,user_c4b781ce,0.494497
user_02d03e8a,1,user_02d03e8a,0.860356
user_02d03e8a,2,user_f107081e,0.784030
user_02d03e8a,3,user_f75c71f0,0.729591
user_02d03e8a,4,user_f51339f8,0.728484
user_02d03e8a,5,user_c8f82360,0.719166
user_02d03e8a,6,user_b8f24804,0.707939
user_02d03e8a,7,user_380ddd3f,0.707860
user_02d03e8a,8,user_80dc757f,0.696160
user_02d03e8a,9,user_2a41ee39,0.694184
user_02d03e8a,10,user_2a94c885,0.688883
user_02d03e8a,11,user_9991e1d8,0.688580
user_02d03e8a,12,user_89f449b4,0.685594
user_02d03e8a,13,user_5d7cbf11,0.685135
user_02d03e8a,14,user_f827c7dd,0.683263
user_02d03e8a,15,user_8ac8f24f,0.680314
user_02d8a1f8,1,user_8ac8f24f,0.764201
user_02d8a1f8,2,user_8285a696,0.741210
user_02d8a1f8,3,user_b6b89f00,0.722428
user_02d8a1f8,4,user_c8f82360,0.715802
user_02d8a1f8,5,user_4607d25d,0.714842
user_02d8a1f8,6,user_a973cf8e,0.713948
user_02d8a1f8,7,user_00723699,0.711761
user_02d8a1f8,8,user_165a2706,0.710640
user_02d8a1f8,9,user_84c14a6f,0.705932
user_02d8a1f8,10,user_02d8a1f8,0.701883
user_02d8a1f8,11,user_91f5e7af,0.701677
user_02d8a1f8,12,user_2dc10d2d,0.693173
user_02d8a1f8,13,user_9d786aa8,0.688215
user_02d8a1f8,14,user_7b052f32,0.685977
user_02d8a1f8,15,user_ee14f818,0.683939
user_02fecea2,1,user_2cb4b018,0.771725
user_02fecea2,2,user_8ac8f24f,0.707009
user_02fecea2,3,user_2dc10d2d,0.702467
user_02fecea2,4,user_1c45ab75,0.697687
user_02fecea2,5,user_0bd8ba7c,0.695727
user_02fecea2,6,user_aa2fbe83,0.693634
user_02fecea2,7,user_5159d3a1,0.691620
user_02fecea2,8,user_11e8421f,0.684113
user_02fecea2,9,user_8285a696,0.683980
user_02fecea2,10,user_c8f82360,0.672897
user_02fecea2,11,user_9818dcae,0.672232
user_02fecea2,12,user_8006727d,0.670144
user_02fecea2,13,user_9c7183c8,0.669541
user_02fecea2,14,user_8e97a154,0.664986
user_02fecea2,15,user_46bb5302,0.663989
user_03410579,1,user_03410579,0.704056
user_03410579,2,user_2f4cc646,0.661031
user_03410579,3,user_acd6ddfb,0.659557
user_03410579,4,user_89571ce8,0.648470
user_03410579,5,user_470c0785,0.640904
user_03410579,6,user_54b19b29,0.638878
user_03410579,7,user_41b20ee4,0.638769
user_03410579,8,user_1a7d6cd5,0.633563
user_03410579,9,user_d2c97c8e,0.633487
user_03410579,10,user_52f895f1,0.628153
user_03410579,11,user_3b79395c,0.628082
user_03410579,12,user_3ce4c1f8,0.627527
user_03410579,13,user_3239132f,0.626459
user_03410579,14,user_5a5bee64,0.626241
user_03410579,15,user_0c578ab5,0.623587
user_043ea160,1,user_043ea160,0.732094
user_043ea160,2,user_01916bd2,0.665809
user_043ea160,3,user_52c9252c,0.634760
user_043ea160,4,user_8285a696,0.621951
user_043ea160,5,user_94f185bc,0.610179
user_043ea160,6,user_59d9db83,0.608466
user_043ea160,7,user_75905116,0.606414
user_043ea160,8,user_27a3fa64,0.606026
user_043ea160,9,user_c536b01d,0.603810
user_043ea160,10,user_e802076d,0.602043
user_043ea160,11,user_2a94c885,0.601435
user_043ea160,12,user_c0eba9f2,0.600543
user_043ea160,13,user_f4cc9f3d,0.594925
user_043ea160,14,user_00723699,0.594727
user_043ea160,15,user_5159d3a1,0.592490
user_04d29f9c,1,user_2a94c885,0.768108
user_04d29f9c,2,user_80da26a6,0.766140
user_04d29f9c,3,user_5159d3a1,0.752808
user_04d29f9c,4,user_04d29f9c,0.750123
user_04d29f9c,5,user_8e97a154,0.749081
user_04d29f9c,6,user_8285a696,0.744745
user_04d29f9c,7,user_84c14a6f,0.743191
user_04d29f9c,8,user_4607d25d,0.743022
user_04d29f9c,9,user_6bf0e007,0.740114
user_04d29f9c,10,user_6a0b0e92,0.736625
user_04d29f9c,11,user_ee14f818,0.736062
user_04d29f9c,12,user_ca6074df,0.734203
user_04d29f9c,13,user_79a1811b,0.727542
user_04d29f9c,14,user_30802254,0.722520
user_04d29f9c,15,user_3239132f,0.720774
user_04d8419e,1,user_4a57e449,0.639447
user_04d8419e,2,user_9bee2a7c,0.622510
user_04d8419e,3,user_8c11f026,0.555892
user_04d8419e,4,user_11e8421f,0.551035
user_04d8419e,5,user_5a283043,0.549682
user_04d8419e,6,user_ebe17c78,0.542914
user_04d8419e,7,user_5159d3a1,0.542146
user_04d8419e,8,user_9ff844ba,0.539927
user_04d8419e,9,user_0bd8ba7c,0.536277
user_04d8419e,10,user_c7beef01,0.526322
user_04d8419e,11,user_2cb4b018,0.522957
user_04d8419e,12,user_adab54a0,0.522283
user_04d8419e,13,user_fca58a87,0.519905
user_04d8419e,14,user_6d421600,0.510662
user_04d8419e,15,user_38390331,0.507299
user_0521a7ac,1,user_11e8421f,0.582726
user_0521a7ac,2,user_0521a7ac,0.495389
user_0521a7ac,3,user_8e97a154,0.482825
user_0521a7ac,4,user_02d03e8a,0.469262
user_0521a7ac,5,user_f75c71f0,0.464217
user_0521a7ac,6,user_f107081e,0.460283
user_0521a7ac,7,user_2b750e1c,0.456923
user_0521a7ac,8,user_e802076d,0.455942
user_0521a7ac,9,user_c67f26cc,0.449882
user_0521a7ac,10,user_380ddd3f,0.445490
user_0521a7ac,11,user_b8f24804,0.445225
user_0521a7ac,12,user_e64d80ba,0.442941
user_0521a7ac,13,user_9ff844ba,0.442593
user_0521a7ac,14,user_66772d98,0.439917
user_0521a7ac,15,user_8c11f026,0.439013
user_058c1800,1,user_fa60616d,0.756424
user_058c1800,2,user_78eff25f,0.734386
user_058c1800,3,user_1cbb30b1,0.712994
user_058c1800,4,user_c0eba9f2,0.711890
user_058c1800,5,user_39b3eda0,0.706889
user_058c1800,6,user_45be01a5,0.698689
user_058c1800,7,user_bdcc6e7d,0.698656
user_058c1800,8,user_a01f16ac,0.697142
user_058c1800,9,user_959adfc8,0.694854
user_058c1800,10,user_8285a696,0.692263
user_058c1800,11,user_bbe73426,0.685560
user_058c1800,12,user_94f185bc,0.685408
user_058c1800,13,user_ecba8131,0.684881
user_058c1800,14,user_7fd91653,0.683216
user_058c1800,15,user_8ac8f24f,0.677350
user_0697c470,1,user_f75c71f0,0.747149
user_0697c470,2,user_406c399e,0.746987
user_0697c470,3,user_8285a696,0.743261
user_0697c470,4,user_c0eba9f2,0.740918
user_0697c470,5,user_030cf51a,0.729376
user_0697c470,6,user_0285dee3,0.724184
user_0697c470,7,user_8e97a154,0.721246
user_0697c470,8,user_6bf0e007,0.718467
user_0697c470,9,user_cf393213,0.717824
user_0697c470,10,user_3f2fbc90,0.713907
user_0697c470,11,user_91f5e7af,0.712955
user_0697c470,12,user_9d786aa8,0.712368
user_0697c470,13,user_5c82df31,0.710764
user_0697c470,14,user_84c14a6f,0.706224
user_0697c470,15,user_94f185bc,0.704639
user_07cb458d,1,user_56980aa9,0.654547
user_07cb458d,2,user_0f0ad720,0.652096
user_07cb458d,3,user_4607d25d,0.636563
user_07cb458d,4,user_3f2fbc90,0.630943
user_07cb458d,5,user_fba6bcd4,0.629827
user_07cb458d,6,user_a7bfc229,0.624083
user_07cb458d,7,user_f10e7063,0.622881
user_07cb458d,8,user_4e54f3d7,0.621637
user_07cb458d,9,user_ea67f9c6,0.617054
user_07cb458d,10,user_98f18241,0.616690
user_07cb458d,11,user_3121653d,0.613840
user_07cb458d,12,user_1232c39b,0.610678
user_07cb458d,13,user_5f4ee256,0.605670
user_07cb458d,14,user_73a4377d,0.601078
user_07cb458d,15,user_19952166,0.600647
user_07db2c6a,1,user_74cfb8ef,0.687331
user_07db2c6a,2,user_126670d7,0.645886
user_07db2c6a,3,user_00a2f533,0.633167
user_07db2c6a,4,user_0c8c48ac,0.632258
user_07db2c6a,5,user_c50a487d,0.630779
user_07db2c6a,6,user_daf53db6,0.628669
user_07db2c6a,7,user_26fa9d90,0.628430
user_07db2c6a,8,user_8da30894,0.628338
user_07db2c6a,9,user_0c578ab5,0.626512
user_07db2c6a,10,user_9818dcae,0.622587
user_07db2c6a,11,user_b2aba63a,0.620991
user_07db2c6a,12,user_a00e0552,0.619747
user_07db2c6a,13,user_378003e3,0.612263
user_07db2c6a,14,user_aa2fbe83,0.610212
user_07db2c6a,15,user_8713f22a,0.608417
user_07faa0fc,1,user_74c84045,0.719497
user_07faa0fc,2,user_7d6962d9,0.698344
user_07faa0fc,3,user_07faa0fc,0.694909
user_07faa0fc,4,user_5d7cbf11,0.664602
user_07faa0fc,5,user_3f1d04a6,0.636595
user_07faa0fc,6,user_6a0b0e92,0.629621
user_07faa0fc,7,user_fc1cfe0b,0.628399
user_07faa0fc,8,user_1b2d69c1,0.625702
user_07faa0fc,9,user_33f2a818,0.620542
user_07faa0fc,10,user_f4f9490d,0.617977
user_07faa0fc,11,user_58892c7c,0.617298
user_07faa0fc,12,user_233fda02,0.614338
user_07faa0fc,13,user_058d9dc1,0.613350
user_07faa0fc,14,user_2a94c885,0.611267
user_07faa0fc,15,user_8afa3eba,0.610987
user_08aa624b,1,user_08aa624b,0.788926
user_08aa624b,2,user_2f766c23,0.771605
user_08aa624b,3,user_c709e252,0.753936
user_08aa624b,4,user_8fbb6d9c,0.732919
user_08aa624b,5,user_83e30c57,0.709310
user_08aa624b,6,user_6011e674,0.701214
user_08aa624b,7,user_02d8a1f8,0.672721
user_08aa624b,8,user_9c5cd7fa,0.633234
user_08aa624b,9,user_ba4f42bb,0.632821
user_08aa624b,10,user_a973cf8e,0.630812
user_08aa624b,11,user_d3663143,0.626899
user_08aa624b,12,user_2d74cd4c,0.625882
user_08aa624b,13,user_8d85acb5,0.620477
user_08aa624b,14,user_ee89e069,0.615961
user_08aa624b,15,user_dc32d458,0.613716
user_08c32973,1,user_bd19a016,0.757322
user_08c32973,2,user_795650bb,0.727233
user_08c32973,3,user_08c32973,0.711187
user_08c32973,4,user_201c8c78,0.708913
user_08c32973,5,user_bf30f80d,0.701417
user_08c32973,6,user_e409a56d,0.697949
user_08c32973,7,user_6d421600,0.691980
user_08c32973,8,user_04f39d22,0.687180
user_08c32973,9,user_7c3d63ce,0.671936
user_08c32973,10,user_2efde048,0.669702
user_08c32973,11,user_f3377028,0.669131
user_08c32973,12,user_f7fd2885,0.662652
user_08c32973,13,user_b1a5a37e,0.662360
user_08c32973,14,user_4ea1ef09,0.661268
user_08c32973,15,user_82c86537,0.658812
user_08e9ce6e,1,user_74cfb8ef,0.746344
user_08e9ce6e,2,user_08e9ce6e,0.715525
user_08e9ce6e,3,user_201c8c78,0.696026
user_08e9ce6e,4,user_3f1d04a6,0.690786
user_08e9ce6e,5,user_64cd3098,0.687646
user_08e9ce6e,6,user_fbed237d,0.685436
user_08e9ce6e,7,user_a7b901f2,0.680230
user_08e9ce6e,8,user_bd19a016,0.677687
user_08e9ce6e,9,user_795650bb,0.677468
user_08e9ce6e,10,user_4607d25d,0.674029
user_08e9ce6e,11,user_d5b21e00,0.672638
user_08e9ce6e,12,user_f3377028,0.668962
user_08e9ce6e,13,user_5159d3a1,0.663043
user_08e9ce6e,14,user_7c3d63ce,0.662419
user_08e9ce6e,15,user_26fa9d90,0.660679
user_092e219d,1,user_0669bdf6,0.735721
user_092e219d,2,user_5f4ee256,0.702804
user_092e219d,3,user_afff552a,0.696048
user_092e219d,4,user_a973cf8e,0.690729
user_092e219d,5,user_50e2a836,0.690055
user_092e219d,6,user_a1b097c2,0.689395
user_092e219d,7,user_6011e674,0.688822
user_092e219d,8,user_45be01a5,0.685594
user_092e219d,9,user_4607d25d,0.685309
user_092e219d,10,user_c06d9b71,0.684359
user_092e219d,11,user_91f5e7af,0.683035
user_092e219d,12,user_0285dee3,0.681053
user_092e219d,13,user_cc1c8897,0.679769
user_092e219d,14,user_c8f82360,0.678317
user_092e219d,15,user_b628264a,0.678022
user_0a0bcaa6,1,user_259776c7,0.767164
user_0a0bcaa6,2,user_6bf0e007,0.740956
user_0a0bcaa6,3,user_30802254,0.739895
user_0a0bcaa6,4,user_3f1d04a6,0.739639
user_0a0bcaa6,5,user_2a94c885,0.737033
user_0a0bcaa6,6,user_8e97a154,0.731567
user_0a0bcaa6,7,user_68d19df8,0.727724
user_0a0bcaa6,8,user_a01f16ac,0.725025
user_0a0bcaa6,9,user_6a0b0e92,0.722740
user_0a0bcaa6,10,user_886f7373,0.721088
user_0a0bcaa6,11,user_c06d9b71,0.719806
user_0a0bcaa6,12,user_a00e0552,0.718705
user_0a0bcaa6,13,user_84c14a6f,0.717982
user_0a0bcaa6,14,user_0285dee3,0.717923
user_0a0bcaa6,15,user_91db6e48,0.717432
user_0a245f61,1,user_0a245f61,0.764516
user_0a245f61,2,user_1d775dd8,0.742432
user_0a245f61,3,user_406c399e,0.739846
user_0a245f61,4,user_a4ae4e77,0.736108
user_0a245f61,5,user_3085d204,0.725978
user_0a245f61,6,user_4607d25d,0.724486
user_0a245f61,7,user_80dc757f,0.716351
user_0a245f61,8,user_8285a696,0.712609
user_0a245f61,9,user_c154e834,0.708740
user_0a245f61,10,user_ee14f818,0.700606
user_0a245f61,11,user_d8335067,0.696112
user_0a245f61,12,user_3f2fbc90,0.696004
user_0a245f61,13,user_0b64b183,0.694826
user_0a245f61,14,user_eae91488,0.691696
user_0a245f61,15,user_5881b259,0.690731
user_0b5c256a,1,user_6bf0e007,0.751607
user_0b5c256a,2,user_406c399e,0.736105
user_0b5c256a,3,user_0b5c256a,0.727831
user_0b5c256a,4,user_c96b90fe,0.715525
user_0b5c256a,5,user_b2dd04c8,0.695128
user_0b5c256a,6,user_e802076d,0.690863
user_0b5c256a,7,user_84c14a6f,0.680480
user_0b5c256a,8,user_aa31484a,0.677473
user_0b5c256a,9,user_3f2fbc90,0.676214
user_0b5c256a,10,user_f368b9da,0.676207
user_0b5c256a,11,user_650da71b,0.674718
user_0b5c256a,12,user_0285dee3,0.672594
user_0b5c256a,13,user_eae91488,0.671272
user_0b5c256a,14,user_c6f50d12,0.670819
user_0b5c256a,15,user_79f04645,0.670300
user_0b64b183,1,user_8285a696,0.768563
user_0b64b183,2,user_4e54f3d7,0.763786
user_0b64b183,3,user_b337cb0c,0.747608
user_0b64b183,4,user_e802076d,0.745866
user_0b64b183,5,user_406c399e,0.741359
user_0b64b183,6,user_5159d3a1,0.740443
user_0b64b183,7,user_afff552a,0.736840
user_0b64b183,8,user_80da26a6,0.734025
user_0b64b183,9,user_6a0b0e92,0.733949
user_0b64b183,10,user_bdcc6e7d,0.732492
user_0b64b183,11,user_a8dc91a3,0.731993
user_0b64b183,12,user_84c14a6f,0.729448
user_0b64b183,13,user_d20928cc,0.725024
user_0b64b183,14,user_a01f16ac,0.724487
user_0b64b183,15,user_2a94c885,0.720210
user_0c578ab5,1,user_d4c7b4c0,0.629131
user_0c578ab5,2,user_93cdb7a1,0.617302
user_0c578ab5,3,user_36e75535,0.606079
user_0c578ab5,4,user_9818dcae,0.603954
user_0c578ab5,5,user_ff39b6cf,0.603878
user_0c578ab5,6,user_920c074a,0.603675
user_0c578ab5,7,user_0c8c48ac,0.602447
user_0c578ab5,8,user_c50a487d,0.601433
user_0c578ab5,9,user_f862100c,0.598629
user_0c578ab5,10,user_8e97a154,0.595743
user_0c578ab5,11,user_8fb63eca,0.594226
user_0c578ab5,12,user_f10e7063,0.593736
user_0c578ab5,13,user_74cfb8ef,0.592028
user_0c578ab5,14,user_ee14f818,0.589134
user_0c578ab5,15,user_eda37c14,0.584814
user_0c8c48ac,1,user_86685a27,0.725769
user_0c8c48ac,2,user_ed3091a2,0.724752
user_0c8c48ac,3,user_4db0d490,0.719554
user_0c8c48ac,4,user_f5c4370b,0.707414
user_0c8c48ac,5,user_f59d3941,0.698733
user_0c8c48ac,6,user_d4b7e22e,0.692316
user_0c8c48ac,7,user_1bcbacb3,0.686786
user_0c8c48ac,8,user_8c193f56,0.681068
user_0c8c48ac,9,user_3eb49f37,0.680485
user_0c8c48ac,10,user_a4ae4e77,0.677483
user_0c8c48ac,11,user_5ac1a174,0.672212
user_0c8c48ac,12,user_18227c28,0.670288
user_0c8c48ac,13,user_423c81dc,0.668299
user_0c8c48ac,14,user_a04b2a78,0.663024
user_0c8c48ac,15,user_a2503734,0.655892
user_0cc626ee,1,user_80da26a6,0.729735
user_0cc626ee,2,user_c6f50d12,0.725783
user_0cc626ee,3,user_f27da10a,0.721078
user_0cc626ee,4,user_165a2706,0.707903
user_0cc626ee,5,user_fca58a87,0.707190
user_0cc626ee,6,user_ebddf9c1,0.706022
user_0cc626ee,7,user_030cf51a,0.705074
user_0cc626ee,8,user_91f5e7af,0.703276
user_0cc626ee,9,user_e93dfaa2,0.699081
user_0cc626ee,10,user_84c14a6f,0.693762
user_0cc626ee,11,user_6a0b0e92,0.692636
user_0cc626ee,12,user_2a94c885,0.688976
user_0cc626ee,13,user_45be01a5,0.687335
user_0cc626ee,14,user_23ecc36a,0.685885
user_0cc626ee,15,user_6bf0e007,0.685666
user_0cd29f02,1,user_c0eba9f2,0.687555
user_0cd29f02,2,user_6a0b0e92,0.687126
user_0cd29f02,3,user_bbe73426,0.675423
user_0cd29f02,4,user_aae78e0d,0.656371
user_0cd29f02,5,user_5c82df31,0.650245
user_0cd29f02,6,user_4607d25d,0.649351
user_0cd29f02,7,user_0285dee3,0.647644
user_0cd29f02,8,user_ee14f818,0.643840
user_0cd29f02,9,user_41d0c897,0.642358
user_0cd29f02,10,user_39b3eda0,0.641178
user_0cd29f02,11,user_59d9db83,0.640920
user_0cd29f02,12,user_80da26a6,0.639437
user_0cd29f02,13,user_0168255c,0.638314
user_0cd29f02,14,user_ece9bfd2,0.638024
user_0cd29f02,15,user_f75c71f0,0.637866
user_0f0ad720,1,user_f7fd2885,0.687464
user_0f0ad720,2,user_bd19a016,0.687282
user_0f0ad720,3,user_e409a56d,0.684620
user_0f0ad720,4,user_f862100c,0.684466
user_0f0ad720,5,user_201c8c78,0.680204
user_0f0ad720,6,user_0f0ad720,0.679483
user_0f0ad720,7,user_d5b21e00,0.671226
user_0f0ad720,8,user_64cd3098,0.669483
user_0f0ad720,9,user_4607d25d,0.667866
user_0f0ad720,10,user_a3a4a20a,0.663085
user_0f0ad720,11,user_ba8b1c05,0.662475
user_0f0ad720,12,user_0c8c48ac,0.654126
user_0f0ad720,13,user_9818dcae,0.649745
user_0f0ad720,14,user_75905116,0.649164
user_0f0ad720,15,user_ecba8131,0.646420
user_107259c3,1,user_840e0a93,0.707449
user_107259c3,2,user_09dea596,0.670670
user_107259c3,3,user_74cfb8ef,0.652019
user_107259c3,4,user_a411fb06,0.647392
user_107259c3,5,user_107259c3,0.631096
user_107259c3,6,user_e2e59795,0.626716
user_107259c3,7,user_0d32f0ed,0.626602
user_107259c3,8,user_b4f295b3,0.618923
user_107259c3,9,user_c34e791e,0.616693
user_107259c3,10,user_586752e4,0.615323
user_107259c3,11,user_c50a487d,0.614564
user_107259c3,12,user_d4c7b4c0,0.610929
user_107259c3,13,user_ea67f9c6,0.608376
user_107259c3,14,user_0ff0b922,0.607747
user_107259c3,15,user_3f1d04a6,0.602414
user_10e64e28,1,user_52c9252c,0.674410
user_10e64e28,2,user_bf69de98,0.649534
user_10e64e28,3,user_72b93300,0.625482
user_10e64e28,4,user_095ff43e,0.621974
user_10e64e28,5,user_833d8832,0.619877
user_10e64e28,6,user_6b86248b,0.615272
user_10e64e28,7,user_9ce96cbf,0.610857
user_10e64e28,8,user_4384dffe,0.610782
user_10e64e28,9,user_75905116,0.609848
user_10e64e28,10,user_c536b01d,0.609793
user_10e64e28,11,user_d93b53bd,0.608841
user_10e64e28,12,user_01916bd2,0.602746
user_10e64e28,13,user_3535252b,0.600285
user_10e64e28,14,user_10e64e28,0.596971
user_10e64e28,15,user_74025dc0,0.596021
user_111cfe7d,1,user_259776c7,0.785202
user_111cfe7d,2,user_2a94c885,0.783891
user_111cfe7d,3,user_4607d25d,0.775657
user_111cfe7d,4,user_6bf0e007,0.768585
user_111cfe7d,5,user_3f2fbc90,0.765021
user_111cfe7d,6,user_3f1d04a6,0.762872
user_111cfe7d,7,user_68d19df8,0.760519
user_111cfe7d,8,user_8285a696,0.760396
user_111cfe7d,9,user_84c14a6f,0.759509
user_111cfe7d,10,user_e7a55eac,0.759416
user_111cfe7d,11,user_80da26a6,0.751356
user_111cfe7d,12,user_5d35f631,0.750718
user_111cfe7d,13,user_91db6e48,0.749249
user_111cfe7d,14,user_5dc5c2dc,0.746361
user_111cfe7d,15,user_ff39b6cf,0.745466
user_11e8421f,1,user_11e8421f,0.788618
user_11e8421f,2,user_2cb4b018,0.655403
user_11e8421f,3,user_5159d3a1,0.640928
user_11e8421f,4,user_e64d80ba,0.598736
user_11e8421f,5,user_2a41ee39,0.594477
user_11e8421f,6,user_164fe4b8,0.591541
user_11e8421f,7,user_0ff0b922,0.590851
user_11e8421f,8,user_8e5bead9,0.586235
user_11e8421f,9,user_0bc8e727,0.578280
user_11e8421f,10,user_8d85acb5,0.573865
user_11e8421f,11,user_9c7183c8,0.571862
user_11e8421f,12,user_4a57e449,0.570772
user_11e8421f,13,user_0bd8ba7c,0.570207
user_11e8421f,14,user_a7b901f2,0.569026
user_11e8421f,15,user_9bee2a7c,0.568901
user_1230e05a,1,user_1230e05a,0.698339
user_1230e05a,2,user_dd1d7b22,0.665318
user_1230e05a,3,user_2920b35e,0.663226
user_1230e05a,4,user_9c5cd7fa,0.651471
user_1230e05a,5,user_b4214db6,0.639907
user_1230e05a,6,user_6011e674,0.636791
user_1230e05a,7,user_dc32d458,0.633490
user_1230e05a,8,user_165a2706,0.630985
user_1230e05a,9,user_41d0c897,0.630561
user_1230e05a,10,user_cc1c8897,0.629742
user_1230e05a,11,user_d70942c1,0.624860
user_1230e05a,12,user_4607d25d,0.622476
user_1230e05a,13,user_8ac8f24f,0.615130
user_1230e05a,14,user_bdcc6e7d,0.610090
user_1230e05a,15,user_82d93459,0.609543
user_126670d7,1,user_126670d7,0.791037
user_126670d7,2,user_c0eba9f2,0.744054
user_126670d7,3,user_ee14f818,0.740090
user_126670d7,4,user_8285a696,0.738220
user_126670d7,5,user_5f4ee256,0.736825
user_126670d7,6,user_78eff25f,0.733399
user_126670d7,7,user_5c82df31,0.727884
user_126670d7,8,user_f862100c,0.725789
user_126670d7,9,user_7b052f32,0.721168
user_126670d7,10,user_56980aa9,0.717513
user_126670d7,11,user_e7a55eac,0.717486
user_126670d7,12,user_5d7cbf11,0.717048
user_126670d7,13,user_f43d6008,0.716486
user_126670d7,14,user_df8dc9bb,0.712608
user_126670d7,15,user_a4ae4e77,0.708812
user_1302cb61,1,user_03410579,0.759928
user_1302cb61,2,user_1302cb61,0.735679
user_1302cb61,3,user_9818dcae,0.718405
user_1302cb61,4,user_df8dc9bb,0.717359
user_1302cb61,5,user_815b7baf,0.711631
user_1302cb61,6,user_c50a487d,0.693054
user_1302cb61,7,user_81a80789,0.692322
user_1302cb61,8,user_7a8f7f3e,0.679202
user_1302cb61,9,user_7b052f32,0.676211
user_1302cb61,10,user_3b79395c,0.673148
user_1302cb61,11,user_4cad4295,0.672566
user_1302cb61,12,user_ff39b6cf,0.672299
user_1302cb61,13,user_5c82df31,0.670766
user_1302cb61,14,user_dbbf562e,0.669283
user_1302cb61,15,user_4f3b6241,0.662587
user_13f8ee07,1,user_13f8ee07,0.787897
user_13f8ee07,2,user_c0eba9f2,0.721586
user_13f8ee07,3,user_c67f26cc,0.703699
user_13f8ee07,4,user_5f4ee256,0.701512
user_13f8ee07,5,user_cf393213,0.694089
user_13f8ee07,6,user_56980aa9,0.693318
user_13f8ee07,7,user_38f4dfac,0.666167
user_13f8ee07,8,user_0168255c,0.664820
user_13f8ee07,9,user_dc326993,0.661734
user_13f8ee07,10,user_f75c71f0,0.660407
user_13f8ee07,11,user_6a0b0e92,0.658399
user_13f8ee07,12,user_5d7cbf11,0.658158
user_13f8ee07,13,user_33f2a818,0.651097
user_13f8ee07,14,user_a2825b06,0.651024
user_13f8ee07,15,user_c60d65b5,0.646462
user_13fb2e34,1,user_13fb2e34,0.774632
user_13fb2e34,2,user_c903d3bb,0.736171
user_13fb2e34,3,user_c50a487d,0.695404
user_13fb2e34,4,user_9ee84e18,0.683203
user_13fb2e34,5,user_04d29f9c,0.675980
user_13fb2e34,6,user_8006727d,0.674731
user_13fb2e34,7,user_3f1d04a6,0.660900
user_13fb2e34,8,user_7b052f32,0.653783
user_13fb2e34,9,user_2dc10d2d,0.652616
user_13fb2e34,10,user_7a8f7f3e,0.652120
user_13fb2e34,11,user_2c940ff8,0.649459
user_13fb2e34,12,user_aa2fbe83,0.648241
user_13fb2e34,13,user_8c5756ff,0.646038
user_13fb2e34,14,user_8e97a154,0.644561
user_13fb2e34,15,user_74cfb8ef,0.643663
user_147d1bbb,1,user_dbbf562e,0.757334
user_147d1bbb,2,user_c7beef01,0.731526
user_147d1bbb,3,user_1f636ddc,0.723974
user_147d1bbb,4,user_54b19b29,0.719364
user_147d1bbb,5,user_d67450a8,0.713718
user_147d1bbb,6,user_76fc8dcd,0.708369
user_147d1bbb,7,user_16b87e34,0.706121
user_147d1bbb,8,user_4cad4295,0.704544
user_147d1bbb,9,user_c130412b,0.704283
user_147d1bbb,10,user_81a80789,0.701443
user_147d1bbb,11,user_37be663c,0.699431
user_147d1bbb,12,user_3b79395c,0.697553
user_147d1bbb,13,user_efb27a8e,0.695668
user_147d1bbb,14,user_4f3b6241,0.695212
user_147d1bbb,15,user_89571ce8,0.693669
user_14a2d3c6,1,user_14a2d3c6,0.715531
user_14a2d3c6,2,user_147d1bbb,0.668493
user_14a2d3c6,3,user_723406a0,0.662768
user_14a2d3c6,4,user_233fda02,0.659850
user_14a2d3c6,5,user_5c82df31,0.658767
user_14a2d3c6,6,user_2a94c885,0.656854
user_14a2d3c6,7,user_49b1ac46,0.655738
user_14a2d3c6,8,user_98a676ce,0.648665
user_14a2d3c6,9,user_66a7ce5a,0.646733
user_14a2d3c6,10,user_259776c7,0.646508
user_14a2d3c6,11,user_3239132f,0.645281
user_14a2d3c6,12,user_80da26a6,0.645210
user_14a2d3c6,13,user_04d8419e,0.644190
user_14a2d3c6,14,user_7f56f9a5,0.641853
user_14a2d3c6,15,user_2c69b83e,0.640963
user_159646d5,1,user_159646d5,0.711433
user_159646d5,2,user_5bc74ae7,0.611924
user_159646d5,3,user_74da5a13,0.609627
user_159646d5,4,user_3850eb9e,0.608631
user_159646d5,5,user_b563e90b,0.588355
user_159646d5,6,user_ece9bfd2,0.587046
user_159646d5,7,user_8e48a3f8,0.582297
user_159646d5,8,user_aae78e0d,0.563458
user_159646d5,9,user_c0392523,0.561363
user_159646d5,10,user_1fb646f2,0.561168
user_159646d5,11,user_18892460,0.557140
user_159646d5,12,user_8ae8c359,0.555614
user_159646d5,13,user_6bb64984,0.555228
user_159646d5,14,user_e838707b,0.553499
user_159646d5,15,user_979ee068,0.551055
user_164057cc,1,user_c8f82360,0.669736
user_164057cc,2,user_2a41ee39,0.646482
user_164057cc,3,user_8ac8f24f,0.642531
user_164057cc,4,user_00723699,0.633422
user_164057cc,5,user_5159d3a1,0.623114
user_164057cc,6,user_e10c98bb,0.622154
user_164057cc,7,user_2cb4b018,0.621281
user_164057cc,8,user_f827c7dd,0.620926
user_164057cc,9,user_aa2fbe83,0.618696
user_164057cc,10,user_d10d1f24,0.616526
user_164057cc,11,user_8285a696,0.612036
user_164057cc,12,user_7b052f32,0.606088
user_164057cc,13,user_2c940ff8,0.604932
user_164057cc,14,user_3f1d04a6,0.604166
user_164057cc,15,user_ef954c6e,0.601159
user_164fe4b8,1,user_164fe4b8,0.736884
user_164fe4b8,2,user_815b7baf,0.728610
user_164fe4b8,3,user_166a3647,0.710114
user_164fe4b8,4,user_397cfe20,0.694539
user_164fe4b8,5,user_c7beef01,0.690289
user_164fe4b8,6,user_02fecea2,0.687780
user_164fe4b8,7,user_d4c7b4c0,0.686898
user_164fe4b8,8,user_a7b901f2,0.686352
user_164fe4b8,9,user_74cfb8ef,0.685950
user_164fe4b8,10,user_0c578ab5,0.684407
user_164fe4b8,11,user_2cb4b018,0.684154
user_164fe4b8,12,user_b6b89f00,0.679035
user_164fe4b8,13,user_b14ec02b,0.678197
user_164fe4b8,14,user_a00e0552,0.678079
user_164fe4b8,15,user_c50a487d,0.677761
user_165a2706,1,user_165a2706,0.689152
user_165a2706,2,user_9571d0d5,0.652659
user_165a2706,3,user_d10d1f24,0.644348
user_165a2706,4,user_fca58a87,0.643364
user_165a2706,5,user_f59d3941,0.639626
user_165a2706,6,user_d5379647,0.634967
user_165a2706,7,user_6a0b0e92,0.626407
user_165a2706,8,user_22b484cb,0.626169
user_165a2706,9,user_5d7cbf11,0.624997
user_165a2706,10,user_8c6db6ed,0.622667
user_165a2706,11,user_00723699,0.618126
user_165a2706,12,user_98a676ce,0.616814
user_165a2706,13,user_69193575,0.610219
user_165a2706,14,user_3eb49f37,0.608415
user_165a2706,15,user_2817ec11,0.607305
user_16b87e34,1,user_6bf0e007,0.781699
user_16b87e34,2,user_259776c7,0.748915
user_16b87e34,3,user_e7a55eac,0.743264
user_16b87e34,4,user_ee14f818,0.739034
user_16b87e34,5,user_f10e7063,0.730971
user_16b87e34,6,user_0285dee3,0.726305
user_16b87e34,7,user_a1b097c2,0.726034
user_16b87e34,8,user_2a94c885,0.723844
user_16b87e34,9,user_5f4ee256,0.719785
user_16b87e34,10,user_b628264a,0.711567
user_16b87e34,11,user_3f2fbc90,0.710559
user_16b87e34,12,user_2dd5b531,0.710252
user_16b87e34,13,user_a2825b06,0.709144
user_16b87e34,14,user_78eff25f,0.709074
user_16b87e34,15,user_4607d25d,0.706483
user_17355c30,1,user_17355c30,0.748609
user_17355c30,2,user_f0b144fc,0.733338
user_17355c30,3,user_a04b2a78,0.730922
user_17355c30,4,user_a75b4d6e,0.723932
user_17355c30,5,user_dac2c359,0.717002
user_17355c30,6,user_c4b781ce,0.708930
user_17355c30,7,user_98a676ce,0.696500
user_17355c30,8,user_6fc85c06,0.690318
user_17355c30,9,user_5d7cbf11,0.689193
user_17355c30,10,user_823846de,0.681812
user_17355c30,11,user_2c39731d,0.677388
user_17355c30,12,user_a1b097c2,0.676146
user_17355c30,13,user_4db0d490,0.675878
user_17355c30,14,user_5ac1a174,0.674089
user_17355c30,15,user_5d35f631,0.671678
user_17607ebc,1,user_aa31484a,0.741107
user_17607ebc,2,user_a01f16ac,0.734961
user_17607ebc,3,user_ee14f818,0.715205
user_17607ebc,4,user_e802076d,0.708511
user_17607ebc,5,user_0285dee3,0.699369
user_17607ebc,6,user_dc32d458,0.690706
user_17607ebc,7,user_9d786aa8,0.690682
user_17607ebc,8,user_4607d25d,0.687397
user_17607ebc,9,user_61f90240,0.672407
user_17607ebc,10,user_84c14a6f,0.671679
user_17607ebc,11,user_d8335067,0.670833
user_17607ebc,12,user_bbe73426,0.670808
user_17607ebc,13,user_6a0b0e92,0.669374
user_17607ebc,14,user_3f2fbc90,0.669034
user_17607ebc,15,user_0697c470,0.666624
user_183b3783,1,user_6bf0e007,0.643378
user_183b3783,2,user_dc32d458,0.642259
user_183b3783,3,user_66a7ce5a,0.633847
user_183b3783,4,user_2a704b9c,0.629723
user_183b3783,5,user_afff552a,0.629467
user_183b3783,6,user_b628264a,0.626550
user_183b3783,7,user_41d0c897,0.624485
user_183b3783,8,user_a743aff9,0.623892
user_183b3783,9,user_2efde048,0.619217
user_183b3783,10,user_1230e05a,0.619162
user_183b3783,11,user_636ad58f,0.618453
user_183b3783,12,user_0285dee3,0.617981
user_183b3783,13,user_5f4ee256,0.615158
user_183b3783,14,user_7aa3746b,0.614967
user_183b3783,15,user_d20928cc,0.614278
user_18522854,1,user_18522854,0.718805
user_18522854,2,user_27a3fa64,0.690955
user_18522854,3,user_f75c71f0,0.684365
user_18522854,4,user_00723699,0.682889
user_18522854,5,user_ee14f818,0.681269
user_18522854,6,user_6fc85c06,0.678134
user_18522854,7,user_a01f16ac,0.674537
user_18522854,8,user_f862100c,0.667048
user_18522854,9,user_82d93459,0.663399
user_18522854,10,user_4607d25d,0.661838
user_18522854,11,user_5c82df31,0.661036
user_18522854,12,user_e8a7be73,0.659423
user_18522854,13,user_64d76dfd,0.657794
user_18522854,14,user_fc1cfe0b,0.657072
user_18522854,15,user_a993555f,0.656970
user_18892460,1,user_ee14f818,0.733912
user_18892460,2,user_2a94c885,0.726779
user_18892460,3,user_e802076d,0.713002
user_18892460,4,user_8285a696,0.707106
user_18892460,5,user_a01f16ac,0.706673
user_18892460,6,user_6a0b0e92,0.705773
user_18892460,7,user_d8335067,0.704170
user_18892460,8,user_6bf0e007,0.702207
user_18892460,9,user_aa31484a,0.700585
user_18892460,10,user_f827c7dd,0.694830
user_18892460,11,user_59d9db83,0.694120
user_18892460,12,user_27a3fa64,0.690219
user_18892460,13,user_30802254,0.690210
user_18892460,14,user_f4f9490d,0.688348
user_18892460,15,user_cdd86523,0.682272
user_18c333c6,1,user_3ff3188b,0.668896
user_18c333c6,2,user_fcf93ee8,0.645016
user_18c333c6,3,user_567057e7,0.642938
user_18c333c6,4,user_18c333c6,0.611640
user_18c333c6,5,user_fefec402,0.607260
user_18c333c6,6,user_b563e90b,0.605921
user_18c333c6,7,user_cc1c8897,0.600011
user_18c333c6,8,user_a9ed2c9e,0.592177
user_18c333c6,9,user_3f1d04a6,0.582963
user_18c333c6,10,user_dca78fea,0.576773
user_18c333c6,11,user_6ae9ce92,0.574911
user_18c333c6,12,user_2e81a539,0.570235
user_18c333c6,13,user_e8a7be73,0.569556
user_18c333c6,14,user_9c7183c8,0.566595
user_18c333c6,15,user_83e30c57,0.566547
user_192a215d,1,user_fbed237d,0.588576
user_192a215d,2,user_d499c752,0.556872
user_192a215d,3,user_5159d3a1,0.556669
user_192a215d,4,user_74cfb8ef,0.555703
user_192a215d,5,user_a61b0d31,0.549204
user_192a215d,6,user_201c8c78,0.541784
user_192a215d,7,user_9bee2a7c,0.537892
user_192a215d,8,user_a7b901f2,0.532810
user_192a215d,9,user_fdc08e26,0.530442
user_192a215d,10,user_b6b89f00,0.525584
user_192a215d,11,user_8f39f021,0.522732
user_192a215d,12,user_08e9ce6e,0.521769
user_192a215d,13,user_80dc757f,0.520795
user_192a215d,14,user_2817ec11,0.520225
user_192a215d,15,user_65d73ac1,0.519937
user_194b92fc,1,user_c8f82360,0.775911
user_194b92fc,2,user_6011e674,0.735731
user_194b92fc,3,user_4607d25d,0.733348
user_194b92fc,4,user_6bb64984,0.731897
user_194b92fc,5,user_9e39a95d,0.730180
user_194b92fc,6,user_aae78e0d,0.725035
user_194b92fc,7,user_9ce96cbf,0.723698
user_194b92fc,8,user_82c86537,0.716684
user_194b92fc,9,user_3f2fbc90,0.716253
user_194b92fc,10,user_8285a696,0.715011
user_194b92fc,11,user_82d93459,0.709509
user_194b92fc,12,user_0285dee3,0.703349
user_194b92fc,13,user_a973cf8e,0.700322
user_194b92fc,14,user_f7fd2885,0.700074
user_194b92fc,15,user_5993b36a,0.698561
user_19641691,1,user_19641691,0.851216
user_19641691,2,user_20a01575,0.672848
user_19641691,3,user_ac6d6bff,0.666467
user_19641691,4,user_3353b96b,0.666192
user_19641691,5,user_93cdb7a1,0.664838
user_19641691,6,user_e2e59795,0.628962
user_19641691,7,user_3bb7992e,0.626857
user_19641691,8,user_4bd9303b,0.624275
user_19641691,9,user_6169d3b8,0.618400
user_19641691,10,user_c50a487d,0.618081
user_19641691,11,user_c81fae29,0.617420
user_19641691,12,user_fcf93ee8,0.613585
user_19641691,13,user_8fb63eca,0.613232
user_19641691,14,user_a5e548ce,0.610639
user_19641691,15,user_e5f67397,0.609609
user_19952166,1,user_19952166,0.688035
user_19952166,2,user_9d65649f,0.686405
user_19952166,3,user_0285dee3,0.673151
user_19952166,4,user_30802254,0.671674
user_19952166,5,user_b337cb0c,0.660993
user_19952166,6,user_6bf0e007,0.644701
user_19952166,7,user_b8f24804,0.641566
user_19952166,8,user_64d76dfd,0.637657
user_19952166,9,user_3f2fbc90,0.637164
user_19952166,10,user_bdcc6e7d,0.635961
user_19952166,11,user_b2dd04c8,0.635478
user_19952166,12,user_5993b36a,0.626969
user_19952166,13,user_e8a7be73,0.626240
user_19952166,14,user_e802076d,0.622684
user_19952166,15,user_84c14a6f,0.619904
user_1a2755b3,1,user_c8f82360,0.755021
user_1a2755b3,2,user_1a2755b3,0.731815
user_1a2755b3,3,user_65d73ac1,0.728985
user_1a2755b3,4,user_6bf0e007,0.692371
user_1a2755b3,5,user_91f5e7af,0.692173
user_1a2755b3,6,user_3f1d04a6,0.690447
user_1a2755b3,7,user_406c399e,0.685413
user_1a2755b3,8,user_84c14a6f,0.679537
user_1a2755b3,9,user_cdd86523,0.674678
user_1a2755b3,10,user_3f2fbc90,0.673558
user_1a2755b3,11,user_bbe73426,0.673543
user_1a2755b3,12,user_e7a55eac,0.673425
user_1a2755b3,13,user_e802076d,0.672100
user_1a2755b3,14,user_ebddf9c1,0.669284
user_1a2755b3,15,user_aa2fbe83,0.667874
user_1a4bec69,1,user_a52dd639,0.768901
user_1a4bec69,2,user_1a4bec69,0.748518
user_1a4bec69,3,user_2e60c125,0.708684
user_1a4bec69,4,user_e409a56d,0.685958
user_1a4bec69,5,user_25652863,0.680160
user_1a4bec69,6,user_902af20f,0.668744
user_1a4bec69,7,user_bf30f80d,0.655743
user_1a4bec69,8,user_201c8c78,0.653483
user_1a4bec69,9,user_4ea1ef09,0.640498
user_1a4bec69,10,user_4607d25d,0.631403
user_1a4bec69,11,user_2efde048,0.630765
user_1a4bec69,12,user_795650bb,0.625618
user_1a4bec69,13,user_82c86537,0.618108
user_1a4bec69,14,user_192a215d,0.612417
user_1a4bec69,15,user_6011e674,0.606907
user_1a7d6cd5,1,user_c50a487d,0.773879
user_1a7d6cd5,2,user_9818dcae,0.760728
user_1a7d6cd5,3,user_df8dc9bb,0.749310
user_1a7d6cd5,4,user_3239132f,0.741617
user_1a7d6cd5,5,user_e8e9acac,0.740467
user_1a7d6cd5,6,user_ff39b6cf,0.739743
user_1a7d6cd5,7,user_8e48a3f8,0.738386
user_1a7d6cd5,8,user_d2c97c8e,0.737859
user_1a7d6cd5,9,user_91321efa,0.735917
user_1a7d6cd5,10,user_5c82df31,0.734549
user_1a7d6cd5,11,user_586752e4,0.731137
user_1a7d6cd5,12,user_ca6074df,0.729619
user_1a7d6cd5,13,user_91db6e48,0.728864
user_1a7d6cd5,14,user_3b79395c,0.728714
user_1a7d6cd5,15,user_364bb955,0.726256
user_1b2d69c1,1,user_1b2d69c1,0.751381
user_1b2d69c1,2,user_74c84045,0.699238
user_1b2d69c1,3,user_58892c7c,0.661385
user_1b2d69c1,4,user_a9ed5193,0.652931
user_1b2d69c1,5,user_e30558fe,0.633303
user_1b2d69c1,6,user_3f1d04a6,0.627825
user_1b2d69c1,7,user_bdcc6e7d,0.626867
user_1b2d69c1,8,user_3bc84c13,0.620083
user_1b2d69c1,9,user_b4214db6,0.617722
user_1b2d69c1,10,user_c8e749e2,0.615666
user_1b2d69c1,11,user_bd19a016,0.615401
user_1b2d69c1,12,user_fa60616d,0.614678
user_1b2d69c1,13,user_a4ae4e77,0.613359
user_1b2d69c1,14,user_baa70592,0.612749
user_1b2d69c1,15,user_0285dee3,0.612568
user_1b7f8c56,1,user_1b7f8c56,0.803908
user_1b7f8c56,2,user_9818dcae,0.788485
user_1b7f8c56,3,user_8ac8f24f,0.773264
user_1b7f8c56,4,user_2dc10d2d,0.754682
user_1b7f8c56,5,user_8da30894,0.754231
user_1b7f8c56,6,user_aa2fbe83,0.752043
user_1b7f8c56,7,user_1c45ab75,0.750673
user_1b7f8c56,8,user_417702c5,0.748284
user_1b7f8c56,9,user_a973cf8e,0.745571
user_1b7f8c56,10,user_0c578ab5,0.744086
user_1b7f8c56,11,user_2817ec11,0.740356
user_1b7f8c56,12,user_25b48a9a,0.740221
user_1b7f8c56,13,user_2cb4b018,0.736427
user_1b7f8c56,14,user_daf53db6,0.735263
user_1b7f8c56,15,user_02fecea2,0.730796
user_1b89f77a,1,user_f51339f8,0.762264
user_1b89f77a,2,user_56980aa9,0.753215
user_1b89f77a,3,user_55058479,0.749046
user_1b89f77a,4,user_df8dc9bb,0.746886
user_1b89f77a,5,user_8ac8f24f,0.745660
user_1b89f77a,6,user_ca6074df,0.745146
user_1b89f77a,7,user_7b052f32,0.744473
user_1b89f77a,8,user_5c82df31,0.736100
user_1b89f77a,9,user_906e2423,0.733706
user_1b89f77a,10,user_6bf0e007,0.732254
user_1b89f77a,11,user_c0eba9f2,0.730532
user_1b89f77a,12,user_8e97a154,0.730438
user_1b89f77a,13,user_1b89f77a,0.720681
user_1b89f77a,14,user_93cdb7a1,0.718614
user_1b89f77a,15,user_94f185bc,0.715313
user_1d775dd8,1,user_3666402b,0.603894
user_1d775dd8,2,user_c50a487d,0.585852
user_1d775dd8,3,user_cce4f9c2,0.581893
user_1d775dd8,4,user_b1d0760b,0.580980
user_1d775dd8,5,user_f10e7063,0.580665
user_1d775dd8,6,user_3b79395c,0.580076
user_1d775dd8,7,user_d074356a,0.579171
user_1d775dd8,8,user_0c8c48ac,0.567416
user_1d775dd8,9,user_815b7baf,0.566440
user_1d775dd8,10,user_a0517bef,0.565586
user_1d775dd8,11,user_9fe4e0f5,0.564360
user_1d775dd8,12,user_55058479,0.562929
user_1d775dd8,13,user_8e92b8c1,0.562257
user_1d775dd8,14,user_f827c7dd,0.561778
user_1d775dd8,15,user_94cad3a5,0.558523
user_1dc24686,1,user_906e2423,0.800180
user_1dc24686,2,user_4607d25d,0.793598
user_1dc24686,3,user_39b3eda0,0.760407
user_1dc24686,4,user_5c5a0b40,0.749961
user_1dc24686,5,user_6bf0e007,0.746745
user_1dc24686,6,user_56980aa9,0.737713
user_1dc24686,7,user_3085d204,0.734734
user_1dc24686,8,user_5f4ee256,0.727102
user_1dc24686,9,user_058c1800,0.723298
user_1dc24686,10,user_fa60616d,0.722324
user_1dc24686,11,user_a743aff9,0.722033
user_1dc24686,12,user_9ce96cbf,0.717385
user_1dc24686,13,user_406c399e,0.715208
user_1dc24686,14,user_ee14f818,0.712627
user_1dc24686,15,user_aae78e0d,0.712608
user_1df51301,1,user_afff552a,0.770840
user_1df51301,2,user_56980aa9,0.760160
user_1df51301,3,user_5f4ee256,0.757857
user_1df51301,4,user_4607d25d,0.754685
user_1df51301,5,user_04f39d22,0.753720
user_1df51301,6,user_9600e8bf,0.751575
user_1df51301,7,user_c8e749e2,0.743374
user_1df51301,8,user_201c8c78,0.742664
user_1df51301,9,user_1df51301,0.741147
user_1df51301,10,user_1230e05a,0.740747
user_1df51301,11,user_3e284ba5,0.738267
user_1df51301,12,user_80da26a6,0.736958
user_1df51301,13,user_b2aba63a,0.736138
user_1df51301,14,user_e409a56d,0.735776
user_1df51301,15,user_fba6bcd4,0.733880
user_1e302679,1,user_c8f82360,0.772741
user_1e302679,2,user_69df6330,0.706254
user_1e302679,3,user_b5af9db9,0.699128
user_1e302679,4,user_6fbf6191,0.698165
user_1e302679,5,user_2a41ee39,0.697699
user_1e302679,6,user_25b48a9a,0.692233
user_1e302679,7,user_65d73ac1,0.691332
user_1e302679,8,user_80dc757f,0.689036
user_1e302679,9,user_2cb4b018,0.688874
user_1e302679,10,user_d10d1f24,0.683876
user_1e302679,11,user_f107081e,0.677333
user_1e302679,12,user_0285dee3,0.676196
user_1e302679,13,user_a57a04fa,0.671344
user_1e302679,14,user_ef954c6e,0.670981
user_1e302679,15,user_a973cf8e,0.668765
user_1f1dc5e0,1,user_b2dd04c8,0.518291
user_1f1dc5e0,2,user_00723699,0.494855
user_1f1dc5e0,3,user_b9b94432,0.488626
user_1f1dc5e0,4,user_bd47000f,0.488575
user_1f1dc5e0,5,user_8285a696,0.485849
user_1f1dc5e0,6,user_e10c98bb,0.481347
user_1f1dc5e0,7,user_c8e749e2,0.471655
user_1f1dc5e0,8,user_1f1dc5e0,0.471283
user_1f1dc5e0,9,user_ff591131,0.470585
user_1f1dc5e0,10,user_0a3bcf86,0.462987
user_1f1dc5e0,11,user_9c5e4782,0.458808
user_1f1dc5e0,12,user_c0392523,0.457640
user_1f1dc5e0,13,user_c0eba9f2,0.453653
user_1f1dc5e0,14,user_c3040c7c,0.451037
user_1f1dc5e0,15,user_2eb5d860,0.445095
user_1f636ddc,1,user_e2e59795,0.718412
user_1f636ddc,2,user_9818dcae,0.715857
user_1f636ddc,3,user_8fb63eca,0.706237
user_1f636ddc,4,user_3b79395c,0.704986
user_1f636ddc,5,user_815b7baf,0.695291
user_1f636ddc,6,user_a0517bef,0.694809
user_1f636ddc,7,user_20a01575,0.690207
user_1f636ddc,8,user_ac6d6bff,0.689645
user_1f636ddc,9,user_4bd9303b,0.686618
user_1f636ddc,10,user_72bed676,0.685262
user_1f636ddc,11,user_93cdb7a1,0.684799
user_1f636ddc,12,user_02fecea2,0.684093
user_1f636ddc,13,user_26fa9d90,0.679712
user_1f636ddc,14,user_0128a546,0.672249
user_1f636ddc,15,user_397cfe20,0.671872
user_205d25f3,1,user_205d25f3,0.743736
user_205d25f3,2,user_ded778b8,0.730459
user_205d25f3,3,user_434f3511,0.710781
user_205d25f3,4,user_ee14f818,0.709191
user_205d25f3,5,user_ac6d6bff,0.695722
user_205d25f3,6,user_8c42f323,0.691726
user_205d25f3,7,user_20a01575,0.684016
user_205d25f3,8,user_25b48a9a,0.681241
user_205d25f3,9,user_1f09455f,0.680408
user_205d25f3,10,user_124651ff,0.675823
user_205d25f3,11,user_8f08aa94,0.668490
user_205d25f3,12,user_6169d3b8,0.663757
user_205d25f3,13,user_93cdb7a1,0.660231
user_205d25f3,14,user_9818dcae,0.658611
user_205d25f3,15,user_1fb646f2,0.656168
user_20e741d0,1,user_c50a487d,0.865331
user_20e741d0,2,user_414a6eaf,0.828082
user_20e741d0,3,user_3239132f,0.826964
user_20e741d0,4,user_e6057285,0.815826
user_20e741d0,5,user_e8e9acac,0.813515
user_20e741d0,6,user_03410579,0.812631
user_20e741d0,7,user_91db6e48,0.806275
user_20e741d0,8,user_76fc8dcd,0.800961
user_20e741d0,9,user_ff39b6cf,0.800075
user_20e741d0,10,user_3b79395c,0.799633
user_20e741d0,11,user_89571ce8,0.793539
user_20e741d0,12,user_4c8199a7,0.792507
user_20e741d0,13,user_ca6074df,0.790125
user_20e741d0,14,user_55058479,0.789566
user_20e741d0,15,user_da245b56,0.787583
user_2142b6e1,1,user_25b48a9a,0.647599
user_2142b6e1,2,user_b6b89f00,0.642361
user_2142b6e1,3,user_2142b6e1,0.638416
user_2142b6e1,4,user_5159d3a1,0.630191
user_2142b6e1,5,user_02fecea2,0.625826
user_2142b6e1,6,user_2cb4b018,0.623389
user_2142b6e1,7,user_d4c7b4c0,0.621466
user_2142b6e1,8,user_c50a487d,0.618451
user_2142b6e1,9,user_ee14f818,0.616596
user_2142b6e1,10,user_6bf0e007,0.614641
user_2142b6e1,11,user_e2e59795,0.613735
user_2142b6e1,12,user_0c578ab5,0.613479
user_2142b6e1,13,user_378003e3,0.611072
user_2142b6e1,14,user_ded778b8,0.608936
user_2142b6e1,15,user_e802076d,0.608639
user_21b4fa31,1,user_21b4fa31,0.803370
user_21b4fa31,2,user_1230e05a,0.669919
user_21b4fa31,3,user_4f755977,0.669073
user_21b4fa31,4,user_0c578ab5,0.667499
user_21b4fa31,5,user_e802076d,0.661530
user_21b4fa31,6,user_9fefea54,0.660178
user_21b4fa31,7,user_4e54f3d7,0.656225
user_21b4fa31,8,user_5159d3a1,0.655139
user_21b4fa31,9,user_04f39d22,0.651327
user_21b4fa31,10,user_fa60616d,0.645942
user_21b4fa31,11,user_e30558fe,0.643966
user_21b4fa31,12,user_8292753c,0.642393
user_21b4fa31,13,user_3ff88cf0,0.641757
user_21b4fa31,14,user_f368b9da,0.641754
user_21b4fa31,15,user_833d8832,0.638190
user_226be32f,1,user_d7fde080,0.487094
user_226be32f,2,user_59e8bc2a,0.483198
user_226be32f,3,user_87e5d9b0,0.481584
user_226be32f,4,user_30802254,0.480742
user_226be32f,5,user_84703a6e,0.480174
user_226be32f,6,user_0669bdf6,0.480138
user_226be32f,7,user_233fda02,0.478804
user_226be32f,8,user_dac2c359,0.478389
user_226be32f,9,user_60a65d98,0.471892
user_226be32f,10,user_7322f4ef,0.469481
user_226be32f,11,user_98a676ce,0.469448
user_226be32f,12,user_14a2d3c6,0.466707
user_226be32f,13,user_5dc5c2dc,0.466116
user_226be32f,14,user_5d7cbf11,0.462734
user_226be32f,15,user_3eb49f37,0.462095
user_2373103d,1,user_2373103d,0.752320
user_2373103d,2,user_56980aa9,0.719208
user_2373103d,3,user_406c399e,0.712033
user_2373103d,4,user_5f4ee256,0.700728
user_2373103d,5,user_4607d25d,0.698572
user_2373103d,6,user_80da26a6,0.693781
user_2373103d,7,user_91f5e7af,0.689735
user_2373103d,8,user_bdcc6e7d,0.687979
user_2373103d,9,user_3f2fbc90,0.687441
user_2373103d,10,user_0285dee3,0.687402
user_2373103d,11,user_75bc9924,0.686643
user_2373103d,12,user_6bf0e007,0.685431
user_2373103d,13,user_030cf51a,0.680099
user_2373103d,14,user_2a94c885,0.676103
user_2373103d,15,user_5d7cbf11,0.673974
user_23e46560,1,user_58892c7c,0.806028
user_23e46560,2,user_85c97ea1,0.781950
user_23e46560,3,user_23e46560,0.771079
user_23e46560,4,user_74c84045,0.693537
user_23e46560,5,user_a9ed5193,0.677831
user_23e46560,6,user_2eaaa117,0.663912
user_23e46560,7,user_1b2d69c1,0.651493
user_23e46560,8,user_b563e90b,0.650627
user_23e46560,9,user_039d004e,0.648464
user_23e46560,10,user_baa70592,0.641522
user_23e46560,11,user_07faa0fc,0.636903
user_23e46560,12,user_07db2c6a,0.636730
user_23e46560,13,user_d4b7e22e,0.636326
user_23e46560,14,user_8c193f56,0.634363
user_23e46560,15,user_74da5a13,0.631444
user_245fd42f,1,user_b628264a,0.686241
user_245fd42f,2,user_723406a0,0.678206
user_245fd42f,3,user_83e30c57,0.670624
user_245fd42f,4,user_c8e749e2,0.669644
user_245fd42f,5,user_eae91488,0.660274
user_245fd42f,6,user_8d22714e,0.659614
user_245fd42f,7,user_dd0bd02d,0.654596
user_245fd42f,8,user_5881b259,0.652953
user_245fd42f,9,user_245fd42f,0.651073
user_245fd42f,10,user_7aa3746b,0.648300
user_245fd42f,11,user_a4ae4e77,0.647572
user_245fd42f,12,user_79f04645,0.646167
user_245fd42f,13,user_058c1800,0.645580
user_245fd42f,14,user_5bc74ae7,0.645523
user_245fd42f,15,user_a743aff9,0.641421
user_25652863,1,user_e409a56d,0.713351
user_25652863,2,user_ba8b1c05,0.690884
user_25652863,3,user_201c8c78,0.689299
user_25652863,4,user_f3377028,0.687046
user_25652863,5,user_25652863,0.683636
user_25652863,6,user_bd19a016,0.678880
user_25652863,7,user_82c86537,0.669074
user_25652863,8,user_2e60c125,0.668230
user_25652863,9,user_08c32973,0.664785
user_25652863,10,user_795650bb,0.660637
user_25652863,11,user_372c2b3e,0.658310
user_25652863,12,user_b1a5a37e,0.658093
user_25652863,13,user_75905116,0.655482
user_25652863,14,user_bf30f80d,0.646527
user_25652863,15,user_a52dd639,0.645006
user_25798310,1,user_93cdb7a1,0.725779
user_25798310,2,user_25798310,0.722729
user_25798310,3,user_7b052f32,0.716747
user_25798310,4,user_63b4be5f,0.704464
user_25798310,5,user_8e92b8c1,0.700728
user_25798310,6,user_03410579,0.691183
user_25798310,7,user_e2e59795,0.680258
user_25798310,8,user_259776c7,0.678491
user_25798310,9,user_8e97a154,0.678212
user_25798310,10,user_8dd20d7f,0.675853
user_25798310,11,user_ca6074df,0.675114
user_25798310,12,user_fcf93ee8,0.673987
user_25798310,13,user_3b79395c,0.672599
user_25798310,14,user_aa2fbe83,0.669482
user_25798310,15,user_a00e0552,0.668556
user_25b48a9a,1,user_25b48a9a,0.850342
user_25b48a9a,2,user_2dc10d2d,0.811354
user_25b48a9a,3,user_aa2fbe83,0.810063
user_25b48a9a,4,user_417702c5,0.800183
user_25b48a9a,5,user_0c578ab5,0.796549
user_25b48a9a,6,user_9818dcae,0.786245
user_25b48a9a,7,user_b6b89f00,0.777457
user_25b48a9a,8,user_daf53db6,0.771647
user_25b48a9a,9,user_02fecea2,0.758944
user_25b48a9a,10,user_8ac8f24f,0.748507
user_25b48a9a,11,user_8da30894,0.745640
user_25b48a9a,12,user_259776c7,0.744104
user_25b48a9a,13,user_2cb4b018,0.743792
user_25b48a9a,14,user_c8f82360,0.738803
user_25b48a9a,15,user_1b7f8c56,0.736157
user_26565155,1,user_30802254,0.777067
user_26565155,2,user_84c14a6f,0.740840
user_26565155,3,user_a01f16ac,0.740416
user_26565155,4,user_ee14f818,0.733190
user_26565155,5,user_dc32d458,0.725726
user_26565155,6,user_26565155,0.723130
user_26565155,7,user_39939c54,0.721032
user_26565155,8,user_1936a7c3,0.720015
user_26565155,9,user_a00e0552,0.718798
user_26565155,10,user_e802076d,0.716058
user_26565155,11,user_9600e8bf,0.715215
user_26565155,12,user_afff552a,0.712557
user_26565155,13,user_4607d25d,0.712171
user_26565155,14,user_0285dee3,0.710012
user_26565155,15,user_54b19b29,0.708188
user_26fa9d90,1,user_201c8c78,0.879582
user_26fa9d90,2,user_e409a56d,0.786423
user_26fa9d90,3,user_04f39d22,0.785462
user_26fa9d90,4,user_64cd3098,0.778672
user_26fa9d90,5,user_4607d25d,0.777099
user_26fa9d90,6,user_b2aba63a,0.768337
user_26fa9d90,7,user_5159d3a1,0.765945
user_26fa9d90,8,user_75905116,0.759009
user_26fa9d90,9,user_372c2b3e,0.750910
user_26fa9d90,10,user_a7b901f2,0.748789
user_26fa9d90,11,user_82c86537,0.746703
user_26fa9d90,12,user_bd19a016,0.745816
user_26fa9d90,13,user_5b714afd,0.742270
user_26fa9d90,14,user_795650bb,0.741418
user_26fa9d90,15,user_f7fd2885,0.726939
user_27a3fa64,1,user_27a3fa64,0.743970
user_27a3fa64,2,user_bbe73426,0.684409
user_27a3fa64,3,user_6bf0e007,0.673544
user_27a3fa64,4,user_9bee2a7c,0.664030
user_27a3fa64,5,user_5c82df31,0.661426
user_27a3fa64,6,user_043ea160,0.660075
user_27a3fa64,7,user_f75c71f0,0.659621
user_27a3fa64,8,user_1936a7c3,0.656282
user_27a3fa64,9,user_18522854,0.650420
user_27a3fa64,10,user_c8f82360,0.649892
user_27a3fa64,11,user_a01f16ac,0.649521
user_27a3fa64,12,user_f368b9da,0.647213
user_27a3fa64,13,user_e7a55eac,0.647127
user_27a3fa64,14,user_f51339f8,0.646956
user_27a3fa64,15,user_8285a696,0.646226
user_2920b35e,1,user_1230e05a,0.724765
user_2920b35e,2,user_dd1d7b22,0.687109
user_2920b35e,3,user_657c72ca,0.679713
user_2920b35e,4,user_dc32d458,0.663002
user_2920b35e,5,user_d70942c1,0.660268
user_2920b35e,6,user_2920b35e,0.658156
user_2920b35e,7,user_04f39d22,0.657278
user_2920b35e,8,user_4607d25d,0.651257
user_2920b35e,9,user_98ca16a6,0.635021
user_2920b35e,10,user_b628264a,0.625605
user_2920b35e,11,user_cc1c8897,0.625408
user_2920b35e,12,user_17607ebc,0.624310
user_2920b35e,13,user_058c1800,0.623193
user_2920b35e,14,user_43a979d2,0.622704
user_2920b35e,15,user_bdcc6e7d,0.616122
user_29cd4556,1,user_3f1d04a6,0.749638
user_29cd4556,2,user_26fa9d90,0.705912
user_29cd4556,3,user_df8dc9bb,0.698673
user_29cd4556,4,user_74cfb8ef,0.692713
user_29cd4556,5,user_b1d0760b,0.692074
user_29cd4556,6,user_4cad4295,0.689616
user_29cd4556,7,user_6bf0e007,0.682612
user_29cd4556,8,user_e8e9acac,0.682522
user_29cd4556,9,user_7b052f32,0.682470
user_29cd4556,10,user_2dc10d2d,0.682212
user_29cd4556,11,user_caaef3ca,0.681790
user_29cd4556,12,user_4bd9303b,0.678393
user_29cd4556,13,user_55058479,0.678314
user_29cd4556,14,user_93cdb7a1,0.675764
user_29cd4556,15,user_815b7baf,0.674788
user_2a704b9c,1,user_4607d25d,0.710663
user_2a704b9c,2,user_5881b259,0.701179
user_2a704b9c,3,user_2a704b9c,0.692929
user_2a704b9c,4,user_d691d016,0.684121
user_2a704b9c,5,user_058c1800,0.683805
user_2a704b9c,6,user_5f4ee256,0.676184
user_2a704b9c,7,user_6011e674,0.674198
user_2a704b9c,8,user_ee89e069,0.665627
user_2a704b9c,9,user_80da26a6,0.664141
user_2a704b9c,10,user_3f2fbc90,0.663045
user_2a704b9c,11,user_56980aa9,0.659556
user_2a704b9c,12,user_f43d6008,0.656626
user_2a704b9c,13,user_9d786aa8,0.655951
user_2a704b9c,14,user_dd1d7b22,0.654395
user_2a704b9c,15,user_8285a696,0.653148
user_2a94c885,1,user_233fda02,0.762803
user_2a94c885,2,user_2a94c885,0.761047
user_2a94c885,3,user_3eb49f37,0.748476
user_2a94c885,4,user_87e5d9b0,0.741258
user_2a94c885,5,user_d7fde080,0.734126
user_2a94c885,6,user_5d7cbf11,0.733062
user_2a94c885,7,user_04d8419e,0.727135
user_2a94c885,8,user_d4b7e22e,0.724959
user_2a94c885,9,user_3f1d04a6,0.722993
user_2a94c885,10,user_4db0d490,0.721926
user_2a94c885,11,user_7b052f32,0.718703
user_2a94c885,12,user_98a676ce,0.716506
user_2a94c885,13,user_90e5fee6,0.712701
user_2a94c885,14,user_a973cf8e,0.709626
user_2a94c885,15,user_6fc85c06,0.708474
user_2b271761,1,user_a8c2208d,0.717786
user_2b271761,2,user_a743aff9,0.706950
user_2b271761,3,user_2a704b9c,0.705701
user_2b271761,4,user_ec574395,0.703492
user_2b271761,5,user_515ae840,0.700674
user_2b271761,6,user_07cb458d,0.697640
user_2b271761,7,user_7aa3746b,0.696132
user_2b271761,8,user_69a4dd06,0.693981
user_2b271761,9,user_1e08d102,0.693152
user_2b271761,10,user_17607ebc,0.692872
user_2b271761,11,user_3a55606c,0.691523
user_2b271761,12,user_90202189,0.688445
user_2b271761,13,user_6bf0e007,0.687404
user_2b271761,14,user_0669bdf6,0.684005
user_2b271761,15,user_cc1c8897,0.682502
user_2b750e1c,1,user_11e8421f,0.805660
user_2b750e1c,2,user_cbabbcee,0.777407
user_2b750e1c,3,user_a7b901f2,0.768929
user_2b750e1c,4,user_8e97a154,0.767117
user_2b750e1c,5,user_650da71b,0.754315
user_2b750e1c,6,user_3e284ba5,0.748717
user_2b750e1c,7,user_c06d9b71,0.742063
user_2b750e1c,8,user_1b7f8c56,0.739239
user_2b750e1c,9,user_25b48a9a,0.738047
user_2b750e1c,10,user_2cb4b018,0.737436
user_2b750e1c,11,user_ca6074df,0.735856
user_2b750e1c,12,user_9c7183c8,0.734846
user_2b750e1c,13,user_cdd86523,0.732242
user_2b750e1c,14,user_4f3b6241,0.730845
user_2b750e1c,15,user_e802076d,0.728701
user_2b79ef0b,1,user_0ff0b922,0.804249
user_2b79ef0b,2,user_c34e791e,0.731810
user_2b79ef0b,3,user_e64d80ba,0.723089
user_2b79ef0b,4,user_b4f295b3,0.677655
user_2b79ef0b,5,user_4e54f3d7,0.660927
user_2b79ef0b,6,user_0bd8ba7c,0.655680
user_2b79ef0b,7,user_e802076d,0.651675
user_2b79ef0b,8,user_b14ec02b,0.650067
user_2b79ef0b,9,user_840e0a93,0.647458
user_2b79ef0b,10,user_3bc84c13,0.646627
user_2b79ef0b,11,user_38390331,0.644559
user_2b79ef0b,12,user_124651ff,0.642664
user_2b79ef0b,13,user_0eb2abf1,0.638971
user_2b79ef0b,14,user_d67450a8,0.637293
user_2b79ef0b,15,user_8006727d,0.635332
user_2c3eb234,1,user_38390331,0.633428
user_2c3eb234,2,user_d20928cc,0.629414
user_2c3eb234,3,user_2cb4b018,0.622919
user_2c3eb234,4,user_c06d9b71,0.619656
user_2c3eb234,5,user_65d73ac1,0.618854
user_2c3eb234,6,user_a6c2e760,0.614490
user_2c3eb234,7,user_8292753c,0.608724
user_2c3eb234,8,user_b14ec02b,0.606741
user_2c3eb234,9,user_c96b90fe,0.606311
user_2c3eb234,10,user_9bee2a7c,0.604824
user_2c3eb234,11,user_111cfe7d,0.595250
user_2c3eb234,12,user_4a57e449,0.590099
user_2c3eb234,13,user_6bf0e007,0.585785
user_2c3eb234,14,user_8e97a154,0.584108
user_2c3eb234,15,user_334144b4,0.582798
user_2c69b83e,1,user_ee14f818,0.790793
user_2c69b83e,2,user_4607d25d,0.779297
user_2c69b83e,3,user_7b052f32,0.766400
user_2c69b83e,4,user_a01f16ac,0.760719
user_2c69b83e,5,user_c0eba9f2,0.757937
user_2c69b83e,6,user_5c82df31,0.754823
user_2c69b83e,7,user_df8dc9bb,0.754414
user_2c69b83e,8,user_8285a696,0.749834
user_2c69b83e,9,user_ca6074df,0.747221
user_2c69b83e,10,user_9818dcae,0.744362
user_2c69b83e,11,user_3239132f,0.743372
user_2c69b83e,12,user_6bf0e007,0.741820
user_2c69b83e,13,user_259776c7,0.739843
user_2c69b83e,14,user_cdd86523,0.739360
user_2c69b83e,15,user_2c69b83e,0.738485
user_2c940ff8,1,user_2c940ff8,0.804202
user_2c940ff8,2,user_f6188968,0.722216
user_2c940ff8,3,user_6a0b0e92,0.720112
user_2c940ff8,4,user_6bf0e007,0.718084
user_2c940ff8,5,user_f75c71f0,0.717741
user_2c940ff8,6,user_406c399e,0.698805
user_2c940ff8,7,user_8285a696,0.693760
user_2c940ff8,8,user_3f1d04a6,0.691156
user_2c940ff8,9,user_380ddd3f,0.687612
user_2c940ff8,10,user_98a676ce,0.686330
user_2c940ff8,11,user_91f5e7af,0.684207
user_2c940ff8,12,user_c8f82360,0.681508
user_2c940ff8,13,user_f827c7dd,0.678846
user_2c940ff8,14,user_56980aa9,0.676212
user_2c940ff8,15,user_a4aab257,0.676191
user_2d74cd4c,1,user_b16e0cf8,0.792046
user_2d74cd4c,2,user_2f766c23,0.770878
user_2d74cd4c,3,user_6011e674,0.766412
user_2d74cd4c,4,user_82d93459,0.751551
user_2d74cd4c,5,user_3f798a8b,0.742525
user_2d74cd4c,6,user_4607d25d,0.740536
user_2d74cd4c,7,user_8f8346ad,0.739122
user_2d74cd4c,8,user_d3663143,0.736849
user_2d74cd4c,9,user_c96b90fe,0.735776
user_2d74cd4c,10,user_9600e8bf,0.732908
user_2d74cd4c,11,user_417702c5,0.731376
user_2d74cd4c,12,user_0a0bcaa6,0.728159
user_2d74cd4c,13,user_a973cf8e,0.726987
user_2d74cd4c,14,user_201c8c78,0.724376
user_2d74cd4c,15,user_3ff88cf0,0.721535
user_2dc10d2d,1,user_c8f82360,0.722478
user_2dc10d2d,2,user_a973cf8e,0.720963
user_2dc10d2d,3,user_8ac8f24f,0.710090
user_2dc10d2d,4,user_2dc10d2d,0.700365
user_2dc10d2d,5,user_2817ec11,0.699706
user_2dc10d2d,6,user_00723699,0.680281
user_2dc10d2d,7,user_5159d3a1,0.678883
user_2dc10d2d,8,user_d10d1f24,0.675553
user_2dc10d2d,9,user_c0392523,0.667838
user_2dc10d2d,10,user_8285a696,0.667643
user_2dc10d2d,11,user_2a41ee39,0.665517
user_2dc10d2d,12,user_2cb4b018,0.661502
user_2dc10d2d,13,user_daf53db6,0.654005
user_2dc10d2d,14,user_380ddd3f,0.651019
user_2dc10d2d,15,user_1b7f8c56,0.647651
user_2dd189e3,1,user_c5c57a9d,0.737515
user_2dd189e3,2,user_5881b259,0.717417
user_2dd189e3,3,user_e93dfaa2,0.705774
user_2dd189e3,4,user_cf393213,0.701120
user_2dd189e3,5,user_a743aff9,0.683281
user_2dd189e3,6,user_c96b90fe,0.682039
user_2dd189e3,7,user_23ecc36a,0.674846
user_2dd189e3,8,user_0285dee3,0.670462
user_2dd189e3,9,user_2dd189e3,0.669468
user_2dd189e3,10,user_5993b36a,0.666003
user_2dd189e3,11,user_84c14a6f,0.665760
user_2dd189e3,12,user_1e08d102,0.665002
user_2dd189e3,13,user_0168255c,0.664605
user_2dd189e3,14,user_45be01a5,0.664366
user_2dd189e3,15,user_1cbb30b1,0.662952
user_2eaaa117,1,user_2eaaa117,0.781427
user_2eaaa117,2,user_b563e90b,0.690763
user_2eaaa117,3,user_83b871b5,0.678154
user_2eaaa117,4,user_08e9ce6e,0.665395
user_2eaaa117,5,user_ba4f42bb,0.652045
user_2eaaa117,6,user_3f1d04a6,0.650256
user_2eaaa117,7,user_1b460965,0.649455
user_2eaaa117,8,user_74da5a13,0.643389
user_2eaaa117,9,user_fde27362,0.634141
user_2eaaa117,10,user_acb899e9,0.631558
user_2eaaa117,11,user_33f2a818,0.627086
user_2eaaa117,12,user_8f39f021,0.625671
user_2eaaa117,13,user_e7a55eac,0.623671
user_2eaaa117,14,user_fc1cfe0b,0.623093
user_2eaaa117,15,user_7b052f32,0.615932
user_2eb5d860,1,user_2cb4b018,0.597171
user_2eb5d860,2,user_2eb5d860,0.593527
user_2eb5d860,3,user_c96b90fe,0.584449
user_2eb5d860,4,user_9bee2a7c,0.582607
user_2eb5d860,5,user_9ff844ba,0.578228
user_2eb5d860,6,user_11e8421f,0.567156
user_2eb5d860,7,user_b2dd04c8,0.566354
user_2eb5d860,8,user_c06d9b71,0.562817
user_2eb5d860,9,user_c67f26cc,0.560739
user_2eb5d860,10,user_c0eba9f2,0.560294
user_2eb5d860,11,user_2e05a7a0,0.557423
user_2eb5d860,12,user_c008345b,0.556050
user_2eb5d860,13,user_2b750e1c,0.555972
user_2eb5d860,14,user_afff552a,0.555385
user_2eb5d860,15,user_e802076d,0.555055
user_2efde048,1,user_201c8c78,0.703691
user_2efde048,2,user_2efde048,0.700302
user_2efde048,3,user_795650bb,0.693057
user_2efde048,4,user_5159d3a1,0.673515
user_2efde048,5,user_c8f82360,0.671723
user_2efde048,6,user_4607d25d,0.667471
user_2efde048,7,user_f3377028,0.660890
user_2efde048,8,user_e802076d,0.653310
user_2efde048,9,user_bd19a016,0.652534
user_2efde048,10,user_25652863,0.651635
user_2efde048,11,user_82c86537,0.640750
user_2efde048,12,user_2e60c125,0.639592
user_2efde048,13,user_ecba8131,0.638132
user_2efde048,14,user_e409a56d,0.635904
user_2efde048,15,user_80dc757f,0.634030
user_2f1085dd,1,user_e2e59795,0.787159
user_2f1085dd,2,user_74cfb8ef,0.761484
user_2f1085dd,3,user_c50a487d,0.743968
user_2f1085dd,4,user_6169d3b8,0.722833
user_2f1085dd,5,user_a411fb06,0.720638
user_2f1085dd,6,user_8fb63eca,0.714467
user_2f1085dd,7,user_20a01575,0.713103
user_2f1085dd,8,user_586752e4,0.701223
user_2f1085dd,9,user_d4c7b4c0,0.693440
user_2f1085dd,10,user_815b7baf,0.690081
user_2f1085dd,11,user_64cd3098,0.690023
user_2f1085dd,12,user_9c88ee3d,0.689369
user_2f1085dd,13,user_76fc8dcd,0.687514
user_2f1085dd,14,user_26fa9d90,0.687068
user_2f1085dd,15,user_4bd9303b,0.686886
user_2f766c23,1,user_c536b01d,0.657845
user_2f766c23,2,user_c8f82360,0.649455
user_2f766c23,3,user_bbe73426,0.642058
user_2f766c23,4,user_2f766c23,0.638691
user_2f766c23,5,user_a973cf8e,0.631591
user_2f766c23,6,user_32ae32f9,0.622556
user_2f766c23,7,user_3f2fbc90,0.621786
user_2f766c23,8,user_4607d25d,0.621537
user_2f766c23,9,user_165a2706,0.621263
user_2f766c23,10,user_8ac8f24f,0.615041
user_2f766c23,11,user_e838707b,0.612990
user_2f766c23,12,user_d10d1f24,0.612698
user_2f766c23,13,user_649f4327,0.611655
user_2f766c23,14,user_6bb64984,0.609187
user_2f766c23,15,user_6011e674,0.607519
user_3049510b,1,user_5d7cbf11,0.689205
user_3049510b,2,user_3049510b,0.686461
user_3049510b,3,user_87e5d9b0,0.674162
user_3049510b,4,user_00723699,0.666493
user_3049510b,5,user_c67f26cc,0.665541
user_3049510b,6,user_6fc85c06,0.663012
user_3049510b,7,user_c0eba9f2,0.656693
user_3049510b,8,user_7b052f32,0.655728
user_3049510b,9,user_423c81dc,0.651158
user_3049510b,10,user_83a58842,0.649752
user_3049510b,11,user_e7a55eac,0.643263
user_3049510b,12,user_a2825b06,0.637144
user_3049510b,13,user_e70b6a25,0.636374
user_3049510b,14,user_8afa3eba,0.634891
user_3049510b,15,user_126670d7,0.634437
user_30802254,1,user_30802254,0.787394
user_30802254,2,user_84c14a6f,0.773270
user_30802254,3,user_2a94c885,0.767031
user_30802254,4,user_cdd86523,0.753187
user_30802254,5,user_ebddf9c1,0.744690
user_30802254,6,user_8ac8f24f,0.740391
user_30802254,7,user_bdcc6e7d,0.736701
user_30802254,8,user_4607d25d,0.733916
user_30802254,9,user_0285dee3,0.732785
user_30802254,10,user_fa60616d,0.731528
user_30802254,11,user_8285a696,0.731042
user_30802254,12,user_6bf0e007,0.729571
user_30802254,13,user_a973cf8e,0.728468
user_30802254,14,user_8e97a154,0.723696
user_30802254,15,user_80da26a6,0.721163
user_3121653d,1,user_04d8419e,0.760916
user_3121653d,2,user_a4ae4e77,0.753767
user_3121653d,3,user_4607d25d,0.746558
user_3121653d,4,user_3f2fbc90,0.744105
user_3121653d,5,user_b628264a,0.739087
user_3121653d,6,user_e7a55eac,0.735313
user_3121653d,7,user_5f4ee256,0.732972
user_3121653d,8,user_f862100c,0.730530
user_3121653d,9,user_e8a7be73,0.727954
user_3121653d,10,user_c8e749e2,0.726012
user_3121653d,11,user_723406a0,0.725208
user_3121653d,12,user_8285a696,0.724116
user_3121653d,13,user_0285dee3,0.723575
user_3121653d,14,user_b4214db6,0.723437
user_3121653d,15,user_ee14f818,0.723008
user_32934d38,1,user_165a2706,0.637240
user_32934d38,2,user_bbe73426,0.629170
user_32934d38,3,user_32934d38,0.623305
user_32934d38,4,user_1cfedba8,0.615575
user_32934d38,5,user_6a0b0e92,0.613414
user_32934d38,6,user_c0eba9f2,0.591397
user_32934d38,7,user_5159d3a1,0.587574
user_32934d38,8,user_fa60616d,0.583885
user_32934d38,9,user_5c82df31,0.576118
user_32934d38,10,user_8ac8f24f,0.571752
user_32934d38,11,user_93cdb7a1,0.570987
user_32934d38,12,user_f75c71f0,0.565163
user_32934d38,13,user_c8f82360,0.563720
user_32934d38,14,user_2a94c885,0.559389
user_32934d38,15,user_53325367,0.557113
user_32ae32f9,1,user_e838707b,0.744322
user_32ae32f9,2,user_8ac8f24f,0.741647
user_32ae32f9,3,user_00723699,0.739493
user_32ae32f9,4,user_32ae32f9,0.728092
user_32ae32f9,5,user_ecba8131,0.717343
user_32ae32f9,6,user_649f4327,0.703397
user_32ae32f9,7,user_94f185bc,0.697915
user_32ae32f9,8,user_18522854,0.694370
user_32ae32f9,9,user_59d9db83,0.692133
user_32ae32f9,10,user_c0eba9f2,0.691162
user_32ae32f9,11,user_bf69de98,0.681687
user_32ae32f9,12,user_7b052f32,0.681145
user_32ae32f9,13,user_4607d25d,0.676404
user_32ae32f9,14,user_a973cf8e,0.675002
user_32ae32f9,15,user_9818dcae,0.673343
user_32f31383,1,user_0285dee3,0.731570
user_32f31383,2,user_32f31383,0.721517
user_32f31383,3,user_2a94c885,0.710637
user_32f31383,4,user_30802254,0.702910
user_32f31383,5,user_e7a55eac,0.700390
user_32f31383,6,user_3f2fbc90,0.698740
user_32f31383,7,user_aae78e0d,0.698313
user_32f31383,8,user_c0eba9f2,0.692308
user_32f31383,9,user_84c14a6f,0.690340
user_32f31383,10,user_39b3eda0,0.685285
user_32f31383,11,user_8285a696,0.684584
user_32f31383,12,user_6a0b0e92,0.684257
user_32f31383,13,user_5c82df31,0.673485
user_32f31383,14,user_cf393213,0.673383
user_32f31383,15,user_90202189,0.671148
user_3353b96b,1,user_3353b96b,0.788296
user_3353b96b,2,user_6169d3b8,0.757588
user_3353b96b,3,user_ded778b8,0.730556
user_3353b96b,4,user_ac6d6bff,0.717858
user_3353b96b,5,user_e5f67397,0.712290
user_3353b96b,6,user_74cfb8ef,0.710542
user_3353b96b,7,user_c50a487d,0.705150
user_3353b96b,8,user_d4c7b4c0,0.701407
user_3353b96b,9,user_0d32f0ed,0.695986
user_3353b96b,10,user_e2e59795,0.693511
user_3353b96b,11,user_20a01575,0.693368
user_3353b96b,12,user_8fb63eca,0.691004
user_3353b96b,13,user_0128a546,0.687807
user_3353b96b,14,user_07db2c6a,0.685388
user_3353b96b,15,user_840e0a93,0.685228
user_338e1332,1,user_c0eba9f2,0.763176
user_338e1332,2,user_4607d25d,0.757548
user_338e1332,3,user_5159d3a1,0.742962
user_338e1332,4,user_3239132f,0.740378
user_338e1332,5,user_98f18241,0.739851
user_338e1332,6,user_8285a696,0.734313
user_338e1332,7,user_80da26a6,0.733392
user_338e1332,8,user_5c82df31,0.729977
user_338e1332,9,user_75905116,0.729157
user_338e1332,10,user_8e97a154,0.728846
user_338e1332,11,user_18892460,0.724271
user_338e1332,12,user_ee14f818,0.723928
user_338e1332,13,user_ea67f9c6,0.723203
user_338e1332,14,user_fdc08e26,0.722989
user_338e1332,15,user_2a94c885,0.722641
user_34b1fb84,1,user_e838707b,0.655015
user_34b1fb84,2,user_52c9252c,0.598238
user_34b1fb84,3,user_ee8d5ec5,0.585339
user_34b1fb84,4,user_8ac8f24f,0.584835
user_34b1fb84,5,user_94f185bc,0.576116
user_34b1fb84,6,user_bf69de98,0.571978
user_34b1fb84,7,user_34b1fb84,0.571491
user_34b1fb84,8,user_2efde048,0.562322
user_34b1fb84,9,user_65d73ac1,0.560518
user_34b1fb84,10,user_a74b4eeb,0.558689
user_34b1fb84,11,user_e10c98bb,0.558595
user_34b1fb84,12,user_b350e22b,0.557884
user_34b1fb84,13,user_2f766c23,0.556824
user_34b1fb84,14,user_82c86537,0.555487
user_34b1fb84,15,user_2a41ee39,0.554948
user_364bb955,1,user_ded778b8,0.747220
user_364bb955,2,user_c50a487d,0.741482
user_364bb955,3,user_ac6d6bff,0.734154
user_364bb955,4,user_20a01575,0.730504
user_364bb955,5,user_124651ff,0.729273
user_364bb955,6,user_8c42f323,0.724418
user_364bb955,7,user_03410579,0.715180
user_364bb955,8,user_9818dcae,0.703378
user_364bb955,9,user_90e5fee6,0.694987
user_364bb955,10,user_93cdb7a1,0.693053
user_364bb955,11,user_434f3511,0.687711
user_364bb955,12,user_5c82df31,0.686921
user_364bb955,13,user_1f09455f,0.686557
user_364bb955,14,user_a00e0552,0.685659
user_364bb955,15,user_ba085464,0.685490
user_36dd1253,1,user_18522854,0.720316
user_36dd1253,2,user_5c82df31,0.719691
user_36dd1253,3,user_7b052f32,0.715067
user_36dd1253,4,user_8e97a154,0.711294
user_36dd1253,5,user_fdc08e26,0.711270
user_36dd1253,6,user_a8dc91a3,0.707341
user_36dd1253,7,user_a00e0552,0.706711
user_36dd1253,8,user_ee14f818,0.697033
user_36dd1253,9,user_6bf0e007,0.696310
user_36dd1253,10,user_66a7ce5a,0.692796
user_36dd1253,11,user_cdd86523,0.687152
user_36dd1253,12,user_11e8421f,0.684787
user_36dd1253,13,user_c06d9b71,0.682274
user_36dd1253,14,user_f827c7dd,0.681083
user_36dd1253,15,user_c50a487d,0.680769
user_372c2b3e,1,user_75905116,0.758886
user_372c2b3e,2,user_201c8c78,0.737167
user_372c2b3e,3,user_82c86537,0.732907
user_372c2b3e,4,user_5159d3a1,0.729599
user_372c2b3e,5,user_f3377028,0.705255
user_372c2b3e,6,user_e409a56d,0.698199
user_372c2b3e,7,user_f7fd2885,0.694497
user_372c2b3e,8,user_795650bb,0.692522
user_372c2b3e,9,user_4607d25d,0.681013
user_372c2b3e,10,user_74cfb8ef,0.677458
user_372c2b3e,11,user_b2aba63a,0.674022
user_372c2b3e,12,user_5062c872,0.672710
user_372c2b3e,13,user_bd19a016,0.672443
user_372c2b3e,14,user_372c2b3e,0.668546
user_372c2b3e,15,user_ba8b1c05,0.660044
user_378003e3,1,user_1fb646f2,0.802170
user_378003e3,2,user_da51dede,0.798784
user_378003e3,3,user_9818dcae,0.790477
user_378003e3,4,user_a01f16ac,0.780476
user_378003e3,5,user_8e48a3f8,0.779984
user_378003e3,6,user_378003e3,0.779145
user_378003e3,7,user_ee14f818,0.774891
user_378003e3,8,user_4607d25d,0.753344
user_378003e3,9,user_b2aba63a,0.750444
user_378003e3,10,user_ca6074df,0.737354
user_378003e3,11,user_166a3647,0.733904
user_378003e3,12,user_0c578ab5,0.732237
user_378003e3,13,user_201c8c78,0.727181
user_378003e3,14,user_a00e0552,0.723309
user_378003e3,15,user_0128a546,0.721986
user_37be663c,1,user_37be663c,0.678070
user_37be663c,2,user_baeb91b3,0.643308
user_37be663c,3,user_3ce4c1f8,0.631764
user_37be663c,4,user_ffe2efae,0.623043
user_37be663c,5,user_1e3084a6,0.609155
user_37be663c,6,user_d074356a,0.605011
user_37be663c,7,user_0d32f0ed,0.604101
user_37be663c,8,user_ecf8f97f,0.601664
user_37be663c,9,user_e8613813,0.595159
user_37be663c,10,user_1c45ab75,0.590724
user_37be663c,11,user_aaa1e595,0.586889
user_37be663c,12,user_76fc8dcd,0.585390
user_37be663c,13,user_b0129d9e,0.584548
user_37be663c,14,user_9fe4e0f5,0.583836
user_37be663c,15,user_1f636ddc,0.582098
user_38390331,1,user_9bee2a7c,0.777274
user_38390331,2,user_8e97a154,0.773109
user_38390331,3,user_6bf0e007,0.748069
user_38390331,4,user_406c399e,0.742398
user_38390331,5,user_8285a696,0.741162
user_38390331,6,user_8ac8f24f,0.741151
user_38390331,7,user_ebddf9c1,0.739816
user_38390331,8,user_f75c71f0,0.734274
user_38390331,9,user_2c940ff8,0.733482
user_38390331,10,user_9c7183c8,0.733069
user_38390331,11,user_030cf51a,0.722643
user_38390331,12,user_91f5e7af,0.720069
user_38390331,13,user_45be01a5,0.719571
user_38390331,14,user_b14ec02b,0.719544
user_38390331,15,user_80da26a6,0.715751
user_3850eb9e,1,user_da51dede,0.685988
user_3850eb9e,2,user_e838707b,0.678185
user_3850eb9e,3,user_3850eb9e,0.670546
user_3850eb9e,4,user_00723699,0.656864
user_3850eb9e,5,user_94f185bc,0.654166
user_3850eb9e,6,user_18522854,0.652616
user_3850eb9e,7,user_8e48a3f8,0.650635
user_3850eb9e,8,user_a8dc91a3,0.642723
user_3850eb9e,9,user_82c86537,0.642124
user_3850eb9e,10,user_7a7dda35,0.641397
user_3850eb9e,11,user_c809e3d2,0.641394
user_3850eb9e,12,user_b563e90b,0.641287
user_3850eb9e,13,user_bf69de98,0.640902
user_3850eb9e,14,user_1fb646f2,0.637900
user_3850eb9e,15,user_74da5a13,0.636009
user_38ab51d4,1,user_1230e05a,0.727352
user_38ab51d4,2,user_17607ebc,0.712815
user_38ab51d4,3,user_b6350ec1,0.707666
user_38ab51d4,4,user_83e30c57,0.698437
user_38ab51d4,5,user_dc32d458,0.693670
user_38ab51d4,6,user_b628264a,0.692707
user_38ab51d4,7,user_b6d05d1d,0.692527
user_38ab51d4,8,user_5881b259,0.690419
user_38ab51d4,9,user_7aa3746b,0.690185
user_38ab51d4,10,user_d70942c1,0.682442
user_38ab51d4,11,user_dd1d7b22,0.679486
user_38ab51d4,12,user_a7bfc229,0.678482
user_38ab51d4,13,user_23ecc36a,0.675599
user_38ab51d4,14,user_dbc4828c,0.674098
user_38ab51d4,15,user_38f4dfac,0.672990
user_3971c3e6,1,user_8e48a3f8,0.696590
user_3971c3e6,2,user_815b7baf,0.686710
user_3971c3e6,3,user_93cdb7a1,0.675987
user_3971c3e6,4,user_201c8c78,0.669499
user_3971c3e6,5,user_7b052f32,0.665323
user_3971c3e6,6,user_9818dcae,0.650383
user_3971c3e6,7,user_5159d3a1,0.648748
user_3971c3e6,8,user_3bc84c13,0.648237
user_3971c3e6,9,user_da51dede,0.645219
user_3971c3e6,10,user_0bd8ba7c,0.644523
user_3971c3e6,11,user_1c45ab75,0.643835
user_3971c3e6,12,user_5c82df31,0.642808
user_3971c3e6,13,user_3239132f,0.642744
user_3971c3e6,14,user_55058479,0.642061
user_3971c3e6,15,user_03410579,0.641275
user_39939c54,1,user_39939c54,0.772924
user_39939c54,2,user_84c14a6f,0.743131
user_39939c54,3,user_c6f50d12,0.731152
user_39939c54,4,user_30802254,0.729555
user_39939c54,5,user_91f5e7af,0.727418
user_39939c54,6,user_636ad58f,0.715515
user_39939c54,7,user_23ecc36a,0.714200
user_39939c54,8,user_80da26a6,0.709550
user_39939c54,9,user_8a3bbeb2,0.702031
user_39939c54,10,user_bf69de98,0.695408
user_39939c54,11,user_886f7373,0.693080
user_39939c54,12,user_dc326993,0.692219
user_39939c54,13,user_cdd86523,0.690260
user_39939c54,14,user_68d19df8,0.685973
user_39939c54,15,user_2a94c885,0.684847
user_39aad1a2,1,user_ca130b8f,0.659030
user_39aad1a2,2,user_5d7cbf11,0.633855
user_39aad1a2,3,user_d5b21e00,0.626664
user_39aad1a2,4,user_c73333a5,0.625576
user_39aad1a2,5,user_1022be44,0.625440
user_39aad1a2,6,user_423c81dc,0.625000
user_39aad1a2,7,user_98a676ce,0.619293
user_39aad1a2,8,user_aa19d173,0.618900
user_39aad1a2,9,user_6a28fa5d,0.615807
user_39aad1a2,10,user_6058434c,0.612099
user_39aad1a2,11,user_a615a6d1,0.607632
user_39aad1a2,12,user_6fc85c06,0.601227
user_39aad1a2,13,user_3f1d04a6,0.598390
user_39aad1a2,14,user_39aad1a2,0.597073
user_39aad1a2,15,user_86685a27,0.594931
user_39f8897b,1,user_39f8897b,0.692576
user_39f8897b,2,user_2c3eb234,0.524144
user_39f8897b,3,user_36dd1253,0.496420
user_39f8897b,4,user_b605d5c9,0.484695
user_39f8897b,5,user_b6b89f00,0.482889
user_39f8897b,6,user_25b48a9a,0.478709
user_39f8897b,7,user_f0cf195f,0.447415
user_39f8897b,8,user_07ec3726,0.441416
user_39f8897b,9,user_a16d1fb6,0.437947
user_39f8897b,10,user_2142b6e1,0.432582
user_39f8897b,11,user_d10d1f24,0.429199
user_39f8897b,12,user_43049634,0.429136
user_39f8897b,13,user_dbbf562e,0.426579
user_39f8897b,14,user_dffc0da5,0.421804
user_39f8897b,15,user_a7b901f2,0.415336
user_3a55606c,1,user_a2825b06,0.760772
user_3a55606c,2,user_ff39b6cf,0.729677
user_3a55606c,3,user_54c1ebee,0.724057
user_3a55606c,4,user_039d004e,0.722734
user_3a55606c,5,user_36e75535,0.717425
user_3a55606c,6,user_cce4f9c2,0.709338
user_3a55606c,7,user_93cdb7a1,0.699856
user_3a55606c,8,user_3a55606c,0.699563
user_3a55606c,9,user_c67f26cc,0.697944
user_3a55606c,10,user_a00e0552,0.697177
user_3a55606c,11,user_259776c7,0.695001
user_3a55606c,12,user_d4c7b4c0,0.691499
user_3a55606c,13,user_76fc8dcd,0.688975
user_3a55606c,14,user_f862100c,0.687997
user_3a55606c,15,user_8e5e899b,0.687824
user_3b1da5d9,1,user_a7b901f2,0.799461
user_3b1da5d9,2,user_201c8c78,0.771131
user_3b1da5d9,3,user_5159d3a1,0.751353
user_3b1da5d9,4,user_2cb4b018,0.741203
user_3b1da5d9,5,user_26fa9d90,0.721644
user_3b1da5d9,6,user_8c11f026,0.718433
user_3b1da5d9,7,user_df8dc9bb,0.712691
user_3b1da5d9,8,user_1c45ab75,0.712308
user_3b1da5d9,9,user_9818dcae,0.711839
user_3b1da5d9,10,user_4bd9303b,0.710707
user_3b1da5d9,11,user_64cd3098,0.707664
user_3b1da5d9,12,user_74cfb8ef,0.704008
user_3b1da5d9,13,user_02fecea2,0.703636
user_3b1da5d9,14,user_6bf0e007,0.702867
user_3b1da5d9,15,user_82c86537,0.699767
user_3b90fb53,1,user_8285a696,0.772046
user_3b90fb53,2,user_6a0b0e92,0.749542
user_3b90fb53,3,user_91f5e7af,0.731629
user_3b90fb53,4,user_56980aa9,0.722291
user_3b90fb53,5,user_c8f82360,0.721249
user_3b90fb53,6,user_3b90fb53,0.719814
user_3b90fb53,7,user_e4f8ab0c,0.718864
user_3b90fb53,8,user_e802076d,0.717321
user_3b90fb53,9,user_2a94c885,0.714753
user_3b90fb53,10,user_5f4ee256,0.714250
user_3b90fb53,11,user_4607d25d,0.713694
user_3b90fb53,12,user_5d7cbf11,0.712900
user_3b90fb53,13,user_80da26a6,0.711365
user_3b90fb53,14,user_ee14f818,0.710490
user_3b90fb53,15,user_8ce972f1,0.704438
user_3bb7992e,1,user_d5b21e00,0.722069
user_3bb7992e,2,user_74cfb8ef,0.714031
user_3bb7992e,3,user_08e9ce6e,0.700195
user_3bb7992e,4,user_7b052f32,0.694764
user_3bb7992e,5,user_201c8c78,0.694464
user_3bb7992e,6,user_ba8b1c05,0.693579
user_3bb7992e,7,user_4607d25d,0.692818
user_3bb7992e,8,user_5159d3a1,0.690714
user_3bb7992e,9,user_3f1d04a6,0.689983
user_3bb7992e,10,user_bd19a016,0.684087
user_3bb7992e,11,user_26fa9d90,0.683204
user_3bb7992e,12,user_8285a696,0.675296
user_3bb7992e,13,user_1022be44,0.671843
user_3bb7992e,14,user_f827c7dd,0.669056
user_3bb7992e,15,user_ecba8131,0.660176
user_3ce4c1f8,1,user_18522854,0.715341
user_3ce4c1f8,2,user_39aad1a2,0.711566
user_3ce4c1f8,3,user_124651ff,0.704205
user_3ce4c1f8,4,user_ee05ee55,0.701308
user_3ce4c1f8,5,user_ff7631ef,0.693047
user_3ce4c1f8,6,user_abde0618,0.692681
user_3ce4c1f8,7,user_8e5bead9,0.685279
user_3ce4c1f8,8,user_147d1bbb,0.679452
user_3ce4c1f8,9,user_66772d98,0.674829
user_3ce4c1f8,10,user_e696f3ae,0.668666
user_3ce4c1f8,11,user_9da8848a,0.663944
user_3ce4c1f8,12,user_8e97a154,0.660729
user_3ce4c1f8,13,user_8285a696,0.659881
user_3ce4c1f8,14,user_c67f26cc,0.659254
user_3ce4c1f8,15,user_a2480011,0.656131
user_3e284ba5,1,user_6bf0e007,0.783015
user_3e284ba5,2,user_3e284ba5,0.774175
user_3e284ba5,3,user_885e8708,0.770893
user_3e284ba5,4,user_a00e0552,0.760684
user_3e284ba5,5,user_259776c7,0.757406
user_3e284ba5,6,user_ee14f818,0.751687
user_3e284ba5,7,user_8e97a154,0.741833
user_3e284ba5,8,user_ca6074df,0.738442
user_3e284ba5,9,user_fdc08e26,0.737749
user_3e284ba5,10,user_afff552a,0.735897
user_3e284ba5,11,user_91db6e48,0.735424
user_3e284ba5,12,user_c50a487d,0.729963
user_3e284ba5,13,user_5f4ee256,0.728631
user_3e284ba5,14,user_650da71b,0.728351
user_3e284ba5,15,user_25b48a9a,0.727725
user_3eb49f37,1,user_3eb49f37,0.876688
user_3eb49f37,2,user_04d8419e,0.793217
user_3eb49f37,3,user_d4b7e22e,0.787380
user_3eb49f37,4,user_423c81dc,0.769645
user_3eb49f37,5,user_6fc85c06,0.767030
user_3eb49f37,6,user_5d7cbf11,0.759791
user_3eb49f37,7,user_7322f4ef,0.750121
user_3eb49f37,8,user_d5d4fc6e,0.748122
user_3eb49f37,9,user_98a676ce,0.744292
user_3eb49f37,10,user_058d9dc1,0.743351
user_3eb49f37,11,user_823846de,0.732612
user_3eb49f37,12,user_1bcbacb3,0.732033
user_3eb49f37,13,user_efa5697b,0.730433
user_3eb49f37,14,user_fc1cfe0b,0.715223
user_3eb49f37,15,user_a2503734,0.711076
user_3f1d04a6,1,user_c8e749e2,0.635874
user_3f1d04a6,2,user_3f1d04a6,0.581640
user_3f1d04a6,3,user_406c399e,0.573942
user_3f1d04a6,4,user_5159d3a1,0.570866
user_3f1d04a6,5,user_f930e37f,0.566752
user_3f1d04a6,6,user_74c84045,0.565567
user_3f1d04a6,7,user_8e97a154,0.559843
user_3f1d04a6,8,user_b2dd04c8,0.550716
user_3f1d04a6,9,user_4a57e449,0.550040
user_3f1d04a6,10,user_80da26a6,0.548221
user_3f1d04a6,11,user_9bee2a7c,0.547611
user_3f1d04a6,12,user_1302cb61,0.546781
user_3f1d04a6,13,user_1936a7c3,0.543180
user_3f1d04a6,14,user_e30558fe,0.540514
user_3f1d04a6,15,user_2a94c885,0.533625
user_3f2894b5,1,user_3f2894b5,0.720509
user_3f2894b5,2,user_5159d3a1,0.719606
user_3f2894b5,3,user_6a0b0e92,0.701894
user_3f2894b5,4,user_201c8c78,0.693739
user_3f2894b5,5,user_11e8421f,0.675654
user_3f2894b5,6,user_fdc08e26,0.658710
user_3f2894b5,7,user_8e97a154,0.658606
user_3f2894b5,8,user_dc326993,0.658146
user_3f2894b5,9,user_8285a696,0.656299
user_3f2894b5,10,user_6bf0e007,0.651604
user_3f2894b5,11,user_f368b9da,0.645525
user_3f2894b5,12,user_c67f26cc,0.645320
user_3f2894b5,13,user_7b052f32,0.638583
user_3f2894b5,14,user_406c399e,0.638110
user_3f2894b5,15,user_5d7cbf11,0.636081
user_3f798a8b,1,user_3f798a8b,0.531452
user_3f798a8b,2,user_74d27419,0.528550
user_3f798a8b,3,user_4a57e449,0.524019
user_3f798a8b,4,user_afff552a,0.510248
user_3f798a8b,5,user_8292753c,0.508622
user_3f798a8b,6,user_dc32d458,0.506041
user_3f798a8b,7,user_ebe17c78,0.502069
user_3f798a8b,8,user_b6350ec1,0.497690
user_3f798a8b,9,user_8fe14601,0.493559
user_3f798a8b,10,user_e802076d,0.490328
user_3f798a8b,11,user_68d19df8,0.488815
user_3f798a8b,12,user_4e54f3d7,0.486329
user_3f798a8b,13,user_65d73ac1,0.486123
user_3f798a8b,14,user_2f766c23,0.484264
user_3f798a8b,15,user_15179955,0.483071
user_3ff3188b,1,user_4e54f3d7,0.619499
user_3ff3188b,2,user_46bb5302,0.609670
user_3ff3188b,3,user_b2aba63a,0.609565
user_3ff3188b,4,user_3ff88cf0,0.601496
user_3ff3188b,5,user_166a3647,0.601020
user_3ff3188b,6,user_75905116,0.592146
user_3ff3188b,7,user_0c578ab5,0.591443
user_3ff3188b,8,user_8292753c,0.590390
user_3ff3188b,9,user_372c2b3e,0.588637
user_3ff3188b,10,user_8006727d,0.587667
user_3ff3188b,11,user_e409a56d,0.585536
user_3ff3188b,12,user_201c8c78,0.581442
user_3ff3188b,13,user_38390331,0.581146
user_3ff3188b,14,user_3e284ba5,0.580940
user_3ff3188b,15,user_3f798a8b,0.580402
user_3ff88cf0,1,user_3ff88cf0,0.815117
user_3ff88cf0,2,user_46bb5302,0.775590
user_3ff88cf0,3,user_b14ec02b,0.765720
user_3ff88cf0,4,user_db4c3fb9,0.757288
user_3ff88cf0,5,user_9c7183c8,0.752948
user_3ff88cf0,6,user_201c8c78,0.740771
user_3ff88cf0,7,user_b16e0cf8,0.736930
user_3ff88cf0,8,user_9fefea54,0.730181
user_3ff88cf0,9,user_8f8346ad,0.727846
user_3ff88cf0,10,user_166a3647,0.722053
user_3ff88cf0,11,user_3f798a8b,0.718690
user_3ff88cf0,12,user_c92c8f83,0.717612
user_3ff88cf0,13,user_c96b90fe,0.717455
user_3ff88cf0,14,user_4e54f3d7,0.716413
user_3ff88cf0,15,user_0bd8ba7c,0.713533
user_40a0bad3,1,user_40a0bad3,0.762896
user_40a0bad3,2,user_e802076d,0.762657
user_40a0bad3,3,user_406c399e,0.755509
user_40a0bad3,4,user_4e54f3d7,0.718183
user_40a0bad3,5,user_6a0b0e92,0.705633
user_40a0bad3,6,user_5159d3a1,0.704216
user_40a0bad3,7,user_25b48a9a,0.703343
user_40a0bad3,8,user_afff552a,0.700871
user_40a0bad3,9,user_8285a696,0.692915
user_40a0bad3,10,user_e4f8ab0c,0.692885
user_40a0bad3,11,user_201c8c78,0.692175
user_40a0bad3,12,user_84c14a6f,0.692147
user_40a0bad3,13,user_4607d25d,0.690072
user_40a0bad3,14,user_26565155,0.688378
user_40a0bad3,15,user_6bf0e007,0.686781
user_40efa894,1,user_e409a56d,0.776098
user_40efa894,2,user_201c8c78,0.768346
user_40efa894,3,user_4607d25d,0.762506
user_40efa894,4,user_82c86537,0.751466
user_40efa894,5,user_d5b21e00,0.745763
user_40efa894,6,user_ecba8131,0.730626
user_40efa894,7,user_f7fd2885,0.730518
user_40efa894,8,user_f3377028,0.729894
user_40efa894,9,user_5159d3a1,0.729201
user_40efa894,10,user_ba8b1c05,0.727632
user_40efa894,11,user_bd19a016,0.726187
user_40efa894,12,user_75905116,0.720924
user_40efa894,13,user_04f39d22,0.718072
user_40efa894,14,user_1022be44,0.717035
user_40efa894,15,user_25652863,0.714076
user_41b20ee4,1,user_9818dcae,0.781474
user_41b20ee4,2,user_4f3b6241,0.742956
user_41b20ee4,3,user_3431c049,0.740009
user_41b20ee4,4,user_0c578ab5,0.733390
user_41b20ee4,5,user_20a01575,0.731607
user_41b20ee4,6,user_91db6e48,0.729312
user_41b20ee4,7,user_02fecea2,0.729140
user_41b20ee4,8,user_76fc8dcd,0.728953
user_41b20ee4,9,user_8fb63eca,0.725799
user_41b20ee4,10,user_03410579,0.721046
user_41b20ee4,11,user_ba085464,0.718834
user_41b20ee4,12,user_8713f22a,0.717268
user_41b20ee4,13,user_64cd3098,0.716442
user_41b20ee4,14,user_a00e0552,0.715978
user_41b20ee4,15,user_5c5a0b40,0.715459
user_433bdef0,1,user_93cdb7a1,0.682248
user_433bdef0,2,user_5c5a0b40,0.680092
user_433bdef0,3,user_ff39b6cf,0.675885
user_433bdef0,4,user_d4c7b4c0,0.664153
user_433bdef0,5,user_a01f16ac,0.662493
user_433bdef0,6,user_a00e0552,0.661015
user_433bdef0,7,user_9818dcae,0.658094
user_433bdef0,8,user_7b052f32,0.653869
user_433bdef0,9,user_c50a487d,0.651308
user_433bdef0,10,user_8e97a154,0.648278
user_433bdef0,11,user_5c82df31,0.646691
user_433bdef0,12,user_0128a546,0.644986
user_433bdef0,13,user_ee14f818,0.640695
user_433bdef0,14,user_259776c7,0.640571
user_433bdef0,15,user_8e5e899b,0.637903
user_434f3511,1,user_ac6d6bff,0.638415
user_434f3511,2,user_56e6d0cd,0.623584
user_434f3511,3,user_93cdb7a1,0.608181
user_434f3511,4,user_434f3511,0.606565
user_434f3511,5,user_02fecea2,0.599868
user_434f3511,6,user_20a01575,0.595392
user_434f3511,7,user_4bd9303b,0.594823
user_434f3511,8,user_815b7baf,0.589630
user_434f3511,9,user_72bed676,0.589321
user_434f3511,10,user_83585fc6,0.580061
user_434f3511,11,user_baeb91b3,0.577218
user_434f3511,12,user_36e75535,0.576762
user_434f3511,13,user_ded778b8,0.575524
user_434f3511,14,user_e2e59795,0.573877
user_434f3511,15,user_a0517bef,0.572301
user_44567221,1,user_5a6f92a6,0.737955
user_44567221,2,user_5c82df31,0.579806
user_44567221,3,user_55058479,0.574574
user_44567221,4,user_8285a696,0.573038
user_44567221,5,user_c0eba9f2,0.570421
user_44567221,6,user_11e8421f,0.562815
user_44567221,7,user_7c8639cd,0.562504
user_44567221,8,user_a4aab257,0.562334
user_44567221,9,user_18522854,0.559253
user_44567221,10,user_6b311f43,0.558280
user_44567221,11,user_f75c71f0,0.552984
user_44567221,12,user_8e97a154,0.550664
user_44567221,13,user_c50a487d,0.550435
user_44567221,14,user_1cfedba8,0.546831
user_44567221,15,user_efcacf59,0.543628
user_454733da,1,user_454733da,0.629471
user_454733da,2,user_bd05225b,0.585912
user_454733da,3,user_5d7cbf11,0.578664
user_454733da,4,user_598cc905,0.569038
user_454733da,5,user_eafc973e,0.565921
user_454733da,6,user_4db0d490,0.560252
user_454733da,7,user_9ffdf5e5,0.557168
user_454733da,8,user_3bb7992e,0.555159
user_454733da,9,user_d0a0f883,0.548321
user_454733da,10,user_723406a0,0.546141
user_454733da,11,user_a2503734,0.544465
user_454733da,12,user_dcf52d26,0.542433
user_454733da,13,user_ba4a78fc,0.537444
user_454733da,14,user_dc20c886,0.535397
user_454733da,15,user_59e8bc2a,0.533043
user_45926b89,1,user_45926b89,0.781062
user_45926b89,2,user_6011e674,0.754891
user_45926b89,3,user_80da26a6,0.743589
user_45926b89,4,user_d54f676e,0.730262
user_45926b89,5,user_4607d25d,0.726028
user_45926b89,6,user_f654c33b,0.718660
user_45926b89,7,user_82d93459,0.718278
user_45926b89,8,user_56980aa9,0.714472
user_45926b89,9,user_dc32d458,0.714153
user_45926b89,10,user_83e30c57,0.708870
user_45926b89,11,user_5881b259,0.707229
user_45926b89,12,user_30802254,0.705392
user_45926b89,13,user_91f5e7af,0.704650
user_45926b89,14,user_165a2706,0.700869
user_45926b89,15,user_84c14a6f,0.700489
user_45d008d3,1,user_86685a27,0.665250
user_45d008d3,2,user_9ffdf5e5,0.651552
user_45d008d3,3,user_5d7cbf11,0.643930
user_45d008d3,4,user_a04b2a78,0.638578
user_45d008d3,5,user_598cc905,0.633843
user_45d008d3,6,user_17355c30,0.627720
user_45d008d3,7,user_f5c4370b,0.621455
user_45d008d3,8,user_4db0d490,0.613914
user_45d008d3,9,user_37cd2dc9,0.613833
user_45d008d3,10,user_8c193f56,0.611787
user_45d008d3,11,user_e4ab67b6,0.610135
user_45d008d3,12,user_dcf52d26,0.606662
user_45d008d3,13,user_c883258f,0.604462
user_45d008d3,14,user_bd05225b,0.600789
user_45d008d3,15,user_1bcbacb3,0.599350
user_4607d25d,1,user_5c82df31,0.764070
user_4607d25d,2,user_8285a696,0.754185
user_4607d25d,3,user_df8dc9bb,0.752324
user_4607d25d,4,user_93cdb7a1,0.747935
user_4607d25d,5,user_7b052f32,0.747076
user_4607d25d,6,user_4607d25d,0.744268
user_4607d25d,7,user_ee14f818,0.741753
user_4607d25d,8,user_9818dcae,0.724999
user_4607d25d,9,user_8e97a154,0.719714
user_4607d25d,10,user_6bf0e007,0.715599
user_4607d25d,11,user_e7a55eac,0.714327
user_4607d25d,12,user_c50a487d,0.712445
user_4607d25d,13,user_74cfb8ef,0.712088
user_4607d25d,14,user_3f1d04a6,0.709141
user_4607d25d,15,user_18522854,0.708703
user_46e2e7ec,1,user_46e2e7ec,0.780678
user_46e2e7ec,2,user_6ae9ce92,0.692529
user_46e2e7ec,3,user_f14dc486,0.683668
user_46e2e7ec,4,user_245fd42f,0.668108
user_46e2e7ec,5,user_7aa3746b,0.662060
user_46e2e7ec,6,user_840e0a93,0.658243
user_46e2e7ec,7,user_e409a56d,0.657269
user_46e2e7ec,8,user_c8e749e2,0.653848
user_46e2e7ec,9,user_dc32d458,0.650843
user_46e2e7ec,10,user_1230e05a,0.648024
user_46e2e7ec,11,user_1e302679,0.646594
user_46e2e7ec,12,user_5bc74ae7,0.645246
user_46e2e7ec,13,user_5a6c91dd,0.643365
user_46e2e7ec,14,user_6011e674,0.638400
user_46e2e7ec,15,user_cc1c8897,0.638387
user_476670f9,1,user_da51dede,0.835390
user_476670f9,2,user_8e48a3f8,0.824265
user_476670f9,3,user_166a3647,0.798695
user_476670f9,4,user_ca6074df,0.797782
user_476670f9,5,user_259776c7,0.787310
user_476670f9,6,user_98f18241,0.787028
user_476670f9,7,user_9818dcae,0.781069
user_476670f9,8,user_201c8c78,0.780419
user_476670f9,9,user_db4c3fb9,0.775777
user_476670f9,10,user_b14ec02b,0.775752
user_476670f9,11,user_378003e3,0.775004
user_476670f9,12,user_2f4cc646,0.774002
user_476670f9,13,user_1fb646f2,0.768378
user_476670f9,14,user_1b7f8c56,0.767132
user_476670f9,15,user_a01f16ac,0.764979
user_4aaa8404,1,user_4aaa8404,0.802954
user_4aaa8404,2,user_d10d1f24,0.775928
user_4aaa8404,3,user_00723699,0.752263
user_4aaa8404,4,user_8da30894,0.721697
user_4aaa8404,5,user_c0392523,0.713277
user_4aaa8404,6,user_c8f82360,0.708023
user_4aaa8404,7,user_c41de62b,0.702670
user_4aaa8404,8,user_8ac8f24f,0.700001
user_4aaa8404,9,user_daf53db6,0.699456
user_4aaa8404,10,user_543e79f5,0.697037
user_4aaa8404,11,user_a973cf8e,0.694702
user_4aaa8404,12,user_aa2fbe83,0.689255
user_4aaa8404,13,user_16ac4154,0.671909
user_4aaa8404,14,user_2dc10d2d,0.671408
user_4aaa8404,15,user_2817ec11,0.671239
user_4ab9d510,1,user_4607d25d,0.741500
user_4ab9d510,2,user_6bf0e007,0.729765
user_4ab9d510,3,user_ee14f818,0.715908
user_4ab9d510,4,user_406c399e,0.712506
user_4ab9d510,5,user_0285dee3,0.712235
user_4ab9d510,6,user_8285a696,0.712183
user_4ab9d510,7,user_fdc08e26,0.709464
user_4ab9d510,8,user_3085d204,0.709194
user_4ab9d510,9,user_3f2fbc90,0.696372
user_4ab9d510,10,user_91f5e7af,0.686391
user_4ab9d510,11,user_aae78e0d,0.685512
user_4ab9d510,12,user_e802076d,0.682712
user_4ab9d510,13,user_94f185bc,0.682688
user_4ab9d510,14,user_723406a0,0.678752
user_4ab9d510,15,user_c154e834,0.676413
user_4b139395,1,user_f862100c,0.600074
user_4b139395,2,user_c67f26cc,0.583349
user_4b139395,3,user_0a3f46b9,0.573888
user_4b139395,4,user_0c8c48ac,0.571876
user_4b139395,5,user_e8e9acac,0.563642
user_4b139395,6,user_039d004e,0.559511
user_4b139395,7,user_a2825b06,0.557681
user_4b139395,8,user_3a55606c,0.552656
user_4b139395,9,user_1dc24686,0.552337
user_4b139395,10,user_5d7cbf11,0.552279
user_4b139395,11,user_f10e7063,0.549153
user_4b139395,12,user_cce4f9c2,0.545760
user_4b139395,13,user_4db0d490,0.543801
user_4b139395,14,user_e59c000f,0.540297
user_4b139395,15,user_4d4f73a6,0.537589
user_4b8335bd,1,user_74c84045,0.722638
user_4b8335bd,2,user_3f1d04a6,0.700883
user_4b8335bd,3,user_d5b21e00,0.683236
user_4b8335bd,4,user_840e0a93,0.682334
user_4b8335bd,5,user_9fc3c829,0.673605
user_4b8335bd,6,user_6169d3b8,0.668856
user_4b8335bd,7,user_2eaaa117,0.666473
user_4b8335bd,8,user_5159d3a1,0.665216
user_4b8335bd,9,user_e30558fe,0.664294
user_4b8335bd,10,user_c8e749e2,0.663340
user_4b8335bd,11,user_bd19a016,0.662414
user_4b8335bd,12,user_5d7cbf11,0.662399
user_4b8335bd,13,user_07db2c6a,0.658644
user_4b8335bd,14,user_40efa894,0.657654
user_4b8335bd,15,user_04d8419e,0.652540
user_4bd9303b,1,user_74cfb8ef,0.729326
user_4bd9303b,2,user_a7b901f2,0.696548
user_4bd9303b,3,user_6bf0e007,0.664524
user_4bd9303b,4,user_7c3d63ce,0.652259
user_4bd9303b,5,user_5159d3a1,0.649408
user_4bd9303b,6,user_ee14f818,0.649399
user_4bd9303b,7,user_08e9ce6e,0.649169
user_4bd9303b,8,user_65d73ac1,0.646598
user_4bd9303b,9,user_fdc08e26,0.642782
user_4bd9303b,10,user_c50a487d,0.641147
user_4bd9303b,11,user_815b7baf,0.641028
user_4bd9303b,12,user_80dc757f,0.639861
user_4bd9303b,13,user_c8f82360,0.636395
user_4bd9303b,14,user_201c8c78,0.636285
user_4bd9303b,15,user_a16d1fb6,0.633018
user_4cad4295,1,user_1c45ab75,0.632080
user_4cad4295,2,user_6c2d672f,0.627707
user_4cad4295,3,user_9818dcae,0.626375
user_4cad4295,4,user_1302cb61,0.622509
user_4cad4295,5,user_bbb0205e,0.621203
user_4cad4295,6,user_e6057285,0.615615
user_4cad4295,7,user_414a6eaf,0.604826
user_4cad4295,8,user_4cad4295,0.600838
user_4cad4295,9,user_1f636ddc,0.600357
user_4cad4295,10,user_03410579,0.599041
user_4cad4295,11,user_02fecea2,0.597527
user_4cad4295,12,user_815b7baf,0.594250
user_4cad4295,13,user_aa2fbe83,0.593773
user_4cad4295,14,user_3b79395c,0.593108
user_4cad4295,15,user_aa4cc34a,0.590026
user_4d4f73a6,1,user_885e8708,0.599481
user_4d4f73a6,2,user_acd6ddfb,0.590464
user_4d4f73a6,3,user_43a979d2,0.576540
user_4d4f73a6,4,user_2c69b83e,0.569008
user_4d4f73a6,5,user_6bf0e007,0.565551
user_4d4f73a6,6,user_e5a6abbe,0.564332
user_4d4f73a6,7,user_3121653d,0.563595
user_4d4f73a6,8,user_54b19b29,0.559501
user_4d4f73a6,9,user_a00e0552,0.559460
user_4d4f73a6,10,user_c9007141,0.550466
user_4d4f73a6,11,user_56e6d0cd,0.548216
user_4d4f73a6,12,user_4d4f73a6,0.546791
user_4d4f73a6,13,user_5a5bee64,0.543262
user_4d4f73a6,14,user_afff552a,0.543093
user_4d4f73a6,15,user_07cb458d,0.542406
user_4e42bf97,1,user_ee14f818,0.776206
user_4e42bf97,2,user_6bf0e007,0.753002
user_4e42bf97,3,user_4607d25d,0.743661
user_4e42bf97,4,user_80da26a6,0.736883
user_4e42bf97,5,user_94f185bc,0.736840
user_4e42bf97,6,user_8285a696,0.731890
user_4e42bf97,7,user_0285dee3,0.729818
user_4e42bf97,8,user_7b052f32,0.729369
user_4e42bf97,9,user_6a0b0e92,0.715938
user_4e42bf97,10,user_36d44add,0.715123
user_4e42bf97,11,user_4e42bf97,0.711343
user_4e42bf97,12,user_f6188968,0.705701
user_4e42bf97,13,user_b9b94432,0.704802
user_4e42bf97,14,user_1d775dd8,0.704233
user_4e42bf97,15,user_5159d3a1,0.702362
user_4e54f3d7,1,user_6a0b0e92,0.767500
user_4e54f3d7,2,user_0285dee3,0.752779
user_4e54f3d7,3,user_a01f16ac,0.739543
user_4e54f3d7,4,user_6bf0e007,0.726898
user_4e54f3d7,5,user_84c14a6f,0.725689
user_4e54f3d7,6,user_30802254,0.723622
user_4e54f3d7,7,user_4e54f3d7,0.722362
user_4e54f3d7,8,user_bdcc6e7d,0.720097
user_4e54f3d7,9,user_94f185bc,0.719666
user_4e54f3d7,10,user_4607d25d,0.719397
user_4e54f3d7,11,user_66a7ce5a,0.718694
user_4e54f3d7,12,user_3f2fbc90,0.718363
user_4e54f3d7,13,user_df3c19a7,0.717858
user_4e54f3d7,14,user_8f8346ad,0.717139
user_4e54f3d7,15,user_2a94c885,0.715221
user_4f3b6241,1,user_6bf0e007,0.739254
user_4f3b6241,2,user_04d29f9c,0.729459
user_4f3b6241,3,user_13fb2e34,0.723525
user_4f3b6241,4,user_7b052f32,0.719930
user_4f3b6241,5,user_c903d3bb,0.700936
user_4f3b6241,6,user_ee14f818,0.699238
user_4f3b6241,7,user_bdcc6e7d,0.685259
user_4f3b6241,8,user_0285dee3,0.671815
user_4f3b6241,9,user_7a8f7f3e,0.666349
user_4f3b6241,10,user_c06d9b71,0.664100
user_4f3b6241,11,user_3e284ba5,0.662763
user_4f3b6241,12,user_8006727d,0.661062
user_4f3b6241,13,user_98f18241,0.660076
user_4f3b6241,14,user_b2dd04c8,0.659602
user_4f3b6241,15,user_c0eba9f2,0.657345
user_4f8b6987,1,user_39b3eda0,0.679529
user_4f8b6987,2,user_6d071251,0.669268
user_4f8b6987,3,user_c0eba9f2,0.666022
user_4f8b6987,4,user_32f31383,0.651280
user_4f8b6987,5,user_f654c33b,0.646478
user_4f8b6987,6,user_d69d04b7,0.639016
user_4f8b6987,7,user_4f8b6987,0.624466
user_4f8b6987,8,user_27a3fa64,0.619006
user_4f8b6987,9,user_94f185bc,0.618889
user_4f8b6987,10,user_7fd91653,0.605195
user_4f8b6987,11,user_bbe73426,0.604277
user_4f8b6987,12,user_30802254,0.603112
user_4f8b6987,13,user_f52ced02,0.602586
user_4f8b6987,14,user_6a0b0e92,0.600152
user_4f8b6987,15,user_23ecc36a,0.597325
user_500badda,1,user_26fa9d90,0.673918
user_500badda,2,user_74cfb8ef,0.649877
user_500badda,3,user_a7b901f2,0.635695
user_500badda,4,user_4bd9303b,0.635418
user_500badda,5,user_201c8c78,0.634554
user_500badda,6,user_75905116,0.633805
user_500badda,7,user_64cd3098,0.632991
user_500badda,8,user_500badda,0.631240
user_500badda,9,user_687feee4,0.625337
user_500badda,10,user_b2aba63a,0.625154
user_500badda,11,user_d2c97c8e,0.619635
user_500badda,12,user_5159d3a1,0.611660
user_500badda,13,user_93cdb7a1,0.603466
user_500badda,14,user_8e48a3f8,0.597103
user_500badda,15,user_0c578ab5,0.584957
user_5062c872,1,user_5062c872,0.765850
user_5062c872,2,user_795650bb,0.720769
user_5062c872,3,user_bd19a016,0.719741
user_5062c872,4,user_6fa47d61,0.708753
user_5062c872,5,user_82c86537,0.707380
user_5062c872,6,user_75905116,0.706291
user_5062c872,7,user_201c8c78,0.694921
user_5062c872,8,user_e409a56d,0.694542
user_5062c872,9,user_4607d25d,0.694150
user_5062c872,10,user_f3377028,0.689937
user_5062c872,11,user_bf30f80d,0.686306
user_5062c872,12,user_2efde048,0.684745
user_5062c872,13,user_04f39d22,0.681790
user_5062c872,14,user_ecba8131,0.680065
user_5062c872,15,user_5159d3a1,0.675335
user_515ae840,1,user_6bf0e007,0.613990
user_515ae840,2,user_a743aff9,0.609906
user_515ae840,3,user_e4f8ab0c,0.605204
user_515ae840,4,user_406c399e,0.588224
user_515ae840,5,user_515ae840,0.583058
user_515ae840,6,user_8ce972f1,0.580246
user_515ae840,7,user_56980aa9,0.580007
user_515ae840,8,user_e5beda2b,0.577114
user_515ae840,9,user_eae91488,0.576567
user_515ae840,10,user_7aa3746b,0.576515
user_515ae840,11,user_afff552a,0.575730
user_515ae840,12,user_2a94c885,0.575574
user_515ae840,13,user_ec574395,0.574841
user_515ae840,14,user_79f04645,0.574332
user_515ae840,15,user_fba6bcd4,0.569407
user_524450e9,1,user_7fd91653,0.735275
user_524450e9,2,user_f75c71f0,0.720719
user_524450e9,3,user_030cf51a,0.712460
user_524450e9,4,user_8e97a154,0.704866
user_524450e9,5,user_ebddf9c1,0.698223
user_524450e9,6,user_959adfc8,0.694176
user_524450e9,7,user_39b3eda0,0.690835
user_524450e9,8,user_f51339f8,0.684802
user_524450e9,9,user_8ac8f24f,0.680928
user_524450e9,10,user_27a3fa64,0.679679
user_524450e9,11,user_bdcc6e7d,0.679416
user_524450e9,12,user_18522854,0.676668
user_524450e9,13,user_7924afc9,0.669237
user_524450e9,14,user_e93dfaa2,0.665801
user_524450e9,15,user_5c82df31,0.662896
user_529e3009,1,user_36dd1253,0.683904
user_529e3009,2,user_529e3009,0.642757
user_529e3009,3,user_cb2fe204,0.546220
user_529e3009,4,user_6fbf6191,0.543841
user_529e3009,5,user_7c8639cd,0.527314
user_529e3009,6,user_869fcb2b,0.519362
user_529e3009,7,user_f107081e,0.515987
user_529e3009,8,user_80dc757f,0.514310
user_529e3009,9,user_69df6330,0.510628
user_529e3009,10,user_5c82df31,0.497792
user_529e3009,11,user_89f449b4,0.491997
user_529e3009,12,user_f75c71f0,0.490470
user_529e3009,13,user_ef954c6e,0.490385
user_529e3009,14,user_b5af9db9,0.486741
user_529e3009,15,user_02d03e8a,0.484340
user_52d3881c,1,user_52d3881c,0.807768
user_52d3881c,2,user_c157ca97,0.707007
user_52d3881c,3,user_795eb408,0.697327
user_52d3881c,4,user_d93b53bd,0.669559
user_52d3881c,5,user_3535252b,0.665958
user_52d3881c,6,user_bf69de98,0.652364
user_52d3881c,7,user_52c9252c,0.640394
user_52d3881c,8,user_10e64e28,0.634609
user_52d3881c,9,user_b8daec75,0.624168
user_52d3881c,10,user_1f1dc5e0,0.622578
user_52d3881c,11,user_833d8832,0.617092
user_52d3881c,12,user_7a7dda35,0.608805
user_52d3881c,13,user_1ef33a43,0.602435
user_52d3881c,14,user_6b86248b,0.599448
user_52d3881c,15,user_ef05ad51,0.598305
user_53325367,1,user_be018f9d,0.639607
user_53325367,2,user_53325367,0.624757
user_53325367,3,user_1cfedba8,0.566053
user_53325367,4,user_5159d3a1,0.565816
user_53325367,5,user_c34e791e,0.563017
user_53325367,6,user_4a57e449,0.548356
user_53325367,7,user_b6b89f00,0.546172
user_53325367,8,user_2cb4b018,0.539337
user_53325367,9,user_f930e37f,0.527918
user_53325367,10,user_b16e0cf8,0.527894
user_53325367,11,user_2efde048,0.525790
user_53325367,12,user_0bd8ba7c,0.520664
user_53325367,13,user_f14dc486,0.517510
user_53325367,14,user_9bee2a7c,0.517179
user_53325367,15,user_65d73ac1,0.515126
user_54c1ebee,1,user_59d9db83,0.745677
user_54c1ebee,2,user_920c074a,0.712022
user_54c1ebee,3,user_c3040c7c,0.710244
user_54c1ebee,4,user_55058479,0.702800
user_54c1ebee,5,user_36e75535,0.701112
user_54c1ebee,6,user_93cdb7a1,0.700846
user_54c1ebee,7,user_5c82df31,0.696184
user_54c1ebee,8,user_8713f22a,0.694894
user_54c1ebee,9,user_7a8f7f3e,0.690910
user_54c1ebee,10,user_c50a487d,0.686188
user_54c1ebee,11,user_3bc84c13,0.685341
user_54c1ebee,12,user_54c1ebee,0.678941
user_54c1ebee,13,user_f4f9490d,0.678173
user_54c1ebee,14,user_27a3fa64,0.677869
user_54c1ebee,15,user_8e48a3f8,0.674274
user_56909460,1,user_6bf0e007,0.752442
user_56909460,2,user_0285dee3,0.737179
user_56909460,3,user_7b052f32,0.728730
user_56909460,4,user_c4b781ce,0.727420
user_56909460,5,user_fdc08e26,0.710371
user_56909460,6,user_5d35f631,0.703377
user_56909460,7,user_8285a696,0.688544
user_56909460,8,user_a16d1fb6,0.688523
user_56909460,9,user_ee14f818,0.688514
user_56909460,10,user_b2dd04c8,0.687012
user_56909460,11,user_94f185bc,0.685575
user_56909460,12,user_df8dc9bb,0.683357
user_56909460,13,user_a04b2a78,0.683218
user_56909460,14,user_5d7cbf11,0.679532
user_56909460,15,user_8e97a154,0.679251
user_56980aa9,1,user_56980aa9,0.843723
user_56980aa9,2,user_5d7cbf11,0.794381
user_56980aa9,3,user_5f4ee256,0.792402
user_56980aa9,4,user_4607d25d,0.760697
user_56980aa9,5,user_3f2fbc90,0.746267
user_56980aa9,6,user_6fc85c06,0.736069
user_56980aa9,7,user_f862100c,0.727721
user_56980aa9,8,user_f10e7063,0.722889
user_56980aa9,9,user_6a0b0e92,0.718111
user_56980aa9,10,user_8285a696,0.714744
user_56980aa9,11,user_98a676ce,0.712411
user_56980aa9,12,user_723406a0,0.705391
user_56980aa9,13,user_5c82df31,0.705103
user_56980aa9,14,user_c67f26cc,0.704169
user_56980aa9,15,user_a4ae4e77,0.703511
user_5738db35,1,user_5738db35,0.759728
user_5738db35,2,user_91321efa,0.746753
user_5738db35,3,user_ee05ee55,0.741815
user_5738db35,4,user_0b1b1d1c,0.731397
user_5738db35,5,user_3239132f,0.699077
user_5738db35,6,user_19622b77,0.677418
user_5738db35,7,user_cd100edd,0.672576
user_5738db35,8,user_9a307ebe,0.668402
user_5738db35,9,user_c50a487d,0.657560
user_5738db35,10,user_f2f860bd,0.643243
user_5738db35,11,user_c0eba9f2,0.639114
user_5738db35,12,user_1246b252,0.636964
user_5738db35,13,user_ea67f9c6,0.635148
user_5738db35,14,user_40efa894,0.633732
user_5738db35,15,user_c3040c7c,0.632772
user_582ff5b2,1,user_582ff5b2,0.723389
user_582ff5b2,2,user_80da26a6,0.682131
user_582ff5b2,3,user_45926b89,0.681393
user_582ff5b2,4,user_0669bdf6,0.681282
user_582ff5b2,5,user_79a1811b,0.676349
user_582ff5b2,6,user_ebddf9c1,0.660828
user_582ff5b2,7,user_1df51301,0.660108
user_582ff5b2,8,user_56980aa9,0.657119
user_582ff5b2,9,user_91f5e7af,0.656145
user_582ff5b2,10,user_84c14a6f,0.648333
user_582ff5b2,11,user_e6dd44b0,0.647295
user_582ff5b2,12,user_406c399e,0.646991
user_582ff5b2,13,user_3f2fbc90,0.644483
user_582ff5b2,14,user_afff552a,0.644465
user_582ff5b2,15,user_e8a7be73,0.644349
user_586752e4,1,user_586752e4,0.740721
user_586752e4,2,user_e8e9acac,0.732637
user_586752e4,3,user_dd0bd02d,0.726561
user_586752e4,4,user_723406a0,0.703075
user_586752e4,5,user_0cc626ee,0.696556
user_586752e4,6,user_a4ae4e77,0.693363
user_586752e4,7,user_598cc905,0.688757
user_586752e4,8,user_04d8419e,0.685768
user_586752e4,9,user_17355c30,0.682988
user_586752e4,10,user_3a55606c,0.682099
user_586752e4,11,user_4d4f73a6,0.676128
user_586752e4,12,user_b628264a,0.676031
user_586752e4,13,user_107259c3,0.675363
user_586752e4,14,user_5ac1a174,0.675290
user_586752e4,15,user_a04b2a78,0.675025
user_58892c7c,1,user_763b4ffe,0.713302
user_58892c7c,2,user_baf68fe9,0.669339
user_58892c7c,3,user_a9ed5193,0.658736
user_58892c7c,4,user_8006727d,0.652359
user_58892c7c,5,user_46bb5302,0.628575
user_58892c7c,6,user_afff552a,0.625688
user_58892c7c,7,user_8292753c,0.619704
user_58892c7c,8,user_c06d9b71,0.619478
user_58892c7c,9,user_166a3647,0.618189
user_58892c7c,10,user_04f39d22,0.613648
user_58892c7c,11,user_c008345b,0.612369
user_58892c7c,12,user_3ff88cf0,0.611177
user_58892c7c,13,user_c34e791e,0.608305
user_58892c7c,14,user_a01f16ac,0.606413
user_58892c7c,15,user_ded778b8,0.604270
user_58bfeaad,1,user_201c8c78,0.837000
user_58bfeaad,2,user_64cd3098,0.804166
user_58bfeaad,3,user_5159d3a1,0.799319
user_58bfeaad,4,user_e409a56d,0.771412
user_58bfeaad,5,user_a7b901f2,0.761467
user_58bfeaad,6,user_75905116,0.759364
user_58bfeaad,7,user_ba8b1c05,0.759003
user_58bfeaad,8,user_82c86537,0.752984
user_58bfeaad,9,user_4607d25d,0.748167
user_58bfeaad,10,user_b2aba63a,0.747644
user_58bfeaad,11,user_ecba8131,0.745671
user_58bfeaad,12,user_26fa9d90,0.745492
user_58bfeaad,13,user_04f39d22,0.745337
user_58bfeaad,14,user_74cfb8ef,0.740284
user_58bfeaad,15,user_d5b21e00,0.734502
user_59d9db83,1,user_32f31383,0.497467
user_59d9db83,2,user_c8e749e2,0.491113
user_59d9db83,3,user_5d7cbf11,0.486982
user_59d9db83,4,user_5159d3a1,0.484051
user_59d9db83,5,user_98a676ce,0.482620
user_59d9db83,6,user_2a94c885,0.463694
user_59d9db83,7,user_f6188968,0.459141
user_59d9db83,8,user_6a0b0e92,0.459093
user_59d9db83,9,user_0285dee3,0.456336
user_59d9db83,10,user_41d0c897,0.456213
user_59d9db83,11,user_7b052f32,0.455092
user_59d9db83,12,user_bd47000f,0.453824
user_59d9db83,13,user_f930e37f,0.453029
user_59d9db83,14,user_4607d25d,0.452121
user_59d9db83,15,user_a6c2e760,0.451001
user_5a5bee64,1,user_07cb458d,0.730450
user_5a5bee64,2,user_a01f16ac,0.728238
user_5a5bee64,3,user_c8e749e2,0.721354
user_5a5bee64,4,user_4607d25d,0.718228
user_5a5bee64,5,user_406c399e,0.715773
user_5a5bee64,6,user_aae78e0d,0.715327
user_5a5bee64,7,user_b628264a,0.703801
user_5a5bee64,8,user_3085d204,0.701079
user_5a5bee64,9,user_6a0b0e92,0.697548
user_5a5bee64,10,user_030cf51a,0.693466
user_5a5bee64,11,user_fba6bcd4,0.690661
user_5a5bee64,12,user_ca6074df,0.689753
user_5a5bee64,13,user_66a7ce5a,0.688651
user_5a5bee64,14,user_56980aa9,0.687552
user_5a5bee64,15,user_b4214db6,0.686281
user_5a6c91dd,1,user_6bf0e007,0.710883
user_5a6c91dd,2,user_e7a55eac,0.704724
user_5a6c91dd,3,user_aae78e0d,0.703690
user_5a6c91dd,4,user_0b64b183,0.697676
user_5a6c91dd,5,user_bd19a016,0.696089
user_5a6c91dd,6,user_c8e749e2,0.692198
user_5a6c91dd,7,user_e93dfaa2,0.692073
user_5a6c91dd,8,user_829844fd,0.686846
user_5a6c91dd,9,user_b628264a,0.686637
user_5a6c91dd,10,user_5881b259,0.685004
user_5a6c91dd,11,user_c2f18cf7,0.682476
user_5a6c91dd,12,user_b888c512,0.676917
user_5a6c91dd,13,user_0285dee3,0.676073
user_5a6c91dd,14,user_b6350ec1,0.672511
user_5a6c91dd,15,user_4607d25d,0.672447
user_5a6f92a6,1,user_5a6f92a6,0.543153
user_5a6f92a6,2,user_6bf0e007,0.494973
user_5a6f92a6,3,user_c0eba9f2,0.491920
user_5a6f92a6,4,user_6a0b0e92,0.488497
user_5a6f92a6,5,user_cf393213,0.486557
user_5a6f92a6,6,user_32934d38,0.480429
user_5a6f92a6,7,user_55058479,0.473299
user_5a6f92a6,8,user_8ce972f1,0.472925
user_5a6f92a6,9,user_daf37424,0.471643
user_5a6f92a6,10,user_5c5a0b40,0.471461
user_5a6f92a6,11,user_166a3647,0.469957
user_5a6f92a6,12,user_1b89f77a,0.468605
user_5a6f92a6,13,user_2b03934e,0.466822
user_5a6f92a6,14,user_e4f8ab0c,0.466105
user_5a6f92a6,15,user_2efde048,0.463176
user_5ac1a174,1,user_438fb63c,0.706925
user_5ac1a174,2,user_5d7cbf11,0.699511
user_5ac1a174,3,user_5ac1a174,0.667840
user_5ac1a174,4,user_6fc85c06,0.614922
user_5ac1a174,5,user_33f2a818,0.607555
user_5ac1a174,6,user_f59d3941,0.607157
user_5ac1a174,7,user_4db0d490,0.607043
user_5ac1a174,8,user_98a676ce,0.606654
user_5ac1a174,9,user_8c6db6ed,0.605612
user_5ac1a174,10,user_c67f26cc,0.605602
user_5ac1a174,11,user_5dc5c2dc,0.605219
user_5ac1a174,12,user_a4ae4e77,0.598682
user_5ac1a174,13,user_2c39731d,0.595741
user_5ac1a174,14,user_88f46c7b,0.592856
user_5ac1a174,15,user_423c81dc,0.592740
user_5c09bb3d,1,user_5c09bb3d,0.770712
user_5c09bb3d,2,user_657c72ca,0.740680
user_5c09bb3d,3,user_43a979d2,0.727631
user_5c09bb3d,4,user_dd1d7b22,0.726713
user_5c09bb3d,5,user_d70942c1,0.719703
user_5c09bb3d,6,user_1230e05a,0.700253
user_5c09bb3d,7,user_17607ebc,0.696619
user_5c09bb3d,8,user_b6350ec1,0.694115
user_5c09bb3d,9,user_73f34c5d,0.693726
user_5c09bb3d,10,user_8a760553,0.686853
user_5c09bb3d,11,user_636ad58f,0.685045
user_5c09bb3d,12,user_406c399e,0.678611
user_5c09bb3d,13,user_aa31484a,0.673759
user_5c09bb3d,14,user_9351238d,0.666689
user_5c09bb3d,15,user_8fe14601,0.665958
user_5c5a0b40,1,user_8c42f323,0.681465
user_5c5a0b40,2,user_98f18241,0.664378
user_5c5a0b40,3,user_32934d38,0.663501
user_5c5a0b40,4,user_6bf0e007,0.662675
user_5c5a0b40,5,user_ee14f818,0.659413
user_5c5a0b40,6,user_daf37424,0.658066
user_5c5a0b40,7,user_6a0b0e92,0.655134
user_5c5a0b40,8,user_56980aa9,0.643648
user_5c5a0b40,9,user_fdc08e26,0.643566
user_5c5a0b40,10,user_1df51301,0.643054
user_5c5a0b40,11,user_3b1da5d9,0.642217
user_5c5a0b40,12,user_ca6074df,0.638861
user_5c5a0b40,13,user_c50a487d,0.638747
user_5c5a0b40,14,user_b2aba63a,0.634843
user_5c5a0b40,15,user_8285a696,0.633640
user_5c82df31,1,user_4607d25d,0.746131
user_5c82df31,2,user_56980aa9,0.742530
user_5c82df31,3,user_5c82df31,0.733493
user_5c82df31,4,user_3f2fbc90,0.723010
user_5c82df31,5,user_00723699,0.710886
user_5c82df31,6,user_bd47000f,0.702272
user_5c82df31,7,user_8285a696,0.691390
user_5c82df31,8,user_5d7cbf11,0.682548
user_5c82df31,9,user_a973cf8e,0.677594
user_5c82df31,10,user_f75c71f0,0.671397
user_5c82df31,11,user_2a94c885,0.669067
user_5c82df31,12,user_7b052f32,0.664633
user_5c82df31,13,user_6a0b0e92,0.661941
user_5c82df31,14,user_737dd050,0.659487
user_5c82df31,15,user_80da26a6,0.654625
user_5d1b0daf,1,user_5d1b0daf,0.778501
user_5d1b0daf,2,user_b6350ec1,0.732166
user_5d1b0daf,3,user_9d786aa8,0.728674
user_5d1b0daf,4,user_0285dee3,0.724456
user_5d1b0daf,5,user_aa31484a,0.723817
user_5d1b0daf,6,user_bdcc6e7d,0.720578
user_5d1b0daf,7,user_ee89e069,0.718193
user_5d1b0daf,8,user_d691d016,0.712951
user_5d1b0daf,9,user_3f2fbc90,0.700734
user_5d1b0daf,10,user_4f8b6987,0.698450
user_5d1b0daf,11,user_5881b259,0.698446
user_5d1b0daf,12,user_0697c470,0.693267
user_5d1b0daf,13,user_91f807b9,0.692564
user_5d1b0daf,14,user_2a704b9c,0.692533
user_5d1b0daf,15,user_f654c33b,0.691760
user_5f4ee256,1,user_98a676ce,0.737363
user_5f4ee256,2,user_a57e47b1,0.728032
user_5f4ee256,3,user_723406a0,0.725095
user_5f4ee256,4,user_5f4ee256,0.718656
user_5f4ee256,5,user_636ad58f,0.709098
user_5f4ee256,6,user_56980aa9,0.705654
user_5f4ee256,7,user_18892460,0.704178
user_5f4ee256,8,user_73f34c5d,0.703759
user_5f4ee256,9,user_b628264a,0.702901
user_5f4ee256,10,user_4607d25d,0.700481
user_5f4ee256,11,user_5ac1a174,0.695969
user_5f4ee256,12,user_dd1d7b22,0.692545
user_5f4ee256,13,user_95d648bc,0.689388
user_5f4ee256,14,user_e8a7be73,0.689379
user_5f4ee256,15,user_5dc5c2dc,0.688888
user_6169d3b8,1,user_6169d3b8,0.773468
user_6169d3b8,2,user_e2e59795,0.679520
user_6169d3b8,3,user_e5f67397,0.677859
user_6169d3b8,4,user_8fb63eca,0.677224
user_6169d3b8,5,user_201c8c78,0.676976
user_6169d3b8,6,user_74cfb8ef,0.667295
user_6169d3b8,7,user_3353b96b,0.652781
user_6169d3b8,8,user_a411fb06,0.641705
user_6169d3b8,9,user_0128a546,0.641184
user_6169d3b8,10,user_259776c7,0.636912
user_6169d3b8,11,user_26fa9d90,0.631585
user_6169d3b8,12,user_e696f3ae,0.630113
user_6169d3b8,13,user_0c8c48ac,0.629044
user_6169d3b8,14,user_8e92b8c1,0.628437
user_6169d3b8,15,user_6476648d,0.628283
user_61f90240,1,user_61f90240,0.762028
user_61f90240,2,user_a01f16ac,0.729693
user_61f90240,3,user_a57e47b1,0.721852
user_61f90240,4,user_f862100c,0.720599
user_61f90240,5,user_3121653d,0.716611
user_61f90240,6,user_80da26a6,0.711830
user_61f90240,7,user_4607d25d,0.709045
user_61f90240,8,user_636ad58f,0.705852
user_61f90240,9,user_3239132f,0.703473
user_61f90240,10,user_8285a696,0.698558
user_61f90240,11,user_8e97a154,0.697966
user_61f90240,12,user_9818dcae,0.694248
user_61f90240,13,user_ee14f818,0.688390
user_61f90240,14,user_5c82df31,0.688060
user_61f90240,15,user_cdd86523,0.687753
user_63110023,1,user_4f755977,0.707030
user_63110023,2,user_bdcc6e7d,0.670650
user_63110023,3,user_a01f16ac,0.658276
user_63110023,4,user_4f8b6987,0.656706
user_63110023,5,user_85810097,0.654637
user_63110023,6,user_ece9bfd2,0.646882
user_63110023,7,user_39b3eda0,0.644896
user_63110023,8,user_0285dee3,0.637142
user_63110023,9,user_d691d016,0.633698
user_63110023,10,user_a8dc91a3,0.632795
user_63110023,11,user_ee14f818,0.632154
user_63110023,12,user_32ae32f9,0.632003
user_63110023,13,user_3c81ee09,0.627188
user_63110023,14,user_ecba8131,0.626145
user_63110023,15,user_a993555f,0.625821
user_636d1da4,1,user_ee14f818,0.732809
user_636d1da4,2,user_e8a7be73,0.724639
user_636d1da4,3,user_80da26a6,0.722231
user_636d1da4,4,user_c0eba9f2,0.717668
user_636d1da4,5,user_0285dee3,0.716104
user_636d1da4,6,user_8285a696,0.714175
user_636d1da4,7,user_94f185bc,0.713184
user_636d1da4,8,user_2a94c885,0.713054
user_636d1da4,9,user_6bf0e007,0.709690
user_636d1da4,10,user_91f5e7af,0.707333
user_636d1da4,11,user_40efa894,0.701339
user_636d1da4,12,user_5f4ee256,0.699550
user_636d1da4,13,user_f75c71f0,0.697139
user_636d1da4,14,user_4607d25d,0.696517
user_636d1da4,15,user_60a65d98,0.695410
user_6427334a,1,user_6427334a,0.705307
user_6427334a,2,user_058c1800,0.657751
user_6427334a,3,user_3f2fbc90,0.653780
user_6427334a,4,user_75bc9924,0.645291
user_6427334a,5,user_4607d25d,0.644759
user_6427334a,6,user_17607ebc,0.636500
user_6427334a,7,user_aa31484a,0.636495
user_6427334a,8,user_2a704b9c,0.634771
user_6427334a,9,user_a8c2208d,0.632508
user_6427334a,10,user_b628264a,0.626745
user_6427334a,11,user_e93dfaa2,0.622660
user_6427334a,12,user_1230e05a,0.620902
user_6427334a,13,user_7aa3746b,0.618286
user_6427334a,14,user_9ce96cbf,0.616217
user_6427334a,15,user_8a760553,0.608643
user_6476648d,1,user_a411fb06,0.656578
user_6476648d,2,user_baeb91b3,0.605666
user_6476648d,3,user_8e92b8c1,0.588722
user_6476648d,4,user_e2e59795,0.578494
user_6476648d,5,user_7c7220a4,0.569706
user_6476648d,6,user_107259c3,0.569127
user_6476648d,7,user_1ae8e7f5,0.567268
user_6476648d,8,user_74cfb8ef,0.563592
user_6476648d,9,user_f070eee7,0.555973
user_6476648d,10,user_586752e4,0.542683
user_6476648d,11,user_6169d3b8,0.541529
user_6476648d,12,user_9c88ee3d,0.540263
user_6476648d,13,user_8fb63eca,0.534442
user_6476648d,14,user_d4c7b4c0,0.533436
user_6476648d,15,user_ea67f9c6,0.525344
user_649f4327,1,user_6011e674,0.707198
user_649f4327,2,user_649f4327,0.703161
user_649f4327,3,user_00723699,0.695760
user_649f4327,4,user_4f8b6987,0.690276
user_649f4327,5,user_9818dcae,0.688997
user_649f4327,6,user_32ae32f9,0.685193
user_649f4327,7,user_ee14f818,0.681788
user_649f4327,8,user_a973cf8e,0.674857
user_649f4327,9,user_0c578ab5,0.671801
user_649f4327,10,user_4607d25d,0.668414
user_649f4327,11,user_c41de62b,0.666407
user_649f4327,12,user_8ac8f24f,0.665848
user_649f4327,13,user_2f766c23,0.663619
user_649f4327,14,user_c8f82360,0.660803
user_649f4327,15,user_a01f16ac,0.656770
user_657c72ca,1,user_657c72ca,0.804123
user_657c72ca,2,user_3f2fbc90,0.780026
user_657c72ca,3,user_cc1c8897,0.774219
user_657c72ca,4,user_aa31484a,0.771374
user_657c72ca,5,user_84c14a6f,0.770840
user_657c72ca,6,user_8a760553,0.769176
user_657c72ca,7,user_dd1d7b22,0.768690
user_657c72ca,8,user_73f34c5d,0.767285
user_657c72ca,9,user_4607d25d,0.763575
user_657c72ca,10,user_636ad58f,0.762274
user_657c72ca,11,user_68d19df8,0.757873
user_657c72ca,12,user_5f4ee256,0.754799
user_657c72ca,13,user_39939c54,0.753004
user_657c72ca,14,user_b628264a,0.752681
user_657c72ca,15,user_829844fd,0.752516
user_6592f2e4,1,user_6592f2e4,0.808928
user_6592f2e4,2,user_acb51eed,0.773097
user_6592f2e4,3,user_d1d16d30,0.666259
user_6592f2e4,4,user_c8f82360,0.664463
user_6592f2e4,5,user_d461f818,0.634407
user_6592f2e4,6,user_8739102b,0.632163
user_6592f2e4,7,user_8d299d7a,0.620023
user_6592f2e4,8,user_91f5e7af,0.610447
user_6592f2e4,9,user_1b460965,0.606404
user_6592f2e4,10,user_b563e90b,0.598794
user_6592f2e4,11,user_adab54a0,0.595358
user_6592f2e4,12,user_f107081e,0.593812
user_6592f2e4,13,user_d10d1f24,0.588306
user_6592f2e4,14,user_5e61d6d9,0.588294
user_6592f2e4,15,user_2a41ee39,0.587834
user_65d73ac1,1,user_65d73ac1,0.807005
user_65d73ac1,2,user_c8f82360,0.751819
user_65d73ac1,3,user_a973cf8e,0.743680
user_65d73ac1,4,user_8ac8f24f,0.718229
user_65d73ac1,5,user_0eb2abf1,0.704867
user_65d73ac1,6,user_2cb4b018,0.703187
user_65d73ac1,7,user_3f1d04a6,0.698381
user_65d73ac1,8,user_8285a696,0.697018
user_65d73ac1,9,user_6bb64984,0.694414
user_65d73ac1,10,user_4607d25d,0.692564
user_65d73ac1,11,user_91f5e7af,0.692391
user_65d73ac1,12,user_2a94c885,0.690264
user_65d73ac1,13,user_84c14a6f,0.689095
user_65d73ac1,14,user_6a0b0e92,0.687877
user_65d73ac1,15,user_5159d3a1,0.685614
user_68349053,1,user_7b2d0be1,0.710111
user_68349053,2,user_1c7b7780,0.689252
user_68349053,3,user_4607d25d,0.660430
user_68349053,4,user_40efa894,0.626921
user_68349053,5,user_3085d204,0.625897
user_68349053,6,user_7bbd1543,0.621757
user_68349053,7,user_bd47000f,0.619992
user_68349053,8,user_68349053,0.618627
user_68349053,9,user_c8e749e2,0.616382
user_68349053,10,user_f14dc486,0.612926
user_68349053,11,user_788a8bb7,0.609815
user_68349053,12,user_fa60616d,0.604180
user_68349053,13,user_5a6c91dd,0.603458
user_68349053,14,user_aae78e0d,0.602932
user_68349053,15,user_fde27362,0.602115
user_68d19df8,1,user_201c8c78,0.826090
user_68d19df8,2,user_e409a56d,0.774239
user_68d19df8,3,user_4607d25d,0.766042
user_68d19df8,4,user_bd19a016,0.765670
user_68d19df8,5,user_04f39d22,0.744612
user_68d19df8,6,user_6169d3b8,0.736290
user_68d19df8,7,user_5f4ee256,0.735877
user_68d19df8,8,user_5b714afd,0.733786
user_68d19df8,9,user_68d19df8,0.730478
user_68d19df8,10,user_b2aba63a,0.728402
user_68d19df8,11,user_8a3bbeb2,0.726325
user_68d19df8,12,user_d5b21e00,0.722607
user_68d19df8,13,user_1230e05a,0.720324
user_68d19df8,14,user_b628264a,0.720264
user_68d19df8,15,user_2e60c125,0.719162
user_69193575,1,user_2c940ff8,0.605247
user_69193575,2,user_f6188968,0.576178
user_69193575,3,user_32f31383,0.567134
user_69193575,4,user_f52ced02,0.558459
user_69193575,5,user_69193575,0.546349
user_69193575,6,user_f59d3941,0.527485
user_69193575,7,user_6a0b0e92,0.522143
user_69193575,8,user_f107081e,0.521351
user_69193575,9,user_380ddd3f,0.520892
user_69193575,10,user_32934d38,0.514934
user_69193575,11,user_66a7ce5a,0.513613
user_69193575,12,user_18522854,0.512125
user_69193575,13,user_83a58842,0.509199
user_69193575,14,user_78eff25f,0.508821
user_69193575,15,user_02d03e8a,0.508475
user_69a4dd06,1,user_6bf0e007,0.729808
user_69a4dd06,2,user_259776c7,0.725975
user_69a4dd06,3,user_f10e7063,0.707430
user_69a4dd06,4,user_69a4dd06,0.705349
user_69a4dd06,5,user_3a55606c,0.696946
user_69a4dd06,6,user_98a676ce,0.694095
user_69a4dd06,7,user_5d35f631,0.687981
user_69a4dd06,8,user_5f4ee256,0.687901
user_69a4dd06,9,user_90202189,0.686445
user_69a4dd06,10,user_75bc9924,0.685326
user_69a4dd06,11,user_79f04645,0.685146
user_69a4dd06,12,user_2c69b83e,0.683974
user_69a4dd06,13,user_0285dee3,0.682781
user_69a4dd06,14,user_4607d25d,0.680018
user_69a4dd06,15,user_b628264a,0.679000
user_69df6330,1,user_a743aff9,0.694783
user_69df6330,2,user_69df6330,0.685321
user_69df6330,3,user_65d73ac1,0.673914
user_69df6330,4,user_406c399e,0.672762
user_69df6330,5,user_b49274ca,0.669623
user_69df6330,6,user_c8f82360,0.669110
user_69df6330,7,user_9bee2a7c,0.668201
user_69df6330,8,user_126670d7,0.661352
user_69df6330,9,user_2a41ee39,0.658450
user_69df6330,10,user_8ac8f24f,0.658412
user_69df6330,11,user_829844fd,0.657102
user_69df6330,12,user_f75c71f0,0.654054
user_69df6330,13,user_91f5e7af,0.650680
user_69df6330,14,user_6bf0e007,0.648497
user_69df6330,15,user_11e8421f,0.647134
user_6ab1739a,1,user_1b7f8c56,0.715203
user_6ab1739a,2,user_6ab1739a,0.708326
user_6ab1739a,3,user_6011e674,0.695711
user_6ab1739a,4,user_b16e0cf8,0.684554
user_6ab1739a,5,user_2f766c23,0.677981
user_6ab1739a,6,user_82d93459,0.674105
user_6ab1739a,7,user_a973cf8e,0.673118
user_6ab1739a,8,user_c8f82360,0.646329
user_6ab1739a,9,user_940c7213,0.637286
user_6ab1739a,10,user_c709e252,0.632947
user_6ab1739a,11,user_83e30c57,0.631350
user_6ab1739a,12,user_2817ec11,0.631006
user_6ab1739a,13,user_c92c8f83,0.628763
user_6ab1739a,14,user_165a2706,0.626763
user_6ab1739a,15,user_2cb4b018,0.626337
user_6ab8f7d4,1,user_ff7631ef,0.584212
user_6ab8f7d4,2,user_6ab8f7d4,0.570029
user_6ab8f7d4,3,user_9da8848a,0.556399
user_6ab8f7d4,4,user_39aad1a2,0.550478
user_6ab8f7d4,5,user_a2480011,0.538518
user_6ab8f7d4,6,user_147d1bbb,0.535131
user_6ab8f7d4,7,user_2cb4b018,0.533559
user_6ab8f7d4,8,user_56909460,0.532468
user_6ab8f7d4,9,user_8e5bead9,0.527694
user_6ab8f7d4,10,user_6a13946a,0.526870
user_6ab8f7d4,11,user_b2f3c0d2,0.526559
user_6ab8f7d4,12,user_c06d9b71,0.523786
user_6ab8f7d4,13,user_57c1d6c0,0.522898
user_6ab8f7d4,14,user_18522854,0.522032
user_6ab8f7d4,15,user_c67f26cc,0.520064
user_6d071251,1,user_6d071251,0.644845
user_6d071251,2,user_5993b36a,0.637109
user_6d071251,3,user_64d76dfd,0.632135
user_6d071251,4,user_18522854,0.621394
user_6d071251,5,user_0285dee3,0.620984
user_6d071251,6,user_30802254,0.617646
user_6d071251,7,user_f75c71f0,0.616711
user_6d071251,8,user_9ce96cbf,0.610739
user_6d071251,9,user_7924afc9,0.610409
user_6d071251,10,user_c8f82360,0.605379
user_6d071251,11,user_c0eba9f2,0.599557
user_6d071251,12,user_b350e22b,0.596763
user_6d071251,13,user_11e8421f,0.591104
user_6d071251,14,user_5c82df31,0.589055
user_6d071251,15,user_406c399e,0.586369
user_6d2cb415,1,user_6d2cb415,0.692753
user_6d2cb415,2,user_56980aa9,0.659273
user_6d2cb415,3,user_1b89f77a,0.654383
user_6d2cb415,4,user_c0eba9f2,0.643189
user_6d2cb415,5,user_98ca16a6,0.636450
user_6d2cb415,6,user_5f4ee256,0.635472
user_6d2cb415,7,user_19952166,0.628239
user_6d2cb415,8,user_98f18241,0.622905
user_6d2cb415,9,user_70580e9a,0.620620
user_6d2cb415,10,user_bdcc6e7d,0.617412
user_6d2cb415,11,user_41d0c897,0.615357
user_6d2cb415,12,user_4607d25d,0.613564
user_6d2cb415,13,user_9ce96cbf,0.611217
user_6d2cb415,14,user_1232c39b,0.609020
user_6d2cb415,15,user_daf37424,0.608284
user_6d421600,1,user_6d421600,0.818089
user_6d421600,2,user_4a57e449,0.761713
user_6d421600,3,user_5159d3a1,0.757287
user_6d421600,4,user_201c8c78,0.684100
user_6d421600,5,user_0bd8ba7c,0.681842
user_6d421600,6,user_2cb4b018,0.676803
user_6d421600,7,user_9bee2a7c,0.675980
user_6d421600,8,user_74cfb8ef,0.667094
user_6d421600,9,user_84c14a6f,0.664582
user_6d421600,10,user_a7b901f2,0.656566
user_6d421600,11,user_e802076d,0.655628
user_6d421600,12,user_82c86537,0.653687
user_6d421600,13,user_00a2f533,0.647969
user_6d421600,14,user_2efde048,0.646995
user_6d421600,15,user_406c399e,0.643210
user_6f1b0197,1,user_6f1b0197,0.734166
user_6f1b0197,2,user_56980aa9,0.731547
user_6f1b0197,3,user_5881b259,0.719614
user_6f1b0197,4,user_83e30c57,0.717480
user_6f1b0197,5,user_a8c2208d,0.714489
user_6f1b0197,6,user_b6350ec1,0.705297
user_6f1b0197,7,user_5f4ee256,0.704953
user_6f1b0197,8,user_f43d6008,0.704398
user_6f1b0197,9,user_d691d016,0.698926
user_6f1b0197,10,user_afff552a,0.696918
user_6f1b0197,11,user_2a704b9c,0.696830
user_6f1b0197,12,user_058c1800,0.695470
user_6f1b0197,13,user_1df51301,0.692871
user_6f1b0197,14,user_bdcc6e7d,0.692766
user_6f1b0197,15,user_4607d25d,0.682507
user_6fa47d61,1,user_795650bb,0.663824
user_6fa47d61,2,user_2e60c125,0.592561
user_6fa47d61,3,user_a7b901f2,0.587822
user_6fa47d61,4,user_82c86537,0.583547
user_6fa47d61,5,user_6fa47d61,0.570341
user_6fa47d61,6,user_f3377028,0.569956
user_6fa47d61,7,user_372c2b3e,0.564784
user_6fa47d61,8,user_5062c872,0.558306
user_6fa47d61,9,user_bf30f80d,0.554251
user_6fa47d61,10,user_201c8c78,0.553167
user_6fa47d61,11,user_4ea1ef09,0.552344
user_6fa47d61,12,user_ba8b1c05,0.552326
user_6fa47d61,13,user_04f39d22,0.543212
user_6fa47d61,14,user_2efde048,0.542411
user_6fa47d61,15,user_1a4bec69,0.534656
user_6fc85c06,1,user_4607d25d,0.793194
user_6fc85c06,2,user_3f2fbc90,0.789797
user_6fc85c06,3,user_56980aa9,0.772492
user_6fc85c06,4,user_8285a696,0.754462
user_6fc85c06,5,user_5c82df31,0.739635
user_6fc85c06,6,user_5d7cbf11,0.737152
user_6fc85c06,7,user_bd47000f,0.730944
user_6fc85c06,8,user_8e97a154,0.730527
user_6fc85c06,9,user_f75c71f0,0.730379
user_6fc85c06,10,user_5f4ee256,0.730195
user_6fc85c06,11,user_6fc85c06,0.729052
user_6fc85c06,12,user_18522854,0.727604
user_6fc85c06,13,user_6a0b0e92,0.721603
user_6fc85c06,14,user_906e2423,0.721526
user_6fc85c06,15,user_80da26a6,0.717861
user_6fccf8b5,1,user_75905116,0.608581
user_6fccf8b5,2,user_0bd8ba7c,0.574181
user_6fccf8b5,3,user_8c11f026,0.571451
user_6fccf8b5,4,user_81a80789,0.566987
user_6fccf8b5,5,user_8006727d,0.563079
user_6fccf8b5,6,user_6a0b0e92,0.524780
user_6fccf8b5,7,user_0ff0b922,0.522173
user_6fccf8b5,8,user_763b4ffe,0.519591
user_6fccf8b5,9,user_b9036662,0.517752
user_6fccf8b5,10,user_e802076d,0.516126
user_6fccf8b5,11,user_1fb646f2,0.515558
user_6fccf8b5,12,user_c50a487d,0.511865
user_6fccf8b5,13,user_8285a696,0.511468
user_6fccf8b5,14,user_aaa1e595,0.510423
user_6fccf8b5,15,user_166a3647,0.505176
user_723406a0,1,user_c8e749e2,0.767179
user_723406a0,2,user_8285a696,0.764123
user_723406a0,3,user_723406a0,0.748001
user_723406a0,4,user_b2dd04c8,0.744890
user_723406a0,5,user_3f1d04a6,0.740182
user_723406a0,6,user_e7a55eac,0.739307
user_723406a0,7,user_a4ae4e77,0.738709
user_723406a0,8,user_b628264a,0.725335
user_723406a0,9,user_a2503734,0.722451
user_723406a0,10,user_82d93459,0.721639
user_723406a0,11,user_04d8419e,0.720990
user_723406a0,12,user_423c81dc,0.719974
user_723406a0,13,user_2a94c885,0.719857
user_723406a0,14,user_0285dee3,0.718769
user_723406a0,15,user_6bf0e007,0.715848
user_72bed676,1,user_a0517bef,0.705557
user_72bed676,2,user_72bed676,0.698336
user_72bed676,3,user_74cfb8ef,0.668225
user_72bed676,4,user_815b7baf,0.660540
user_72bed676,5,user_9818dcae,0.659242
user_72bed676,6,user_3666402b,0.651621
user_72bed676,7,user_d074356a,0.649683
user_72bed676,8,user_c50a487d,0.645935
user_72bed676,9,user_76fc8dcd,0.642606
user_72bed676,10,user_ee14f818,0.641549
user_72bed676,11,user_c7beef01,0.640736
user_72bed676,12,user_d4c7b4c0,0.640112
user_72bed676,13,user_8713f22a,0.639555
user_72bed676,14,user_20a01575,0.637332
user_72bed676,15,user_02fecea2,0.635506
user_7322f4ef,1,user_ba4a78fc,0.799374
user_7322f4ef,2,user_ad15a0a4,0.767963
user_7322f4ef,3,user_59e8bc2a,0.762131
user_7322f4ef,4,user_daf53db6,0.747287
user_7322f4ef,5,user_5b7d5e00,0.731824
user_7322f4ef,6,user_598cc905,0.722190
user_7322f4ef,7,user_d10d1f24,0.719247
user_7322f4ef,8,user_8da30894,0.710824
user_7322f4ef,9,user_6ab1739a,0.709834
user_7322f4ef,10,user_3eb49f37,0.707716
user_7322f4ef,11,user_7af2ed90,0.701017
user_7322f4ef,12,user_5d7cbf11,0.695616
user_7322f4ef,13,user_a4a77a7d,0.688158
user_7322f4ef,14,user_fc1cfe0b,0.688071
user_7322f4ef,15,user_d4b7e22e,0.687392
user_737d3148,1,user_737d3148,0.851353
user_737d3148,2,user_92fe4471,0.816438
user_737d3148,3,user_f10e7063,0.781686
user_737d3148,4,user_eda37c14,0.773288
user_737d3148,5,user_9fc3c829,0.767185
user_737d3148,6,user_a7f8db34,0.753156
user_737d3148,7,user_b628264a,0.749233
user_737d3148,8,user_98a676ce,0.744385
user_737d3148,9,user_a328a751,0.742198
user_737d3148,10,user_f6c0aefc,0.740041
user_737d3148,11,user_979ee068,0.738415
user_737d3148,12,user_ea67f9c6,0.734782
user_737d3148,13,user_823846de,0.732412
user_737d3148,14,user_9351238d,0.732389
user_737d3148,15,user_a01f16ac,0.724498
user_73a4377d,1,user_5f4ee256,0.752969
user_73a4377d,2,user_a01f16ac,0.748085
user_73a4377d,3,user_98a676ce,0.743487
user_73a4377d,4,user_73a4377d,0.740391
user_73a4377d,5,user_56980aa9,0.738185
user_73a4377d,6,user_a2480011,0.728472
user_73a4377d,7,user_723406a0,0.725697
user_73a4377d,8,user_b628264a,0.721975
user_73a4377d,9,user_657c72ca,0.720639
user_73a4377d,10,user_a4ae4e77,0.719509
user_73a4377d,11,user_5d7cbf11,0.719170
user_73a4377d,12,user_50e2a836,0.718106
user_73a4377d,13,user_3f2fbc90,0.717513
user_73a4377d,14,user_9b517815,0.717184
user_73a4377d,15,user_6fc85c06,0.713237
user_73f34c5d,1,user_98a676ce,0.833705
user_73f34c5d,2,user_233fda02,0.829163
user_73f34c5d,3,user_5ac1a174,0.825719
user_73f34c5d,4,user_a6a094cf,0.822313
user_73f34c5d,5,user_5d7cbf11,0.807151
user_73f34c5d,6,user_5dc5c2dc,0.804292
user_73f34c5d,7,user_a7f8db34,0.797607
user_73f34c5d,8,user_87e5d9b0,0.793401
user_73f34c5d,9,user_4db0d490,0.792731
user_73f34c5d,10,user_73a4377d,0.787099
user_73f34c5d,11,user_59e8bc2a,0.781156
user_73f34c5d,12,user_04d8419e,0.776749
user_73f34c5d,13,user_2a94c885,0.773833
user_73f34c5d,14,user_8afa3eba,0.773771
user_73f34c5d,15,user_723406a0,0.771662
user_74025dc0,1,user_7b052f32,0.731253
user_74025dc0,2,user_0285dee3,0.726602
user_74025dc0,3,user_74025dc0,0.715465
user_74025dc0,4,user_6a0b0e92,0.707990
user_74025dc0,5,user_94f185bc,0.706236
user_74025dc0,6,user_6bf0e007,0.701958
user_74025dc0,7,user_98f18241,0.699410
user_74025dc0,8,user_5159d3a1,0.691992
user_74025dc0,9,user_27a3fa64,0.687483
user_74025dc0,10,user_5993b36a,0.685923
user_74025dc0,11,user_f6188968,0.683706
user_74025dc0,12,user_ee14f818,0.681894
user_74025dc0,13,user_4e42bf97,0.679917
user_74025dc0,14,user_ab439a92,0.679299
user_74025dc0,15,user_80da26a6,0.676854
user_74cfb8ef,1,user_3b79395c,0.778705
user_74cfb8ef,2,user_d4c7b4c0,0.758981
user_74cfb8ef,3,user_9818dcae,0.746366
user_74cfb8ef,4,user_26fa9d90,0.731076
user_74cfb8ef,5,user_4bd9303b,0.729492
user_74cfb8ef,6,user_76fc8dcd,0.725616
user_74cfb8ef,7,user_3431c049,0.723211
user_74cfb8ef,8,user_8e5e899b,0.722482
user_74cfb8ef,9,user_02fecea2,0.720158
user_74cfb8ef,10,user_a0517bef,0.718776
user_74cfb8ef,11,user_ded778b8,0.718247
user_74cfb8ef,12,user_8fb63eca,0.718047
user_74cfb8ef,13,user_ff39b6cf,0.717980
user_74cfb8ef,14,user_815b7baf,0.717345
user_74cfb8ef,15,user_9c88ee3d,0.712647
user_74e32d78,1,user_aa08d5a8,0.649618
user_74e32d78,2,user_b563e90b,0.582266
user_74e32d78,3,user_f59d3941,0.549202
user_74e32d78,4,user_598cc905,0.515651
user_74e32d78,5,user_74e32d78,0.498649
user_74e32d78,6,user_ca130b8f,0.497312
user_74e32d78,7,user_d461f818,0.494946
user_74e32d78,8,user_74da5a13,0.488928
user_74e32d78,9,user_6058434c,0.484048
user_74e32d78,10,user_98a676ce,0.478607
user_74e32d78,11,user_3eb49f37,0.478575
user_74e32d78,12,user_0e82fe11,0.476329
user_74e32d78,13,user_5b7d5e00,0.474567
user_74e32d78,14,user_a615a6d1,0.470005
user_74e32d78,15,user_7af2ed90,0.469692
user_756e2f00,1,user_756e2f00,0.744971
user_756e2f00,2,user_6bf0e007,0.726815
user_756e2f00,3,user_bdcc6e7d,0.676955
user_756e2f00,4,user_94f185bc,0.671539
user_756e2f00,5,user_b2dd04c8,0.666719
user_756e2f00,6,user_a16d1fb6,0.666494
user_756e2f00,7,user_650da71b,0.665457
user_756e2f00,8,user_ec574395,0.662714
user_756e2f00,9,user_a743aff9,0.656637
user_756e2f00,10,user_91f5e7af,0.655876
user_756e2f00,11,user_e802076d,0.653776
user_756e2f00,12,user_a8dc91a3,0.653390
user_756e2f00,13,user_0285dee3,0.652421
user_756e2f00,14,user_2efde048,0.650197
user_756e2f00,15,user_380ddd3f,0.647668
user_75905116,1,user_201c8c78,0.786402
user_75905116,2,user_ecba8131,0.775323
user_75905116,3,user_75905116,0.763402
user_75905116,4,user_5159d3a1,0.733151
user_75905116,5,user_4607d25d,0.731166
user_75905116,6,user_82c86537,0.713616
user_75905116,7,user_74cfb8ef,0.710468
user_75905116,8,user_b2aba63a,0.709373
user_75905116,9,user_8e48a3f8,0.691009
user_75905116,10,user_ba8b1c05,0.680384
user_75905116,11,user_2efde048,0.678373
user_75905116,12,user_61f90240,0.677873
user_75905116,13,user_e409a56d,0.671923
user_75905116,14,user_0285dee3,0.664380
user_75905116,15,user_04f39d22,0.662540
user_7709815a,1,user_f3a9f844,0.695678
user_7709815a,2,user_043ea160,0.607782
user_7709815a,3,user_7d6962d9,0.545552
user_7709815a,4,user_eda37c14,0.514257
user_7709815a,5,user_e14b88a8,0.472199
user_7709815a,6,user_f6188968,0.470414
user_7709815a,7,user_8c6db6ed,0.460031
user_7709815a,8,user_7b4c75ab,0.459699
user_7709815a,9,user_beca29a3,0.458259
user_7709815a,10,user_7709815a,0.456653
user_7709815a,11,user_6fc85c06,0.453625
user_7709815a,12,user_c41de62b,0.446654
user_7709815a,13,user_36d44add,0.442404
user_7709815a,14,user_15179955,0.435607
user_7709815a,15,user_9991e1d8,0.434794
user_78eff25f,1,user_78eff25f,0.804795
user_78eff25f,2,user_5d7cbf11,0.775401
user_78eff25f,3,user_6fc85c06,0.696545
user_78eff25f,4,user_88f46c7b,0.690136
user_78eff25f,5,user_a2825b06,0.681976
user_78eff25f,6,user_dcf52d26,0.679511
user_78eff25f,7,user_9fc3c829,0.672910
user_78eff25f,8,user_f827c7dd,0.669678
user_78eff25f,9,user_d5379647,0.665983
user_78eff25f,10,user_df8dc9bb,0.665562
user_78eff25f,11,user_126670d7,0.663546
user_78eff25f,12,user_3eb49f37,0.663033
user_78eff25f,13,user_4db0d490,0.656678
user_78eff25f,14,user_33f2a818,0.654018
user_78eff25f,15,user_e8e9acac,0.652544
user_7924afc9,1,user_d0c1bf72,0.810438
user_7924afc9,2,user_aa31484a,0.759152
user_7924afc9,3,user_ee14f818,0.722606
user_7924afc9,4,user_9d786aa8,0.714011
user_7924afc9,5,user_d8335067,0.703358
user_7924afc9,6,user_71f7b692,0.691265
user_7924afc9,7,user_0697c470,0.690941
user_7924afc9,8,user_0a245f61,0.681578
user_7924afc9,9,user_b6350ec1,0.670704
user_7924afc9,10,user_79f04645,0.670331
user_7924afc9,11,user_3085d204,0.667293
user_7924afc9,12,user_17607ebc,0.658429
user_7924afc9,13,user_a01f16ac,0.657634
user_7924afc9,14,user_695e56c9,0.652928
user_7924afc9,15,user_1230e05a,0.647655
user_795eb408,1,user_20a01575,0.685950
user_795eb408,2,user_93cdb7a1,0.671858
user_795eb408,3,user_0ff0b922,0.671091
user_795eb408,4,user_434f3511,0.649310
user_795eb408,5,user_205d25f3,0.648741
user_795eb408,6,user_c50a487d,0.642921
user_795eb408,7,user_74cfb8ef,0.640886
user_795eb408,8,user_124651ff,0.626242
user_795eb408,9,user_81a80789,0.612053
user_795eb408,10,user_7a8f7f3e,0.612027
user_795eb408,11,user_7b052f32,0.608092
user_795eb408,12,user_a0517bef,0.607494
user_795eb408,13,user_815b7baf,0.607393
user_795eb408,14,user_1f09455f,0.606823
user_795eb408,15,user_9818dcae,0.603429
user_79f04645,1,user_fde2d265,0.699052
user_79f04645,2,user_7aa3746b,0.683045
user_79f04645,3,user_6bf0e007,0.680458
user_79f04645,4,user_17607ebc,0.673819
user_79f04645,5,user_bdcc6e7d,0.673038
user_79f04645,6,user_75bc9924,0.671927
user_79f04645,7,user_4e42bf97,0.668242
user_79f04645,8,user_650da71b,0.665402
user_79f04645,9,user_406c399e,0.661843
user_79f04645,10,user_3e284ba5,0.660214
user_79f04645,11,user_c96b90fe,0.659142
user_79f04645,12,user_38f4dfac,0.658973
user_79f04645,13,user_9ce96cbf,0.656747
user_79f04645,14,user_f368b9da,0.654677
user_79f04645,15,user_79a1811b,0.654322
user_7a8f7f3e,1,user_c50a487d,0.740533
user_7a8f7f3e,2,user_93cdb7a1,0.733313
user_7a8f7f3e,3,user_20a01575,0.717377
user_7a8f7f3e,4,user_a00e0552,0.709503
user_7a8f7f3e,5,user_d4c7b4c0,0.702247
user_7a8f7f3e,6,user_7a8f7f3e,0.689598
user_7a8f7f3e,7,user_74cfb8ef,0.687531
user_7a8f7f3e,8,user_7b052f32,0.685634
user_7a8f7f3e,9,user_a0517bef,0.674491
user_7a8f7f3e,10,user_885e8708,0.673103
user_7a8f7f3e,11,user_3239132f,0.667624
user_7a8f7f3e,12,user_fdc08e26,0.666231
user_7a8f7f3e,13,user_03410579,0.665929
user_7a8f7f3e,14,user_8713f22a,0.665556
user_7a8f7f3e,15,user_8e97a154,0.662152
user_7b052f32,1,user_7b052f32,0.752252
user_7b052f32,2,user_5c82df31,0.744803
user_7b052f32,3,user_8285a696,0.728185
user_7b052f32,4,user_8e97a154,0.726162
user_7b052f32,5,user_9bee2a7c,0.715426
user_7b052f32,6,user_fdc08e26,0.712458
user_7b052f32,7,user_c50a487d,0.707571
user_7b052f32,8,user_5159d3a1,0.707442
user_7b052f32,9,user_c0eba9f2,0.707376
user_7b052f32,10,user_f75c71f0,0.702927
user_7b052f32,11,user_a00e0552,0.702041
user_7b052f32,12,user_6bf0e007,0.701928
user_7b052f32,13,user_8ac8f24f,0.701329
user_7b052f32,14,user_18522854,0.695058
user_7b052f32,15,user_ee14f818,0.693015
user_7b2d0be1,1,user_ffe2efae,0.692961
user_7b2d0be1,2,user_7b2d0be1,0.682105
user_7b2d0be1,3,user_64cd3098,0.643584
user_7b2d0be1,4,user_33b2b77f,0.619434
user_7b2d0be1,5,user_ba085464,0.591109
user_7b2d0be1,6,user_7bbd1543,0.585616
user_7b2d0be1,7,user_6476648d,0.583503
user_7b2d0be1,8,user_baeb91b3,0.581790
user_7b2d0be1,9,user_417702c5,0.580762
user_7b2d0be1,10,user_1e3084a6,0.579372
user_7b2d0be1,11,user_58bfeaad,0.578883
user_7b2d0be1,12,user_0c578ab5,0.563264
user_7b2d0be1,13,user_e64d80ba,0.561588
user_7b2d0be1,14,user_8c42f323,0.557998
user_7b2d0be1,15,user_938164a5,0.555960
user_7b4c75ab,1,user_40efa894,0.705032
user_7b4c75ab,2,user_ac6e9129,0.677991
user_7b4c75ab,3,user_e8a7be73,0.675432
user_7b4c75ab,4,user_d5379647,0.668781
user_7b4c75ab,5,user_6169d3b8,0.655975
user_7b4c75ab,6,user_ca130b8f,0.655946
user_7b4c75ab,7,user_5d7cbf11,0.651943
user_7b4c75ab,8,user_98a676ce,0.647376
user_7b4c75ab,9,user_4b8335bd,0.644335
user_7b4c75ab,10,user_7d6962d9,0.638714
user_7b4c75ab,11,user_d5b21e00,0.638266
user_7b4c75ab,12,user_07db2c6a,0.637892
user_7b4c75ab,13,user_17054ec7,0.635392
user_7b4c75ab,14,user_6fc85c06,0.632923
user_7b4c75ab,15,user_dac2c359,0.630295
user_7c45fa70,1,user_7c45fa70,0.630665
user_7c45fa70,2,user_09dea596,0.518172
user_7c45fa70,3,user_2eaaa117,0.485369
user_7c45fa70,4,user_1b460965,0.478004
user_7c45fa70,5,user_840e0a93,0.465511
user_7c45fa70,6,user_89f449b4,0.443308
user_7c45fa70,7,user_67fa915e,0.442634
user_7c45fa70,8,user_8f39f021,0.440728
user_7c45fa70,9,user_8f08aa94,0.437915
user_7c45fa70,10,user_19641691,0.434047
user_7c45fa70,11,user_a57a04fa,0.426586
user_7c45fa70,12,user_788a8bb7,0.420950
user_7c45fa70,13,user_13fb2e34,0.420730
user_7c45fa70,14,user_69df6330,0.419138
user_7c45fa70,15,user_52c9252c,0.418420
user_7c7220a4,1,user_74cfb8ef,0.775914
user_7c7220a4,2,user_d4c7b4c0,0.773438
user_7c7220a4,3,user_26fa9d90,0.767657
user_7c7220a4,4,user_93cdb7a1,0.754402
user_7c7220a4,5,user_c50a487d,0.742236
user_7c7220a4,6,user_a00e0552,0.740618
user_7c7220a4,7,user_815b7baf,0.732758
user_7c7220a4,8,user_3b79395c,0.726786
user_7c7220a4,9,user_4bd9303b,0.717703
user_7c7220a4,10,user_ff39b6cf,0.714253
user_7c7220a4,11,user_9818dcae,0.710936
user_7c7220a4,12,user_e2e59795,0.709206
user_7c7220a4,13,user_586752e4,0.704682
user_7c7220a4,14,user_9c88ee3d,0.702456
user_7c7220a4,15,user_7c7220a4,0.701565
user_7f623d19,1,user_7f623d19,0.778055
user_7f623d19,2,user_9818dcae,0.771868
user_7f623d19,3,user_0128a546,0.753129
user_7f623d19,4,user_ff39b6cf,0.748019
user_7f623d19,5,user_259776c7,0.738714
user_7f623d19,6,user_a00e0552,0.737982
user_7f623d19,7,user_8713f22a,0.737107
user_7f623d19,8,user_8fb63eca,0.734865
user_7f623d19,9,user_c50a487d,0.734031
user_7f623d19,10,user_0c578ab5,0.733943
user_7f623d19,11,user_93cdb7a1,0.729522
user_7f623d19,12,user_56e6d0cd,0.728341
user_7f623d19,13,user_8e5e899b,0.725789
user_7f623d19,14,user_ca6074df,0.725087
user_7f623d19,15,user_76fc8dcd,0.724853
user_7fd91653,1,user_7fd91653,0.756604
user_7fd91653,2,user_0285dee3,0.712608
user_7fd91653,3,user_9991e1d8,0.703609
user_7fd91653,4,user_ee14f818,0.701565
user_7fd91653,5,user_56980aa9,0.701290
user_7fd91653,6,user_7b052f32,0.700489
user_7fd91653,7,user_6bf0e007,0.699079
user_7fd91653,8,user_3f2fbc90,0.697626
user_7fd91653,9,user_a01f16ac,0.696087
user_7fd91653,10,user_9d786aa8,0.690526
user_7fd91653,11,user_94f185bc,0.689716
user_7fd91653,12,user_906e2423,0.683457
user_7fd91653,13,user_5f4ee256,0.681674
user_7fd91653,14,user_02d03e8a,0.680695
user_7fd91653,15,user_d8335067,0.680432
user_7fef9da8,1,user_7fef9da8,0.702619
user_7fef9da8,2,user_aa31484a,0.697333
user_7fef9da8,3,user_3239132f,0.696697
user_7fef9da8,4,user_ca6074df,0.693796
user_7fef9da8,5,user_ee14f818,0.683921
user_7fef9da8,6,user_6a0b0e92,0.682662
user_7fef9da8,7,user_8e97a154,0.681685
user_7fef9da8,8,user_259776c7,0.679966
user_7fef9da8,9,user_a01f16ac,0.675608
user_7fef9da8,10,user_5f4ee256,0.674039
user_7fef9da8,11,user_c0eba9f2,0.672575
user_7fef9da8,12,user_649f4327,0.672061
user_7fef9da8,13,user_e8a7be73,0.670922
user_7fef9da8,14,user_f827c7dd,0.667097
user_7fef9da8,15,user_84c14a6f,0.666158
user_8006727d,1,user_bd6a40d5,0.634700
user_8006727d,2,user_caa6a7b6,0.547678
user_8006727d,3,user_515ae840,0.536156
user_8006727d,4,user_b6350ec1,0.523937
user_8006727d,5,user_7aa3746b,0.523611
user_8006727d,6,user_90202189,0.520609
user_8006727d,7,user_41d0c897,0.519853
user_8006727d,8,user_b9d253e8,0.517438
user_8006727d,9,user_84c14a6f,0.513834
user_8006727d,10,user_65d73ac1,0.513148
user_8006727d,11,user_d1d16d30,0.511487
user_8006727d,12,user_a743aff9,0.506974
user_8006727d,13,user_2d74cd4c,0.506612
user_8006727d,14,user_c1aa2063,0.503959
user_8006727d,15,user_0b5c256a,0.499319
user_80da26a6,1,user_7b052f32,0.710062
user_80da26a6,2,user_5c82df31,0.695052
user_80da26a6,3,user_80da26a6,0.689674
user_80da26a6,4,user_56980aa9,0.686666
user_80da26a6,5,user_93cdb7a1,0.682415
user_80da26a6,6,user_8e97a154,0.682352
user_80da26a6,7,user_5d7cbf11,0.682118
user_80da26a6,8,user_3239132f,0.672142
user_80da26a6,9,user_8285a696,0.671586
user_80da26a6,10,user_ee14f818,0.670007
user_80da26a6,11,user_c0eba9f2,0.667375
user_80da26a6,12,user_dc326993,0.663789
user_80da26a6,13,user_2a94c885,0.660776
user_80da26a6,14,user_ca6074df,0.659997
user_80da26a6,15,user_78eff25f,0.659509
user_80dc757f,1,user_ee14f818,0.764719
user_80dc757f,2,user_3085d204,0.733776
user_80dc757f,3,user_6bf0e007,0.733170
user_80dc757f,4,user_4607d25d,0.730317
user_80dc757f,5,user_0285dee3,0.726196
user_80dc757f,6,user_e802076d,0.724418
user_80dc757f,7,user_80dc757f,0.720810
user_80dc757f,8,user_406c399e,0.717584
user_80dc757f,9,user_1d775dd8,0.716061
user_80dc757f,10,user_8285a696,0.710705
user_80dc757f,11,user_aa31484a,0.709276
user_80dc757f,12,user_f0b144fc,0.701780
user_80dc757f,13,user_c154e834,0.699401
user_80dc757f,14,user_3f2fbc90,0.691348
user_80dc757f,15,user_0cee87f3,0.685694
user_81a80789,1,user_81a80789,0.734831
user_81a80789,2,user_93cdb7a1,0.682108
user_81a80789,3,user_ff39b6cf,0.637742
user_81a80789,4,user_df8dc9bb,0.615699
user_81a80789,5,user_dbbf562e,0.606875
user_81a80789,6,user_1302cb61,0.589540
user_81a80789,7,user_8c11f026,0.588722
user_81a80789,8,user_02fecea2,0.583691
user_81a80789,9,user_d50d7985,0.583128
user_81a80789,10,user_a00e0552,0.582264
user_81a80789,11,user_3b79395c,0.580364
user_81a80789,12,user_d4c7b4c0,0.580195
user_81a80789,13,user_c59ebe9c,0.578703
user_81a80789,14,user_9818dcae,0.577533
user_81a80789,15,user_815b7baf,0.572854
user_823846de,1,user_04d8419e,0.786367
user_823846de,2,user_3eb49f37,0.781109
user_823846de,3,user_823846de,0.753961
user_823846de,4,user_d4b7e22e,0.750123
user_823846de,5,user_423c81dc,0.749342
user_823846de,6,user_058d9dc1,0.739560
user_823846de,7,user_d5d4fc6e,0.736079
user_823846de,8,user_8afa3eba,0.725879
user_823846de,9,user_5d7cbf11,0.720214
user_823846de,10,user_f0b144fc,0.717728
user_823846de,11,user_5ac1a174,0.716159
user_823846de,12,user_98a676ce,0.711493
user_823846de,13,user_6fc85c06,0.710717
user_823846de,14,user_a4ae4e77,0.709907
user_823846de,15,user_5f4ee256,0.705674
user_8285a696,1,user_e802076d,0.681012
user_8285a696,2,user_3f2fbc90,0.670055
user_8285a696,3,user_68d19df8,0.665990
user_8285a696,4,user_cdd86523,0.664648
user_8285a696,5,user_8285a696,0.664347
user_8285a696,6,user_afff552a,0.658147
user_8285a696,7,user_2cb4b018,0.657966
user_8285a696,8,user_ee14f818,0.657346
user_8285a696,9,user_84c14a6f,0.645954
user_8285a696,10,user_a01f16ac,0.643815
user_8285a696,11,user_85810097,0.643800
user_8285a696,12,user_91db6e48,0.643465
user_8285a696,13,user_201c8c78,0.641382
user_8285a696,14,user_6bf0e007,0.632931
user_8285a696,15,user_c06d9b71,0.632406
user_82879210,1,user_b6350ec1,0.787316
user_82879210,2,user_84c14a6f,0.776690
user_82879210,3,user_0285dee3,0.774590
user_82879210,4,user_aa31484a,0.771279
user_82879210,5,user_3f2fbc90,0.759448
user_82879210,6,user_4607d25d,0.757697
user_82879210,7,user_2a94c885,0.754107
user_82879210,8,user_30802254,0.750624
user_82879210,9,user_5881b259,0.744056
user_82879210,10,user_b628264a,0.736880
user_82879210,11,user_39939c54,0.735431
user_82879210,12,user_75bc9924,0.735418
user_82879210,13,user_17607ebc,0.734824
user_82879210,14,user_636ad58f,0.732877
user_82879210,15,user_2a704b9c,0.730923
user_829844fd,1,user_c8e749e2,0.789698
user_829844fd,2,user_fb64cb55,0.707253
user_829844fd,3,user_a4ae4e77,0.704999
user_829844fd,4,user_68d19df8,0.702646
user_829844fd,5,user_b2dd04c8,0.700439
user_829844fd,6,user_0697c470,0.698295
user_829844fd,7,user_4607d25d,0.697268
user_829844fd,8,user_b628264a,0.693848
user_829844fd,9,user_75251485,0.693731
user_829844fd,10,user_723406a0,0.690351
user_829844fd,11,user_829844fd,0.688798
user_829844fd,12,user_8285a696,0.687776
user_829844fd,13,user_8a3bbeb2,0.685064
user_829844fd,14,user_91db6e48,0.682970
user_829844fd,15,user_80da26a6,0.682255
user_82d93459,1,user_00723699,0.767982
user_82d93459,2,user_2dc10d2d,0.761168
user_82d93459,3,user_2cb4b018,0.758307
user_82d93459,4,user_c8f82360,0.753292
user_82d93459,5,user_d10d1f24,0.742950
user_82d93459,6,user_8ac8f24f,0.734614
user_82d93459,7,user_2817ec11,0.733371
user_82d93459,8,user_8da30894,0.732594
user_82d93459,9,user_a973cf8e,0.726267
user_82d93459,10,user_aa2fbe83,0.725068
user_82d93459,11,user_8285a696,0.714341
user_82d93459,12,user_25b48a9a,0.710629
user_82d93459,13,user_b6b89f00,0.706202
user_82d93459,14,user_c0392523,0.702806
user_82d93459,15,user_daf53db6,0.702580
user_83e45cc0,1,user_10e64e28,0.694604
user_83e45cc0,2,user_ba8b1c05,0.693620
user_83e45cc0,3,user_83e45cc0,0.687375
user_83e45cc0,4,user_201c8c78,0.674490
user_83e45cc0,5,user_82c86537,0.663046
user_83e45cc0,6,user_d5b21e00,0.661007
user_83e45cc0,7,user_bd19a016,0.659581
user_83e45cc0,8,user_a3a4a20a,0.656774
user_83e45cc0,9,user_4607d25d,0.654674
user_83e45cc0,10,user_f7fd2885,0.649660
user_83e45cc0,11,user_75905116,0.649433
user_83e45cc0,12,user_c157ca97,0.644913
user_83e45cc0,13,user_74cfb8ef,0.644884
user_83e45cc0,14,user_c92c8f83,0.644405
user_83e45cc0,15,user_795eb408,0.640991
user_84703a6e,1,user_829844fd,0.756989
user_84703a6e,2,user_84703a6e,0.740555
user_84703a6e,3,user_cdd86523,0.733541
user_84703a6e,4,user_84c14a6f,0.733018
user_84703a6e,5,user_2a94c885,0.725770
user_84703a6e,6,user_30802254,0.721294
user_84703a6e,7,user_91f5e7af,0.720743
user_84703a6e,8,user_8292753c,0.716734
user_84703a6e,9,user_886f7373,0.704212
user_84703a6e,10,user_c8f82360,0.703966
user_84703a6e,11,user_6bf0e007,0.703892
user_84703a6e,12,user_406c399e,0.702627
user_84703a6e,13,user_8285a696,0.698994
user_84703a6e,14,user_6fbf6191,0.698193
user_84703a6e,15,user_68d19df8,0.696922
user_84c14a6f,1,user_84c14a6f,0.778426
user_84c14a6f,2,user_aa31484a,0.757103
user_84c14a6f,3,user_bdcc6e7d,0.753017
user_84c14a6f,4,user_406c399e,0.742738
user_84c14a6f,5,user_4607d25d,0.741279
user_84c14a6f,6,user_dd1d7b22,0.738855
user_84c14a6f,7,user_0285dee3,0.736966
user_84c14a6f,8,user_91f5e7af,0.731568
user_84c14a6f,9,user_ee14f818,0.730789
user_84c14a6f,10,user_30802254,0.730473
user_84c14a6f,11,user_3f2fbc90,0.728264
user_84c14a6f,12,user_e802076d,0.717934
user_84c14a6f,13,user_2a94c885,0.714389
user_84c14a6f,14,user_4f8b6987,0.713248
user_84c14a6f,15,user_165a2706,0.711437
user_84fe1a7a,1,user_84fe1a7a,0.810495
user_84fe1a7a,2,user_8ac8f24f,0.634713
user_84fe1a7a,3,user_0f006eec,0.626254
user_84fe1a7a,4,user_16ac4154,0.621842
user_84fe1a7a,5,user_4aaa8404,0.620140
user_84fe1a7a,6,user_33c6501d,0.616244
user_84fe1a7a,7,user_52c9252c,0.609197
user_84fe1a7a,8,user_c0392523,0.608038
user_84fe1a7a,9,user_940c7213,0.605800
user_84fe1a7a,10,user_e838707b,0.600127
user_84fe1a7a,11,user_0cd29f02,0.588522
user_84fe1a7a,12,user_efcacf59,0.587150
user_84fe1a7a,13,user_94f185bc,0.582129
user_84fe1a7a,14,user_25798310,0.580538
user_84fe1a7a,15,user_2a41ee39,0.577747
user_85810097,1,user_afff552a,0.642989
user_85810097,2,user_40a0bad3,0.628300
user_85810097,3,user_6a0b0e92,0.612383
user_85810097,4,user_e4f8ab0c,0.599376
user_85810097,5,user_4e54f3d7,0.599159
user_85810097,6,user_85810097,0.597956
user_85810097,7,user_201c8c78,0.592905
user_85810097,8,user_3b1da5d9,0.585391
user_85810097,9,user_c06d9b71,0.583635
user_85810097,10,user_75905116,0.575440
user_85810097,11,user_04f39d22,0.575094
user_85810097,12,user_5a5bee64,0.573377
user_85810097,13,user_f14dc486,0.571323
user_85810097,14,user_e802076d,0.569487
user_85810097,15,user_25b48a9a,0.567946
user_8663226a,1,user_f27da10a,0.676505
user_8663226a,2,user_695e56c9,0.656442
user_8663226a,3,user_d70942c1,0.655541
user_8663226a,4,user_17607ebc,0.643875
user_8663226a,5,user_405db206,0.641261
user_8663226a,6,user_5d1b0daf,0.639833
user_8663226a,7,user_6011e674,0.637286
user_8663226a,8,user_91f807b9,0.636358
user_8663226a,9,user_9d786aa8,0.632575
user_8663226a,10,user_b6350ec1,0.631156
user_8663226a,11,user_75bc9924,0.629675
user_8663226a,12,user_4607d25d,0.629278
user_8663226a,13,user_5f4ee256,0.625241
user_8663226a,14,user_dbc4828c,0.624210
user_8663226a,15,user_56980aa9,0.621395
user_86685a27,1,user_423c81dc,0.713488
user_86685a27,2,user_ecc1ca0a,0.652546
user_86685a27,3,user_8285a696,0.639966
user_86685a27,4,user_a4ae4e77,0.638926
user_86685a27,5,user_86685a27,0.636849
user_86685a27,6,user_a04b2a78,0.636719
user_86685a27,7,user_5d7cbf11,0.635540
user_86685a27,8,user_3eb49f37,0.627173
user_86685a27,9,user_6fc85c06,0.618248
user_86685a27,10,user_e8e9acac,0.613232
user_86685a27,11,user_c0eba9f2,0.613025
user_86685a27,12,user_f59d3941,0.610788
user_86685a27,13,user_efa5697b,0.603365
user_86685a27,14,user_4db0d490,0.600173
user_86685a27,15,user_8c193f56,0.598496
user_869fcb2b,1,user_6fbf6191,0.764473
user_869fcb2b,2,user_869fcb2b,0.737378
user_869fcb2b,3,user_f107081e,0.734429
user_869fcb2b,4,user_02d03e8a,0.719514
user_869fcb2b,5,user_80dc757f,0.683009
user_869fcb2b,6,user_b8f24804,0.681153
user_869fcb2b,7,user_d8335067,0.674990
user_869fcb2b,8,user_2b750e1c,0.668803
user_869fcb2b,9,user_cdd86523,0.660756
user_869fcb2b,10,user_b5af9db9,0.657745
user_869fcb2b,11,user_ef954c6e,0.653715
user_869fcb2b,12,user_69df6330,0.652090
user_869fcb2b,13,user_c8f82360,0.643783
user_869fcb2b,14,user_2a41ee39,0.642358
user_869fcb2b,15,user_2a94c885,0.640155
user_8713f22a,1,user_ba010eec,0.756990
user_8713f22a,2,user_815b7baf,0.743297
user_8713f22a,3,user_8713f22a,0.742574
user_8713f22a,4,user_36e75535,0.721899
user_8713f22a,5,user_93cdb7a1,0.715319
user_8713f22a,6,user_9818dcae,0.707871
user_8713f22a,7,user_ee14f818,0.700664
user_8713f22a,8,user_02fecea2,0.697070
user_8713f22a,9,user_d4c7b4c0,0.693142
user_8713f22a,10,user_72bed676,0.691520
user_8713f22a,11,user_1eefeb8c,0.689114
user_8713f22a,12,user_259776c7,0.687212
user_8713f22a,13,user_a0517bef,0.686181
user_8713f22a,14,user_a00e0552,0.684743
user_8713f22a,15,user_74cfb8ef,0.681079
user_87e5d9b0,1,user_233fda02,0.812385
user_87e5d9b0,2,user_87e5d9b0,0.796922
user_87e5d9b0,3,user_a5d9fab6,0.788758
user_87e5d9b0,4,user_5dc5c2dc,0.776004
user_87e5d9b0,5,user_a7f8db34,0.774006
user_87e5d9b0,6,user_ff39b6cf,0.746161
user_87e5d9b0,7,user_7322f4ef,0.738270
user_87e5d9b0,8,user_d7fde080,0.732610
user_87e5d9b0,9,user_07db2c6a,0.719339
user_87e5d9b0,10,user_8afa3eba,0.712033
user_87e5d9b0,11,user_d4b7e22e,0.707131
user_87e5d9b0,12,user_22b484cb,0.706900
user_87e5d9b0,13,user_87bbc3b5,0.704304
user_87e5d9b0,14,user_e8cdb142,0.696922
user_87e5d9b0,15,user_c883258f,0.695971
user_885e8708,1,user_a2825b06,0.746593
user_885e8708,2,user_2c69b83e,0.715168
user_885e8708,3,user_4d4f73a6,0.710040
user_885e8708,4,user_78eff25f,0.707531
user_885e8708,5,user_ecc1ca0a,0.704958
user_885e8708,6,user_259776c7,0.699251
user_885e8708,7,user_0a3f46b9,0.698835
user_885e8708,8,user_e8e9acac,0.697578
user_885e8708,9,user_63b4be5f,0.697372
user_885e8708,10,user_14a2d3c6,0.697064
user_885e8708,11,user_a4ae4e77,0.694772
user_885e8708,12,user_885e8708,0.690683
user_885e8708,13,user_df8dc9bb,0.687920
user_885e8708,14,user_454733da,0.687433
user_885e8708,15,user_183b3783,0.687005
user_88f46c7b,1,user_5d7cbf11,0.779095
user_88f46c7b,2,user_a4ae4e77,0.742162
user_88f46c7b,3,user_4db0d490,0.741874
user_88f46c7b,4,user_858fa00c,0.740098
user_88f46c7b,5,user_88f46c7b,0.739389
user_88f46c7b,6,user_5f4ee256,0.729354
user_88f46c7b,7,user_79f04645,0.725518
user_88f46c7b,8,user_723406a0,0.722053
user_88f46c7b,9,user_bd05225b,0.721922
user_88f46c7b,10,user_5ac1a174,0.721813
user_88f46c7b,11,user_423c81dc,0.720861
user_88f46c7b,12,user_6fc85c06,0.710821
user_88f46c7b,13,user_b4214db6,0.710111
user_88f46c7b,14,user_dcf52d26,0.703993
user_88f46c7b,15,user_ce424e88,0.701966
user_89f449b4,1,user_89f449b4,0.638111
user_89f449b4,2,user_02d03e8a,0.568759
user_89f449b4,3,user_6fbf6191,0.557155
user_89f449b4,4,user_f107081e,0.555096
user_89f449b4,5,user_8006727d,0.547988
user_89f449b4,6,user_3239132f,0.545643
user_89f449b4,7,user_2a94c885,0.540853
user_89f449b4,8,user_5159d3a1,0.540738
user_89f449b4,9,user_d8335067,0.540644
user_89f449b4,10,user_84703a6e,0.540446
user_89f449b4,11,user_b8f24804,0.536928
user_89f449b4,12,user_9fc3c829,0.535519
user_89f449b4,13,user_043ea160,0.533613
user_89f449b4,14,user_b6b89f00,0.533065
user_89f449b4,15,user_cb2fe204,0.533018
user_8a760553,1,user_b6350ec1,0.802351
user_8a760553,2,user_dd1d7b22,0.772525
user_8a760553,3,user_1230e05a,0.755671
user_8a760553,4,user_39939c54,0.744736
user_8a760553,5,user_83e30c57,0.741364
user_8a760553,6,user_5881b259,0.735103
user_8a760553,7,user_2dd5b531,0.732969
user_8a760553,8,user_165a2706,0.732748
user_8a760553,9,user_6011e674,0.732688
user_8a760553,10,user_657c72ca,0.731962
user_8a760553,11,user_b628264a,0.728606
user_8a760553,12,user_3f2fbc90,0.728015
user_8a760553,13,user_b6d05d1d,0.727851
user_8a760553,14,user_058c1800,0.726424
user_8a760553,15,user_84c14a6f,0.725805
user_8ae8c359,1,user_20e741d0,0.740563
user_8ae8c359,2,user_ab439a92,0.683207
user_8ae8c359,3,user_1022be44,0.671625
user_8ae8c359,4,user_687feee4,0.669227
user_8ae8c359,5,user_f44f615a,0.665899
user_8ae8c359,6,user_364bb955,0.652083
user_8ae8c359,7,user_1246b252,0.650346
user_8ae8c359,8,user_0b1b1d1c,0.640543
user_8ae8c359,9,user_b9036662,0.631401
user_8ae8c359,10,user_9d9fba70,0.628889
user_8ae8c359,11,user_f2f860bd,0.628649
user_8ae8c359,12,user_88e84020,0.626784
user_8ae8c359,13,user_19622b77,0.625399
user_8ae8c359,14,user_75905116,0.616362
user_8ae8c359,15,user_c50a487d,0.616290
user_8afa3eba,1,user_5d7cbf11,0.585355
user_8afa3eba,2,user_eda37c14,0.573479
user_8afa3eba,3,user_a4ae4e77,0.562643
user_8afa3eba,4,user_406c399e,0.559393
user_8afa3eba,5,user_36d44add,0.555323
user_8afa3eba,6,user_8afa3eba,0.552604
user_8afa3eba,7,user_f0b144fc,0.548544
user_8afa3eba,8,user_dac2c359,0.548194
user_8afa3eba,9,user_e7a55eac,0.544689
user_8afa3eba,10,user_1d775dd8,0.543018
user_8afa3eba,11,user_3085d204,0.538507
user_8afa3eba,12,user_d023a78e,0.537858
user_8afa3eba,13,user_f10e7063,0.534148
user_8afa3eba,14,user_f75c71f0,0.533254
user_8afa3eba,15,user_fa60616d,0.533252
user_8c6db6ed,1,user_2817ec11,0.697649
user_8c6db6ed,2,user_8c6db6ed,0.691858
user_8c6db6ed,3,user_82d93459,0.677908
user_8c6db6ed,4,user_d10d1f24,0.673100
user_8c6db6ed,5,user_3f1d04a6,0.635722
user_8c6db6ed,6,user_a973cf8e,0.628710
user_8c6db6ed,7,user_f3f15c55,0.621643
user_8c6db6ed,8,user_6ab1739a,0.619009
user_8c6db6ed,9,user_1bcbacb3,0.609369
user_8c6db6ed,10,user_04d8419e,0.602047
user_8c6db6ed,11,user_00723699,0.600853
user_8c6db6ed,12,user_a4ae4e77,0.600789
user_8c6db6ed,13,user_8da30894,0.599221
user_8c6db6ed,14,user_22b484cb,0.598986
user_8c6db6ed,15,user_f59d3941,0.598867
user_8d22714e,1,user_aae78e0d,0.797350
user_8d22714e,2,user_8d22714e,0.771828
user_8d22714e,3,user_e7a55eac,0.730008
user_8d22714e,4,user_6bf0e007,0.729382
user_8d22714e,5,user_259776c7,0.729150
user_8d22714e,6,user_e8e9acac,0.726879
user_8d22714e,7,user_66a7ce5a,0.714657
user_8d22714e,8,user_723406a0,0.714575
user_8d22714e,9,user_b628264a,0.713478
user_8d22714e,10,user_04d8419e,0.711817
user_8d22714e,11,user_5c5a0b40,0.706627
user_8d22714e,12,user_d0a0f883,0.703001
user_8d22714e,13,user_8be3f554,0.702761
user_8d22714e,14,user_0cc626ee,0.700860
user_8d22714e,15,user_a4ae4e77,0.698344
user_8d85acb5,1,user_8d85acb5,0.777161
user_8d85acb5,2,user_1b7f8c56,0.600201
user_8d85acb5,3,user_11e8421f,0.581701
user_8d85acb5,4,user_2a41ee39,0.541343
user_8d85acb5,5,user_380ddd3f,0.538456
user_8d85acb5,6,user_f107081e,0.518406
user_8d85acb5,7,user_164fe4b8,0.517206
user_8d85acb5,8,user_9c7183c8,0.514328
user_8d85acb5,9,user_8ac8f24f,0.508963
user_8d85acb5,10,user_c8f82360,0.498979
user_8d85acb5,11,user_5159d3a1,0.498262
user_8d85acb5,12,user_a16d1fb6,0.488649
user_8d85acb5,13,user_e64d80ba,0.479566
user_8d85acb5,14,user_a743aff9,0.475479
user_8d85acb5,15,user_4893b4d0,0.475083
user_8d968cfb,1,user_4f755977,0.730007
user_8d968cfb,2,user_4607d25d,0.717713
user_8d968cfb,3,user_73f34c5d,0.710443
user_8d968cfb,4,user_56980aa9,0.710382
user_8d968cfb,5,user_0285dee3,0.705597
user_8d968cfb,6,user_a01f16ac,0.702183
user_8d968cfb,7,user_84c14a6f,0.700442
user_8d968cfb,8,user_aa31484a,0.700037
user_8d968cfb,9,user_8663226a,0.697031
user_8d968cfb,10,user_bdcc6e7d,0.686368
user_8d968cfb,11,user_39b3eda0,0.683471
user_8d968cfb,12,user_4e54f3d7,0.682118
user_8d968cfb,13,user_a57e47b1,0.681706
user_8d968cfb,14,user_17607ebc,0.681699
user_8d968cfb,15,user_6a0b0e92,0.681560
user_8da30894,1,user_5b7d5e00,0.675669
user_8da30894,2,user_59e8bc2a,0.650491
user_8da30894,3,user_ad15a0a4,0.650031
user_8da30894,4,user_598cc905,0.649735
user_8da30894,5,user_6ab1739a,0.642355
user_8da30894,6,user_d10d1f24,0.631823
user_8da30894,7,user_f59d3941,0.628423
user_8da30894,8,user_f3f15c55,0.626645
user_8da30894,9,user_2817ec11,0.626336
user_8da30894,10,user_d023a78e,0.609270
user_8da30894,11,user_8c6db6ed,0.600598
user_8da30894,12,user_7af2ed90,0.597883
user_8da30894,13,user_8da30894,0.596757
user_8da30894,14,user_a4a77a7d,0.584236
user_8da30894,15,user_d4b7e22e,0.577997
user_8dd20d7f,1,user_8dd20d7f,0.859541
user_8dd20d7f,2,user_14a2d3c6,0.731521
user_8dd20d7f,3,user_b8daec75,0.730741
user_8dd20d7f,4,user_0e685b64,0.728709
user_8dd20d7f,5,user_6b311f43,0.709646
user_8dd20d7f,6,user_25798310,0.683086
user_8dd20d7f,7,user_63b4be5f,0.666671
user_8dd20d7f,8,user_7b052f32,0.660567
user_8dd20d7f,9,user_16ac4154,0.655475
user_8dd20d7f,10,user_3535252b,0.632887
user_8dd20d7f,11,user_1232c39b,0.628696
user_8dd20d7f,12,user_7017ea1b,0.627348
user_8dd20d7f,13,user_ab30f0fb,0.626340
user_8dd20d7f,14,user_18522854,0.624489
user_8dd20d7f,15,user_18892460,0.619916
user_8e48a3f8,1,user_8e48a3f8,0.821939
user_8e48a3f8,2,user_815b7baf,0.799134
user_8e48a3f8,3,user_1fb646f2,0.798872
user_8e48a3f8,4,user_da51dede,0.777421
user_8e48a3f8,5,user_378003e3,0.776771
user_8e48a3f8,6,user_9818dcae,0.770617
user_8e48a3f8,7,user_166a3647,0.768009
user_8e48a3f8,8,user_2dc10d2d,0.758874
user_8e48a3f8,9,user_164fe4b8,0.756397
user_8e48a3f8,10,user_ff39b6cf,0.755685
user_8e48a3f8,11,user_b14ec02b,0.752883
user_8e48a3f8,12,user_df8dc9bb,0.750899
user_8e48a3f8,13,user_daf53db6,0.749487
user_8e48a3f8,14,user_0128a546,0.749425
user_8e48a3f8,15,user_ca6074df,0.748250
user_8e97a154,1,user_ba010eec,0.665809
user_8e97a154,2,user_1eefeb8c,0.643510
user_8e97a154,3,user_36e75535,0.640539
user_8e97a154,4,user_815b7baf,0.624620
user_8e97a154,5,user_a16d1fb6,0.605342
user_8e97a154,6,user_93cdb7a1,0.603515
user_8e97a154,7,user_dbbf562e,0.583501
user_8e97a154,8,user_0d32f0ed,0.582586
user_8e97a154,9,user_d4c7b4c0,0.568657
user_8e97a154,10,user_94cad3a5,0.566104
user_8e97a154,11,user_3b79395c,0.565430
user_8e97a154,12,user_107259c3,0.561605
user_8e97a154,13,user_9fe4e0f5,0.558573
user_8e97a154,14,user_4cad4295,0.557536
user_8e97a154,15,user_b1d0760b,0.557330
user_8eac0a68,1,user_e5f67397,0.709531
user_8eac0a68,2,user_8eac0a68,0.701019
user_8eac0a68,3,user_6169d3b8,0.646913
user_8eac0a68,4,user_0e408c4a,0.645029
user_8eac0a68,5,user_f44f615a,0.644445
user_8eac0a68,6,user_83585fc6,0.637639
user_8eac0a68,7,user_fde27362,0.631600
user_8eac0a68,8,user_b63ea1d4,0.631008
user_8eac0a68,9,user_acb899e9,0.629625
user_8eac0a68,10,user_ba085464,0.625371
user_8eac0a68,11,user_ded778b8,0.624618
user_8eac0a68,12,user_e3ea7712,0.615647
user_8eac0a68,13,user_40efa894,0.614422
user_8eac0a68,14,user_f14dc486,0.610332
user_8eac0a68,15,user_f930e37f,0.610138
user_8f08aa94,1,user_0ff0b922,0.675427
user_8f08aa94,2,user_8f08aa94,0.658406
user_8f08aa94,3,user_c34e791e,0.642359
user_8f08aa94,4,user_124651ff,0.635499
user_8f08aa94,5,user_205d25f3,0.605633
user_8f08aa94,6,user_c809e3d2,0.604865
user_8f08aa94,7,user_840e0a93,0.604417
user_8f08aa94,8,user_e802076d,0.604299
user_8f08aa94,9,user_75905116,0.603429
user_8f08aa94,10,user_8285a696,0.595959
user_8f08aa94,11,user_ded778b8,0.595062
user_8f08aa94,12,user_cb8245f7,0.592361
user_8f08aa94,13,user_ba085464,0.587833
user_8f08aa94,14,user_8006727d,0.584369
user_8f08aa94,15,user_b4f295b3,0.575490
user_8fe14601,1,user_ee14f818,0.757820
user_8fe14601,2,user_b6350ec1,0.756054
user_8fe14601,3,user_dd1d7b22,0.754948
user_8fe14601,4,user_8fe14601,0.748905
user_8fe14601,5,user_dc32d458,0.745331
user_8fe14601,6,user_1230e05a,0.741366
user_8fe14601,7,user_17607ebc,0.741064
user_8fe14601,8,user_4607d25d,0.737192
user_8fe14601,9,user_5b714afd,0.734994
user_8fe14601,10,user_85810097,0.732500
user_8fe14601,11,user_68d19df8,0.728813
user_8fe14601,12,user_0285dee3,0.720508
user_8fe14601,13,user_7aa3746b,0.719245
user_8fe14601,14,user_165a2706,0.716519
user_8fe14601,15,user_04f39d22,0.715488
user_90202189,1,user_4607d25d,0.748115
user_90202189,2,user_9351238d,0.733945
user_90202189,3,user_ee14f818,0.718042
user_90202189,4,user_406c399e,0.715624
user_90202189,5,user_90202189,0.711220
user_90202189,6,user_2c69b83e,0.709531
user_90202189,7,user_a01f16ac,0.709029
user_90202189,8,user_0b64b183,0.708673
user_90202189,9,user_84c14a6f,0.707259
user_90202189,10,user_3085d204,0.706300
user_90202189,11,user_9ce96cbf,0.704923
user_90202189,12,user_3f2fbc90,0.702786
user_90202189,13,user_04d8419e,0.702612
user_90202189,14,user_b6b89f00,0.702427
user_90202189,15,user_e802076d,0.701943
user_902af20f,1,user_a52dd639,0.819159
user_902af20f,2,user_1a4bec69,0.804252
user_902af20f,3,user_902af20f,0.763766
user_902af20f,4,user_2e60c125,0.743322
user_902af20f,5,user_e409a56d,0.725794
user_902af20f,6,user_25652863,0.712152
user_902af20f,7,user_b2aba63a,0.699200
user_902af20f,8,user_4607d25d,0.696273
user_902af20f,9,user_201c8c78,0.693501
user_902af20f,10,user_00a2f533,0.681107
user_902af20f,11,user_f7fd2885,0.675894
user_902af20f,12,user_bd19a016,0.671328
user_902af20f,13,user_04f39d22,0.668288
user_902af20f,14,user_67fa915e,0.665115
user_902af20f,15,user_4ea1ef09,0.657211
user_903329bb,1,user_04d8419e,0.657468
user_903329bb,2,user_a4a77a7d,0.645999
user_903329bb,3,user_d4b7e22e,0.645754
user_903329bb,4,user_c8f82360,0.645308
user_903329bb,5,user_d10d1f24,0.644183
user_903329bb,6,user_3eb49f37,0.643188
user_903329bb,7,user_823846de,0.638950
user_903329bb,8,user_a973cf8e,0.637400
user_903329bb,9,user_903329bb,0.635961
user_903329bb,10,user_a1b097c2,0.627699
user_903329bb,11,user_7322f4ef,0.626191
user_903329bb,12,user_0dfb7397,0.625706
user_903329bb,13,user_423c81dc,0.624846
user_903329bb,14,user_586752e4,0.624724
user_903329bb,15,user_d5d4fc6e,0.621930
user_906e2423,1,user_906e2423,0.749510
user_906e2423,2,user_6a0b0e92,0.685242
user_906e2423,3,user_5c5a0b40,0.668151
user_906e2423,4,user_4607d25d,0.667707
user_906e2423,5,user_3f2fbc90,0.665502
user_906e2423,6,user_5d7cbf11,0.661219
user_906e2423,7,user_6bf0e007,0.655645
user_906e2423,8,user_8285a696,0.653632
user_906e2423,9,user_2a94c885,0.651657
user_906e2423,10,user_56980aa9,0.641873
user_906e2423,11,user_b7f60e64,0.638322
user_906e2423,12,user_aae78e0d,0.637373
user_906e2423,13,user_8e97a154,0.634889
user_906e2423,14,user_5f4ee256,0.634745
user_906e2423,15,user_5159d3a1,0.634391
user_916503d6,1,user_c8f82360,0.706620
user_916503d6,2,user_65d73ac1,0.704539
user_916503d6,3,user_165a2706,0.700162
user_916503d6,4,user_6bb64984,0.694433
user_916503d6,5,user_b16e0cf8,0.690693
user_916503d6,6,user_84c14a6f,0.690554
user_916503d6,7,user_c06d9b71,0.681328
user_916503d6,8,user_2cb4b018,0.676353
user_916503d6,9,user_ebddf9c1,0.670904
user_916503d6,10,user_0285dee3,0.666860
user_916503d6,11,user_3f2fbc90,0.664623
user_916503d6,12,user_2dc10d2d,0.662398
user_916503d6,13,user_6011e674,0.662390
user_916503d6,14,user_82d93459,0.661248
user_916503d6,15,user_417702c5,0.660651
user_920c074a,1,user_55058479,0.786731
user_920c074a,2,user_efb27a8e,0.768657
user_920c074a,3,user_2f4cc646,0.759534
user_920c074a,4,user_3bc84c13,0.755668
user_920c074a,5,user_7b052f32,0.755297
user_920c074a,6,user_df8dc9bb,0.754407
user_920c074a,7,user_c130412b,0.754250
user_920c074a,8,user_7f56f9a5,0.753738
user_920c074a,9,user_885e8708,0.752006
user_920c074a,10,user_1f636ddc,0.751247
user_920c074a,11,user_815b7baf,0.748015
user_920c074a,12,user_3f1d04a6,0.744320
user_920c074a,13,user_8e97a154,0.741967
user_920c074a,14,user_c50a487d,0.738901
user_920c074a,15,user_cce4f9c2,0.738659
user_938164a5,1,user_8285a696,0.747563
user_938164a5,2,user_a4ae4e77,0.709868
user_938164a5,3,user_b628264a,0.705008
user_938164a5,4,user_3f2fbc90,0.697631
user_938164a5,5,user_723406a0,0.692344
user_938164a5,6,user_8ce972f1,0.691554
user_938164a5,7,user_c154e834,0.690730
user_938164a5,8,user_4607d25d,0.683821
user_938164a5,9,user_5f4ee256,0.682702
user_938164a5,10,user_91f5e7af,0.681514
user_938164a5,11,user_50e2a836,0.679313
user_938164a5,12,user_6bf0e007,0.676406
user_938164a5,13,user_98a676ce,0.676043
user_938164a5,14,user_f862100c,0.675620
user_938164a5,15,user_ebddf9c1,0.675513
user_943e4045,1,user_d074356a,0.646788
user_943e4045,2,user_a0517bef,0.630019
user_943e4045,3,user_1ae8e7f5,0.625451
user_943e4045,4,user_20a01575,0.623050
user_943e4045,5,user_03410579,0.613845
user_943e4045,6,user_b0129d9e,0.603593
user_943e4045,7,user_943e4045,0.602616
user_943e4045,8,user_3b79395c,0.601327
user_943e4045,9,user_3666402b,0.592855
user_943e4045,10,user_8fb63eca,0.587502
user_943e4045,11,user_815b7baf,0.584875
user_943e4045,12,user_7a8f7f3e,0.584536
user_943e4045,13,user_76fc8dcd,0.582961
user_943e4045,14,user_72bed676,0.581989
user_943e4045,15,user_c6dc9323,0.581957
user_954805d7,1,user_5b714afd,0.807195
user_954805d7,2,user_0697c470,0.788481
user_954805d7,3,user_c2f18cf7,0.783718
user_954805d7,4,user_4607d25d,0.777169
user_954805d7,5,user_91db6e48,0.773845
user_954805d7,6,user_a01f16ac,0.767893
user_954805d7,7,user_dc32d458,0.767349
user_954805d7,8,user_68d19df8,0.766711
user_954805d7,9,user_b6350ec1,0.765389
user_954805d7,10,user_a7bfc229,0.764637
user_954805d7,11,user_c8e749e2,0.762730
user_954805d7,12,user_75bc9924,0.762404
user_954805d7,13,user_0285dee3,0.760725
user_954805d7,14,user_5881b259,0.760486
user_954805d7,15,user_07cb458d,0.760140
user_959adfc8,1,user_e5beda2b,0.579013
user_959adfc8,2,user_80dc757f,0.572145
user_959adfc8,3,user_8ce972f1,0.558739
user_959adfc8,4,user_ee8d5ec5,0.556440
user_959adfc8,5,user_a0f5ae47,0.545914
user_959adfc8,6,user_f107081e,0.538667
user_959adfc8,7,user_a4aab257,0.537102
user_959adfc8,8,user_96d9cb9a,0.534489
user_959adfc8,9,user_11e8421f,0.529668
user_959adfc8,10,user_91f5e7af,0.521771
user_959adfc8,11,user_0cee87f3,0.520976
user_959adfc8,12,user_f6188968,0.517293
user_959adfc8,13,user_02d03e8a,0.517222
user_959adfc8,14,user_5993b36a,0.516348
user_959adfc8,15,user_b8f24804,0.511232
user_95d648bc,1,user_a2480011,0.667764
user_95d648bc,2,user_c204a1dd,0.664756
user_95d648bc,3,user_3850eb9e,0.656700
user_95d648bc,4,user_ff7631ef,0.656463
user_95d648bc,5,user_00723699,0.651281
user_95d648bc,6,user_b16e0cf8,0.646716
user_95d648bc,7,user_c41de62b,0.638318
user_95d648bc,8,user_82d93459,0.632748
user_95d648bc,9,user_2cb4b018,0.632611
user_95d648bc,10,user_9818dcae,0.628575
user_95d648bc,11,user_2817ec11,0.624770
user_95d648bc,12,user_c709e252,0.616993
user_95d648bc,13,user_56980aa9,0.614333
user_95d648bc,14,user_a973cf8e,0.611586
user_95d648bc,15,user_39aad1a2,0.611218
user_9600e8bf,1,user_aa31484a,0.689016
user_9600e8bf,2,user_c0eba9f2,0.684091
user_9600e8bf,3,user_259776c7,0.681062
user_9600e8bf,4,user_2a94c885,0.670408
user_9600e8bf,5,user_8285a696,0.670057
user_9600e8bf,6,user_ff39b6cf,0.669988
user_9600e8bf,7,user_a2825b06,0.669384
user_9600e8bf,8,user_0285dee3,0.667565
user_9600e8bf,9,user_f862100c,0.665743
user_9600e8bf,10,user_5f4ee256,0.664562
user_9600e8bf,11,user_a973cf8e,0.664220
user_9600e8bf,12,user_ee14f818,0.662548
user_9600e8bf,13,user_4607d25d,0.660879
user_9600e8bf,14,user_6bf0e007,0.660224
user_9600e8bf,15,user_c8e749e2,0.659095
user_96013176,1,user_2cb4b018,0.768277
user_96013176,2,user_8ac8f24f,0.752518
user_96013176,3,user_5159d3a1,0.751713
user_96013176,4,user_0c578ab5,0.749742
user_96013176,5,user_8285a696,0.749719
user_96013176,6,user_1c45ab75,0.748650
user_96013176,7,user_9818dcae,0.740017
user_96013176,8,user_8e97a154,0.737301
user_96013176,9,user_e802076d,0.736528
user_96013176,10,user_b1c16312,0.736467
user_96013176,11,user_417702c5,0.733088
user_96013176,12,user_b6b89f00,0.732735
user_96013176,13,user_aa2fbe83,0.732185
user_96013176,14,user_65d73ac1,0.729870
user_96013176,15,user_2dc10d2d,0.726113
user_9692f077,1,user_4607d25d,0.791068
user_9692f077,2,user_0697c470,0.785801
user_9692f077,3,user_3f2fbc90,0.777084
user_9692f077,4,user_0285dee3,0.763686
user_9692f077,5,user_e8a7be73,0.755842
user_9692f077,6,user_c8e749e2,0.754646
user_9692f077,7,user_aa31484a,0.745707
user_9692f077,8,user_ee14f818,0.743258
user_9692f077,9,user_9d786aa8,0.742191
user_9692f077,10,user_406c399e,0.739058
user_9692f077,11,user_8285a696,0.738399
user_9692f077,12,user_dd1d7b22,0.738151
user_9692f077,13,user_5881b259,0.733585
user_9692f077,14,user_39b3eda0,0.732500
user_9692f077,15,user_a01f16ac,0.726416
user_96c3cc43,1,user_17607ebc,0.778897
user_96c3cc43,2,user_bdcc6e7d,0.769548
user_96c3cc43,3,user_6bf0e007,0.768817
user_96c3cc43,4,user_0285dee3,0.765698
user_96c3cc43,5,user_f0b144fc,0.762691
user_96c3cc43,6,user_2a704b9c,0.735122
user_96c3cc43,7,user_7aa3746b,0.734973
user_96c3cc43,8,user_165a2706,0.733999
user_96c3cc43,9,user_69a4dd06,0.733486
user_96c3cc43,10,user_650da71b,0.731087
user_96c3cc43,11,user_ec574395,0.730976
user_96c3cc43,12,user_84c14a6f,0.729843
user_96c3cc43,13,user_23ecc36a,0.729005
user_96c3cc43,14,user_75bc9924,0.728729
user_96c3cc43,15,user_4607d25d,0.727837
user_96d9cb9a,1,user_80dc757f,0.695438
user_96d9cb9a,2,user_f107081e,0.673346
user_96d9cb9a,3,user_bbe73426,0.656298
user_96d9cb9a,4,user_d8335067,0.654812
user_96d9cb9a,5,user_8285a696,0.652121
user_96d9cb9a,6,user_f75c71f0,0.649604
user_96d9cb9a,7,user_c8f82360,0.648699
user_96d9cb9a,8,user_cb2fe204,0.641117
user_96d9cb9a,9,user_ee14f818,0.640411
user_96d9cb9a,10,user_c0eba9f2,0.638050
user_96d9cb9a,11,user_96d9cb9a,0.635575
user_96d9cb9a,12,user_91f5e7af,0.635475
user_96d9cb9a,13,user_02d03e8a,0.633470
user_96d9cb9a,14,user_39b3eda0,0.628705
user_96d9cb9a,15,user_6a0b0e92,0.625397
user_97330742,1,user_737d3148,0.744595
user_97330742,2,user_b628264a,0.712059
user_97330742,3,user_17607ebc,0.711657
user_97330742,4,user_0285dee3,0.709306
user_97330742,5,user_98a676ce,0.701884
user_97330742,6,user_f6c0aefc,0.700319
user_97330742,7,user_1230e05a,0.696061
user_97330742,8,user_cc1c8897,0.695351
user_97330742,9,user_a1b097c2,0.694715
user_97330742,10,user_f10e7063,0.690706
user_97330742,11,user_0dfb7397,0.688199
user_97330742,12,user_dd1d7b22,0.687877
user_97330742,13,user_36d44add,0.685896
user_97330742,14,user_3f2fbc90,0.684541
user_97330742,15,user_ce424e88,0.682951
user_979ee068,1,user_979ee068,0.666233
user_979ee068,2,user_30802254,0.635637
user_979ee068,3,user_e7ff2beb,0.613860
user_979ee068,4,user_ea67f9c6,0.600483
user_979ee068,5,user_85810097,0.579502
user_979ee068,6,user_f10e7063,0.577164
user_979ee068,7,user_737d3148,0.577132
user_979ee068,8,user_92fe4471,0.572741
user_979ee068,9,user_9fc3c829,0.562065
user_979ee068,10,user_54b19b29,0.556194
user_979ee068,11,user_39939c54,0.553757
user_979ee068,12,user_4f3b6241,0.552948
user_979ee068,13,user_c50a487d,0.550438
user_979ee068,14,user_4d4f73a6,0.548966
user_979ee068,15,user_1fb646f2,0.548399
user_9818dcae,1,user_b1d0760b,0.738663
user_9818dcae,2,user_02fecea2,0.738307
user_9818dcae,3,user_d4c7b4c0,0.734363
user_9818dcae,4,user_9818dcae,0.732770
user_9818dcae,5,user_ff39b6cf,0.723036
user_9818dcae,6,user_9b6481e4,0.716645
user_9818dcae,7,user_8e92b8c1,0.715369
user_9818dcae,8,user_3b79395c,0.714238
user_9818dcae,9,user_81a80789,0.712168
user_9818dcae,10,user_ba010eec,0.706981
user_9818dcae,11,user_815b7baf,0.703393
user_9818dcae,12,user_259776c7,0.701402
user_9818dcae,13,user_397cfe20,0.700980
user_9818dcae,14,user_76fc8dcd,0.698987
user_9818dcae,15,user_aa2fbe83,0.693490
user_98a676ce,1,user_2a94c885,0.764392
user_98a676ce,2,user_4607d25d,0.751732
user_98a676ce,3,user_5d7cbf11,0.748783
user_98a676ce,4,user_0285dee3,0.747332
user_98a676ce,5,user_5dc5c2dc,0.742228
user_98a676ce,6,user_98a676ce,0.741171
user_98a676ce,7,user_00723699,0.738276
user_98a676ce,8,user_56980aa9,0.732527
user_98a676ce,9,user_3f2fbc90,0.728493
user_98a676ce,10,user_80da26a6,0.724036
user_98a676ce,11,user_6a0b0e92,0.722362
user_98a676ce,12,user_aa31484a,0.720742
user_98a676ce,13,user_3f1d04a6,0.720629
user_98a676ce,14,user_87e5d9b0,0.717776
user_98a676ce,15,user_a7f8db34,0.717167
user_98ca16a6,1,user_a01f16ac,0.736791
user_98ca16a6,2,user_0697c470,0.736557
user_98ca16a6,3,user_aa31484a,0.721524
user_98ca16a6,4,user_3085d204,0.713462
user_98ca16a6,5,user_e802076d,0.713321
user_98ca16a6,6,user_3f2fbc90,0.711127
user_98ca16a6,7,user_dc32d458,0.710141
user_98ca16a6,8,user_4607d25d,0.706514
user_98ca16a6,9,user_b6350ec1,0.699719
user_98ca16a6,10,user_ee14f818,0.698821
user_98ca16a6,11,user_9d786aa8,0.698522
user_98ca16a6,12,user_a7bfc229,0.698498
user_98ca16a6,13,user_75bc9924,0.697151
user_98ca16a6,14,user_0285dee3,0.696731
user_98ca16a6,15,user_84e93af7,0.687291
user_98f18241,1,user_4607d25d,0.682257
user_98f18241,2,user_98f18241,0.681717
user_98f18241,3,user_5159d3a1,0.669844
user_98f18241,4,user_9818dcae,0.667431
user_98f18241,5,user_ea67f9c6,0.656538
user_98f18241,6,user_5c82df31,0.654608
user_98f18241,7,user_c0eba9f2,0.649312
user_98f18241,8,user_7a8f7f3e,0.644862
user_98f18241,9,user_7b052f32,0.644150
user_98f18241,10,user_201c8c78,0.642936
user_98f18241,11,user_6bf0e007,0.638854
user_98f18241,12,user_c50a487d,0.633161
user_98f18241,13,user_93cdb7a1,0.631715
user_98f18241,14,user_815b7baf,0.631336
user_98f18241,15,user_03410579,0.630147
user_9991e1d8,1,user_f107081e,0.667981
user_9991e1d8,2,user_02d03e8a,0.611847
user_9991e1d8,3,user_11e8421f,0.604385
user_9991e1d8,4,user_9991e1d8,0.594806
user_9991e1d8,5,user_b8f24804,0.580778
user_9991e1d8,6,user_380ddd3f,0.557181
user_9991e1d8,7,user_69df6330,0.554620
user_9991e1d8,8,user_80dc757f,0.549444
user_9991e1d8,9,user_0b5c256a,0.547819
user_9991e1d8,10,user_2b750e1c,0.546156
user_9991e1d8,11,user_406c399e,0.544373
user_9991e1d8,12,user_5159d3a1,0.543295
user_9991e1d8,13,user_d8335067,0.534227
user_9991e1d8,14,user_a4aab257,0.532161
user_9991e1d8,15,user_91f5e7af,0.532124
user_99c67f2f,1,user_99c67f2f,0.725039
user_99c67f2f,2,user_71b9b8e0,0.669364
user_99c67f2f,3,user_6011e674,0.655145
user_99c67f2f,4,user_2f766c23,0.653442
user_99c67f2f,5,user_2d74cd4c,0.626210
user_99c67f2f,6,user_9e39a95d,0.620549
user_99c67f2f,7,user_1e302679,0.620232
user_99c67f2f,8,user_08aa624b,0.619639
user_99c67f2f,9,user_8fbb6d9c,0.606023
user_99c67f2f,10,user_c709e252,0.604537
user_99c67f2f,11,user_405db206,0.597713
user_99c67f2f,12,user_695e56c9,0.590032
user_99c67f2f,13,user_c39d41d7,0.589362
user_99c67f2f,14,user_5bc74ae7,0.587982
user_99c67f2f,15,user_8ce645ca,0.582931
user_9a307ebe,1,user_9a307ebe,0.806697
user_9a307ebe,2,user_40efa894,0.758390
user_9a307ebe,3,user_ee14f818,0.744264
user_9a307ebe,4,user_e931b2cd,0.737093
user_9a307ebe,5,user_e8a7be73,0.694987
user_9a307ebe,6,user_0285dee3,0.688657
user_9a307ebe,7,user_6a0b0e92,0.688068
user_9a307ebe,8,user_93cdb7a1,0.687070
user_9a307ebe,9,user_84c14a6f,0.684357
user_9a307ebe,10,user_a01f16ac,0.681478
user_9a307ebe,11,user_7b052f32,0.677240
user_9a307ebe,12,user_e802076d,0.675978
user_9a307ebe,13,user_a993555f,0.673538
user_9a307ebe,14,user_00723699,0.672079
user_9a307ebe,15,user_5f4ee256,0.670033
user_9a5457b0,1,user_a01f16ac,0.783879
user_9a5457b0,2,user_91db6e48,0.772949
user_9a5457b0,3,user_3239132f,0.759106
user_9a5457b0,4,user_9818dcae,0.751659
user_9a5457b0,5,user_8e97a154,0.750307
user_9a5457b0,6,user_4f3b6241,0.750209
user_9a5457b0,7,user_f862100c,0.747021
user_9a5457b0,8,user_259776c7,0.746688
user_9a5457b0,9,user_4c8199a7,0.746486
user_9a5457b0,10,user_8285a696,0.746426
user_9a5457b0,11,user_5c82df31,0.744865
user_9a5457b0,12,user_98f18241,0.741583
user_9a5457b0,13,user_25b48a9a,0.737422
user_9a5457b0,14,user_ea67f9c6,0.736303
user_9a5457b0,15,user_c50a487d,0.735125
user_9b517815,1,user_90e5fee6,0.672184
user_9b517815,2,user_b4d7e69a,0.663435
user_9b517815,3,user_126670d7,0.663010
user_9b517815,4,user_a2825b06,0.655102
user_9b517815,5,user_6fc85c06,0.653158
user_9b517815,6,user_3f1d04a6,0.653040
user_9b517815,7,user_5d7cbf11,0.649902
user_9b517815,8,user_78eff25f,0.642579
user_9b517815,9,user_233fda02,0.639723
user_9b517815,10,user_8afa3eba,0.638246
user_9b517815,11,user_04d8419e,0.636946
user_9b517815,12,user_87e5d9b0,0.634286
user_9b517815,13,user_423c81dc,0.631892
user_9b517815,14,user_d7fde080,0.631880
user_9b517815,15,user_858fa00c,0.626571
user_9b6481e4,1,user_8c11f026,0.689115
user_9b6481e4,2,user_0bd8ba7c,0.683212
user_9b6481e4,3,user_2cb4b018,0.678935
user_9b6481e4,4,user_164fe4b8,0.612902
user_9b6481e4,5,user_46bb5302,0.591232
user_9b6481e4,6,user_a7b901f2,0.589357
user_9b6481e4,7,user_1c45ab75,0.586929
user_9b6481e4,8,user_c7beef01,0.586666
user_9b6481e4,9,user_11e8421f,0.581450
user_9b6481e4,10,user_815b7baf,0.578569
user_9b6481e4,11,user_9ff844ba,0.577892
user_9b6481e4,12,user_166a3647,0.573969
user_9b6481e4,13,user_9c7183c8,0.570723
user_9b6481e4,14,user_b14ec02b,0.566443
user_9b6481e4,15,user_2dc10d2d,0.562863
user_9bee2a7c,1,user_9bee2a7c,0.788975
user_9bee2a7c,2,user_039d004e,0.765563
user_9bee2a7c,3,user_c67f26cc,0.756541
user_9bee2a7c,4,user_406c399e,0.754816
user_9bee2a7c,5,user_e7a55eac,0.752721
user_9bee2a7c,6,user_c8e749e2,0.747939
user_9bee2a7c,7,user_8285a696,0.744212
user_9bee2a7c,8,user_f75c71f0,0.740613
user_9bee2a7c,9,user_5d7cbf11,0.739807
user_9bee2a7c,10,user_8e97a154,0.737295
user_9bee2a7c,11,user_2a94c885,0.733950
user_9bee2a7c,12,user_a4ae4e77,0.732355
user_9bee2a7c,13,user_04d8419e,0.731015
user_9bee2a7c,14,user_1936a7c3,0.720886
user_9bee2a7c,15,user_fc1cfe0b,0.719829
user_9c5cd7fa,1,user_6011e674,0.771844
user_9c5cd7fa,2,user_8ac8f24f,0.768116
user_9c5cd7fa,3,user_a973cf8e,0.763373
user_9c5cd7fa,4,user_165a2706,0.755214
user_9c5cd7fa,5,user_2817ec11,0.743444
user_9c5cd7fa,6,user_c8f82360,0.738893
user_9c5cd7fa,7,user_fa60616d,0.732513
user_9c5cd7fa,8,user_82d93459,0.732209
user_9c5cd7fa,9,user_d10d1f24,0.730678
user_9c5cd7fa,10,user_4607d25d,0.714969
user_9c5cd7fa,11,user_1c7b7780,0.711006
user_9c5cd7fa,12,user_9c5cd7fa,0.705838
user_9c5cd7fa,13,user_940c7213,0.701912
user_9c5cd7fa,14,user_2f766c23,0.700681
user_9c5cd7fa,15,user_d3663143,0.694275
user_9c5e4782,1,user_1cfedba8,0.431620
user_9c5e4782,2,user_2b03934e,0.425835
user_9c5e4782,3,user_f2f860bd,0.401385
user_9c5e4782,4,user_e4f8ab0c,0.400860
user_9c5e4782,5,user_f3a56e06,0.395085
user_9c5e4782,6,user_19622b77,0.392286
user_9c5e4782,7,user_8ce972f1,0.391565
user_9c5e4782,8,user_4893b4d0,0.389161
user_9c5e4782,9,user_a75b16f2,0.388781
user_9c5e4782,10,user_5a6f92a6,0.384881
user_9c5e4782,11,user_3666402b,0.378152
user_9c5e4782,12,user_c0eba9f2,0.376651
user_9c5e4782,13,user_e5beda2b,0.375642
user_9c5e4782,14,user_372cb75b,0.375484
user_9c5e4782,15,user_85c97ea1,0.373205
user_9c7183c8,1,user_b14ec02b,0.770602
user_9c7183c8,2,user_db4c3fb9,0.764404
user_9c7183c8,3,user_9c7183c8,0.759988
user_9c7183c8,4,user_da51dede,0.750915
user_9c7183c8,5,user_bdcc6e7d,0.750356
user_9c7183c8,6,user_201c8c78,0.746571
user_9c7183c8,7,user_84c14a6f,0.741264
user_9c7183c8,8,user_1fb646f2,0.735949
user_9c7183c8,9,user_3bc84c13,0.733944
user_9c7183c8,10,user_c92c8f83,0.732758
user_9c7183c8,11,user_82c86537,0.730800
user_9c7183c8,12,user_4607d25d,0.728399
user_9c7183c8,13,user_3ff88cf0,0.725251
user_9c7183c8,14,user_c8f82360,0.721220
user_9c7183c8,15,user_91f5e7af,0.720649
user_9ce96cbf,1,user_98ca16a6,0.682221
user_9ce96cbf,2,user_0285dee3,0.652370
user_9ce96cbf,3,user_5881b259,0.642947
user_9ce96cbf,4,user_c8e749e2,0.642888
user_9ce96cbf,5,user_aae78e0d,0.641863
user_9ce96cbf,6,user_c2f18cf7,0.641476
user_9ce96cbf,7,user_bdcc6e7d,0.640792
user_9ce96cbf,8,user_4607d25d,0.640248
user_9ce96cbf,9,user_c0eba9f2,0.640115
user_9ce96cbf,10,user_fa60616d,0.639394
user_9ce96cbf,11,user_04f39d22,0.634739
user_9ce96cbf,12,user_0697c470,0.633393
user_9ce96cbf,13,user_39b3eda0,0.631371
user_9ce96cbf,14,user_a4ae4e77,0.631283
user_9ce96cbf,15,user_ece9bfd2,0.630868
user_9d8095fc,1,user_9e328c4e,0.766125
user_9d8095fc,2,user_3ce4c1f8,0.742931
user_9d8095fc,3,user_9d8095fc,0.709818
user_9d8095fc,4,user_91db6e48,0.702337
user_9d8095fc,5,user_74cfb8ef,0.685780
user_9d8095fc,6,user_a7b901f2,0.684425
user_9d8095fc,7,user_2cb4b018,0.684065
user_9d8095fc,8,user_a00e0552,0.681431
user_9d8095fc,9,user_ded778b8,0.679646
user_9d8095fc,10,user_0d32f0ed,0.674857
user_9d8095fc,11,user_6bf0e007,0.671130
user_9d8095fc,12,user_9818dcae,0.670538
user_9d8095fc,13,user_201c8c78,0.669852
user_9d8095fc,14,user_3431c049,0.668643
user_9d8095fc,15,user_0c578ab5,0.668271
user_9d9fba70,1,user_5f4ee256,0.788320
user_9d9fba70,2,user_56980aa9,0.784174
user_9d9fba70,3,user_f10e7063,0.766794
user_9d9fba70,4,user_9b517815,0.750220
user_9d9fba70,5,user_7fd91653,0.750145
user_9d9fba70,6,user_5d7cbf11,0.744398
user_9d9fba70,7,user_4607d25d,0.743133
user_9d9fba70,8,user_0285dee3,0.737278
user_9d9fba70,9,user_ebddf9c1,0.729154
user_9d9fba70,10,user_80da26a6,0.727570
user_9d9fba70,11,user_6bf0e007,0.726815
user_9d9fba70,12,user_f0b144fc,0.726625
user_9d9fba70,13,user_aa31484a,0.724282
user_9d9fba70,14,user_a4ae4e77,0.722381
user_9d9fba70,15,user_6a0b0e92,0.721680
user_9dda4af9,1,user_3850eb9e,0.597002
user_9dda4af9,2,user_ecba8131,0.594115
user_9dda4af9,3,user_5159d3a1,0.588588
user_9dda4af9,4,user_8ac8f24f,0.578743
user_9dda4af9,5,user_00723699,0.572944
user_9dda4af9,6,user_f7fd2885,0.571328
user_9dda4af9,7,user_9dda4af9,0.568682
user_9dda4af9,8,user_4f864d55,0.551429
user_9dda4af9,9,user_82d93459,0.543933
user_9dda4af9,10,user_b2f3c0d2,0.543699
user_9dda4af9,11,user_5e61d6d9,0.539691
user_9dda4af9,12,user_9c5cd7fa,0.539499
user_9dda4af9,13,user_18522854,0.538384
user_9dda4af9,14,user_16ac4154,0.537054
user_9dda4af9,15,user_2f766c23,0.536351
user_9e328c4e,1,user_9e328c4e,0.877538
user_9e328c4e,2,user_3ce4c1f8,0.726173
user_9e328c4e,3,user_9d8095fc,0.686076
user_9e328c4e,4,user_164fe4b8,0.683797
user_9e328c4e,5,user_da245b56,0.652679
user_9e328c4e,6,user_c130412b,0.646521
user_9e328c4e,7,user_81a80789,0.645966
user_9e328c4e,8,user_1c45ab75,0.644210
user_9e328c4e,9,user_2cb4b018,0.644124
user_9e328c4e,10,user_8c11f026,0.640997
user_9e328c4e,11,user_0eb2abf1,0.634053
user_9e328c4e,12,user_91db6e48,0.632959
user_9e328c4e,13,user_55058479,0.631588
user_9e328c4e,14,user_0bd8ba7c,0.630510
user_9e328c4e,15,user_815b7baf,0.628254
user_9e39a95d,1,user_c8f82360,0.807663
user_9e39a95d,2,user_2cb4b018,0.766438
user_9e39a95d,3,user_a973cf8e,0.755311
user_9e39a95d,4,user_6bb64984,0.752489
user_9e39a95d,5,user_8ac8f24f,0.751898
user_9e39a95d,6,user_5159d3a1,0.749033
user_9e39a95d,7,user_1c45ab75,0.739784
user_9e39a95d,8,user_201c8c78,0.734984
user_9e39a95d,9,user_0c578ab5,0.732657
user_9e39a95d,10,user_c0392523,0.731368
user_9e39a95d,11,user_4607d25d,0.726998
user_9e39a95d,12,user_1b7f8c56,0.726582
user_9e39a95d,13,user_65d73ac1,0.722171
user_9e39a95d,14,user_9818dcae,0.719625
user_9e39a95d,15,user_b16e0cf8,0.717411
user_9f81cfba,1,user_84e93af7,0.711954
user_9f81cfba,2,user_afff552a,0.694716
user_9f81cfba,3,user_b6350ec1,0.690793
user_9f81cfba,4,user_406c399e,0.690376
user_9f81cfba,5,user_6011e674,0.686994
user_9f81cfba,6,user_c96b90fe,0.684504
user_9f81cfba,7,user_3e284ba5,0.683038
user_9f81cfba,8,user_cbabbcee,0.682158
user_9f81cfba,9,user_5881b259,0.682146
user_9f81cfba,10,user_eae91488,0.678973
user_9f81cfba,11,user_cc1c8897,0.678398
user_9f81cfba,12,user_e802076d,0.672563
user_9f81cfba,13,user_79a1811b,0.669579
user_9f81cfba,14,user_ebddf9c1,0.668501
user_9f81cfba,15,user_f14dc486,0.665819
user_9fc3c829,1,user_9fc3c829,0.802029
user_9fc3c829,2,user_1b460965,0.795483
user_9fc3c829,3,user_6fbf6191,0.781621
user_9fc3c829,4,user_02d03e8a,0.738956
user_9fc3c829,5,user_89197ce5,0.722167
user_9fc3c829,6,user_f107081e,0.718871
user_9fc3c829,7,user_5d7cbf11,0.717806
user_9fc3c829,8,user_2a94c885,0.716566
user_9fc3c829,9,user_f827c7dd,0.716017
user_9fc3c829,10,user_bd47000f,0.714062
user_9fc3c829,11,user_f75c71f0,0.711970
user_9fc3c829,12,user_25b48a9a,0.706328
user_9fc3c829,13,user_69df6330,0.703339
user_9fc3c829,14,user_cb2fe204,0.702751
user_9fc3c829,15,user_2a41ee39,0.696508
user_9ff844ba,1,user_9ff844ba,0.744647
user_9ff844ba,2,user_5f4ee256,0.738806
user_9ff844ba,3,user_ee14f818,0.735221
user_9ff844ba,4,user_5d7cbf11,0.733718
user_9ff844ba,5,user_f75c71f0,0.733555
user_9ff844ba,6,user_6a0b0e92,0.732295
user_9ff844ba,7,user_e802076d,0.731529
user_9ff844ba,8,user_56980aa9,0.724199
user_9ff844ba,9,user_8285a696,0.722905
user_9ff844ba,10,user_a01f16ac,0.718068
user_9ff844ba,11,user_6fc85c06,0.714971
user_9ff844ba,12,user_4607d25d,0.710577
user_9ff844ba,13,user_04d8419e,0.706343
user_9ff844ba,14,user_6bf0e007,0.705751
user_9ff844ba,15,user_201c8c78,0.704155
user_a01f16ac,1,user_11e8421f,0.724155
user_a01f16ac,2,user_a00e0552,0.720654
user_a01f16ac,3,user_8e97a154,0.718659
user_a01f16ac,4,user_c50a487d,0.707879
user_a01f16ac,5,user_a7b901f2,0.698605
user_a01f16ac,6,user_fdc08e26,0.693965
user_a01f16ac,7,user_2cb4b018,0.692799
user_a01f16ac,8,user_da245b56,0.689467
user_a01f16ac,9,user_aa2fbe83,0.689273
user_a01f16ac,10,user_e802076d,0.683674
user_a01f16ac,11,user_d4c7b4c0,0.679126
user_a01f16ac,12,user_6bf0e007,0.673571
user_a01f16ac,13,user_4f3b6241,0.673534
user_a01f16ac,14,user_406c399e,0.671561
user_a01f16ac,15,user_cbabbcee,0.670839
user_a0fa40f1,1,user_c50a487d,0.757862
user_a0fa40f1,2,user_df8dc9bb,0.744945
user_a0fa40f1,3,user_6bf0e007,0.741507
user_a0fa40f1,4,user_cce4f9c2,0.730995
user_a0fa40f1,5,user_a00e0552,0.726893
user_a0fa40f1,6,user_fdc08e26,0.726327
user_a0fa40f1,7,user_5c82df31,0.723656
user_a0fa40f1,8,user_8e97a154,0.722403
user_a0fa40f1,9,user_d4c7b4c0,0.717331
user_a0fa40f1,10,user_ee14f818,0.716906
user_a0fa40f1,11,user_ca6074df,0.716548
user_a0fa40f1,12,user_25b48a9a,0.713857
user_a0fa40f1,13,user_4c8199a7,0.710187
user_a0fa40f1,14,user_3239132f,0.709702
user_a0fa40f1,15,user_e6057285,0.708984
user_a151ddab,1,user_94f185bc,0.550762
user_a151ddab,2,user_ee8d5ec5,0.540926
user_a151ddab,3,user_ff591131,0.536530
user_a151ddab,4,user_959adfc8,0.530551
user_a151ddab,5,user_f6188968,0.529929
user_a151ddab,6,user_32f31383,0.527605
user_a151ddab,7,user_f75c71f0,0.517694
user_a151ddab,8,user_61f90240,0.508458
user_a151ddab,9,user_0f006eec,0.508120
user_a151ddab,10,user_7b052f32,0.506681
user_a151ddab,11,user_0cd29f02,0.505640
user_a151ddab,12,user_0521a7ac,0.504725
user_a151ddab,13,user_a0f5ae47,0.503124
user_a151ddab,14,user_41d0c897,0.502306
user_a151ddab,15,user_8e97a154,0.495969
user_a1b097c2,1,user_a1b097c2,0.595064
user_a1b097c2,2,user_c4b781ce,0.574894
user_a1b097c2,3,user_a04b2a78,0.572138
user_a1b097c2,4,user_0285dee3,0.547307
user_a1b097c2,5,user_f59d3941,0.546018
user_a1b097c2,6,user_83a58842,0.544101
user_a1b097c2,7,user_0dfb7397,0.532462
user_a1b097c2,8,user_6bf0e007,0.531414
user_a1b097c2,9,user_ecd7b02a,0.529987
user_a1b097c2,10,user_380ddd3f,0.529154
user_a1b097c2,11,user_d7fde080,0.525494
user_a1b097c2,12,user_823846de,0.521516
user_a1b097c2,13,user_f0b144fc,0.519846
user_a1b097c2,14,user_08e9ce6e,0.516484
user_a1b097c2,15,user_a16d1fb6,0.515445
user_a2825b06,1,user_ebddf9c1,0.811717
user_a2825b06,2,user_9bee2a7c,0.774237
user_a2825b06,3,user_c0eba9f2,0.773383
user_a2825b06,4,user_8285a696,0.759969
user_a2825b06,5,user_a2825b06,0.753000
user_a2825b06,6,user_f75c71f0,0.751738
user_a2825b06,7,user_c06d9b71,0.749819
user_a2825b06,8,user_c6f50d12,0.747811
user_a2825b06,9,user_6bf0e007,0.747205
user_a2825b06,10,user_e7a55eac,0.744351
user_a2825b06,11,user_2dd189e3,0.742125
user_a2825b06,12,user_8e97a154,0.739757
user_a2825b06,13,user_04d8419e,0.737586
user_a2825b06,14,user_2a94c885,0.736715
user_a2825b06,15,user_5c5a0b40,0.735468
user_a2f8bfd2,1,user_a2f8bfd2,0.778009
user_a2f8bfd2,2,user_c59ebe9c,0.726780
user_a2f8bfd2,3,user_815b7baf,0.662536
user_a2f8bfd2,4,user_c7beef01,0.658043
user_a2f8bfd2,5,user_9818dcae,0.649199
user_a2f8bfd2,6,user_76fc8dcd,0.642447
user_a2f8bfd2,7,user_ba010eec,0.642361
user_a2f8bfd2,8,user_4f3b6241,0.640017
user_a2f8bfd2,9,user_c50a487d,0.638795
user_a2f8bfd2,10,user_b1d0760b,0.636388
user_a2f8bfd2,11,user_2c69b83e,0.632048
user_a2f8bfd2,12,user_8c11f026,0.630407
user_a2f8bfd2,13,user_201c8c78,0.626630
user_a2f8bfd2,14,user_ff39b6cf,0.625408
user_a2f8bfd2,15,user_fdc08e26,0.624969
user_a346dfc4,1,user_89571ce8,0.551239
user_a346dfc4,2,user_bbb0205e,0.531628
user_a346dfc4,3,user_54b19b29,0.527815
user_a346dfc4,4,user_a0517bef,0.523457
user_a346dfc4,5,user_6c2d672f,0.516437
user_a346dfc4,6,user_a346dfc4,0.499553
user_a346dfc4,7,user_acd6ddfb,0.498741
user_a346dfc4,8,user_94cad3a5,0.493456
user_a346dfc4,9,user_3b79395c,0.491316
user_a346dfc4,10,user_1f636ddc,0.491037
user_a346dfc4,11,user_1246b252,0.490211
user_a346dfc4,12,user_e0c65725,0.488802
user_a346dfc4,13,user_72bed676,0.486669
user_a346dfc4,14,user_414a6eaf,0.484534
user_a346dfc4,15,user_29458d96,0.483995
user_a4893af1,1,user_3b79395c,0.694873
user_a4893af1,2,user_815b7baf,0.689508
user_a4893af1,3,user_9818dcae,0.675769
user_a4893af1,4,user_81a80789,0.674843
user_a4893af1,5,user_c50a487d,0.665370
user_a4893af1,6,user_1c45ab75,0.659608
user_a4893af1,7,user_a0517bef,0.655563
user_a4893af1,8,user_4c8199a7,0.652881
user_a4893af1,9,user_02fecea2,0.649140
user_a4893af1,10,user_d4c7b4c0,0.644097
user_a4893af1,11,user_8c11f026,0.642145
user_a4893af1,12,user_76fc8dcd,0.637682
user_a4893af1,13,user_df8dc9bb,0.636095
user_a4893af1,14,user_414a6eaf,0.633785
user_a4893af1,15,user_ff39b6cf,0.632918
user_a4a77a7d,1,user_5f4ee256,0.715605
user_a4a77a7d,2,user_b628264a,0.693063
user_a4a77a7d,3,user_56980aa9,0.679601
user_a4a77a7d,4,user_657c72ca,0.677754
user_a4a77a7d,5,user_79f04645,0.674659
user_a4a77a7d,6,user_a7bfc229,0.670591
user_a4a77a7d,7,user_f27da10a,0.666917
user_a4a77a7d,8,user_4607d25d,0.663377
user_a4a77a7d,9,user_c9007141,0.662883
user_a4a77a7d,10,user_5ac1a174,0.662064
user_a4a77a7d,11,user_a4a77a7d,0.661848
user_a4a77a7d,12,user_f862100c,0.660616
user_a4a77a7d,13,user_c2f18cf7,0.659431
user_a4a77a7d,14,user_f10e7063,0.658680
user_a4a77a7d,15,user_723406a0,0.657992
user_a4aab257,1,user_a4aab257,0.677469
user_a4aab257,2,user_7c8639cd,0.597115
user_a4aab257,3,user_55058479,0.583776
user_a4aab257,4,user_f52ced02,0.573770
user_a4aab257,5,user_8ce972f1,0.570145
user_a4aab257,6,user_f862100c,0.567934
user_a4aab257,7,user_6fa47d61,0.561270
user_a4aab257,8,user_6bf0e007,0.560369
user_a4aab257,9,user_0fefc28e,0.559426
user_a4aab257,10,user_ebddf9c1,0.554623
user_a4aab257,11,user_daf53db6,0.554183
user_a4aab257,12,user_f75c71f0,0.546847
user_a4aab257,13,user_9d786aa8,0.544609
user_a4aab257,14,user_0669bdf6,0.544008
user_a4aab257,15,user_e5a6abbe,0.542358
user_a4ae4e77,1,user_a4ae4e77,0.742425
user_a4ae4e77,2,user_5d7cbf11,0.693897
user_a4ae4e77,3,user_b4214db6,0.688821
user_a4ae4e77,4,user_5ac1a174,0.682582
user_a4ae4e77,5,user_d4b7e22e,0.675281
user_a4ae4e77,6,user_598cc905,0.668362
user_a4ae4e77,7,user_37cd2dc9,0.665278
user_a4ae4e77,8,user_dac2c359,0.664726
user_a4ae4e77,9,user_0a3f46b9,0.661928
user_a4ae4e77,10,user_bd05225b,0.657204
user_a4ae4e77,11,user_4db0d490,0.656104
user_a4ae4e77,12,user_3eb49f37,0.654229
user_a4ae4e77,13,user_f59d3941,0.653676
user_a4ae4e77,14,user_423c81dc,0.652984
user_a4ae4e77,15,user_88f46c7b,0.652110
user_a52dd639,1,user_a52dd639,0.795456
user_a52dd639,2,user_1a4bec69,0.777810
user_a52dd639,3,user_201c8c78,0.721874
user_a52dd639,4,user_902af20f,0.719444
user_a52dd639,5,user_2e60c125,0.712652
user_a52dd639,6,user_4607d25d,0.697158
user_a52dd639,7,user_b2aba63a,0.682264
user_a52dd639,8,user_04f39d22,0.667468
user_a52dd639,9,user_e409a56d,0.659431
user_a52dd639,10,user_00a2f533,0.658623
user_a52dd639,11,user_25652863,0.641002
user_a52dd639,12,user_82c86537,0.632778
user_a52dd639,13,user_795650bb,0.616571
user_a52dd639,14,user_ba8b1c05,0.614676
user_a52dd639,15,user_ecba8131,0.613408
user_a57a04fa,1,user_5159d3a1,0.530272
user_a57a04fa,2,user_111cfe7d,0.515736
user_a57a04fa,3,user_2a94c885,0.508738
user_a57a04fa,4,user_8285a696,0.508400
user_a57a04fa,5,user_fb8f46c8,0.504854
user_a57a04fa,6,user_11e8421f,0.502645
user_a57a04fa,7,user_cdd86523,0.500586
user_a57a04fa,8,user_84c14a6f,0.499810
user_a57a04fa,9,user_ebddf9c1,0.499011
user_a57a04fa,10,user_8ac8f24f,0.493954
user_a57a04fa,11,user_2cb4b018,0.493194
user_a57a04fa,12,user_9bee2a7c,0.489892
user_a57a04fa,13,user_b2dd04c8,0.489015
user_a57a04fa,14,user_7b052f32,0.486945
user_a57a04fa,15,user_8e97a154,0.485063
user_a57e47b1,1,user_84c14a6f,0.855223
user_a57e47b1,2,user_a57e47b1,0.818059
user_a57e47b1,3,user_2a94c885,0.805080
user_a57e47b1,4,user_4607d25d,0.799687
user_a57e47b1,5,user_0285dee3,0.787015
user_a57e47b1,6,user_636ad58f,0.780198
user_a57e47b1,7,user_829844fd,0.777237
user_a57e47b1,8,user_80da26a6,0.772442
user_a57e47b1,9,user_8292753c,0.772251
user_a57e47b1,10,user_6bf0e007,0.771867
user_a57e47b1,11,user_cdd86523,0.771443
user_a57e47b1,12,user_4e54f3d7,0.769806
user_a57e47b1,13,user_91f5e7af,0.768450
user_a57e47b1,14,user_3f2fbc90,0.767137
user_a57e47b1,15,user_8285a696,0.766234
user_a6a094cf,1,user_a6a094cf,0.598249
user_a6a094cf,2,user_f5c4370b,0.570333
user_a6a094cf,3,user_17355c30,0.555207
user_a6a094cf,4,user_0e82fe11,0.551025
user_a6a094cf,5,user_f59d3941,0.535914
user_a6a094cf,6,user_dcf52d26,0.526523
user_a6a094cf,7,user_4db0d490,0.525362
user_a6a094cf,8,user_5d7cbf11,0.524962
user_a6a094cf,9,user_59e8bc2a,0.523488
user_a6a094cf,10,user_0a3f46b9,0.522269
user_a6a094cf,11,user_86685a27,0.517040
user_a6a094cf,12,user_a04b2a78,0.511376
user_a6a094cf,13,user_aa08d5a8,0.506630
user_a6a094cf,14,user_87e5d9b0,0.497994
user_a6a094cf,15,user_9fe4e0f5,0.497032
user_a743aff9,1,user_e7a55eac,0.786121
user_a743aff9,2,user_79a1811b,0.773216
user_a743aff9,3,user_406c399e,0.772646
user_a743aff9,4,user_1936a7c3,0.771253
user_a743aff9,5,user_a743aff9,0.757944
user_a743aff9,6,user_91f807b9,0.745158
user_a743aff9,7,user_c8e749e2,0.731121
user_a743aff9,8,user_2e81a539,0.725755
user_a743aff9,9,user_8f39f021,0.719537
user_a743aff9,10,user_84c14a6f,0.719528
user_a743aff9,11,user_8e97a154,0.712954
user_a743aff9,12,user_91f5e7af,0.710415
user_a743aff9,13,user_829844fd,0.701961
user_a743aff9,14,user_ab86ab82,0.698090
user_a743aff9,15,user_f14dc486,0.697238
user_a8dc91a3,1,user_bbe73426,0.680887
user_a8dc91a3,2,user_5159d3a1,0.680417
user_a8dc91a3,3,user_8285a696,0.646807
user_a8dc91a3,4,user_5c82df31,0.636362
user_a8dc91a3,5,user_c0eba9f2,0.632438
user_a8dc91a3,6,user_3085d204,0.628292
user_a8dc91a3,7,user_ee14f818,0.627370
user_a8dc91a3,8,user_4607d25d,0.625607
user_a8dc91a3,9,user_6bf0e007,0.625134
user_a8dc91a3,10,user_80dc757f,0.618375
user_a8dc91a3,11,user_82c86537,0.615106
user_a8dc91a3,12,user_ecba8131,0.614650
user_a8dc91a3,13,user_a8dc91a3,0.608955
user_a8dc91a3,14,user_aae78e0d,0.608456
user_a8dc91a3,15,user_3f2fbc90,0.607978
user_a973cf8e,1,user_a973cf8e,0.842426
user_a973cf8e,2,user_c8f82360,0.810895
user_a973cf8e,3,user_6011e674,0.781343
user_a973cf8e,4,user_6bb64984,0.767606
user_a973cf8e,5,user_68d19df8,0.762966
user_a973cf8e,6,user_c709e252,0.756625
user_a973cf8e,7,user_02d8a1f8,0.748671
user_a973cf8e,8,user_83e30c57,0.744012
user_a973cf8e,9,user_406c399e,0.737791
user_a973cf8e,10,user_91f5e7af,0.736059
user_a973cf8e,11,user_d10d1f24,0.725342
user_a973cf8e,12,user_b16e0cf8,0.725196
user_a973cf8e,13,user_e802076d,0.724665
user_a973cf8e,14,user_65d73ac1,0.722736
user_a973cf8e,15,user_1b7f8c56,0.721642
user_a9ed5193,1,user_a9ed5193,0.639662
user_a9ed5193,2,user_58892c7c,0.562158
user_a9ed5193,3,user_e30558fe,0.552660
user_a9ed5193,4,user_3ff3188b,0.551624
user_a9ed5193,5,user_e409a56d,0.549727
user_a9ed5193,6,user_43a979d2,0.543096
user_a9ed5193,7,user_75905116,0.541499
user_a9ed5193,8,user_1b2d69c1,0.537436
user_a9ed5193,9,user_695e56c9,0.529601
user_a9ed5193,10,user_b2aba63a,0.528576
user_a9ed5193,11,user_a7145605,0.515197
user_a9ed5193,12,user_fba6bcd4,0.514786
user_a9ed5193,13,user_75bc9924,0.512822
user_a9ed5193,14,user_84e93af7,0.510493
user_a9ed5193,15,user_baa70592,0.510345
user_aa4cc34a,1,user_3b79395c,0.686258
user_aa4cc34a,2,user_107259c3,0.666828
user_aa4cc34a,3,user_586752e4,0.661269
user_aa4cc34a,4,user_a411fb06,0.658397
user_aa4cc34a,5,user_e8e9acac,0.658359
user_aa4cc34a,6,user_0c8c48ac,0.658311
user_aa4cc34a,7,user_8e92b8c1,0.652885
user_aa4cc34a,8,user_91321efa,0.644194
user_aa4cc34a,9,user_aa4cc34a,0.641623
user_aa4cc34a,10,user_1ae8e7f5,0.641028
user_aa4cc34a,11,user_b1d0760b,0.637547
user_aa4cc34a,12,user_8fb63eca,0.635515
user_aa4cc34a,13,user_cce4f9c2,0.630561
user_aa4cc34a,14,user_ff39b6cf,0.628544
user_aa4cc34a,15,user_55058479,0.628345
user_aaa1e595,1,user_9818dcae,0.744529
user_aaa1e595,2,user_df8dc9bb,0.724212
user_aaa1e595,3,user_cce4f9c2,0.720798
user_aaa1e595,4,user_815b7baf,0.716728
user_aaa1e595,5,user_f862100c,0.714312
user_aaa1e595,6,user_93cdb7a1,0.711520
user_aaa1e595,7,user_5738db35,0.708990
user_aaa1e595,8,user_ca6074df,0.708531
user_aaa1e595,9,user_3239132f,0.705906
user_aaa1e595,10,user_4c8199a7,0.705063
user_aaa1e595,11,user_3b79395c,0.703955
user_aaa1e595,12,user_7b052f32,0.703610
user_aaa1e595,13,user_55058479,0.702700
user_aaa1e595,14,user_5c82df31,0.698655
user_aaa1e595,15,user_91db6e48,0.697281
user_ab434739,1,user_6169d3b8,0.765056
user_ab434739,2,user_ab434739,0.749910
user_ab434739,3,user_ca130b8f,0.731928
user_ab434739,4,user_e5f67397,0.722591
user_ab434739,5,user_d5b21e00,0.717849
user_ab434739,6,user_1022be44,0.715922
user_ab434739,7,user_ac6e9129,0.714157
user_ab434739,8,user_74da5a13,0.706428
user_ab434739,9,user_a615a6d1,0.705932
user_ab434739,10,user_6058434c,0.705050
user_ab434739,11,user_6a28fa5d,0.702742
user_ab434739,12,user_85c97ea1,0.702054
user_ab434739,13,user_c73333a5,0.701900
user_ab434739,14,user_a5e548ce,0.701605
user_ab434739,15,user_a411fb06,0.700999
user_ab439a92,1,user_c34e791e,0.691755
user_ab439a92,2,user_75905116,0.687854
user_ab439a92,3,user_b2aba63a,0.681445
user_ab439a92,4,user_5159d3a1,0.675483
user_ab439a92,5,user_0ff0b922,0.659855
user_ab439a92,6,user_7b052f32,0.658235
user_ab439a92,7,user_ab439a92,0.654974
user_ab439a92,8,user_04f39d22,0.653701
user_ab439a92,9,user_840e0a93,0.652846
user_ab439a92,10,user_0c578ab5,0.647541
user_ab439a92,11,user_e64d80ba,0.640725
user_ab439a92,12,user_205d25f3,0.639546
user_ab439a92,13,user_4607d25d,0.638288
user_ab439a92,14,user_201c8c78,0.633352
user_ab439a92,15,user_98f18241,0.629460
user_ab5592eb,1,user_36d44add,0.664011
user_ab5592eb,2,user_406c399e,0.625903
user_ab5592eb,3,user_7aa3746b,0.605051
user_ab5592eb,4,user_0b64b183,0.604192
user_ab5592eb,5,user_6bf0e007,0.590493
user_ab5592eb,6,user_b6b89f00,0.587498
user_ab5592eb,7,user_d758a0a1,0.585593
user_ab5592eb,8,user_0b5c256a,0.582840
user_ab5592eb,9,user_fdc08e26,0.579810
user_ab5592eb,10,user_60a65d98,0.570064
user_ab5592eb,11,user_515ae840,0.564310
user_ab5592eb,12,user_fde2d265,0.562844
user_ab5592eb,13,user_0eeab432,0.562378
user_ab5592eb,14,user_4893b4d0,0.561680
user_ab5592eb,15,user_dffc0da5,0.561265
user_ab8e847b,1,user_ab8e847b,0.674889
user_ab8e847b,2,user_a0517bef,0.660072
user_ab8e847b,3,user_74cfb8ef,0.657605
user_ab8e847b,4,user_3666402b,0.656212
user_ab8e847b,5,user_815b7baf,0.648542
user_ab8e847b,6,user_a7b901f2,0.626049
user_ab8e847b,7,user_201c8c78,0.624664
user_ab8e847b,8,user_20a01575,0.618250
user_ab8e847b,9,user_72bed676,0.617466
user_ab8e847b,10,user_baeb91b3,0.613944
user_ab8e847b,11,user_9818dcae,0.613297
user_ab8e847b,12,user_378003e3,0.609776
user_ab8e847b,13,user_1c45ab75,0.607568
user_ab8e847b,14,user_d074356a,0.603141
user_ab8e847b,15,user_02fecea2,0.600545
user_abde0618,1,user_5159d3a1,0.658094
user_abde0618,2,user_74cfb8ef,0.656080
user_abde0618,3,user_8285a696,0.643637
user_abde0618,4,user_124651ff,0.638395
user_abde0618,5,user_0ff0b922,0.634505
user_abde0618,6,user_4607d25d,0.629814
user_abde0618,7,user_6169d3b8,0.628423
user_abde0618,8,user_93cdb7a1,0.625977
user_abde0618,9,user_bd47000f,0.622856
user_abde0618,10,user_3f1d04a6,0.622713
user_abde0618,11,user_e696f3ae,0.620482
user_abde0618,12,user_201c8c78,0.616133
user_abde0618,13,user_8e97a154,0.616021
user_abde0618,14,user_40efa894,0.614364
user_abde0618,15,user_8006727d,0.614309
user_ac6d6bff,1,user_ac6d6bff,0.760010
user_ac6d6bff,2,user_02fecea2,0.745783
user_ac6d6bff,3,user_ded778b8,0.722889
user_ac6d6bff,4,user_9b6481e4,0.705973
user_ac6d6bff,5,user_9818dcae,0.703746
user_ac6d6bff,6,user_baeb91b3,0.703031
user_ac6d6bff,7,user_d4c7b4c0,0.699527
user_ac6d6bff,8,user_ff39b6cf,0.693122
user_ac6d6bff,9,user_d50d7985,0.685678
user_ac6d6bff,10,user_0d32f0ed,0.683371
user_ac6d6bff,11,user_434f3511,0.682409
user_ac6d6bff,12,user_81a80789,0.678458
user_ac6d6bff,13,user_ee14f818,0.677664
user_ac6d6bff,14,user_4bd9303b,0.672528
user_ac6d6bff,15,user_397cfe20,0.671622
user_ac6e9129,1,user_ac6e9129,0.805737
user_ac6e9129,2,user_17054ec7,0.737731
user_ac6e9129,3,user_a5e548ce,0.719300
user_ac6e9129,4,user_07db2c6a,0.704293
user_ac6e9129,5,user_6058434c,0.692227
user_ac6e9129,6,user_c81fae29,0.691004
user_ac6e9129,7,user_6169d3b8,0.686651
user_ac6e9129,8,user_ca130b8f,0.677058
user_ac6e9129,9,user_6a28fa5d,0.676084
user_ac6e9129,10,user_4b8335bd,0.670070
user_ac6e9129,11,user_e5f67397,0.662620
user_ac6e9129,12,user_c73333a5,0.652932
user_ac6e9129,13,user_1022be44,0.652359
user_ac6e9129,14,user_a7f8db34,0.651972
user_ac6e9129,15,user_233fda02,0.646917
user_acb51eed,1,user_6011e674,0.726527
user_acb51eed,2,user_165a2706,0.716618
user_acb51eed,3,user_dc32d458,0.711066
user_acb51eed,4,user_1230e05a,0.708784
user_acb51eed,5,user_a973cf8e,0.704765
user_acb51eed,6,user_9818dcae,0.692906
user_acb51eed,7,user_c8f82360,0.691610
user_acb51eed,8,user_00723699,0.690742
user_acb51eed,9,user_0285dee3,0.689231
user_acb51eed,10,user_ee14f818,0.683746
user_acb51eed,11,user_82d93459,0.683613
user_acb51eed,12,user_4607d25d,0.682380
user_acb51eed,13,user_d10d1f24,0.679947
user_acb51eed,14,user_649f4327,0.679773
user_acb51eed,15,user_c709e252,0.669373
user_acb899e9,1,user_74cfb8ef,0.613035
user_acb899e9,2,user_f070eee7,0.578300
user_acb899e9,3,user_e2e59795,0.578109
user_acb899e9,4,user_8fb63eca,0.563579
user_acb899e9,5,user_6169d3b8,0.551026
user_acb899e9,6,user_20a01575,0.549612
user_acb899e9,7,user_c50a487d,0.532949
user_acb899e9,8,user_1ae8e7f5,0.531769
user_acb899e9,9,user_a411fb06,0.530887
user_acb899e9,10,user_586752e4,0.524317
user_acb899e9,11,user_93cdb7a1,0.521899
user_acb899e9,12,user_7a8f7f3e,0.519485
user_acb899e9,13,user_fcf93ee8,0.518348
user_acb899e9,14,user_107259c3,0.517716
user_acb899e9,15,user_7c7220a4,0.516819
user_acd6ddfb,1,user_3121653d,0.694197
user_acd6ddfb,2,user_85810097,0.687324
user_acd6ddfb,3,user_56e6d0cd,0.685137
user_acd6ddfb,4,user_ee14f818,0.674477
user_acd6ddfb,5,user_acd6ddfb,0.665720
user_acd6ddfb,6,user_5b714afd,0.662192
user_acd6ddfb,7,user_0c578ab5,0.659179
user_acd6ddfb,8,user_470c0785,0.657175
user_acd6ddfb,9,user_afff552a,0.655981
user_acd6ddfb,10,user_6476648d,0.655626
user_acd6ddfb,11,user_8713f22a,0.653247
user_acd6ddfb,12,user_98ca16a6,0.652843
user_acd6ddfb,13,user_3b1da5d9,0.652015
user_acd6ddfb,14,user_da51dede,0.651647
user_acd6ddfb,15,user_04f39d22,0.651201
user_ad15a0a4,1,user_d10d1f24,0.821417
user_ad15a0a4,2,user_8da30894,0.781764
user_ad15a0a4,3,user_c0392523,0.771784
user_ad15a0a4,4,user_c8f82360,0.756003
user_ad15a0a4,5,user_6ab1739a,0.750678
user_ad15a0a4,6,user_ad15a0a4,0.748352
user_ad15a0a4,7,user_7af2ed90,0.744406
user_ad15a0a4,8,user_a973cf8e,0.742750
user_ad15a0a4,9,user_c41de62b,0.733711
user_ad15a0a4,10,user_6011e674,0.727998
user_ad15a0a4,11,user_daf53db6,0.722498
user_ad15a0a4,12,user_737dd050,0.716313
user_ad15a0a4,13,user_903329bb,0.710268
user_ad15a0a4,14,user_5b7d5e00,0.708777
user_ad15a0a4,15,user_6bb64984,0.704553
user_b1c16312,1,user_8285a696,0.718778
user_b1c16312,2,user_b1c16312,0.714449
user_b1c16312,3,user_18522854,0.691526
user_b1c16312,4,user_5c82df31,0.683674
user_b1c16312,5,user_a01f16ac,0.673875
user_b1c16312,6,user_e8613813,0.673315
user_b1c16312,7,user_3239132f,0.659630
user_b1c16312,8,user_fb8f46c8,0.656928
user_b1c16312,9,user_c50a487d,0.656765
user_b1c16312,10,user_6a13946a,0.654702
user_b1c16312,11,user_7b052f32,0.653866
user_b1c16312,12,user_f4cc9f3d,0.652093
user_b1c16312,13,user_c0eba9f2,0.651198
user_b1c16312,14,user_3f2fbc90,0.650708
user_b1c16312,15,user_55058479,0.646647
user_b23aa915,1,user_b23aa915,0.698019
user_b23aa915,2,user_efcacf59,0.666703
user_b23aa915,3,user_0f006eec,0.657625
user_b23aa915,4,user_7fd91653,0.651903
user_b23aa915,5,user_6b311f43,0.642599
user_b23aa915,6,user_25798310,0.637617
user_b23aa915,7,user_0cee87f3,0.625489
user_b23aa915,8,user_dc326993,0.622273
user_b23aa915,9,user_0eeab432,0.622089
user_b23aa915,10,user_39b3eda0,0.617258
user_b23aa915,11,user_94f185bc,0.616014
user_b23aa915,12,user_c0eba9f2,0.614633
user_b23aa915,13,user_ff591131,0.609863
user_b23aa915,14,user_959adfc8,0.606448
user_b23aa915,15,user_3ae49e46,0.605100
user_b2aba63a,1,user_201c8c78,0.793653
user_b2aba63a,2,user_a7b901f2,0.743283
user_b2aba63a,3,user_b2aba63a,0.732008
user_b2aba63a,4,user_75905116,0.717265
user_b2aba63a,5,user_5159d3a1,0.715179
user_b2aba63a,6,user_74cfb8ef,0.713992
user_b2aba63a,7,user_4bd9303b,0.706609
user_b2aba63a,8,user_4607d25d,0.691695
user_b2aba63a,9,user_64cd3098,0.686085
user_b2aba63a,10,user_8e48a3f8,0.683114
user_b2aba63a,11,user_ecba8131,0.682423
user_b2aba63a,12,user_9818dcae,0.678352
user_b2aba63a,13,user_ee14f818,0.676217
user_b2aba63a,14,user_1c45ab75,0.671370
user_b2aba63a,15,user_04f39d22,0.670102
user_b2dd04c8,1,user_c3040c7c,0.686366
user_b2dd04c8,2,user_7b052f32,0.670609
user_b2dd04c8,3,user_b2dd04c8,0.665391
user_b2dd04c8,4,user_c8e749e2,0.664373
user_b2dd04c8,5,user_0285dee3,0.658470
user_b2dd04c8,6,user_5881b259,0.656086
user_b2dd04c8,7,user_94f185bc,0.644058
user_b2dd04c8,8,user_165a2706,0.642989
user_b2dd04c8,9,user_bd47000f,0.642428
user_b2dd04c8,10,user_4607d25d,0.642226
user_b2dd04c8,11,user_e6057285,0.639413
user_b2dd04c8,12,user_5993b36a,0.637857
user_b2dd04c8,13,user_83a58842,0.637397
user_b2dd04c8,14,user_e7a55eac,0.635340
user_b2dd04c8,15,user_8285a696,0.633388
user_b2f3c0d2,1,user_b2f3c0d2,0.647676
user_b2f3c0d2,2,user_147d1bbb,0.595259
user_b2f3c0d2,3,user_394c25cc,0.570212
user_b2f3c0d2,4,user_9da8848a,0.568792
user_b2f3c0d2,5,user_a2480011,0.568605
user_b2f3c0d2,6,user_56909460,0.565673
user_b2f3c0d2,7,user_fb8f46c8,0.558286
user_b2f3c0d2,8,user_ff7631ef,0.540392
user_b2f3c0d2,9,user_fe922ad0,0.538420
user_b2f3c0d2,10,user_a01f16ac,0.537684
user_b2f3c0d2,11,user_98a676ce,0.533153
user_b2f3c0d2,12,user_823846de,0.528871
user_b2f3c0d2,13,user_6ab8f7d4,0.527753
user_b2f3c0d2,14,user_f4cc9f3d,0.527065
user_b2f3c0d2,15,user_3850eb9e,0.527049
user_b325310b,1,user_2f766c23,0.743528
user_b325310b,2,user_6011e674,0.726317
user_b325310b,3,user_b325310b,0.683389
user_b325310b,4,user_2d74cd4c,0.674722
user_b325310b,5,user_c709e252,0.665205
user_b325310b,6,user_940c7213,0.655132
user_b325310b,7,user_83e30c57,0.650801
user_b325310b,8,user_9c5cd7fa,0.648301
user_b325310b,9,user_6ab1739a,0.645966
user_b325310b,10,user_c8f82360,0.643950
user_b325310b,11,user_8fbb6d9c,0.642294
user_b325310b,12,user_a973cf8e,0.638296
user_b325310b,13,user_903329bb,0.636105
user_b325310b,14,user_99c67f2f,0.631979
user_b325310b,15,user_c41de62b,0.624784
user_b337cb0c,1,user_0cee87f3,0.373011
user_b337cb0c,2,user_a6c2e760,0.350352
user_b337cb0c,3,user_0b64b183,0.343632
user_b337cb0c,4,user_91f5e7af,0.338817
user_b337cb0c,5,user_4893b4d0,0.331886
user_b337cb0c,6,user_0b5c256a,0.327853
user_b337cb0c,7,user_b350e22b,0.326754
user_b337cb0c,8,user_d023a78e,0.325754
user_b337cb0c,9,user_d20928cc,0.325742
user_b337cb0c,10,user_dc32d458,0.320058
user_b337cb0c,11,user_80dc757f,0.319253
user_b337cb0c,12,user_ebe17c78,0.315634
user_b337cb0c,13,user_8ce972f1,0.314927
user_b337cb0c,14,user_7924afc9,0.307314
user_b337cb0c,15,user_fa60616d,0.307253
user_b49274ca,1,user_80dc757f,0.731896
user_b49274ca,2,user_b49274ca,0.670473
user_b49274ca,3,user_406c399e,0.664059
user_b49274ca,4,user_f75c71f0,0.662342
user_b49274ca,5,user_c8f82360,0.655506
user_b49274ca,6,user_f107081e,0.653349
user_b49274ca,7,user_ebddf9c1,0.650278
user_b49274ca,8,user_65d73ac1,0.648885
user_b49274ca,9,user_6bf0e007,0.643888
user_b49274ca,10,user_27a3fa64,0.643371
user_b49274ca,11,user_8ac8f24f,0.642788
user_b49274ca,12,user_fa60616d,0.639576
user_b49274ca,13,user_c154e834,0.639295
user_b49274ca,14,user_ee14f818,0.635446
user_b49274ca,15,user_84c14a6f,0.634928
user_b4d7e69a,1,user_afff552a,0.769271
user_b4d7e69a,2,user_4607d25d,0.767291
user_b4d7e69a,3,user_e802076d,0.759878
user_b4d7e69a,4,user_8285a696,0.750986
user_b4d7e69a,5,user_80da26a6,0.744393
user_b4d7e69a,6,user_ee14f818,0.742122
user_b4d7e69a,7,user_c06d9b71,0.740210
user_b4d7e69a,8,user_ebddf9c1,0.737502
user_b4d7e69a,9,user_9d786aa8,0.736342
user_b4d7e69a,10,user_a01f16ac,0.736071
user_b4d7e69a,11,user_201c8c78,0.731013
user_b4d7e69a,12,user_5f4ee256,0.724190
user_b4d7e69a,13,user_84c14a6f,0.721970
user_b4d7e69a,14,user_5d35f631,0.720611
user_b4d7e69a,15,user_c6f50d12,0.715348
user_b4f295b3,1,user_a411fb06,0.771358
user_b4f295b3,2,user_6169d3b8,0.743158
user_b4f295b3,3,user_3353b96b,0.736126
user_b4f295b3,4,user_9c88ee3d,0.723226
user_b4f295b3,5,user_e5f67397,0.696023
user_b4f295b3,6,user_c50a487d,0.693582
user_b4f295b3,7,user_3b79395c,0.683662
user_b4f295b3,8,user_8e92b8c1,0.682828
user_b4f295b3,9,user_107259c3,0.681695
user_b4f295b3,10,user_74cfb8ef,0.680344
user_b4f295b3,11,user_d4c7b4c0,0.679063
user_b4f295b3,12,user_7c7220a4,0.678904
user_b4f295b3,13,user_8fb63eca,0.676582
user_b4f295b3,14,user_586752e4,0.675342
user_b4f295b3,15,user_ba010eec,0.674805
user_b563e90b,1,user_b563e90b,0.774024
user_b563e90b,2,user_74da5a13,0.732600
user_b563e90b,3,user_83b871b5,0.731040
user_b563e90b,4,user_5d7cbf11,0.682799
user_b563e90b,5,user_33f2a818,0.678414
user_b563e90b,6,user_da51dede,0.668979
user_b563e90b,7,user_cc1c8897,0.667610
user_b563e90b,8,user_74e32d78,0.662047
user_b563e90b,9,user_9c7183c8,0.661167
user_b563e90b,10,user_8e48a3f8,0.658385
user_b563e90b,11,user_d461f818,0.656614
user_b563e90b,12,user_fcf93ee8,0.655231
user_b563e90b,13,user_126670d7,0.649079
user_b563e90b,14,user_db4c3fb9,0.647623
user_b563e90b,15,user_aa08d5a8,0.646334
user_b5af9db9,1,user_91f5e7af,0.757071
user_b5af9db9,2,user_6bf0e007,0.755027
user_b5af9db9,3,user_ee14f818,0.751130
user_b5af9db9,4,user_f0b144fc,0.750806
user_b5af9db9,5,user_c8f82360,0.734002
user_b5af9db9,6,user_b2dd04c8,0.732110
user_b5af9db9,7,user_8285a696,0.731734
user_b5af9db9,8,user_380ddd3f,0.724530
user_b5af9db9,9,user_89197ce5,0.722282
user_b5af9db9,10,user_0285dee3,0.720614
user_b5af9db9,11,user_5f4ee256,0.719792
user_b5af9db9,12,user_e802076d,0.719488
user_b5af9db9,13,user_e8a7be73,0.710977
user_b5af9db9,14,user_acb51eed,0.708213
user_b5af9db9,15,user_c8e749e2,0.705591
user_b628264a,1,user_4db0d490,0.558740
user_b628264a,2,user_598cc905,0.556608
user_b628264a,3,user_5d7cbf11,0.536637
user_b628264a,4,user_dac2c359,0.529680
user_b628264a,5,user_8afa3eba,0.527231
user_b628264a,6,user_454733da,0.523350
user_b628264a,7,user_3eb49f37,0.520348
user_b628264a,8,user_2c39731d,0.517533
user_b628264a,9,user_87e5d9b0,0.517533
user_b628264a,10,user_e4ab67b6,0.515157
user_b628264a,11,user_6fc85c06,0.513842
user_b628264a,12,user_f59d3941,0.512579
user_b628264a,13,user_d7fde080,0.512427
user_b628264a,14,user_723406a0,0.503917
user_b628264a,15,user_f5c4370b,0.499919
user_b6350ec1,1,user_4607d25d,0.724562
user_b6350ec1,2,user_56980aa9,0.697757
user_b6350ec1,3,user_c8e749e2,0.695633
user_b6350ec1,4,user_b6350ec1,0.693960
user_b6350ec1,5,user_406c399e,0.693491
user_b6350ec1,6,user_3f2fbc90,0.689793
user_b6350ec1,7,user_0697c470,0.682984
user_b6350ec1,8,user_0285dee3,0.681681
user_b6350ec1,9,user_695e56c9,0.678751
user_b6350ec1,10,user_a01f16ac,0.678714
user_b6350ec1,11,user_5f4ee256,0.678472
user_b6350ec1,12,user_3085d204,0.678056
user_b6350ec1,13,user_201c8c78,0.675446
user_b6350ec1,14,user_75bc9924,0.674665
user_b6350ec1,15,user_aa31484a,0.674489
user_b63ea1d4,1,user_9818dcae,0.832961
user_b63ea1d4,2,user_91db6e48,0.809652
user_b63ea1d4,3,user_bbb0205e,0.794514
user_b63ea1d4,4,user_e5a6abbe,0.786332
user_b63ea1d4,5,user_4f3b6241,0.783912
user_b63ea1d4,6,user_76fc8dcd,0.781984
user_b63ea1d4,7,user_54b19b29,0.777205
user_b63ea1d4,8,user_4c8199a7,0.777001
user_b63ea1d4,9,user_0128a546,0.775914
user_b63ea1d4,10,user_3121653d,0.770964
user_b63ea1d4,11,user_a01f16ac,0.770034
user_b63ea1d4,12,user_a00e0552,0.769083
user_b63ea1d4,13,user_259776c7,0.769016
user_b63ea1d4,14,user_ff39b6cf,0.767780
user_b63ea1d4,15,user_acd6ddfb,0.759809
user_b6b89f00,1,user_9818dcae,0.806131
user_b6b89f00,2,user_02fecea2,0.805808
user_b6b89f00,3,user_2cb4b018,0.794603
user_b6b89f00,4,user_25b48a9a,0.791918
user_b6b89f00,5,user_1c45ab75,0.780533
user_b6b89f00,6,user_2dc10d2d,0.776610
user_b6b89f00,7,user_aa2fbe83,0.773670
user_b6b89f00,8,user_815b7baf,0.763456
user_b6b89f00,9,user_0c578ab5,0.761215
user_b6b89f00,10,user_417702c5,0.759847
user_b6b89f00,11,user_b6b89f00,0.752062
user_b6b89f00,12,user_a7b901f2,0.745715
user_b6b89f00,13,user_8da30894,0.744098
user_b6b89f00,14,user_166a3647,0.743112
user_b6b89f00,15,user_8c11f026,0.740514
user_b7ba6422,1,user_f75c71f0,0.752998
user_b7ba6422,2,user_8285a696,0.745739
user_b7ba6422,3,user_adab54a0,0.742643
user_b7ba6422,4,user_91f5e7af,0.729457
user_b7ba6422,5,user_b7ba6422,0.726712
user_b7ba6422,6,user_406c399e,0.726002
user_b7ba6422,7,user_c8f82360,0.722600
user_b7ba6422,8,user_3f2fbc90,0.720279
user_b7ba6422,9,user_11e8421f,0.716207
user_b7ba6422,10,user_a8dc91a3,0.712863
user_b7ba6422,11,user_e802076d,0.712163
user_b7ba6422,12,user_030cf51a,0.706321
user_b7ba6422,13,user_b16e0cf8,0.706247
user_b7ba6422,14,user_380ddd3f,0.700911
user_b7ba6422,15,user_69df6330,0.700056
user_b888c512,1,user_8285a696,0.787061
user_b888c512,2,user_a01f16ac,0.748897
user_b888c512,3,user_4607d25d,0.744074
user_b888c512,4,user_ee14f818,0.737414
user_b888c512,5,user_80da26a6,0.734265
user_b888c512,6,user_ecba8131,0.724730
user_b888c512,7,user_00723699,0.724545
user_b888c512,8,user_201c8c78,0.722577
user_b888c512,9,user_94f185bc,0.721649
user_b888c512,10,user_0285dee3,0.718996
user_b888c512,11,user_3f2fbc90,0.712300
user_b888c512,12,user_f862100c,0.706518
user_b888c512,13,user_82d93459,0.706458
user_b888c512,14,user_bdcc6e7d,0.705841
user_b888c512,15,user_b2dd04c8,0.704405
user_b8f24804,1,user_8285a696,0.778658
user_b8f24804,2,user_b8f24804,0.773115
user_b8f24804,3,user_f75c71f0,0.750983
user_b8f24804,4,user_f107081e,0.748958
user_b8f24804,5,user_3f2fbc90,0.742601
user_b8f24804,6,user_6a0b0e92,0.736491
user_b8f24804,7,user_6bf0e007,0.732017
user_b8f24804,8,user_02d03e8a,0.731613
user_b8f24804,9,user_6fbf6191,0.731521
user_b8f24804,10,user_c8f82360,0.725377
user_b8f24804,11,user_ee14f818,0.724729
user_b8f24804,12,user_5d7cbf11,0.722825
user_b8f24804,13,user_406c399e,0.721972
user_b8f24804,14,user_ef954c6e,0.720912
user_b8f24804,15,user_a01f16ac,0.719787
user_b9036662,1,user_b9036662,0.712919
user_b9036662,2,user_3a39cc49,0.658129
user_b9036662,3,user_8285a696,0.645404
user_b9036662,4,user_f0cf195f,0.641557
user_b9036662,5,user_f75c71f0,0.638285
user_b9036662,6,user_18522854,0.634355
user_b9036662,7,user_e7a55eac,0.624648
user_b9036662,8,user_c0eba9f2,0.624033
user_b9036662,9,user_5c82df31,0.619799
user_b9036662,10,user_91f5e7af,0.617363
user_b9036662,11,user_d10d1f24,0.617143
user_b9036662,12,user_cf393213,0.613542
user_b9036662,13,user_3f2fbc90,0.610763
user_b9036662,14,user_8afa3eba,0.605523
user_b9036662,15,user_3085d204,0.605222
user_ba010eec,1,user_9818dcae,0.741052
user_ba010eec,2,user_b2aba63a,0.701864
user_ba010eec,3,user_201c8c78,0.694454
user_ba010eec,4,user_93cdb7a1,0.691117
user_ba010eec,5,user_ca6074df,0.683550
user_ba010eec,6,user_7a8f7f3e,0.678622
user_ba010eec,7,user_8fb63eca,0.678468
user_ba010eec,8,user_ee14f818,0.678302
user_ba010eec,9,user_36e75535,0.676665
user_ba010eec,10,user_259776c7,0.675959
user_ba010eec,11,user_ff39b6cf,0.671872
user_ba010eec,12,user_4f3b6241,0.667126
user_ba010eec,13,user_91db6e48,0.666199
user_ba010eec,14,user_6169d3b8,0.664251
user_ba010eec,15,user_417702c5,0.663905
user_ba463257,1,user_0285dee3,0.757696
user_ba463257,2,user_ee14f818,0.727475
user_ba463257,3,user_30802254,0.716102
user_ba463257,4,user_6bf0e007,0.697868
user_ba463257,5,user_bdcc6e7d,0.691291
user_ba463257,6,user_94f185bc,0.680758
user_ba463257,7,user_75bc9924,0.676721
user_ba463257,8,user_19952166,0.674878
user_ba463257,9,user_d691d016,0.673827
user_ba463257,10,user_f654c33b,0.670216
user_ba463257,11,user_7fd91653,0.669952
user_ba463257,12,user_ee89e069,0.667992
user_ba463257,13,user_2a704b9c,0.664068
user_ba463257,14,user_17607ebc,0.662964
user_ba463257,15,user_e802076d,0.662783
user_ba8b1c05,1,user_4bd9303b,0.777825
user_ba8b1c05,2,user_26fa9d90,0.769022
user_ba8b1c05,3,user_9818dcae,0.759910
user_ba8b1c05,4,user_74cfb8ef,0.746606
user_ba8b1c05,5,user_364bb955,0.746049
user_ba8b1c05,6,user_a7b901f2,0.745828
user_ba8b1c05,7,user_815b7baf,0.740272
user_ba8b1c05,8,user_201c8c78,0.726899
user_ba8b1c05,9,user_64cd3098,0.723339
user_ba8b1c05,10,user_d2c97c8e,0.719291
user_ba8b1c05,11,user_02fecea2,0.716694
user_ba8b1c05,12,user_81a80789,0.715526
user_ba8b1c05,13,user_c50a487d,0.714657
user_ba8b1c05,14,user_9c88ee3d,0.712307
user_ba8b1c05,15,user_164fe4b8,0.711035
user_baeb91b3,1,user_ded778b8,0.758244
user_baeb91b3,2,user_a7b901f2,0.718126
user_baeb91b3,3,user_e64d80ba,0.714489
user_baeb91b3,4,user_b14ec02b,0.713120
user_baeb91b3,5,user_ac6d6bff,0.705841
user_baeb91b3,6,user_d67450a8,0.703645
user_baeb91b3,7,user_c903d3bb,0.701959
user_baeb91b3,8,user_124651ff,0.699426
user_baeb91b3,9,user_0d32f0ed,0.696780
user_baeb91b3,10,user_8e97a154,0.696420
user_baeb91b3,11,user_9fefea54,0.686176
user_baeb91b3,12,user_8c42f323,0.682373
user_baeb91b3,13,user_1f636ddc,0.680258
user_baeb91b3,14,user_8c5756ff,0.679418
user_baeb91b3,15,user_16b87e34,0.678689
user_baf68fe9,1,user_e4f8ab0c,0.705257
user_baf68fe9,2,user_406c399e,0.703128
user_baf68fe9,3,user_b6b89f00,0.700491
user_baf68fe9,4,user_40a0bad3,0.686283
user_baf68fe9,5,user_eae91488,0.664577
user_baf68fe9,6,user_75905116,0.664145
user_baf68fe9,7,user_4e54f3d7,0.663891
user_baf68fe9,8,user_e802076d,0.663132
user_baf68fe9,9,user_0b64b183,0.661689
user_baf68fe9,10,user_3e284ba5,0.660792
user_baf68fe9,11,user_bdcc6e7d,0.659414
user_baf68fe9,12,user_6a0b0e92,0.658444
user_baf68fe9,13,user_1df51301,0.656110
user_baf68fe9,14,user_4f755977,0.652840
user_baf68fe9,15,user_5159d3a1,0.650142
user_bb8be7e3,1,user_205d25f3,0.661688
user_bb8be7e3,2,user_c50a487d,0.659396
user_bb8be7e3,3,user_6a0b0e92,0.655592
user_bb8be7e3,4,user_8e48a3f8,0.654477
user_bb8be7e3,5,user_1f09455f,0.650687
user_bb8be7e3,6,user_7a8f7f3e,0.650520
user_bb8be7e3,7,user_20a01575,0.645445
user_bb8be7e3,8,user_91321efa,0.636566
user_bb8be7e3,9,user_93cdb7a1,0.631004
user_bb8be7e3,10,user_3239132f,0.629209
user_bb8be7e3,11,user_7b052f32,0.626949
user_bb8be7e3,12,user_c0eba9f2,0.625470
user_bb8be7e3,13,user_920c074a,0.624239
user_bb8be7e3,14,user_201c8c78,0.620466
user_bb8be7e3,15,user_ca6074df,0.619283
user_bbcbf015,1,user_bbcbf015,0.752014
user_bbcbf015,2,user_5f4ee256,0.742995
user_bbcbf015,3,user_89197ce5,0.739577
user_bbcbf015,4,user_79f04645,0.729857
user_bbcbf015,5,user_b628264a,0.723907
user_bbcbf015,6,user_17607ebc,0.722896
user_bbcbf015,7,user_9b517815,0.717916
user_bbcbf015,8,user_723406a0,0.715580
user_bbcbf015,9,user_6bf0e007,0.709975
user_bbcbf015,10,user_0dfb7397,0.707198
user_bbcbf015,11,user_e8a7be73,0.698929
user_bbcbf015,12,user_1230e05a,0.698386
user_bbcbf015,13,user_7aa3746b,0.693254
user_bbcbf015,14,user_650da71b,0.692254
user_bbcbf015,15,user_50e2a836,0.689138
user_bbe73426,1,user_bbe73426,0.729630
user_bbe73426,2,user_ee14f818,0.690693
user_bbe73426,3,user_80dc757f,0.689876
user_bbe73426,4,user_0285dee3,0.677314
user_bbe73426,5,user_c8f82360,0.662278
user_bbe73426,6,user_3f2fbc90,0.660802
user_bbe73426,7,user_b8f24804,0.651600
user_bbe73426,8,user_64d76dfd,0.650251
user_bbe73426,9,user_39b3eda0,0.648594
user_bbe73426,10,user_ef954c6e,0.646622
user_bbe73426,11,user_3085d204,0.646031
user_bbe73426,12,user_9ce96cbf,0.645554
user_bbe73426,13,user_82d93459,0.644160
user_bbe73426,14,user_2a94c885,0.640570
user_bbe73426,15,user_a01f16ac,0.639768
user_bd19a016,1,user_1230e05a,0.775116
user_bd19a016,2,user_b628264a,0.771184
user_bd19a016,3,user_6bf0e007,0.757726
user_bd19a016,4,user_4607d25d,0.753170
user_bd19a016,5,user_07cb458d,0.748885
user_bd19a016,6,user_ee14f818,0.745962
user_bd19a016,7,user_bd19a016,0.745220
user_bd19a016,8,user_0285dee3,0.743839
user_bd19a016,9,user_a00e0552,0.737117
user_bd19a016,10,user_40efa894,0.736697
user_bd19a016,11,user_30802254,0.734992
user_bd19a016,12,user_04f39d22,0.727660
user_bd19a016,13,user_84c14a6f,0.725834
user_bd19a016,14,user_aae78e0d,0.725369
user_bd19a016,15,user_3f2fbc90,0.722591
user_bd47000f,1,user_8285a696,0.738175
user_bd47000f,2,user_3f1d04a6,0.728570
user_bd47000f,3,user_d4b7e22e,0.718932
user_bd47000f,4,user_c50a487d,0.711632
user_bd47000f,5,user_3eb49f37,0.705930
user_bd47000f,6,user_e7a55eac,0.704355
user_bd47000f,7,user_a4ae4e77,0.701953
user_bd47000f,8,user_91db6e48,0.698761
user_bd47000f,9,user_423c81dc,0.696805
user_bd47000f,10,user_c8e749e2,0.695911
user_bd47000f,11,user_fc1cfe0b,0.694639
user_bd47000f,12,user_5c82df31,0.694181
user_bd47000f,13,user_233fda02,0.693446
user_bd47000f,14,user_6bf0e007,0.690411
user_bd47000f,15,user_2a94c885,0.689285
user_bdcc6e7d,1,user_bdcc6e7d,0.844876
user_bdcc6e7d,2,user_e802076d,0.769127
user_bdcc6e7d,3,user_406c399e,0.741953
user_bdcc6e7d,4,user_3bc84c13,0.737277
user_bdcc6e7d,5,user_6bf0e007,0.737219
user_bdcc6e7d,6,user_4e54f3d7,0.734902
user_bdcc6e7d,7,user_201c8c78,0.731057
user_bdcc6e7d,8,user_afff552a,0.729907
user_bdcc6e7d,9,user_b2dd04c8,0.728539
user_bdcc6e7d,10,user_0285dee3,0.722646
user_bdcc6e7d,11,user_84c14a6f,0.720816
user_bdcc6e7d,12,user_f368b9da,0.720378
user_bdcc6e7d,13,user_5159d3a1,0.714256
user_bdcc6e7d,14,user_30802254,0.712301
user_bdcc6e7d,15,user_8f8346ad,0.712264
user_be06391b,1,user_8ac8f24f,0.725427
user_be06391b,2,user_c8f82360,0.715335
user_be06391b,3,user_1c45ab75,0.694594
user_be06391b,4,user_2cb4b018,0.682195
user_be06391b,5,user_6bb64984,0.674020
user_be06391b,6,user_30802254,0.667395
user_be06391b,7,user_65d73ac1,0.666485
user_be06391b,8,user_aa2fbe83,0.660793
user_be06391b,9,user_a973cf8e,0.658087
user_be06391b,10,user_2dc10d2d,0.656033
user_be06391b,11,user_c0392523,0.654967
user_be06391b,12,user_00723699,0.654512
user_be06391b,13,user_8e97a154,0.654321
user_be06391b,14,user_5159d3a1,0.651312
user_be06391b,15,user_9818dcae,0.651165
user_beca29a3,1,user_beca29a3,0.805098
user_beca29a3,2,user_043ea160,0.571288
user_beca29a3,3,user_d69d04b7,0.533748
user_beca29a3,4,user_e10c98bb,0.504995
user_beca29a3,5,user_a973cf8e,0.499003
user_beca29a3,6,user_6fc85c06,0.489712
user_beca29a3,7,user_00723699,0.475256
user_beca29a3,8,user_8c6db6ed,0.474341
user_beca29a3,9,user_e838707b,0.468141
user_beca29a3,10,user_c0392523,0.462949
user_beca29a3,11,user_84fe1a7a,0.461063
user_beca29a3,12,user_c41de62b,0.457400
user_beca29a3,13,user_4aaa8404,0.442647
user_beca29a3,14,user_7d6962d9,0.442167
user_beca29a3,15,user_8ac8f24f,0.440662
user_bf30f80d,1,user_201c8c78,0.822013
user_bf30f80d,2,user_e409a56d,0.794883
user_bf30f80d,3,user_82c86537,0.776410
user_bf30f80d,4,user_bf30f80d,0.756481
user_bf30f80d,5,user_f7fd2885,0.751093
user_bf30f80d,6,user_795650bb,0.750887
user_bf30f80d,7,user_bd19a016,0.750557
user_bf30f80d,8,user_4607d25d,0.743298
user_bf30f80d,9,user_04f39d22,0.740849
user_bf30f80d,10,user_2e60c125,0.736305
user_bf30f80d,11,user_ba8b1c05,0.733087
user_bf30f80d,12,user_2efde048,0.729126
user_bf30f80d,13,user_4ea1ef09,0.726590
user_bf30f80d,14,user_25652863,0.725844
user_bf30f80d,15,user_6d421600,0.724658
user_c008345b,1,user_406c399e,0.656838
user_c008345b,2,user_0a3bcf86,0.630520
user_c008345b,3,user_6fbf6191,0.627081
user_c008345b,4,user_8e97a154,0.626320
user_c008345b,5,user_25b48a9a,0.625398
user_c008345b,6,user_69df6330,0.624125
user_c008345b,7,user_f14dc486,0.621423
user_c008345b,8,user_c96b90fe,0.620967
user_c008345b,9,user_6bf0e007,0.611956
user_c008345b,10,user_2cb4b018,0.610593
user_c008345b,11,user_65d73ac1,0.610044
user_c008345b,12,user_1b460965,0.609001
user_c008345b,13,user_8285a696,0.607531
user_c008345b,14,user_b8f24804,0.607530
user_c008345b,15,user_b5af9db9,0.605903
user_c0392523,1,user_c0392523,0.693200
user_c0392523,2,user_aa4cc34a,0.689544
user_c0392523,3,user_d10d1f24,0.667886
user_c0392523,4,user_6ab1739a,0.666077
user_c0392523,5,user_8da30894,0.665465
user_c0392523,6,user_4aaa8404,0.646676
user_c0392523,7,user_7af2ed90,0.629193
user_c0392523,8,user_c8f82360,0.612200
user_c0392523,9,user_2dc10d2d,0.608371
user_c0392523,10,user_daf53db6,0.600146
user_c0392523,11,user_8c6db6ed,0.599727
user_c0392523,12,user_00723699,0.598758
user_c0392523,13,user_903329bb,0.595680
user_c0392523,14,user_f3f15c55,0.590396
user_c0392523,15,user_ad15a0a4,0.588444
user_c06d9b71,1,user_c06d9b71,0.818553
user_c06d9b71,2,user_ebddf9c1,0.806183
user_c06d9b71,3,user_afff552a,0.774718
user_c06d9b71,4,user_2a94c885,0.767769
user_c06d9b71,5,user_a4aab257,0.759929
user_c06d9b71,6,user_f75c71f0,0.751042
user_c06d9b71,7,user_c8f82360,0.750973
user_c06d9b71,8,user_6bf0e007,0.750391
user_c06d9b71,9,user_ef954c6e,0.747908
user_c06d9b71,10,user_9991e1d8,0.743962
user_c06d9b71,11,user_8285a696,0.740763
user_c06d9b71,12,user_8e97a154,0.735384
user_c06d9b71,13,user_1b7f8c56,0.734571
user_c06d9b71,14,user_6a0b0e92,0.734286
user_c06d9b71,15,user_84c14a6f,0.731931
user_c0eba9f2,1,user_c0eba9f2,0.802940
user_c0eba9f2,2,user_c50a487d,0.686472
user_c0eba9f2,3,user_a4893af1,0.674926
user_c0eba9f2,4,user_3239132f,0.671683
user_c0eba9f2,5,user_c3040c7c,0.669249
user_c0eba9f2,6,user_55058479,0.666884
user_c0eba9f2,7,user_0b1b1d1c,0.658847
user_c0eba9f2,8,user_1246b252,0.655527
user_c0eba9f2,9,user_d2bd9832,0.653416
user_c0eba9f2,10,user_5c82df31,0.647146
user_c0eba9f2,11,user_91321efa,0.643132
user_c0eba9f2,12,user_18522854,0.641281
user_c0eba9f2,13,user_07ec3726,0.640252
user_c0eba9f2,14,user_f827c7dd,0.639714
user_c0eba9f2,15,user_19622b77,0.637393
user_c130412b,1,user_df8dc9bb,0.821453
user_c130412b,2,user_e6057285,0.788524
user_c130412b,3,user_414a6eaf,0.781298
user_c130412b,4,user_3b79395c,0.774506
user_c130412b,5,user_9818dcae,0.772846
user_c130412b,6,user_815b7baf,0.766116
user_c130412b,7,user_4c8199a7,0.765303
user_c130412b,8,user_55058479,0.763893
user_c130412b,9,user_ff39b6cf,0.757072
user_c130412b,10,user_5c82df31,0.756025
user_c130412b,11,user_cce4f9c2,0.754071
user_c130412b,12,user_c50a487d,0.746232
user_c130412b,13,user_93cdb7a1,0.744127
user_c130412b,14,user_81a80789,0.740600
user_c130412b,15,user_07ec3726,0.739031
user_c154e834,1,user_c154e834,0.774288
user_c154e834,2,user_6a0b0e92,0.763154
user_c154e834,3,user_fa60616d,0.720883
user_c154e834,4,user_5c82df31,0.716144
user_c154e834,5,user_c0eba9f2,0.700993
user_c154e834,6,user_4607d25d,0.692274
user_c154e834,7,user_8285a696,0.688712
user_c154e834,8,user_1d775dd8,0.686315
user_c154e834,9,user_93cdb7a1,0.684623
user_c154e834,10,user_78eff25f,0.683507
user_c154e834,11,user_ee14f818,0.681986
user_c154e834,12,user_90e5fee6,0.679211
user_c154e834,13,user_f75c71f0,0.678360
user_c154e834,14,user_8ac8f24f,0.676038
user_c154e834,15,user_fdc08e26,0.674127
user_c157ca97,1,user_52d3881c,0.795738
user_c157ca97,2,user_795eb408,0.683370
user_c157ca97,3,user_d93b53bd,0.676005
user_c157ca97,4,user_c157ca97,0.668253
user_c157ca97,5,user_bf69de98,0.637473
user_c157ca97,6,user_52c9252c,0.625375
user_c157ca97,7,user_833d8832,0.619592
user_c157ca97,8,user_7a7dda35,0.618225
user_c157ca97,9,user_dc32d458,0.617800
user_c157ca97,10,user_98ca16a6,0.607112
user_c157ca97,11,user_8a3bbeb2,0.604645
user_c157ca97,12,user_1f1dc5e0,0.601340
user_c157ca97,13,user_0cee87f3,0.598949
user_c157ca97,14,user_10e64e28,0.596880
user_c157ca97,15,user_6b86248b,0.595562
user_c204a1dd,1,user_f75c71f0,0.622330
user_c204a1dd,2,user_8e97a154,0.616262
user_c204a1dd,3,user_c8e749e2,0.615979
user_c204a1dd,4,user_c67f26cc,0.614386
user_c204a1dd,5,user_56980aa9,0.613538
user_c204a1dd,6,user_8285a696,0.611871
user_c204a1dd,7,user_5d7cbf11,0.603279
user_c204a1dd,8,user_c204a1dd,0.601860
user_c204a1dd,9,user_d5379647,0.593666
user_c204a1dd,10,user_18522854,0.591636
user_c204a1dd,11,user_f4cc9f3d,0.590994
user_c204a1dd,12,user_88f46c7b,0.589967
user_c204a1dd,13,user_6a0b0e92,0.588947
user_c204a1dd,14,user_f6188968,0.588441
user_c204a1dd,15,user_74cfb8ef,0.586961
user_c2f18cf7,1,user_c2f18cf7,0.639586
user_c2f18cf7,2,user_3121653d,0.624379
user_c2f18cf7,3,user_ee14f818,0.616188
user_c2f18cf7,4,user_80da26a6,0.611010
user_c2f18cf7,5,user_885e8708,0.610458
user_c2f18cf7,6,user_56980aa9,0.607313
user_c2f18cf7,7,user_4607d25d,0.606479
user_c2f18cf7,8,user_058c1800,0.605641
user_c2f18cf7,9,user_b2aba63a,0.601108
user_c2f18cf7,10,user_201c8c78,0.600694
user_c2f18cf7,11,user_5f4ee256,0.599440
user_c2f18cf7,12,user_75bc9924,0.597602
user_c2f18cf7,13,user_f27da10a,0.595456
user_c2f18cf7,14,user_a01f16ac,0.594658
user_c2f18cf7,15,user_56e6d0cd,0.592702
user_c3040c7c,1,user_c3040c7c,0.772555
user_c3040c7c,2,user_5c82df31,0.754137
user_c3040c7c,3,user_c50a487d,0.751827
user_c3040c7c,4,user_e6057285,0.749359
user_c3040c7c,5,user_b1c16312,0.748950
user_c3040c7c,6,user_7b052f32,0.746549
user_c3040c7c,7,user_3239132f,0.743412
user_c3040c7c,8,user_8285a696,0.740084
user_c3040c7c,9,user_a4893af1,0.737265
user_c3040c7c,10,user_8e97a154,0.730072
user_c3040c7c,11,user_91db6e48,0.717996
user_c3040c7c,12,user_a00e0552,0.713797
user_c3040c7c,13,user_1c45ab75,0.712555
user_c3040c7c,14,user_df8dc9bb,0.712170
user_c3040c7c,15,user_18522854,0.709814
user_c39d41d7,1,user_259776c7,0.806715
user_c39d41d7,2,user_3e284ba5,0.800670
user_c39d41d7,3,user_4f3b6241,0.795893
user_c39d41d7,4,user_b4d7e69a,0.775700
user_c39d41d7,5,user_6bf0e007,0.772311
user_c39d41d7,6,user_afff552a,0.772195
user_c39d41d7,7,user_16b87e34,0.770462
user_c39d41d7,8,user_5d35f631,0.770226
user_c39d41d7,9,user_d67450a8,0.769527
user_c39d41d7,10,user_201c8c78,0.768775
user_c39d41d7,11,user_8e97a154,0.759776
user_c39d41d7,12,user_64cd3098,0.758296
user_c39d41d7,13,user_91db6e48,0.754100
user_c39d41d7,14,user_8292753c,0.752635
user_c39d41d7,15,user_5c5a0b40,0.749736
user_c41de62b,1,user_6011e674,0.810704
user_c41de62b,2,user_6ab1739a,0.797837
user_c41de62b,3,user_d10d1f24,0.776392
user_c41de62b,4,user_c41de62b,0.750747
user_c41de62b,5,user_7af2ed90,0.741262
user_c41de62b,6,user_a973cf8e,0.736241
user_c41de62b,7,user_903329bb,0.731811
user_c41de62b,8,user_c709e252,0.718862
user_c41de62b,9,user_5b7d5e00,0.718521
user_c41de62b,10,user_f3f15c55,0.714826
user_c41de62b,11,user_8da30894,0.713099
user_c41de62b,12,user_83e30c57,0.712858
user_c41de62b,13,user_2817ec11,0.707396
user_c41de62b,14,user_ad15a0a4,0.697761
user_c41de62b,15,user_a4a77a7d,0.684434
user_c4c70447,1,user_73f34c5d,0.766409
user_c4c70447,2,user_82879210,0.741767
user_c4c70447,3,user_a57e47b1,0.721411
user_c4c70447,4,user_75bc9924,0.721409
user_c4c70447,5,user_cc1c8897,0.715563
user_c4c70447,6,user_636ad58f,0.714902
user_c4c70447,7,user_aa31484a,0.711619
user_c4c70447,8,user_5c09bb3d,0.710003
user_c4c70447,9,user_9600e8bf,0.704460
user_c4c70447,10,user_80da26a6,0.701322
user_c4c70447,11,user_8a760553,0.700581
user_c4c70447,12,user_e6dd44b0,0.695914
user_c4c70447,13,user_2a704b9c,0.695003
user_c4c70447,14,user_d036c911,0.690715
user_c4c70447,15,user_3e284ba5,0.690013
user_c50a487d,1,user_c50a487d,0.830013
user_c50a487d,2,user_ca6074df,0.798823
user_c50a487d,3,user_3239132f,0.792376
user_c50a487d,4,user_93cdb7a1,0.788411
user_c50a487d,5,user_a00e0552,0.783517
user_c50a487d,6,user_3b79395c,0.781936
user_c50a487d,7,user_5c82df31,0.778396
user_c50a487d,8,user_d4c7b4c0,0.776882
user_c50a487d,9,user_ff39b6cf,0.776195
user_c50a487d,10,user_df8dc9bb,0.773316
user_c50a487d,11,user_9818dcae,0.772021
user_c50a487d,12,user_7a8f7f3e,0.768094
user_c50a487d,13,user_20e741d0,0.767598
user_c50a487d,14,user_cce4f9c2,0.763333
user_c50a487d,15,user_8713f22a,0.761907
user_c536b01d,1,user_c536b01d,0.743965
user_c536b01d,2,user_61f90240,0.725379
user_c536b01d,3,user_64d76dfd,0.675788
user_c536b01d,4,user_80dc757f,0.673156
user_c536b01d,5,user_8ac8f24f,0.662075
user_c536b01d,6,user_c92c8f83,0.659429
user_c536b01d,7,user_ef954c6e,0.657961
user_c536b01d,8,user_f107081e,0.653073
user_c536b01d,9,user_f75c71f0,0.648587
user_c536b01d,10,user_c8f82360,0.647692
user_c536b01d,11,user_59d9db83,0.646553
user_c536b01d,12,user_a01f16ac,0.646508
user_c536b01d,13,user_94f185bc,0.645304
user_c536b01d,14,user_27a3fa64,0.644511
user_c536b01d,15,user_91f5e7af,0.641177
user_c59ebe9c,1,user_a2f8bfd2,0.624902
user_c59ebe9c,2,user_d8335067,0.607441
user_c59ebe9c,3,user_df8dc9bb,0.600940
user_c59ebe9c,4,user_fb8f46c8,0.599913
user_c59ebe9c,5,user_c59ebe9c,0.594839
user_c59ebe9c,6,user_fdc08e26,0.590195
user_c59ebe9c,7,user_f10e7063,0.589284
user_c59ebe9c,8,user_ee14f818,0.588469
user_c59ebe9c,9,user_6a0b0e92,0.587877
user_c59ebe9c,10,user_93cdb7a1,0.583125
user_c59ebe9c,11,user_72bed676,0.579224
user_c59ebe9c,12,user_3f2fbc90,0.576060
user_c59ebe9c,13,user_6bf0e007,0.574384
user_c59ebe9c,14,user_0285dee3,0.573320
user_c59ebe9c,15,user_3239132f,0.572190
user_c5c57a9d,1,user_c5c57a9d,0.767133
user_c5c57a9d,2,user_9bee2a7c,0.749991
user_c5c57a9d,3,user_f75c71f0,0.719753
user_c5c57a9d,4,user_cf393213,0.707410
user_c5c57a9d,5,user_c0eba9f2,0.707165
user_c5c57a9d,6,user_2dd189e3,0.696544
user_c5c57a9d,7,user_5993b36a,0.691145
user_c5c57a9d,8,user_406c399e,0.690547
user_c5c57a9d,9,user_c67f26cc,0.690532
user_c5c57a9d,10,user_e93dfaa2,0.683849
user_c5c57a9d,11,user_0285dee3,0.683751
user_c5c57a9d,12,user_38dc2894,0.682951
user_c5c57a9d,13,user_8285a696,0.682061
user_c5c57a9d,14,user_126670d7,0.680193
user_c5c57a9d,15,user_5881b259,0.676411
user_c5f32c0d,1,user_f75c71f0,0.707659
user_c5f32c0d,2,user_8285a696,0.699714
user_c5f32c0d,3,user_3f2fbc90,0.696643
user_c5f32c0d,4,user_2a94c885,0.684329
user_c5f32c0d,5,user_d8335067,0.682609
user_c5f32c0d,6,user_94f185bc,0.679629
user_c5f32c0d,7,user_906e2423,0.679417
user_c5f32c0d,8,user_cdd86523,0.679024
user_c5f32c0d,9,user_84c14a6f,0.678872
user_c5f32c0d,10,user_39b3eda0,0.677736
user_c5f32c0d,11,user_8e97a154,0.676868
user_c5f32c0d,12,user_380ddd3f,0.676656
user_c5f32c0d,13,user_0285dee3,0.668390
user_c5f32c0d,14,user_f51339f8,0.667955
user_c5f32c0d,15,user_7fd91653,0.667085
user_c60d65b5,1,user_406c399e,0.753724
user_c60d65b5,2,user_a743aff9,0.727664
user_c60d65b5,3,user_79a1811b,0.725721
user_c60d65b5,4,user_69df6330,0.724506
user_c60d65b5,5,user_91f807b9,0.695845
user_c60d65b5,6,user_91f5e7af,0.686103
user_c60d65b5,7,user_c8e749e2,0.684120
user_c60d65b5,8,user_eae91488,0.681570
user_c60d65b5,9,user_829844fd,0.681478
user_c60d65b5,10,user_e8d15537,0.678617
user_c60d65b5,11,user_695e56c9,0.668278
user_c60d65b5,12,user_b16e0cf8,0.667763
user_c60d65b5,13,user_872311db,0.666130
user_c60d65b5,14,user_1936a7c3,0.664531
user_c60d65b5,15,user_6011e674,0.664379
user_c67f26cc,1,user_c67f26cc,0.643055
user_c67f26cc,2,user_2dd189e3,0.519458
user_c67f26cc,3,user_56909460,0.518580
user_c67f26cc,4,user_ff7631ef,0.510130
user_c67f26cc,5,user_39aad1a2,0.506176
user_c67f26cc,6,user_039d004e,0.500093
user_c67f26cc,7,user_2e05a7a0,0.499967
user_c67f26cc,8,user_4b139395,0.493508
user_c67f26cc,9,user_6a13946a,0.493078
user_c67f26cc,10,user_c0eba9f2,0.492444
user_c67f26cc,11,user_9bee2a7c,0.482073
user_c67f26cc,12,user_18522854,0.482038
user_c67f26cc,13,user_7fd91653,0.481481
user_c67f26cc,14,user_8e97a154,0.480602
user_c67f26cc,15,user_e7a55eac,0.479107
user_c709e252,1,user_a973cf8e,0.847153
user_c709e252,2,user_c709e252,0.801759
user_c709e252,3,user_6ab1739a,0.796579
user_c709e252,4,user_d10d1f24,0.786551
user_c709e252,5,user_2817ec11,0.781552
user_c709e252,6,user_6011e674,0.770668
user_c709e252,7,user_8da30894,0.769127
user_c709e252,8,user_c41de62b,0.768099
user_c709e252,9,user_8c6db6ed,0.740069
user_c709e252,10,user_00723699,0.738640
user_c709e252,11,user_82d93459,0.730609
user_c709e252,12,user_56980aa9,0.724602
user_c709e252,13,user_daf53db6,0.715028
user_c709e252,14,user_83e30c57,0.710846
user_c709e252,15,user_5b7d5e00,0.708186
user_c809e3d2,1,user_687feee4,0.586933
user_c809e3d2,2,user_5062c872,0.584784
user_c809e3d2,3,user_4bd9303b,0.582753
user_c809e3d2,4,user_8e48a3f8,0.582235
user_c809e3d2,5,user_26fa9d90,0.569302
user_c809e3d2,6,user_201c8c78,0.554000
user_c809e3d2,7,user_ecba8131,0.552610
user_c809e3d2,8,user_f3377028,0.545629
user_c809e3d2,9,user_1022be44,0.543236
user_c809e3d2,10,user_d5b21e00,0.533551
user_c809e3d2,11,user_82c86537,0.530892
user_c809e3d2,12,user_58bfeaad,0.523617
user_c809e3d2,13,user_75905116,0.521232
user_c809e3d2,14,user_74da5a13,0.520959
user_c809e3d2,15,user_5159d3a1,0.520354
user_c81fae29,1,user_22b484cb,0.592085
user_c81fae29,2,user_a7f8db34,0.588421
user_c81fae29,3,user_c883258f,0.586885
user_c81fae29,4,user_18227c28,0.581779
user_c81fae29,5,user_07db2c6a,0.579113
user_c81fae29,6,user_a5d9fab6,0.567596
user_c81fae29,7,user_233fda02,0.566890
user_c81fae29,8,user_87bbc3b5,0.561505
user_c81fae29,9,user_9f6180c4,0.559774
user_c81fae29,10,user_87e5d9b0,0.552109
user_c81fae29,11,user_2c39731d,0.550962
user_c81fae29,12,user_5d7cbf11,0.548005
user_c81fae29,13,user_8c6db6ed,0.547288
user_c81fae29,14,user_5dc5c2dc,0.544634
user_c81fae29,15,user_ecd7b02a,0.542162
user_c883258f,1,user_c883258f,0.812148
user_c883258f,2,user_22b484cb,0.732993
user_c883258f,3,user_233fda02,0.725289
user_c883258f,4,user_8afa3eba,0.724665
user_c883258f,5,user_a7f8db34,0.723993
user_c883258f,6,user_dc20c886,0.723702
user_c883258f,7,user_9f6180c4,0.719955
user_c883258f,8,user_a5d9fab6,0.718445
user_c883258f,9,user_3b90fb53,0.713720
user_c883258f,10,user_87e5d9b0,0.712693
user_c883258f,11,user_e8cdb142,0.694764
user_c883258f,12,user_87bbc3b5,0.689805
user_c883258f,13,user_18227c28,0.689007
user_c883258f,14,user_8c6db6ed,0.687528
user_c883258f,15,user_5dc5c2dc,0.682391
user_c8e749e2,1,user_c8e749e2,0.706104
user_c8e749e2,2,user_b2dd04c8,0.659319
user_c8e749e2,3,user_3f1d04a6,0.658687
user_c8e749e2,4,user_9bee2a7c,0.639727
user_c8e749e2,5,user_8285a696,0.637847
user_c8e749e2,6,user_2c940ff8,0.637441
user_c8e749e2,7,user_406c399e,0.634032
user_c8e749e2,8,user_e7a55eac,0.632230
user_c8e749e2,9,user_8e97a154,0.629104
user_c8e749e2,10,user_ed3091a2,0.622731
user_c8e749e2,11,user_829844fd,0.622614
user_c8e749e2,12,user_65d73ac1,0.616521
user_c8e749e2,13,user_6bf0e007,0.615360
user_c8e749e2,14,user_f827c7dd,0.614480
user_c8e749e2,15,user_126670d7,0.612934
user_c903d3bb,1,user_c903d3bb,0.759020
user_c903d3bb,2,user_04d29f9c,0.744752
user_c903d3bb,3,user_16ac4154,0.731480
user_c903d3bb,4,user_13fb2e34,0.728729
user_c903d3bb,5,user_8006727d,0.690665
user_c903d3bb,6,user_9ee84e18,0.686804
user_c903d3bb,7,user_09dea596,0.671745
user_c903d3bb,8,user_7a8f7f3e,0.664392
user_c903d3bb,9,user_91321efa,0.658625
user_c903d3bb,10,user_c34e791e,0.656738
user_c903d3bb,11,user_2f4cc646,0.650467
user_c903d3bb,12,user_ca6074df,0.646304
user_c903d3bb,13,user_7b052f32,0.645360
user_c903d3bb,14,user_1b7f8c56,0.639949
user_c903d3bb,15,user_940c7213,0.639665
user_c96b90fe,1,user_c96b90fe,0.792977
user_c96b90fe,2,user_e802076d,0.704648
user_c96b90fe,3,user_afff552a,0.684332
user_c96b90fe,4,user_84c14a6f,0.679799
user_c96b90fe,5,user_aa31484a,0.676688
user_c96b90fe,6,user_406c399e,0.672152
user_c96b90fe,7,user_1230e05a,0.671820
user_c96b90fe,8,user_c06d9b71,0.670961
user_c96b90fe,9,user_6bf0e007,0.666213
user_c96b90fe,10,user_04f39d22,0.665533
user_c96b90fe,11,user_650da71b,0.663710
user_c96b90fe,12,user_8292753c,0.662679
user_c96b90fe,13,user_c008345b,0.660738
user_c96b90fe,14,user_ee14f818,0.660048
user_c96b90fe,15,user_9600e8bf,0.659267
user_c994138f,1,user_55058479,0.709090
user_c994138f,2,user_93cdb7a1,0.668106
user_c994138f,3,user_76fc8dcd,0.639176
user_c994138f,4,user_815b7baf,0.634362
user_c994138f,5,user_5738db35,0.621999
user_c994138f,6,user_3b79395c,0.621782
user_c994138f,7,user_cce4f9c2,0.621048
user_c994138f,8,user_920c074a,0.615336
user_c994138f,9,user_81a80789,0.609759
user_c994138f,10,user_54c1ebee,0.609054
user_c994138f,11,user_7b052f32,0.607371
user_c994138f,12,user_df8dc9bb,0.605612
user_c994138f,13,user_a4893af1,0.603312
user_c994138f,14,user_3239132f,0.603266
user_c994138f,15,user_7a8f7f3e,0.602720
user_caa6a7b6,1,user_30802254,0.696738
user_caa6a7b6,2,user_2a94c885,0.676624
user_caa6a7b6,3,user_caa6a7b6,0.674102
user_caa6a7b6,4,user_84c14a6f,0.664049
user_caa6a7b6,5,user_c8f82360,0.657399
user_caa6a7b6,6,user_0285dee3,0.656159
user_caa6a7b6,7,user_f51339f8,0.647464
user_caa6a7b6,8,user_6a0b0e92,0.644038
user_caa6a7b6,9,user_7b052f32,0.641182
user_caa6a7b6,10,user_6bf0e007,0.638556
user_caa6a7b6,11,user_cdd86523,0.634933
user_caa6a7b6,12,user_f75c71f0,0.634527
user_caa6a7b6,13,user_3f1d04a6,0.634424
user_caa6a7b6,14,user_d8335067,0.634035
user_caa6a7b6,15,user_c06d9b71,0.634018
user_caebed72,1,user_259776c7,0.765716
user_caebed72,2,user_9818dcae,0.750281
user_caebed72,3,user_c5f32c0d,0.737044
user_caebed72,4,user_2f4cc646,0.732899
user_caebed72,5,user_c709e252,0.728115
user_caebed72,6,user_f10e7063,0.727625
user_caebed72,7,user_acd6ddfb,0.726192
user_caebed72,8,user_649f4327,0.723545
user_caebed72,9,user_0128a546,0.721680
user_caebed72,10,user_032e5bc8,0.719726
user_caebed72,11,user_5b714afd,0.713486
user_caebed72,12,user_1dc24686,0.710191
user_caebed72,13,user_ca6074df,0.707910
user_caebed72,14,user_a01f16ac,0.706176
user_caebed72,15,user_7b5f54c0,0.705024
user_cb2fe204,1,user_1d775dd8,0.699201
user_cb2fe204,2,user_6a0b0e92,0.687493
user_cb2fe204,3,user_5d7cbf11,0.682793
user_cb2fe204,4,user_d5379647,0.678862
user_cb2fe204,5,user_c154e834,0.665756
user_cb2fe204,6,user_9fc3c829,0.660337
user_cb2fe204,7,user_04d8419e,0.660159
user_cb2fe204,8,user_98a676ce,0.652572
user_cb2fe204,9,user_423c81dc,0.645407
user_cb2fe204,10,user_8285a696,0.643947
user_cb2fe204,11,user_6fc85c06,0.641580
user_cb2fe204,12,user_3085d204,0.640847
user_cb2fe204,13,user_406c399e,0.638710
user_cb2fe204,14,user_89197ce5,0.634932
user_cb2fe204,15,user_fc1cfe0b,0.632717
user_cb8245f7,1,user_cb8245f7,0.798828
user_cb8245f7,2,user_bbe73426,0.665364
user_cb8245f7,3,user_e802076d,0.637778
user_cb8245f7,4,user_c8f82360,0.634491
user_cb8245f7,5,user_c92c8f83,0.631536
user_cb8245f7,6,user_201c8c78,0.628684
user_cb8245f7,7,user_3f2fbc90,0.627389
user_cb8245f7,8,user_840e0a93,0.620896
user_cb8245f7,9,user_69df6330,0.620592
user_cb8245f7,10,user_5159d3a1,0.619737
user_cb8245f7,11,user_82c86537,0.618033
user_cb8245f7,12,user_cdd86523,0.616190
user_cb8245f7,13,user_c34e791e,0.614083
user_cb8245f7,14,user_4607d25d,0.609940
user_cb8245f7,15,user_84c14a6f,0.609793
user_cdd86523,1,user_2a94c885,0.685790
user_cdd86523,2,user_41d0c897,0.678676
user_cdd86523,3,user_5159d3a1,0.662531
user_cdd86523,4,user_7b052f32,0.659447
user_cdd86523,5,user_30802254,0.658820
user_cdd86523,6,user_6a0b0e92,0.657467
user_cdd86523,7,user_f51339f8,0.645972
user_cdd86523,8,user_c0eba9f2,0.643345
user_cdd86523,9,user_886f7373,0.643329
user_cdd86523,10,user_3239132f,0.641620
user_cdd86523,11,user_80da26a6,0.640758
user_cdd86523,12,user_0285dee3,0.637555
user_cdd86523,13,user_8e97a154,0.637435
user_cdd86523,14,user_84c14a6f,0.635758
user_cdd86523,15,user_90202189,0.633752
user_cf393213,1,user_c0eba9f2,0.717839
user_cf393213,2,user_cf393213,0.697923
user_cf393213,3,user_dc326993,0.693053
user_cf393213,4,user_5159d3a1,0.681494
user_cf393213,5,user_886f7373,0.669155
user_cf393213,6,user_41d0c897,0.668796
user_cf393213,7,user_2a94c885,0.667169
user_cf393213,8,user_74025dc0,0.665226
user_cf393213,9,user_0285dee3,0.662062
user_cf393213,10,user_5993b36a,0.660411
user_cf393213,11,user_38f4dfac,0.660235
user_cf393213,12,user_efcacf59,0.655362
user_cf393213,13,user_27a3fa64,0.655170
user_cf393213,14,user_53325367,0.651676
user_cf393213,15,user_6a0b0e92,0.650096
user_d023a78e,1,user_d023a78e,0.750295
user_d023a78e,2,user_5d7cbf11,0.707170
user_d023a78e,3,user_d10d1f24,0.686528
user_d023a78e,4,user_9fc3c829,0.671092
user_d023a78e,5,user_78eff25f,0.670209
user_d023a78e,6,user_fc1cfe0b,0.658216
user_d023a78e,7,user_1b460965,0.654502
user_d023a78e,8,user_00723699,0.648455
user_d023a78e,9,user_0a3f46b9,0.648191
user_d023a78e,10,user_7b052f32,0.644784
user_d023a78e,11,user_a4ae4e77,0.644435
user_d023a78e,12,user_126670d7,0.638329
user_d023a78e,13,user_f59d3941,0.632947
user_d023a78e,14,user_2a94c885,0.632189
user_d023a78e,15,user_02d03e8a,0.627682
user_d036c911,1,user_9600e8bf,0.782804
user_d036c911,2,user_a01f16ac,0.768687
user_d036c911,3,user_650da71b,0.764052
user_d036c911,4,user_4607d25d,0.761856
user_d036c911,5,user_91db6e48,0.748040
user_d036c911,6,user_ca6074df,0.745234
user_d036c911,7,user_1230e05a,0.743971
user_d036c911,8,user_3e284ba5,0.740797
user_d036c911,9,user_a00e0552,0.739793
user_d036c911,10,user_ee14f818,0.739173
user_d036c911,11,user_98f18241,0.736971
user_d036c911,12,user_6bf0e007,0.734669
user_d036c911,13,user_afff552a,0.734551
user_d036c911,14,user_04f39d22,0.733151
user_d036c911,15,user_21b4fa31,0.732013
user_d074356a,1,user_33b2b77f,0.477201
user_d074356a,2,user_f930e37f,0.471133
user_d074356a,3,user_e2e59795,0.466698
user_d074356a,4,user_e64d80ba,0.426771
user_d074356a,5,user_bd47000f,0.423571
user_d074356a,6,user_7bbd1543,0.415575
user_d074356a,7,user_7b052f32,0.412044
user_d074356a,8,user_7b2d0be1,0.410314
user_d074356a,9,user_7c7220a4,0.409189
user_d074356a,10,user_938164a5,0.408592
user_d074356a,11,user_5738db35,0.403092
user_d074356a,12,user_abde0618,0.402606
user_d074356a,13,user_cd100edd,0.398828
user_d074356a,14,user_a5e548ce,0.398320
user_d074356a,15,user_9ff844ba,0.396029
user_d10d1f24,1,user_d10d1f24,0.780226
user_d10d1f24,2,user_6ab1739a,0.712667
user_d10d1f24,3,user_6011e674,0.709719
user_d10d1f24,4,user_2817ec11,0.694980
user_d10d1f24,5,user_c8f82360,0.688560
user_d10d1f24,6,user_7af2ed90,0.686845
user_d10d1f24,7,user_ad15a0a4,0.674630
user_d10d1f24,8,user_c0392523,0.670767
user_d10d1f24,9,user_00723699,0.662249
user_d10d1f24,10,user_543e79f5,0.660972
user_d10d1f24,11,user_a973cf8e,0.659947
user_d10d1f24,12,user_2dc10d2d,0.644607
user_d10d1f24,13,user_903329bb,0.643491
user_d10d1f24,14,user_8da30894,0.641472
user_d10d1f24,15,user_aa4cc34a,0.640036
user_d14b7d7b,1,user_ac6d6bff,0.658892
user_d14b7d7b,2,user_e2e59795,0.658864
user_d14b7d7b,3,user_815b7baf,0.643813
user_d14b7d7b,4,user_93cdb7a1,0.636945
user_d14b7d7b,5,user_3b79395c,0.635201
user_d14b7d7b,6,user_8fb63eca,0.634152
user_d14b7d7b,7,user_7b052f32,0.630331
user_d14b7d7b,8,user_20a01575,0.625530
user_d14b7d7b,9,user_f070eee7,0.623266
user_d14b7d7b,10,user_55058479,0.616986
user_d14b7d7b,11,user_dbbf562e,0.614853
user_d14b7d7b,12,user_9818dcae,0.614017
user_d14b7d7b,13,user_0128a546,0.613086
user_d14b7d7b,14,user_aa2fbe83,0.612506
user_d14b7d7b,15,user_74cfb8ef,0.608486
user_d1d16d30,1,user_acb51eed,0.681283
user_d1d16d30,2,user_d1d16d30,0.672190
user_d1d16d30,3,user_7d6962d9,0.623047
user_d1d16d30,4,user_c8f82360,0.603565
user_d1d16d30,5,user_1b460965,0.586710
user_d1d16d30,6,user_b8f24804,0.582985
user_d1d16d30,7,user_89f449b4,0.571702
user_d1d16d30,8,user_8c0c7619,0.569728
user_d1d16d30,9,user_f107081e,0.568303
user_d1d16d30,10,user_80dc757f,0.566824
user_d1d16d30,11,user_84703a6e,0.566093
user_d1d16d30,12,user_cb2fe204,0.563544
user_d1d16d30,13,user_fc1cfe0b,0.560687
user_d1d16d30,14,user_9c5071dd,0.558931
user_d1d16d30,15,user_6bf0e007,0.555499
user_d2c97c8e,1,user_74cfb8ef,0.704075
user_d2c97c8e,2,user_c809e3d2,0.643770
user_d2c97c8e,3,user_a7b901f2,0.642549
user_d2c97c8e,4,user_5159d3a1,0.630969
user_d2c97c8e,5,user_08e9ce6e,0.629687
user_d2c97c8e,6,user_201c8c78,0.628333
user_d2c97c8e,7,user_26fa9d90,0.627143
user_d2c97c8e,8,user_9c88ee3d,0.626222
user_d2c97c8e,9,user_8e48a3f8,0.620107
user_d2c97c8e,10,user_d2c97c8e,0.616776
user_d2c97c8e,11,user_7b052f32,0.608813
user_d2c97c8e,12,user_205d25f3,0.605787
user_d2c97c8e,13,user_8c5756ff,0.603534
user_d2c97c8e,14,user_164fe4b8,0.602633
user_d2c97c8e,15,user_ecba8131,0.598360
user_d4b7e22e,1,user_d4b7e22e,0.842577
user_d4b7e22e,2,user_3eb49f37,0.800669
user_d4b7e22e,3,user_423c81dc,0.795606
user_d4b7e22e,4,user_04d8419e,0.775077
user_d4b7e22e,5,user_d5d4fc6e,0.754092
user_d4b7e22e,6,user_6fc85c06,0.752276
user_d4b7e22e,7,user_7322f4ef,0.750969
user_d4b7e22e,8,user_058d9dc1,0.744855
user_d4b7e22e,9,user_a4ae4e77,0.741414
user_d4b7e22e,10,user_fc1cfe0b,0.739878
user_d4b7e22e,11,user_7d944883,0.737746
user_d4b7e22e,12,user_efa5697b,0.736640
user_d4b7e22e,13,user_b4214db6,0.733972
user_d4b7e22e,14,user_5ac1a174,0.732711
user_d4b7e22e,15,user_a4a77a7d,0.729385
user_d50d7985,1,user_ded778b8,0.713267
user_d50d7985,2,user_ac6d6bff,0.695111
user_d50d7985,3,user_fde27362,0.618862
user_d50d7985,4,user_0d32f0ed,0.615995
user_d50d7985,5,user_e64d80ba,0.600642
user_d50d7985,6,user_124651ff,0.597481
user_d50d7985,7,user_a7b901f2,0.596662
user_d50d7985,8,user_93cdb7a1,0.592446
user_d50d7985,9,user_3353b96b,0.591619
user_d50d7985,10,user_81a80789,0.590304
user_d50d7985,11,user_d50d7985,0.589679
user_d50d7985,12,user_9fefea54,0.588719
user_d50d7985,13,user_8c42f323,0.578747
user_d50d7985,14,user_7b052f32,0.574264
user_d50d7985,15,user_02fecea2,0.573887
user_d5d4fc6e,1,user_423c81dc,0.808448
user_d5d4fc6e,2,user_3eb49f37,0.776634
user_d5d4fc6e,3,user_5d7cbf11,0.771195
user_d5d4fc6e,4,user_6fc85c06,0.764771
user_d5d4fc6e,5,user_a4ae4e77,0.740280
user_d5d4fc6e,6,user_8afa3eba,0.738009
user_d5d4fc6e,7,user_d5d4fc6e,0.730016
user_d5d4fc6e,8,user_d4b7e22e,0.725806
user_d5d4fc6e,9,user_86685a27,0.723070
user_d5d4fc6e,10,user_823846de,0.713108
user_d5d4fc6e,11,user_18227c28,0.710368
user_d5d4fc6e,12,user_04d8419e,0.709550
user_d5d4fc6e,13,user_058d9dc1,0.707203
user_d5d4fc6e,14,user_233fda02,0.703630
user_d5d4fc6e,15,user_a04b2a78,0.702641
user_d761140c,1,user_d761140c,0.667111
user_d761140c,2,user_97330742,0.608629
user_d761140c,3,user_0285dee3,0.603628
user_d761140c,4,user_43a979d2,0.601853
user_d761140c,5,user_7aa3746b,0.595497
user_d761140c,6,user_69a4dd06,0.594256
user_d761140c,7,user_6bf0e007,0.591695
user_d761140c,8,user_36d44add,0.589438
user_d761140c,9,user_c9007141,0.580826
user_d761140c,10,user_f5fea76f,0.577989
user_d761140c,11,user_75bc9924,0.576866
user_d761140c,12,user_ec574395,0.576247
user_d761140c,13,user_954805d7,0.574659
user_d761140c,14,user_17607ebc,0.574634
user_d761140c,15,user_a1b097c2,0.574013
user_d849ac6e,1,user_5f4ee256,0.740048
user_d849ac6e,2,user_daf37424,0.737268
user_d849ac6e,3,user_c60d65b5,0.734153
user_d849ac6e,4,user_d849ac6e,0.725701
user_d849ac6e,5,user_56980aa9,0.723361
user_d849ac6e,6,user_9ce96cbf,0.722955
user_d849ac6e,7,user_c8e749e2,0.721777
user_d849ac6e,8,user_5881b259,0.721587
user_d849ac6e,9,user_cf393213,0.719553
user_d849ac6e,10,user_38f4dfac,0.719246
user_d849ac6e,11,user_eae91488,0.713436
user_d849ac6e,12,user_0168255c,0.711656
user_d849ac6e,13,user_6ae9ce92,0.710826
user_d849ac6e,14,user_406c399e,0.710289
user_d849ac6e,15,user_c1aa2063,0.706742
user_d955d7e2,1,user_d955d7e2,0.489172
user_d955d7e2,2,user_245fd42f,0.449349
user_d955d7e2,3,user_723406a0,0.443199
user_d955d7e2,4,user_8d22714e,0.410456
user_d955d7e2,5,user_aae78e0d,0.401908
user_d955d7e2,6,user_dd0bd02d,0.396841
user_d955d7e2,7,user_b628264a,0.393000
user_d955d7e2,8,user_c8e749e2,0.386554
user_d955d7e2,9,user_f930e37f,0.382768
user_d955d7e2,10,user_829844fd,0.378646
user_d955d7e2,11,user_1ef33a43,0.368863
user_d955d7e2,12,user_e93dfaa2,0.367907
user_d955d7e2,13,user_7fd91653,0.365686
user_d955d7e2,14,user_5bc74ae7,0.364887
user_d955d7e2,15,user_d54f676e,0.363753
user_da51dede,1,user_da51dede,0.767483
user_da51dede,2,user_8e48a3f8,0.719453
user_da51dede,3,user_1fb646f2,0.714811
user_da51dede,4,user_7b052f32,0.693224
user_da51dede,5,user_b14ec02b,0.691418
user_da51dede,6,user_74cfb8ef,0.682076
user_da51dede,7,user_98f18241,0.678956
user_da51dede,8,user_166a3647,0.677912
user_da51dede,9,user_3bc84c13,0.677808
user_da51dede,10,user_74da5a13,0.673989
user_da51dede,11,user_93cdb7a1,0.673714
user_da51dede,12,user_db4c3fb9,0.672857
user_da51dede,13,user_a01f16ac,0.672641
user_da51dede,14,user_b563e90b,0.671192
user_da51dede,15,user_ecba8131,0.669412
user_dac2c359,1,user_04d8419e,0.770140
user_dac2c359,2,user_5d7cbf11,0.740610
user_dac2c359,3,user_3eb49f37,0.739665
user_dac2c359,4,user_058d9dc1,0.731149
user_dac2c359,5,user_823846de,0.723234
user_dac2c359,6,user_f0b144fc,0.719555
user_dac2c359,7,user_5f4ee256,0.715728
user_dac2c359,8,user_d5d4fc6e,0.715507
user_dac2c359,9,user_1bcbacb3,0.714739
user_dac2c359,10,user_423c81dc,0.711783
user_dac2c359,11,user_6fc85c06,0.707849
user_dac2c359,12,user_b4214db6,0.705683
user_dac2c359,13,user_233fda02,0.705059
user_dac2c359,14,user_2a94c885,0.703778
user_dac2c359,15,user_d4b7e22e,0.702191
user_daf37424,1,user_6bf0e007,0.726219
user_daf37424,2,user_5159d3a1,0.712074
user_daf37424,3,user_bdcc6e7d,0.696148
user_daf37424,4,user_1cfedba8,0.695144
user_daf37424,5,user_fa60616d,0.693516
user_daf37424,6,user_8285a696,0.690958
user_daf37424,7,user_3f1d04a6,0.690277
user_daf37424,8,user_ee14f818,0.687819
user_daf37424,9,user_84c14a6f,0.685362
user_daf37424,10,user_6a0b0e92,0.685067
user_daf37424,11,user_80da26a6,0.683879
user_daf37424,12,user_e802076d,0.681750
user_daf37424,13,user_406c399e,0.681538
user_daf37424,14,user_8e97a154,0.678593
user_daf37424,15,user_f368b9da,0.678097
user_db4c3fb9,1,user_43049634,0.725708
user_db4c3fb9,2,user_da51dede,0.708054
user_db4c3fb9,3,user_1fb646f2,0.670784
user_db4c3fb9,4,user_db4c3fb9,0.639206
user_db4c3fb9,5,user_4607d25d,0.638791
user_db4c3fb9,6,user_a01f16ac,0.632728
user_db4c3fb9,7,user_cc1c8897,0.630167
user_db4c3fb9,8,user_b563e90b,0.629891
user_db4c3fb9,9,user_74da5a13,0.617031
user_db4c3fb9,10,user_64d76dfd,0.614375
user_db4c3fb9,11,user_8a760553,0.614019
user_db4c3fb9,12,user_ee14f818,0.612227
user_db4c3fb9,13,user_82c86537,0.611365
user_db4c3fb9,14,user_aa31484a,0.609140
user_db4c3fb9,15,user_dd1d7b22,0.607403
user_dbbf562e,1,user_9818dcae,0.750592
user_dbbf562e,2,user_02fecea2,0.747051
user_dbbf562e,3,user_df8dc9bb,0.743401
user_dbbf562e,4,user_d4c7b4c0,0.732411
user_dbbf562e,5,user_a00e0552,0.731388
user_dbbf562e,6,user_c50a487d,0.726975
user_dbbf562e,7,user_ee14f818,0.724824
user_dbbf562e,8,user_ff39b6cf,0.715606
user_dbbf562e,9,user_81a80789,0.715290
user_dbbf562e,10,user_8285a696,0.712447
user_dbbf562e,11,user_815b7baf,0.711809
user_dbbf562e,12,user_1302cb61,0.707595
user_dbbf562e,13,user_dbbf562e,0.706267
user_dbbf562e,14,user_55058479,0.702674
user_dbbf562e,15,user_91db6e48,0.702497
user_dc326993,1,user_c0eba9f2,0.748696
user_dc326993,2,user_dc326993,0.748224
user_dc326993,3,user_cf393213,0.724030
user_dc326993,4,user_80da26a6,0.723195
user_dc326993,5,user_bf69de98,0.704102
user_dc326993,6,user_f827c7dd,0.700748
user_dc326993,7,user_94f185bc,0.700269
user_dc326993,8,user_23ecc36a,0.700153
user_dc326993,9,user_9bee2a7c,0.692251
user_dc326993,10,user_6bf0e007,0.690933
user_dc326993,11,user_6a0b0e92,0.687129
user_dc326993,12,user_0285dee3,0.685710
user_dc326993,13,user_8f8346ad,0.683950
user_dc326993,14,user_27a3fa64,0.682209
user_dc326993,15,user_5993b36a,0.682065
user_dc32d458,1,user_233fda02,0.740031
user_dc32d458,2,user_87e5d9b0,0.694102
user_dc32d458,3,user_d7fde080,0.688925
user_dc32d458,4,user_3eb49f37,0.678268
user_dc32d458,5,user_c2f18cf7,0.673615
user_dc32d458,6,user_5d35f631,0.672832
user_dc32d458,7,user_98a676ce,0.672234
user_dc32d458,8,user_fb64cb55,0.671115
user_dc32d458,9,user_885e8708,0.669945
user_dc32d458,10,user_04d8419e,0.666847
user_dc32d458,11,user_259776c7,0.666290
user_dc32d458,12,user_5dc5c2dc,0.663700
user_dc32d458,13,user_73a4377d,0.662251
user_dc32d458,14,user_d4b7e22e,0.662127
user_dc32d458,15,user_b4214db6,0.661091
user_dca78fea,1,user_30802254,0.737866
user_dca78fea,2,user_84c14a6f,0.729713
user_dca78fea,3,user_4607d25d,0.723719
user_dca78fea,4,user_bdcc6e7d,0.723570
user_dca78fea,5,user_04f39d22,0.721024
user_dca78fea,6,user_0285dee3,0.713734
user_dca78fea,7,user_6a0b0e92,0.712298
user_dca78fea,8,user_5159d3a1,0.708325
user_dca78fea,9,user_6bf0e007,0.707258
user_dca78fea,10,user_165a2706,0.703288
user_dca78fea,11,user_ee14f818,0.702885
user_dca78fea,12,user_4f755977,0.702128
user_dca78fea,13,user_68d19df8,0.699401
user_dca78fea,14,user_a01f16ac,0.699188
user_dca78fea,15,user_2a94c885,0.698361
user_dd0bd02d,1,user_b628264a,0.785155
user_dd0bd02d,2,user_723406a0,0.785142
user_dd0bd02d,3,user_a4ae4e77,0.765789
user_dd0bd02d,4,user_dd0bd02d,0.751830
user_dd0bd02d,5,user_5f4ee256,0.748748
user_dd0bd02d,6,user_98a676ce,0.739927
user_dd0bd02d,7,user_8d22714e,0.738030
user_dd0bd02d,8,user_5d7cbf11,0.727860
user_dd0bd02d,9,user_4607d25d,0.720942
user_dd0bd02d,10,user_79f04645,0.719187
user_dd0bd02d,11,user_73a4377d,0.713525
user_dd0bd02d,12,user_b4214db6,0.711781
user_dd0bd02d,13,user_3f2fbc90,0.709779
user_dd0bd02d,14,user_5ac1a174,0.708839
user_dd0bd02d,15,user_f10e7063,0.703509
user_df8dc9bb,1,user_11e8421f,0.790668
user_df8dc9bb,2,user_4f3b6241,0.786096
user_df8dc9bb,3,user_e802076d,0.785890
user_df8dc9bb,4,user_8c11f026,0.776883
user_df8dc9bb,5,user_fdc08e26,0.775739
user_df8dc9bb,6,user_6bf0e007,0.775134
user_df8dc9bb,7,user_2cb4b018,0.755198
user_df8dc9bb,8,user_8285a696,0.748911
user_df8dc9bb,9,user_5d35f631,0.748655
user_df8dc9bb,10,user_df8dc9bb,0.740619
user_df8dc9bb,11,user_ee14f818,0.739635
user_df8dc9bb,12,user_3e284ba5,0.731315
user_df8dc9bb,13,user_650da71b,0.728913
user_df8dc9bb,14,user_a16d1fb6,0.728537
user_df8dc9bb,15,user_a00e0552,0.728402
user_dffc0da5,1,user_406c399e,0.691780
user_dffc0da5,2,user_8285a696,0.669887
user_dffc0da5,3,user_dffc0da5,0.659212
user_dffc0da5,4,user_b6b89f00,0.657175
user_dffc0da5,5,user_f827c7dd,0.643660
user_dffc0da5,6,user_8e97a154,0.640653
user_dffc0da5,7,user_25b48a9a,0.630198
user_dffc0da5,8,user_02d03e8a,0.624531
user_dffc0da5,9,user_11e8421f,0.623837
user_dffc0da5,10,user_2a94c885,0.623291
user_dffc0da5,11,user_1b460965,0.622198
user_dffc0da5,12,user_a7b901f2,0.620122
user_dffc0da5,13,user_9bee2a7c,0.616897
user_dffc0da5,14,user_380ddd3f,0.616552
user_dffc0da5,15,user_c8f82360,0.616546
user_e0c65725,1,user_93cdb7a1,0.661168
user_e0c65725,2,user_ac6d6bff,0.650967
user_e0c65725,3,user_815b7baf,0.645100
user_e0c65725,4,user_df8dc9bb,0.644745
user_e0c65725,5,user_55058479,0.640845
user_e0c65725,6,user_3b79395c,0.635580
user_e0c65725,7,user_03410579,0.632159
user_e0c65725,8,user_cce4f9c2,0.630624
user_e0c65725,9,user_7a8f7f3e,0.621285
user_e0c65725,10,user_8e97a154,0.617306
user_e0c65725,11,user_c50a487d,0.616884
user_e0c65725,12,user_e6057285,0.616800
user_e0c65725,13,user_7b052f32,0.612576
user_e0c65725,14,user_ff39b6cf,0.611535
user_e0c65725,15,user_d50d7985,0.611095
user_e10c98bb,1,user_e10c98bb,0.728639
user_e10c98bb,2,user_84fe1a7a,0.684098
user_e10c98bb,3,user_34b1fb84,0.635483
user_e10c98bb,4,user_e838707b,0.614846
user_e10c98bb,5,user_c0392523,0.609798
user_e10c98bb,6,user_33f2a818,0.586347
user_e10c98bb,7,user_165a2706,0.577982
user_e10c98bb,8,user_efcacf59,0.572235
user_e10c98bb,9,user_96d9cb9a,0.565976
user_e10c98bb,10,user_5993b36a,0.564967
user_e10c98bb,11,user_8ac8f24f,0.561713
user_e10c98bb,12,user_f6188968,0.560586
user_e10c98bb,13,user_daf59045,0.560186
user_e10c98bb,14,user_4a57e449,0.558818
user_e10c98bb,15,user_74025dc0,0.558724
user_e14b88a8,1,user_e14b88a8,0.716265
user_e14b88a8,2,user_eda37c14,0.627087
user_e14b88a8,3,user_f10e7063,0.626929
user_e14b88a8,4,user_f6188968,0.622401
user_e14b88a8,5,user_15179955,0.618033
user_e14b88a8,6,user_7d6962d9,0.617006
user_e14b88a8,7,user_36d44add,0.603698
user_e14b88a8,8,user_043ea160,0.601271
user_e14b88a8,9,user_a01f16ac,0.597940
user_e14b88a8,10,user_d5379647,0.597771
user_e14b88a8,11,user_ca6074df,0.595843
user_e14b88a8,12,user_0c8c48ac,0.595560
user_e14b88a8,13,user_d8335067,0.590518
user_e14b88a8,14,user_6fc85c06,0.587624
user_e14b88a8,15,user_93cdb7a1,0.586193
user_e1730a9c,1,user_aa31484a,0.682473
user_e1730a9c,2,user_f43d6008,0.681415
user_e1730a9c,3,user_5881b259,0.678088
user_e1730a9c,4,user_b6350ec1,0.674854
user_e1730a9c,5,user_f654c33b,0.671455
user_e1730a9c,6,user_ba463257,0.669348
user_e1730a9c,7,user_9d786aa8,0.667695
user_e1730a9c,8,user_dd1d7b22,0.662891
user_e1730a9c,9,user_8a760553,0.661498
user_e1730a9c,10,user_0669bdf6,0.659229
user_e1730a9c,11,user_91f807b9,0.659128
user_e1730a9c,12,user_e1730a9c,0.656029
user_e1730a9c,13,user_058c1800,0.655693
user_e1730a9c,14,user_a7bfc229,0.655244
user_e1730a9c,15,user_56980aa9,0.653152
user_e409a56d,1,user_64cd3098,0.828764
user_e409a56d,2,user_201c8c78,0.821509
user_e409a56d,3,user_e409a56d,0.801452
user_e409a56d,4,user_91db6e48,0.786803
user_e409a56d,5,user_04f39d22,0.780176
user_e409a56d,6,user_372c2b3e,0.771484
user_e409a56d,7,user_b2aba63a,0.764483
user_e409a56d,8,user_259776c7,0.750330
user_e409a56d,9,user_a7b901f2,0.749827
user_e409a56d,10,user_ca6074df,0.747544
user_e409a56d,11,user_afff552a,0.747066
user_e409a56d,12,user_25b48a9a,0.741188
user_e409a56d,13,user_4607d25d,0.741185
user_e409a56d,14,user_9818dcae,0.736779
user_e409a56d,15,user_6bf0e007,0.735054
user_e4ab67b6,1,user_e4ab67b6,0.765339
user_e4ab67b6,2,user_2c39731d,0.700700
user_e4ab67b6,3,user_5d7cbf11,0.696817
user_e4ab67b6,4,user_8afa3eba,0.694267
user_e4ab67b6,5,user_6fc85c06,0.686324
user_e4ab67b6,6,user_86685a27,0.684913
user_e4ab67b6,7,user_a2c3ed1f,0.678685
user_e4ab67b6,8,user_c883258f,0.664292
user_e4ab67b6,9,user_87e5d9b0,0.661874
user_e4ab67b6,10,user_598cc905,0.661836
user_e4ab67b6,11,user_5ac1a174,0.657975
user_e4ab67b6,12,user_a7f8db34,0.657282
user_e4ab67b6,13,user_bd05225b,0.653181
user_e4ab67b6,14,user_233fda02,0.652603
user_e4ab67b6,15,user_a04b2a78,0.648982
user_e4f8ab0c,1,user_04d8419e,0.759402
user_e4f8ab0c,2,user_058d9dc1,0.747399
user_e4f8ab0c,3,user_3eb49f37,0.744156
user_e4f8ab0c,4,user_e4f8ab0c,0.731482
user_e4f8ab0c,5,user_406c399e,0.721887
user_e4f8ab0c,6,user_d4b7e22e,0.717542
user_e4f8ab0c,7,user_98a676ce,0.717473
user_e4f8ab0c,8,user_6a0b0e92,0.715295
user_e4f8ab0c,9,user_a4ae4e77,0.711539
user_e4f8ab0c,10,user_a2503734,0.708346
user_e4f8ab0c,11,user_d5d4fc6e,0.706140
user_e4f8ab0c,12,user_5ac1a174,0.704482
user_e4f8ab0c,13,user_423c81dc,0.703583
user_e4f8ab0c,14,user_bdcc6e7d,0.702174
user_e4f8ab0c,15,user_823846de,0.697243
user_e51692a6,1,user_8e48a3f8,0.671663
user_e51692a6,2,user_93cdb7a1,0.662525
user_e51692a6,3,user_6169d3b8,0.661403
user_e51692a6,4,user_fcf93ee8,0.657414
user_e51692a6,5,user_ee05ee55,0.655732
user_e51692a6,6,user_e696f3ae,0.648322
user_e51692a6,7,user_434f3511,0.647329
user_e51692a6,8,user_ac6d6bff,0.645645
user_e51692a6,9,user_df8dc9bb,0.644402
user_e51692a6,10,user_9818dcae,0.644401
user_e51692a6,11,user_26fa9d90,0.636255
user_e51692a6,12,user_a01f16ac,0.634337
user_e51692a6,13,user_d2c97c8e,0.634257
user_e51692a6,14,user_bd47000f,0.632501
user_e51692a6,15,user_0128a546,0.632350
user_e59c000f,1,user_e59c000f,0.645210
user_e59c000f,2,user_c9007141,0.599140
user_e59c000f,3,user_a1b097c2,0.597909
user_e59c000f,4,user_3f2fbc90,0.584127
user_e59c000f,5,user_737d3148,0.583054
user_e59c000f,6,user_9fc3c829,0.581121
user_e59c000f,7,user_0285dee3,0.576325
user_e59c000f,8,user_66a7ce5a,0.575788
user_e59c000f,9,user_92fe4471,0.568881
user_e59c000f,10,user_69a4dd06,0.568865
user_e59c000f,11,user_98a676ce,0.567535
user_e59c000f,12,user_4607d25d,0.565713
user_e59c000f,13,user_ece9bfd2,0.563956
user_e59c000f,14,user_657c72ca,0.560974
user_e59c000f,15,user_bd47000f,0.560049
user_e5f67397,1,user_938164a5,0.687380
user_e5f67397,2,user_372cb75b,0.664205
user_e5f67397,3,user_3666402b,0.637200
user_e5f67397,4,user_0c8c48ac,0.619855
user_e5f67397,5,user_943e4045,0.615669
user_e5f67397,6,user_20a01575,0.614524
user_e5f67397,7,user_1ae8e7f5,0.601279
user_e5f67397,8,user_f862100c,0.599646
user_e5f67397,9,user_d074356a,0.596305
user_e5f67397,10,user_e2e59795,0.576574
user_e5f67397,11,user_74cfb8ef,0.571572
user_e5f67397,12,user_815b7baf,0.569339
user_e5f67397,13,user_e5f67397,0.564783
user_e5f67397,14,user_baeb91b3,0.563351
user_e5f67397,15,user_3b79395c,0.559075
user_e64d80ba,1,user_e64d80ba,0.815345
user_e64d80ba,2,user_0d32f0ed,0.751125
user_e64d80ba,3,user_20a01575,0.749245
user_e64d80ba,4,user_0ff0b922,0.733286
user_e64d80ba,5,user_815b7baf,0.693265
user_e64d80ba,6,user_8c42f323,0.692956
user_e64d80ba,7,user_c50a487d,0.690368
user_e64d80ba,8,user_03410579,0.689947
user_e64d80ba,9,user_da245b56,0.688642
user_e64d80ba,10,user_1f636ddc,0.687598
user_e64d80ba,11,user_ba085464,0.680972
user_e64d80ba,12,user_aaa1e595,0.680292
user_e64d80ba,13,user_a0517bef,0.679537
user_e64d80ba,14,user_83585fc6,0.677083
user_e64d80ba,15,user_3b79395c,0.675373
user_e6dd44b0,1,user_30802254,0.680341
user_e6dd44b0,2,user_4e54f3d7,0.673644
user_e6dd44b0,3,user_1936a7c3,0.662446
user_e6dd44b0,4,user_0285dee3,0.656253
user_e6dd44b0,5,user_8e97a154,0.654415
user_e6dd44b0,6,user_406c399e,0.654285
user_e6dd44b0,7,user_b337cb0c,0.652158
user_e6dd44b0,8,user_8285a696,0.649719
user_e6dd44b0,9,user_a01f16ac,0.646143
user_e6dd44b0,10,user_ee14f818,0.645355
user_e6dd44b0,11,user_c0eba9f2,0.644970
user_e6dd44b0,12,user_6a0b0e92,0.643472
user_e6dd44b0,13,user_cdd86523,0.641716
user_e6dd44b0,14,user_8f8346ad,0.639911
user_e6dd44b0,15,user_3e284ba5,0.639612
user_e7a55eac,1,user_f862100c,0.753460
user_e7a55eac,2,user_f27da10a,0.750751
user_e7a55eac,3,user_e7a55eac,0.740228
user_e7a55eac,4,user_56980aa9,0.725140
user_e7a55eac,5,user_5f4ee256,0.724971
user_e7a55eac,6,user_f75c71f0,0.724941
user_e7a55eac,7,user_8e97a154,0.721762
user_e7a55eac,8,user_90e5fee6,0.707022
user_e7a55eac,9,user_030cf51a,0.702297
user_e7a55eac,10,user_78eff25f,0.701088
user_e7a55eac,11,user_c8e749e2,0.700884
user_e7a55eac,12,user_4db0d490,0.699594
user_e7a55eac,13,user_5d7cbf11,0.699414
user_e7a55eac,14,user_ebddf9c1,0.696503
user_e7a55eac,15,user_5c82df31,0.696081
user_e802076d,1,user_e802076d,0.832256
user_e802076d,2,user_8c11f026,0.769358
user_e802076d,3,user_6bf0e007,0.749394
user_e802076d,4,user_0bd8ba7c,0.732662
user_e802076d,5,user_4a57e449,0.723167
user_e802076d,6,user_ee14f818,0.718212
user_e802076d,7,user_2cb4b018,0.718050
user_e802076d,8,user_5d35f631,0.714391
user_e802076d,9,user_11e8421f,0.710905
user_e802076d,10,user_5159d3a1,0.705782
user_e802076d,11,user_650da71b,0.703696
user_e802076d,12,user_b2dd04c8,0.696597
user_e802076d,13,user_c06d9b71,0.693316
user_e802076d,14,user_4f3b6241,0.690462
user_e802076d,15,user_406c399e,0.690358
user_e838707b,1,user_e838707b,0.803085
user_e838707b,2,user_c90ad79a,0.656286
user_e838707b,3,user_52c9252c,0.651407
user_e838707b,4,user_00723699,0.649986
user_e838707b,5,user_59d9db83,0.648100
user_e838707b,6,user_84fe1a7a,0.640193
user_e838707b,7,user_94f185bc,0.638839
user_e838707b,8,user_7a7dda35,0.629243
user_e838707b,9,user_e10c98bb,0.625820
user_e838707b,10,user_8ac8f24f,0.614204
user_e838707b,11,user_165a2706,0.609656
user_e838707b,12,user_aae78e0d,0.608651
user_e838707b,13,user_2a41ee39,0.604824
user_e838707b,14,user_bf69de98,0.604229
user_e838707b,15,user_a61b0d31,0.595529
user_e8613813,1,user_815b7baf,0.771995
user_e8613813,2,user_e8613813,0.695429
user_e8613813,3,user_55058479,0.686012
user_e8613813,4,user_93cdb7a1,0.681021
user_e8613813,5,user_8e48a3f8,0.677709
user_e8613813,6,user_1e3084a6,0.667946
user_e8613813,7,user_56e6d0cd,0.664563
user_e8613813,8,user_3666402b,0.660468
user_e8613813,9,user_470c0785,0.652789
user_e8613813,10,user_3b79395c,0.652412
user_e8613813,11,user_4bd9303b,0.652274
user_e8613813,12,user_20e741d0,0.647029
user_e8613813,13,user_cce4f9c2,0.645108
user_e8613813,14,user_ecf8f97f,0.643620
user_e8613813,15,user_f54058d0,0.642450
user_e88c308b,1,user_205d25f3,0.656000
user_e88c308b,2,user_cb8245f7,0.636173
user_e88c308b,3,user_e88c308b,0.631749
user_e88c308b,4,user_c536b01d,0.624015
user_e88c308b,5,user_bbe73426,0.621592
user_e88c308b,6,user_8285a696,0.620858
user_e88c308b,7,user_7b2d0be1,0.615140
user_e88c308b,8,user_b6b89f00,0.610893
user_e88c308b,9,user_9bee2a7c,0.610057
user_e88c308b,10,user_9c7183c8,0.609334
user_e88c308b,11,user_8f08aa94,0.608195
user_e88c308b,12,user_8eac0a68,0.607903
user_e88c308b,13,user_c34e791e,0.607252
user_e88c308b,14,user_f14dc486,0.606495
user_e88c308b,15,user_124651ff,0.605614
user_e8a7be73,1,user_30802254,0.505569
user_e8a7be73,2,user_80dc757f,0.502670
user_e8a7be73,3,user_89f449b4,0.497608
user_e8a7be73,4,user_84c14a6f,0.486331
user_e8a7be73,5,user_b8f24804,0.480037
user_e8a7be73,6,user_0285dee3,0.479067
user_e8a7be73,7,user_ef954c6e,0.478620
user_e8a7be73,8,user_7b052f32,0.473058
user_e8a7be73,9,user_6bf0e007,0.469813
user_e8a7be73,10,user_a57a04fa,0.469327
user_e8a7be73,11,user_2c940ff8,0.465146
user_e8a7be73,12,user_2a94c885,0.461554
user_e8a7be73,13,user_91f5e7af,0.456822
user_e8a7be73,14,user_8285a696,0.454494
user_e8a7be73,15,user_83a58842,0.454329
user_e8e9acac,1,user_e8e9acac,0.770872
user_e8e9acac,2,user_f10e7063,0.747830
user_e8e9acac,3,user_1022be44,0.728968
user_e8e9acac,4,user_6fc85c06,0.728632
user_e8e9acac,5,user_5f4ee256,0.721052
user_e8e9acac,6,user_df8dc9bb,0.720748
user_e8e9acac,7,user_5d7cbf11,0.718759
user_e8e9acac,8,user_0a3f46b9,0.713269
user_e8e9acac,9,user_586752e4,0.712486
user_e8e9acac,10,user_8e48a3f8,0.710544
user_e8e9acac,11,user_9d9fba70,0.707541
user_e8e9acac,12,user_9818dcae,0.706936
user_e8e9acac,13,user_423c81dc,0.705852
user_e8e9acac,14,user_04d8419e,0.703883
user_e8e9acac,15,user_a2825b06,0.701355
user_e9d1886c,1,user_82c86537,0.695574
user_e9d1886c,2,user_201c8c78,0.653558
user_e9d1886c,3,user_e9d1886c,0.640256
user_e9d1886c,4,user_0168255c,0.638753
user_e9d1886c,5,user_32ae32f9,0.634268
user_e9d1886c,6,user_75905116,0.632068
user_e9d1886c,7,user_a61b0d31,0.623693
user_e9d1886c,8,user_c0eba9f2,0.621937
user_e9d1886c,9,user_41d0c897,0.611635
user_e9d1886c,10,user_ecba8131,0.611118
user_e9d1886c,11,user_84fe1a7a,0.608518
user_e9d1886c,12,user_5159d3a1,0.606929
user_e9d1886c,13,user_aae78e0d,0.605286
user_e9d1886c,14,user_2efde048,0.601013
user_e9d1886c,15,user_59d9db83,0.600031
user_ea67f9c6,1,user_c0eba9f2,0.537170
user_ea67f9c6,2,user_3a39cc49,0.533884
user_ea67f9c6,3,user_d10d1f24,0.523763
user_ea67f9c6,4,user_f75c71f0,0.523167
user_ea67f9c6,5,user_f1e357ad,0.512932
user_ea67f9c6,6,user_0285dee3,0.512242
user_ea67f9c6,7,user_94f185bc,0.511135
user_ea67f9c6,8,user_4f864d55,0.509232
user_ea67f9c6,9,user_18522854,0.508188
user_ea67f9c6,10,user_165a2706,0.507878
user_ea67f9c6,11,user_56980aa9,0.507215
user_ea67f9c6,12,user_f862100c,0.505355
user_ea67f9c6,13,user_b9036662,0.504284
user_ea67f9c6,14,user_b429ec64,0.498064
user_ea67f9c6,15,user_51779823,0.495257
user_ebe17c78,1,user_84c14a6f,0.697659
user_ebe17c78,2,user_a01f16ac,0.695236
user_ebe17c78,3,user_e802076d,0.694424
user_ebe17c78,4,user_f654c33b,0.683506
user_ebe17c78,5,user_cdd86523,0.682278
user_ebe17c78,6,user_a8dc91a3,0.679252
user_ebe17c78,7,user_c06d9b71,0.678615
user_ebe17c78,8,user_b6350ec1,0.674731
user_ebe17c78,9,user_68d19df8,0.674406
user_ebe17c78,10,user_ee14f818,0.668475
user_ebe17c78,11,user_afff552a,0.668435
user_ebe17c78,12,user_85810097,0.668190
user_ebe17c78,13,user_aa31484a,0.666499
user_ebe17c78,14,user_0285dee3,0.658828
user_ebe17c78,15,user_65d73ac1,0.654689
user_ec574395,1,user_ec574395,0.804003
user_ec574395,2,user_69a4dd06,0.740504
user_ec574395,3,user_17607ebc,0.730140
user_ec574395,4,user_bdcc6e7d,0.722541
user_ec574395,5,user_d761140c,0.686551
user_ec574395,6,user_4e42bf97,0.681087
user_ec574395,7,user_7aa3746b,0.678516
user_ec574395,8,user_0285dee3,0.674757
user_ec574395,9,user_d93b53bd,0.673824
user_ec574395,10,user_75bc9924,0.661977
user_ec574395,11,user_515ae840,0.656216
user_ec574395,12,user_b2dd04c8,0.649222
user_ec574395,13,user_756e2f00,0.648494
user_ec574395,14,user_6bf0e007,0.644737
user_ec574395,15,user_0cee87f3,0.642343
user_ecba8131,1,user_c8e749e2,0.770346
user_ecba8131,2,user_4607d25d,0.763353
user_ecba8131,3,user_3f2fbc90,0.760423
user_ecba8131,4,user_aae78e0d,0.752201
user_ecba8131,5,user_bdcc6e7d,0.750492
user_ecba8131,6,user_8285a696,0.744004
user_ecba8131,7,user_5881b259,0.738843
user_ecba8131,8,user_6a0b0e92,0.735567
user_ecba8131,9,user_0285dee3,0.732286
user_ecba8131,10,user_b2dd04c8,0.727306
user_ecba8131,11,user_0697c470,0.725513
user_ecba8131,12,user_2a94c885,0.723282
user_ecba8131,13,user_a4ae4e77,0.722382
user_ecba8131,14,user_56980aa9,0.721320
user_ecba8131,15,user_406c399e,0.721073
user_ecc1ca0a,1,user_423c81dc,0.656262
user_ecc1ca0a,2,user_a4aab257,0.652346
user_ecc1ca0a,3,user_8285a696,0.647216
user_ecc1ca0a,4,user_5993b36a,0.637587
user_ecc1ca0a,5,user_ecc1ca0a,0.613272
user_ecc1ca0a,6,user_02d03e8a,0.607845
user_ecc1ca0a,7,user_86685a27,0.607382
user_ecc1ca0a,8,user_d7fde080,0.607311
user_ecc1ca0a,9,user_a4ae4e77,0.603783
user_ecc1ca0a,10,user_f0b144fc,0.603526
user_ecc1ca0a,11,user_f107081e,0.603127
user_ecc1ca0a,12,user_1d775dd8,0.602619
user_ecc1ca0a,13,user_f75c71f0,0.598449
user_ecc1ca0a,14,user_454733da,0.597258
user_ecc1ca0a,15,user_5d7cbf11,0.590645
user_ed1aaed8,1,user_04f39d22,0.727397
user_ed1aaed8,2,user_4f755977,0.702025
user_ed1aaed8,3,user_98ca16a6,0.699666
user_ed1aaed8,4,user_1230e05a,0.695998
user_ed1aaed8,5,user_4607d25d,0.688769
user_ed1aaed8,6,user_fba6bcd4,0.685249
user_ed1aaed8,7,user_98f18241,0.684325
user_ed1aaed8,8,user_201c8c78,0.674642
user_ed1aaed8,9,user_b628264a,0.670106
user_ed1aaed8,10,user_5b714afd,0.667096
user_ed1aaed8,11,user_bd19a016,0.665683
user_ed1aaed8,12,user_657c72ca,0.661138
user_ed1aaed8,13,user_3121653d,0.659590
user_ed1aaed8,14,user_afff552a,0.659583
user_ed1aaed8,15,user_ee14f818,0.658851
user_ee05ee55,1,user_ee05ee55,0.758883
user_ee05ee55,2,user_e696f3ae,0.729080
user_ee05ee55,3,user_fcf93ee8,0.702658
user_ee05ee55,4,user_6169d3b8,0.692520
user_ee05ee55,5,user_5738db35,0.688593
user_ee05ee55,6,user_93cdb7a1,0.656933
user_ee05ee55,7,user_8e48a3f8,0.654532
user_ee05ee55,8,user_5d7cbf11,0.649243
user_ee05ee55,9,user_72bed676,0.646997
user_ee05ee55,10,user_33b2b77f,0.645464
user_ee05ee55,11,user_c50a487d,0.642815
user_ee05ee55,12,user_7d6962d9,0.638198
user_ee05ee55,13,user_e2e59795,0.637407
user_ee05ee55,14,user_7b052f32,0.632671
user_ee05ee55,15,user_74da5a13,0.631353
user_ee14f818,1,user_ee14f818,0.718630
user_ee14f818,2,user_e802076d,0.713567
user_ee14f818,3,user_a2825b06,0.704240
user_ee14f818,4,user_afff552a,0.700311
user_ee14f818,5,user_aa31484a,0.699545
user_ee14f818,6,user_259776c7,0.699308
user_ee14f818,7,user_5f4ee256,0.694962
user_ee14f818,8,user_a01f16ac,0.693524
user_ee14f818,9,user_9351238d,0.687838
user_ee14f818,10,user_fdc08e26,0.681182
user_ee14f818,11,user_91db6e48,0.678632
user_ee14f818,12,user_6a0b0e92,0.677736
user_ee14f818,13,user_4607d25d,0.674833
user_ee14f818,14,user_81a80789,0.674719
user_ee14f818,15,user_3121653d,0.674680
user_ee8d5ec5,1,user_ee8d5ec5,0.739217
user_ee8d5ec5,2,user_e5beda2b,0.721920
user_ee8d5ec5,3,user_91f5e7af,0.706777
user_ee8d5ec5,4,user_8ce972f1,0.686708
user_ee8d5ec5,5,user_6a0b0e92,0.675041
user_ee8d5ec5,6,user_e4f8ab0c,0.671222
user_ee8d5ec5,7,user_b350e22b,0.666660
user_ee8d5ec5,8,user_d20928cc,0.663851
user_ee8d5ec5,9,user_94f185bc,0.656634
user_ee8d5ec5,10,user_c8f82360,0.646401
user_ee8d5ec5,11,user_8285a696,0.642816
user_ee8d5ec5,12,user_9c5071dd,0.637409
user_ee8d5ec5,13,user_5159d3a1,0.637000
user_ee8d5ec5,14,user_ef954c6e,0.630234
user_ee8d5ec5,15,user_2a94c885,0.626999
user_ef954c6e,1,user_ef954c6e,0.751303
user_ef954c6e,2,user_c06d9b71,0.722788
user_ef954c6e,3,user_c8f82360,0.703594
user_ef954c6e,4,user_ebddf9c1,0.697078
user_ef954c6e,5,user_f107081e,0.687756
user_ef954c6e,6,user_2b750e1c,0.682849
user_ef954c6e,7,user_11e8421f,0.677354
user_ef954c6e,8,user_2a94c885,0.675565
user_ef954c6e,9,user_e802076d,0.672500
user_ef954c6e,10,user_91f5e7af,0.669779
user_ef954c6e,11,user_e4f8ab0c,0.669763
user_ef954c6e,12,user_b337cb0c,0.668323
user_ef954c6e,13,user_380ddd3f,0.668085
user_ef954c6e,14,user_6fbf6191,0.667193
user_ef954c6e,15,user_aa31484a,0.666389
user_efcacf59,1,user_efcacf59,0.716890
user_efcacf59,2,user_cf393213,0.672179
user_efcacf59,3,user_41d0c897,0.656675
user_efcacf59,4,user_30802254,0.653671
user_efcacf59,5,user_d20928cc,0.650041
user_efcacf59,6,user_bf69de98,0.649853
user_efcacf59,7,user_34b1fb84,0.646545
user_efcacf59,8,user_90202189,0.643895
user_efcacf59,9,user_d761140c,0.635380
user_efcacf59,10,user_69a4dd06,0.634808
user_efcacf59,11,user_0285dee3,0.633043
user_efcacf59,12,user_caa6a7b6,0.632630
user_efcacf59,13,user_e838707b,0.630418
user_efcacf59,14,user_2a94c885,0.629599
user_efcacf59,15,user_b23aa915,0.624408
user_f030b951,1,user_d70942c1,0.692319
user_f030b951,2,user_f030b951,0.687883
user_f030b951,3,user_fba6bcd4,0.645499
user_f030b951,4,user_e3f9409b,0.636894
user_f030b951,5,user_04f39d22,0.629316
user_f030b951,6,user_ee14f818,0.623959
user_f030b951,7,user_9351238d,0.622402
user_f030b951,8,user_afff552a,0.603590
user_f030b951,9,user_84e93af7,0.603579
user_f030b951,10,user_cda36a95,0.599096
user_f030b951,11,user_d761140c,0.598995
user_f030b951,12,user_43a979d2,0.598136
user_f030b951,13,user_657c72ca,0.597624
user_f030b951,14,user_98f18241,0.593927
user_f030b951,15,user_a8dc91a3,0.592990
user_f070eee7,1,user_f070eee7,0.752181
user_f070eee7,2,user_6169d3b8,0.714505
user_f070eee7,3,user_8e97a154,0.709736
user_f070eee7,4,user_259776c7,0.706643
user_f070eee7,5,user_a00e0552,0.706061
user_f070eee7,6,user_93cdb7a1,0.704331
user_f070eee7,7,user_74cfb8ef,0.703552
user_f070eee7,8,user_40efa894,0.696488
user_f070eee7,9,user_3239132f,0.690663
user_f070eee7,10,user_8285a696,0.690124
user_f070eee7,11,user_ee14f818,0.687357
user_f070eee7,12,user_c50a487d,0.687044
user_f070eee7,13,user_fcf93ee8,0.682321
user_f070eee7,14,user_6a0b0e92,0.682010
user_f070eee7,15,user_a01f16ac,0.680361
user_f0b144fc,1,user_a04b2a78,0.719941
user_f0b144fc,2,user_f0b144fc,0.715691
user_f0b144fc,3,user_6bf0e007,0.710658
user_f0b144fc,4,user_5d7cbf11,0.680895
user_f0b144fc,5,user_a75b4d6e,0.677186
user_f0b144fc,6,user_823846de,0.675313
user_f0b144fc,7,user_3eb49f37,0.674732
user_f0b144fc,8,user_8c11f026,0.671045
user_f0b144fc,9,user_1d775dd8,0.663053
user_f0b144fc,10,user_04d8419e,0.658399
user_f0b144fc,11,user_0dfb7397,0.657485
user_f0b144fc,12,user_423c81dc,0.655351
user_f0b144fc,13,user_c4b781ce,0.653040
user_f0b144fc,14,user_2a94c885,0.651383
user_f0b144fc,15,user_a973cf8e,0.649925
user_f0cf195f,1,user_f0cf195f,0.544765
user_f0cf195f,2,user_043ea160,0.530527
user_f0cf195f,3,user_f6188968,0.460075
user_f0cf195f,4,user_f3a9f844,0.454075
user_f0cf195f,5,user_7d6962d9,0.445450
user_f0cf195f,6,user_00723699,0.432600
user_f0cf195f,7,user_3f1d04a6,0.432341
user_f0cf195f,8,user_91f5e7af,0.422837
user_f0cf195f,9,user_8c6db6ed,0.418537
user_f0cf195f,10,user_3049510b,0.413739
user_f0cf195f,11,user_80da26a6,0.412998
user_f0cf195f,12,user_5d7cbf11,0.406530
user_f0cf195f,13,user_3b90fb53,0.405325
user_f0cf195f,14,user_6fc85c06,0.401208
user_f0cf195f,15,user_165a2706,0.400057
user_f107081e,1,user_f107081e,0.874632
user_f107081e,2,user_869fcb2b,0.766731
user_f107081e,3,user_80dc757f,0.749429
user_f107081e,4,user_6fbf6191,0.739168
user_f107081e,5,user_02d03e8a,0.730991
user_f107081e,6,user_1b460965,0.694642
user_f107081e,7,user_a57a04fa,0.692366
user_f107081e,8,user_2a41ee39,0.677783
user_f107081e,9,user_c8f82360,0.671035
user_f107081e,10,user_36dd1253,0.665988
user_f107081e,11,user_cb2fe204,0.665520
user_f107081e,12,user_69df6330,0.661287
user_f107081e,13,user_529e3009,0.655620
user_f107081e,14,user_380ddd3f,0.651531
user_f107081e,15,user_b8f24804,0.650734
user_f27da10a,1,user_4607d25d,0.772399
user_f27da10a,2,user_a01f16ac,0.760054
user_f27da10a,3,user_ee14f818,0.758763
user_f27da10a,4,user_f862100c,0.754560
user_f27da10a,5,user_f27da10a,0.751944
user_f27da10a,6,user_80da26a6,0.750177
user_f27da10a,7,user_406c399e,0.740002
user_f27da10a,8,user_3085d204,0.738400
user_f27da10a,9,user_6bf0e007,0.736087
user_f27da10a,10,user_5f4ee256,0.735959
user_f27da10a,11,user_3f2fbc90,0.735125
user_f27da10a,12,user_030cf51a,0.732687
user_f27da10a,13,user_6a0b0e92,0.729255
user_f27da10a,14,user_8e97a154,0.729072
user_f27da10a,15,user_aa31484a,0.728699
user_f3377028,1,user_f3377028,0.754261
user_f3377028,2,user_795650bb,0.749400
user_f3377028,3,user_bd19a016,0.700975
user_f3377028,4,user_f7fd2885,0.688892
user_f3377028,5,user_201c8c78,0.683111
user_f3377028,6,user_e409a56d,0.676302
user_f3377028,7,user_5062c872,0.668433
user_f3377028,8,user_2e60c125,0.667475
user_f3377028,9,user_82c86537,0.667015
user_f3377028,10,user_08c32973,0.666064
user_f3377028,11,user_372c2b3e,0.651889
user_f3377028,12,user_4ea1ef09,0.649978
user_f3377028,13,user_04f39d22,0.649114
user_f3377028,14,user_2c2a5c24,0.647733
user_f3377028,15,user_bf30f80d,0.646404
user_f368b9da,1,user_0285dee3,0.677503
user_f368b9da,2,user_4607d25d,0.673924
user_f368b9da,3,user_406c399e,0.670337
user_f368b9da,4,user_6bf0e007,0.666097
user_f368b9da,5,user_30802254,0.661585
user_f368b9da,6,user_84c14a6f,0.653570
user_f368b9da,7,user_c8e749e2,0.653402
user_f368b9da,8,user_1230e05a,0.652179
user_f368b9da,9,user_dc32d458,0.652008
user_f368b9da,10,user_ee14f818,0.651778
user_f368b9da,11,user_dd1d7b22,0.644732
user_f368b9da,12,user_5159d3a1,0.644435
user_f368b9da,13,user_e802076d,0.642253
user_f368b9da,14,user_39939c54,0.639863
user_f368b9da,15,user_b6d05d1d,0.639626
user_f43d6008,1,user_f43d6008,0.883545
user_f43d6008,2,user_5f4ee256,0.787193
user_f43d6008,3,user_8a760553,0.765302
user_f43d6008,4,user_c8e749e2,0.755220
user_f43d6008,5,user_a4ae4e77,0.745675
user_f43d6008,6,user_79f04645,0.743614
user_f43d6008,7,user_bdcc6e7d,0.741752
user_f43d6008,8,user_9d786aa8,0.736033
user_f43d6008,9,user_fa60616d,0.735991
user_f43d6008,10,user_4607d25d,0.734279
user_f43d6008,11,user_45be01a5,0.734261
user_f43d6008,12,user_e93dfaa2,0.733829
user_f43d6008,13,user_5881b259,0.731859
user_f43d6008,14,user_a01f16ac,0.731108
user_f43d6008,15,user_78eff25f,0.728891
user_f4f9490d,1,user_233fda02,0.784871
user_f4f9490d,2,user_87e5d9b0,0.771045
user_f4f9490d,3,user_c50a487d,0.746672
user_f4f9490d,4,user_ff39b6cf,0.742702
user_f4f9490d,5,user_7322f4ef,0.733328
user_f4f9490d,6,user_a7f8db34,0.721406
user_f4f9490d,7,user_8afa3eba,0.716454
user_f4f9490d,8,user_5d7cbf11,0.713730
user_f4f9490d,9,user_586752e4,0.713006
user_f4f9490d,10,user_d4c7b4c0,0.710269
user_f4f9490d,11,user_e8e9acac,0.706592
user_f4f9490d,12,user_5dc5c2dc,0.702979
user_f4f9490d,13,user_49b1ac46,0.702786
user_f4f9490d,14,user_2a94c885,0.701183
user_f4f9490d,15,user_d7fde080,0.700052
user_f5138e15,1,user_f5138e15,0.709971
user_f5138e15,2,user_b9d253e8,0.568506
user_f5138e15,3,user_ecba8131,0.564252
user_f5138e15,4,user_8f39f021,0.559740
user_f5138e15,5,user_41d0c897,0.549469
user_f5138e15,6,user_65d73ac1,0.547975
user_f5138e15,7,user_bd19a016,0.547405
user_f5138e15,8,user_c809e3d2,0.544377
user_f5138e15,9,user_c5c57a9d,0.543924
user_f5138e15,10,user_829844fd,0.543818
user_f5138e15,11,user_a61b0d31,0.543743
user_f5138e15,12,user_2efde048,0.540746
user_f5138e15,13,user_bd6a40d5,0.537491
user_f5138e15,14,user_7c3d63ce,0.533311
user_f5138e15,15,user_6ae9ce92,0.529360
user_f52ced02,1,user_f52ced02,0.883912
user_f52ced02,2,user_f862100c,0.679306
user_f52ced02,3,user_f59d3941,0.667908
user_f52ced02,4,user_3eb49f37,0.667826
user_f52ced02,5,user_a4aab257,0.661912
user_f52ced02,6,user_380ddd3f,0.650832
user_f52ced02,7,user_3f2fbc90,0.648030
user_f52ced02,8,user_91f5e7af,0.647608
user_f52ced02,9,user_f75c71f0,0.645894
user_f52ced02,10,user_98a676ce,0.643728
user_f52ced02,11,user_48669fd6,0.642970
user_f52ced02,12,user_df3c19a7,0.642887
user_f52ced02,13,user_2c940ff8,0.642429
user_f52ced02,14,user_1cbb30b1,0.641515
user_f52ced02,15,user_4893b4d0,0.640854
user_f54058d0,1,user_0f0ad720,0.659144
user_f54058d0,2,user_20e741d0,0.643404
user_f54058d0,3,user_ea67f9c6,0.642796
user_f54058d0,4,user_f10e7063,0.629328
user_f54058d0,5,user_92fe4471,0.617371
user_f54058d0,6,user_687feee4,0.605647
user_f54058d0,7,user_979ee068,0.604126
user_f54058d0,8,user_1022be44,0.601521
user_f54058d0,9,user_c9007141,0.599860
user_f54058d0,10,user_d5b21e00,0.598698
user_f54058d0,11,user_fba6bcd4,0.595262
user_f54058d0,12,user_f54058d0,0.588914
user_f54058d0,13,user_04d8419e,0.584114
user_f54058d0,14,user_9351238d,0.582695
user_f54058d0,15,user_4d4f73a6,0.580655
user_f5e2976e,1,user_7b2d0be1,0.741090
user_f5e2976e,2,user_be018f9d,0.716187
user_f5e2976e,3,user_f14dc486,0.701184
user_f5e2976e,4,user_7bbd1543,0.699998
user_f5e2976e,5,user_9fefea54,0.694169
user_f5e2976e,6,user_4607d25d,0.690049
user_f5e2976e,7,user_e409a56d,0.685701
user_f5e2976e,8,user_3e284ba5,0.684257
user_f5e2976e,9,user_0a0bcaa6,0.681043
user_f5e2976e,10,user_ffe2efae,0.679767
user_f5e2976e,11,user_2f1085dd,0.674650
user_f5e2976e,12,user_acb899e9,0.671192
user_f5e2976e,13,user_840e0a93,0.670868
user_f5e2976e,14,user_4e54f3d7,0.668609
user_f5e2976e,15,user_3f798a8b,0.666182
user_f5fea76f,1,user_a328a751,0.786613
user_f5fea76f,2,user_f5fea76f,0.781543
user_f5fea76f,3,user_92fe4471,0.774713
user_f5fea76f,4,user_9fc3c829,0.759790
user_f5fea76f,5,user_979ee068,0.746066
user_f5fea76f,6,user_f10e7063,0.743643
user_f5fea76f,7,user_eda37c14,0.742173
user_f5fea76f,8,user_737d3148,0.729150
user_f5fea76f,9,user_87e5d9b0,0.695138
user_f5fea76f,10,user_823846de,0.689144
user_f5fea76f,11,user_a04b2a78,0.686713
user_f5fea76f,12,user_a7f8db34,0.684182
user_f5fea76f,13,user_0c8c48ac,0.680640
user_f5fea76f,14,user_233fda02,0.676374
user_f5fea76f,15,user_5d7cbf11,0.675518
user_f60a09b3,1,user_f60a09b3,0.772788
user_f60a09b3,2,user_fa60616d,0.731725
user_f60a09b3,3,user_94f185bc,0.703631
user_f60a09b3,4,user_5d7cbf11,0.702840
user_f60a09b3,5,user_f827c7dd,0.701146
user_f60a09b3,6,user_78eff25f,0.695807
user_f60a09b3,7,user_7b052f32,0.693074
user_f60a09b3,8,user_c8e749e2,0.689592
user_f60a09b3,9,user_6fc85c06,0.686714
user_f60a09b3,10,user_56980aa9,0.686074
user_f60a09b3,11,user_c0eba9f2,0.668217
user_f60a09b3,12,user_5f4ee256,0.665233
user_f60a09b3,13,user_dc326993,0.663982
user_f60a09b3,14,user_126670d7,0.661087
user_f60a09b3,15,user_8285a696,0.659976
user_f7538815,1,user_f7538815,0.769366
user_f7538815,2,user_8f08aa94,0.707546
user_f7538815,3,user_f1649486,0.706879
user_f7538815,4,user_0eb2abf1,0.692026
user_f7538815,5,user_68d19df8,0.678072
user_f7538815,6,user_166a3647,0.658724
user_f7538815,7,user_74d27419,0.654792
user_f7538815,8,user_3f798a8b,0.648016
user_f7538815,9,user_e802076d,0.621188
user_f7538815,10,user_afff552a,0.615152
user_f7538815,11,user_8292753c,0.614680
user_f7538815,12,user_85810097,0.612812
user_f7538815,13,user_65d73ac1,0.609455
user_f7538815,14,user_201c8c78,0.609411
user_f7538815,15,user_91db6e48,0.606654
user_f75c71f0,1,user_18522854,0.622753
user_f75c71f0,2,user_8e97a154,0.611739
user_f75c71f0,3,user_f75c71f0,0.611294
user_f75c71f0,4,user_5993b36a,0.610730
user_f75c71f0,5,user_fb8f46c8,0.588200
user_f75c71f0,6,user_c67f26cc,0.586544
user_f75c71f0,7,user_6a13946a,0.584733
user_f75c71f0,8,user_8ac8f24f,0.579008
user_f75c71f0,9,user_5c82df31,0.573394
user_f75c71f0,10,user_7fd91653,0.570718
user_f75c71f0,11,user_a4aab257,0.570001
user_f75c71f0,12,user_dc326993,0.567262
user_f75c71f0,13,user_96d9cb9a,0.564972
user_f75c71f0,14,user_7b052f32,0.559292
user_f75c71f0,15,user_147d1bbb,0.558154
user_f7bb8af1,1,user_9818dcae,0.671651
user_f7bb8af1,2,user_ea67f9c6,0.669014
user_f7bb8af1,3,user_c50a487d,0.665835
user_f7bb8af1,4,user_03410579,0.658984
user_f7bb8af1,5,user_91db6e48,0.645435
user_f7bb8af1,6,user_93cdb7a1,0.641219
user_f7bb8af1,7,user_1fb646f2,0.641022
user_f7bb8af1,8,user_ee14f818,0.638927
user_f7bb8af1,9,user_7a8f7f3e,0.635813
user_f7bb8af1,10,user_91321efa,0.630474
user_f7bb8af1,11,user_8c5756ff,0.625276
user_f7bb8af1,12,user_fcf93ee8,0.619527
user_f7bb8af1,13,user_80da26a6,0.619433
user_f7bb8af1,14,user_4607d25d,0.618866
user_f7bb8af1,15,user_259776c7,0.618380
user_f7fd2885,1,user_f7fd2885,0.783630
user_f7fd2885,2,user_e409a56d,0.779461
user_f7fd2885,3,user_201c8c78,0.768905
user_f7fd2885,4,user_bd19a016,0.767220
user_f7fd2885,5,user_795650bb,0.762971
user_f7fd2885,6,user_4ea1ef09,0.750014
user_f7fd2885,7,user_82c86537,0.737583
user_f7fd2885,8,user_2e60c125,0.736110
user_f7fd2885,9,user_04f39d22,0.735574
user_f7fd2885,10,user_4607d25d,0.734420
user_f7fd2885,11,user_bf30f80d,0.728727
user_f7fd2885,12,user_25652863,0.727931
user_f7fd2885,13,user_ba8b1c05,0.726183
user_f7fd2885,14,user_a52dd639,0.707905
user_f7fd2885,15,user_1a4bec69,0.699770
user_f827c7dd,1,user_5d7cbf11,0.681837
user_f827c7dd,2,user_e59c000f,0.675017
user_f827c7dd,3,user_83a58842,0.671990
user_f827c7dd,4,user_f827c7dd,0.670786
user_f827c7dd,5,user_78eff25f,0.652159
user_f827c7dd,6,user_6a0b0e92,0.637276
user_f827c7dd,7,user_126670d7,0.631611
user_f827c7dd,8,user_906e2423,0.624027
user_f827c7dd,9,user_33f2a818,0.620972
user_f827c7dd,10,user_4607d25d,0.614749
user_f827c7dd,11,user_2a94c885,0.614514
user_f827c7dd,12,user_7b052f32,0.613538
user_f827c7dd,13,user_0285dee3,0.613410
user_f827c7dd,14,user_3f2fbc90,0.611204
user_f827c7dd,15,user_56980aa9,0.608177
user_f8e2246f,1,user_2f766c23,0.645030
user_f8e2246f,2,user_4f864d55,0.621437
user_f8e2246f,3,user_543e79f5,0.606273
user_f8e2246f,4,user_c709e252,0.594968
user_f8e2246f,5,user_d10d1f24,0.589924
user_f8e2246f,6,user_a74b4eeb,0.588231
user_f8e2246f,7,user_940c7213,0.585777
user_f8e2246f,8,user_a973cf8e,0.581659
user_f8e2246f,9,user_8ac8f24f,0.577181
user_f8e2246f,10,user_6011e674,0.564798
user_f8e2246f,11,user_9dda4af9,0.561881
user_f8e2246f,12,user_4607d25d,0.559011
user_f8e2246f,13,user_f7fd2885,0.558919
user_f8e2246f,14,user_9c5cd7fa,0.556840
user_f8e2246f,15,user_165a2706,0.552317
user_f930e37f,1,user_5159d3a1,0.749283
user_f930e37f,2,user_406c399e,0.747541
user_f930e37f,3,user_8285a696,0.745007
user_f930e37f,4,user_6a0b0e92,0.731081
user_f930e37f,5,user_8e97a154,0.730672
user_f930e37f,6,user_c6f50d12,0.729787
user_f930e37f,7,user_9bee2a7c,0.728615
user_f930e37f,8,user_11e8421f,0.727456
user_f930e37f,9,user_6bf0e007,0.719797
user_f930e37f,10,user_e802076d,0.716500
user_f930e37f,11,user_2a94c885,0.707534
user_f930e37f,12,user_27a3fa64,0.707218
user_f930e37f,13,user_f75c71f0,0.707014
user_f930e37f,14,user_a00e0552,0.706700
user_f930e37f,15,user_1936a7c3,0.705921
user_f959eee4,1,user_f959eee4,0.722699
user_f959eee4,2,user_cf393213,0.372059
user_f959eee4,3,user_2a704b9c,0.370574
user_f959eee4,4,user_ba463257,0.367237
user_f959eee4,5,user_d20928cc,0.365181
user_f959eee4,6,user_d69d04b7,0.364928
user_f959eee4,7,user_a4aab257,0.363188
user_f959eee4,8,user_6f1b0197,0.358969
user_f959eee4,9,user_a8dc91a3,0.357306
user_f959eee4,10,user_8ce972f1,0.349162
user_f959eee4,11,user_5062c872,0.345791
user_f959eee4,12,user_e4f8ab0c,0.340974
user_f959eee4,13,user_51779823,0.339273
user_f959eee4,14,user_1cfedba8,0.335459
user_f959eee4,15,user_5a6f92a6,0.333333
user_fa60616d,1,user_fa60616d,0.731996
user_fa60616d,2,user_ee14f818,0.708835
user_fa60616d,3,user_8ac8f24f,0.686483
user_fa60616d,4,user_93cdb7a1,0.686273
user_fa60616d,5,user_0285dee3,0.682121
user_fa60616d,6,user_7b052f32,0.677331
user_fa60616d,7,user_21b4fa31,0.671342
user_fa60616d,8,user_f368b9da,0.670445
user_fa60616d,9,user_94f185bc,0.669988
user_fa60616d,10,user_8285a696,0.659596
user_fa60616d,11,user_6bf0e007,0.657999
user_fa60616d,12,user_165a2706,0.656401
user_fa60616d,13,user_bdcc6e7d,0.655635
user_fa60616d,14,user_41d0c897,0.655201
user_fa60616d,15,user_f75c71f0,0.653365
user_fa69a385,1,user_fcf93ee8,0.729596
user_fa69a385,2,user_03410579,0.713505
user_fa69a385,3,user_3239132f,0.712011
user_fa69a385,4,user_ea67f9c6,0.704924
user_fa69a385,5,user_91321efa,0.697665
user_fa69a385,6,user_c50a487d,0.697382
user_fa69a385,7,user_93cdb7a1,0.695680
user_fa69a385,8,user_8c5756ff,0.694242
user_fa69a385,9,user_5c82df31,0.689349
user_fa69a385,10,user_8e92b8c1,0.679266
user_fa69a385,11,user_5738db35,0.671410
user_fa69a385,12,user_4607d25d,0.669990
user_fa69a385,13,user_c3040c7c,0.667902
user_fa69a385,14,user_b9b94432,0.667514
user_fa69a385,15,user_8006727d,0.663997
user_fb427339,1,user_fb427339,0.722524
user_fb427339,2,user_74cfb8ef,0.696755
user_fb427339,3,user_9c88ee3d,0.690740
user_fb427339,4,user_815b7baf,0.680579
user_fb427339,5,user_b58aa810,0.676454
user_fb427339,6,user_a411fb06,0.673937
user_fb427339,7,user_9b6481e4,0.669548
user_fb427339,8,user_20a01575,0.651406
user_fb427339,9,user_4bd9303b,0.648048
user_fb427339,10,user_a7b901f2,0.647662
user_fb427339,11,user_96c3cc43,0.646187
user_fb427339,12,user_9fe4e0f5,0.642546
user_fb427339,13,user_a0517bef,0.640503
user_fb427339,14,user_58bfeaad,0.640430
user_fb427339,15,user_72bed676,0.637968
user_fb64cb55,1,user_c8e749e2,0.807364
user_fb64cb55,2,user_fb64cb55,0.790535
user_fb64cb55,3,user_aae78e0d,0.763369
user_fb64cb55,4,user_0697c470,0.762400
user_fb64cb55,5,user_c2f18cf7,0.762041
user_fb64cb55,6,user_eae91488,0.761658
user_fb64cb55,7,user_f27da10a,0.759661
user_fb64cb55,8,user_829844fd,0.759284
user_fb64cb55,9,user_4607d25d,0.759123
user_fb64cb55,10,user_3e284ba5,0.758976
user_fb64cb55,11,user_cc1c8897,0.758031
user_fb64cb55,12,user_68d19df8,0.755546
user_fb64cb55,13,user_dc32d458,0.754626
user_fb64cb55,14,user_b4214db6,0.753793
user_fb64cb55,15,user_8a3bbeb2,0.753766
user_fb8f46c8,1,user_1fb646f2,0.751857
user_fb8f46c8,2,user_166a3647,0.724380
user_fb8f46c8,3,user_9818dcae,0.703809
user_fb8f46c8,4,user_c8f82360,0.687240
user_fb8f46c8,5,user_c92c8f83,0.680808
user_fb8f46c8,6,user_ea67f9c6,0.679440
user_fb8f46c8,7,user_ee14f818,0.675123
user_fb8f46c8,8,user_1c45ab75,0.674963
user_fb8f46c8,9,user_259776c7,0.674164
user_fb8f46c8,10,user_74cfb8ef,0.671239
user_fb8f46c8,11,user_815b7baf,0.670269
user_fb8f46c8,12,user_03410579,0.668904
user_fb8f46c8,13,user_201c8c78,0.668524
user_fb8f46c8,14,user_164fe4b8,0.664531
user_fb8f46c8,15,user_0128a546,0.662629
user_fbed237d,1,user_fbed237d,0.729549
user_fbed237d,2,user_08e9ce6e,0.625878
user_fbed237d,3,user_5d7cbf11,0.622153
user_fbed237d,4,user_a4ae4e77,0.602204
user_fbed237d,5,user_423c81dc,0.588536
user_fbed237d,6,user_74cfb8ef,0.587692
user_fbed237d,7,user_201c8c78,0.586338
user_fbed237d,8,user_3eb49f37,0.577188
user_fbed237d,9,user_a61b0d31,0.576607
user_fbed237d,10,user_bd19a016,0.573878
user_fbed237d,11,user_6fc85c06,0.572651
user_fbed237d,12,user_5159d3a1,0.570123
user_fbed237d,13,user_d5b21e00,0.568994
user_fbed237d,14,user_86685a27,0.568025
user_fbed237d,15,user_3f1d04a6,0.567068
user_fc1cfe0b,1,user_fc1cfe0b,0.752088
user_fc1cfe0b,2,user_5d7cbf11,0.729822
user_fc1cfe0b,3,user_6fc85c06,0.705539
user_fc1cfe0b,4,user_f75c71f0,0.678328
user_fc1cfe0b,5,user_18522854,0.665990
user_fc1cfe0b,6,user_3eb49f37,0.654127
user_fc1cfe0b,7,user_126670d7,0.651317
user_fc1cfe0b,8,user_4db0d490,0.643191
user_fc1cfe0b,9,user_7d944883,0.638800
user_fc1cfe0b,10,user_058d9dc1,0.638629
user_fc1cfe0b,11,user_f862100c,0.636941
user_fc1cfe0b,12,user_04d8419e,0.635494
user_fc1cfe0b,13,user_90e5fee6,0.633913
user_fc1cfe0b,14,user_d10d1f24,0.631525
user_fc1cfe0b,15,user_a4ae4e77,0.627139
user_fca58a87,1,user_fca58a87,0.836691
user_fca58a87,2,user_6a0b0e92,0.714967
user_fca58a87,3,user_165a2706,0.714082
user_fca58a87,4,user_32934d38,0.709379
user_fca58a87,5,user_6bf0e007,0.708486
user_fca58a87,6,user_2a94c885,0.704671
user_fca58a87,7,user_b2dd04c8,0.691619
user_fca58a87,8,user_9bee2a7c,0.690122
user_fca58a87,9,user_8285a696,0.689025
user_fca58a87,10,user_b9b94432,0.687991
user_fca58a87,11,user_d5379647,0.678155
user_fca58a87,12,user_66a7ce5a,0.676577
user_fca58a87,13,user_e802076d,0.676436
user_fca58a87,14,user_04d8419e,0.675814
user_fca58a87,15,user_406c399e,0.673229
user_fcf93ee8,1,user_fcf93ee8,0.743907
user_fcf93ee8,2,user_9818dcae,0.698077
user_fcf93ee8,3,user_03410579,0.694264
user_fcf93ee8,4,user_815b7baf,0.691078
user_fcf93ee8,5,user_aa2fbe83,0.688316
user_fcf93ee8,6,user_93cdb7a1,0.685932
user_fcf93ee8,7,user_8da30894,0.684062
user_fcf93ee8,8,user_2dc10d2d,0.683926
user_fcf93ee8,9,user_3f1d04a6,0.683804
user_fcf93ee8,10,user_26fa9d90,0.681108
user_fcf93ee8,11,user_daf53db6,0.676999
user_fcf93ee8,12,user_3b79395c,0.671717
user_fcf93ee8,13,user_8e92b8c1,0.664947
user_fcf93ee8,14,user_ff39b6cf,0.662463
user_fcf93ee8,15,user_586752e4,0.659295
user_fdc08e26,1,user_4f3b6241,0.786365
user_fdc08e26,2,user_96c3cc43,0.770652
user_fdc08e26,3,user_fdc08e26,0.769754
user_fdc08e26,4,user_4cad4295,0.739794
user_fdc08e26,5,user_7a8f7f3e,0.724928
user_fdc08e26,6,user_c50a487d,0.722390
user_fdc08e26,7,user_d67450a8,0.718835
user_fdc08e26,8,user_4c8199a7,0.718204
user_fdc08e26,9,user_815b7baf,0.717418
user_fdc08e26,10,user_df8dc9bb,0.716614
user_fdc08e26,11,user_76fc8dcd,0.715859
user_fdc08e26,12,user_ba010eec,0.715531
user_fdc08e26,13,user_81a80789,0.715449
user_fdc08e26,14,user_c130412b,0.712069
user_fdc08e26,15,user_6bf0e007,0.711614
user_fdcaaf41,1,user_586752e4,0.670288
user_fdcaaf41,2,user_a00e0552,0.664993
user_fdcaaf41,3,user_c50a487d,0.664698
user_fdcaaf41,4,user_9818dcae,0.652842
user_fdcaaf41,5,user_0128a546,0.649585
user_fdcaaf41,6,user_d4c7b4c0,0.643844
user_fdcaaf41,7,user_91db6e48,0.636779
user_fdcaaf41,8,user_ea67f9c6,0.636365
user_fdcaaf41,9,user_259776c7,0.636049
user_fdcaaf41,10,user_74cfb8ef,0.632521
user_fdcaaf41,11,user_e7a55eac,0.629762
user_fdcaaf41,12,user_8e97a154,0.626210
user_fdcaaf41,13,user_4cad4295,0.625369
user_fdcaaf41,14,user_8fb63eca,0.624591
user_fdcaaf41,15,user_0c8c48ac,0.621763
user_fde2d265,1,user_8c11f026,0.587309
user_fde2d265,2,user_e802076d,0.581968
user_fde2d265,3,user_2cb4b018,0.565903
user_fde2d265,4,user_6bf0e007,0.562058
user_fde2d265,5,user_fde2d265,0.557801
user_fde2d265,6,user_4a57e449,0.548672
user_fde2d265,7,user_9ff844ba,0.542037
user_fde2d265,8,user_0bd8ba7c,0.530186
user_fde2d265,9,user_650da71b,0.527322
user_fde2d265,10,user_b2dd04c8,0.525730
user_fde2d265,11,user_ebe17c78,0.523572
user_fde2d265,12,user_ee14f818,0.523043
user_fde2d265,13,user_c96b90fe,0.511527
user_fde2d265,14,user_11e8421f,0.509452
user_fde2d265,15,user_9bee2a7c,0.508962
user_fe922ad0,1,user_8285a696,0.706054
user_fe922ad0,2,user_56909460,0.703749
user_fe922ad0,3,user_ee14f818,0.687825
user_fe922ad0,4,user_fe922ad0,0.681610
user_fe922ad0,5,user_5d35f631,0.680623
user_fe922ad0,6,user_3f2fbc90,0.677916
user_fe922ad0,7,user_0285dee3,0.677371
user_fe922ad0,8,user_e802076d,0.676826
user_fe922ad0,9,user_a2480011,0.673851
user_fe922ad0,10,user_6bf0e007,0.673508
user_fe922ad0,11,user_c50a487d,0.667971
user_fe922ad0,12,user_a01f16ac,0.667933
user_fe922ad0,13,user_8e97a154,0.666488
user_fe922ad0,14,user_fdc08e26,0.666087
user_fe922ad0,15,user_6a13946a,0.660298
user_ff39b6cf,1,user_a2f8bfd2,0.775525
user_ff39b6cf,2,user_c59ebe9c,0.765695
user_ff39b6cf,3,user_ff39b6cf,0.695440
user_ff39b6cf,4,user_b1d0760b,0.682954
user_ff39b6cf,5,user_c50a487d,0.678798
user_ff39b6cf,6,user_d4c7b4c0,0.665672
user_ff39b6cf,7,user_233fda02,0.655506
user_ff39b6cf,8,user_586752e4,0.653769
user_ff39b6cf,9,user_e8e9acac,0.651277
user_ff39b6cf,10,user_259776c7,0.644632
user_ff39b6cf,11,user_87e5d9b0,0.641011
user_ff39b6cf,12,user_815b7baf,0.639669
user_ff39b6cf,13,user_d7fde080,0.633646
user_ff39b6cf,14,user_ba010eec,0.632404
user_ff39b6cf,15,user_dbbf562e,0.630855
user_ff591131,1,user_ff591131,0.816802
user_ff591131,2,user_f51339f8,0.725137
user_ff591131,3,user_7b052f32,0.688961
user_ff591131,4,user_94f185bc,0.687801
user_ff591131,5,user_f75c71f0,0.666534
user_ff591131,6,user_b49274ca,0.666420
user_ff591131,7,user_c0eba9f2,0.661940
user_ff591131,8,user_39b3eda0,0.660662
user_ff591131,9,user_5c82df31,0.659546
user_ff591131,10,user_8ac8f24f,0.658830
user_ff591131,11,user_18522854,0.643422
user_ff591131,12,user_cf393213,0.642517
user_ff591131,13,user_83a58842,0.642314
user_ff591131,14,user_c5c57a9d,0.640093
user_ff591131,15,user_38dc2894,0.637650
