query_user_id,rank,candidate_user_id,score
user_0168255c,1,user_b8f24804,0.460128
user_0168255c,2,user_f43d6008,0.435246
user_0168255c,3,user_c8e749e2,0.390028
user_0168255c,4,user_45be01a5,0.380863
user_0168255c,5,user_39b3eda0,0.365336
user_0168255c,6,user_fa60616d,0.358331
user_0168255c,7,user_5881b259,0.341983
user_0168255c,8,user_f0b144fc,0.339384
user_0168255c,9,user_bdcc6e7d,0.321687
user_0168255c,10,user_8a760553,0.313126
user_0168255c,11,user_e93dfaa2,0.251892
user_0168255c,12,user_91f5e7af,0.249019
user_0168255c,13,user_3f2fbc90,0.248545
user_0168255c,14,user_7fd91653,0.178390
user_0168255c,15,user_7924afc9,0.174309
user_02016939,1,user_56e6d0cd,0.536103
user_02016939,2,user_ded778b8,0.519389
user_02016939,3,user_ba4f42bb,0.504432
user_02016939,4,user_9fefea54,0.502075
user_02016939,5,user_70580e9a,0.499212
user_02016939,6,user_ac6d6bff,0.478782
user_02016939,7,user_3121653d,0.477808
user_02016939,8,user_1f09455f,0.474898
user_02016939,9,user_09dea596,0.450560
user_02016939,10,user_d9b8914f,0.425855
user_02016939,11,user_ea67f9c6,0.411926
user_02016939,12,user_02016939,0.399173
user_02016939,13,user_6ae9ce92,0.391678
user_02016939,14,user_378003e3,0.344904
user_02016939,15,user_dd1d7b22,0.306825
user_0285dee3,1,user_69a4dd06,0.415571
user_0285dee3,2,user_0285dee3,0.410238
user_0285dee3,3,user_c4b781ce,0.383625
user_0285dee3,4,user_380ddd3f,0.372953
user_0285dee3,5,user_0dfb7397,0.371059
user_0285dee3,6,user_a1b097c2,0.368570
user_0285dee3,7,user_823846de,0.364765
user_0285dee3,8,user_56909460,0.351227
user_0285dee3,9,user_6bf0e007,0.341113
user_0285dee3,10,user_7b052f32,0.325864
user_0285dee3,11,user_a16d1fb6,0.263241
user_0285dee3,12,user_b2dd04c8,0.257497
user_0285dee3,13,user_94f185bc,0.225379
user_0285dee3,14,user_5d35f631,0.208058
user_0285dee3,15,user_b9b94432,0.196282
user_02d03e8a,1,user_02d03e8a,0.504679
user_02d03e8a,2,user_5d7cbf11,0.493639
user_02d03e8a,3,user_f75c71f0,0.422342
user_02d03e8a,4,user_f51339f8,0.419268
user_02d03e8a,5,user_89f449b4,0.415164
user_02d03e8a,6,user_f827c7dd,0.408022
user_02d03e8a,7,user_b8f24804,0.403345
user_02d03e8a,8,user_2a94c885,0.402716
user_02d03e8a,9,user_c8f82360,0.391726
user_02d03e8a,10,user_8ac8f24f,0.373945
user_02d03e8a,11,user_f107081e,0.326589
user_02d03e8a,12,user_380ddd3f,0.259032
user_02d03e8a,13,user_2a41ee39,0.252787
user_02d03e8a,14,user_9991e1d8,0.231917
user_02d03e8a,15,user_80dc757f,0.199344
user_02d8a1f8,1,user_4607d25d,0.498233
user_02d8a1f8,2,user_8ac8f24f,0.461238
user_02d8a1f8,3,user_8285a696,0.412676
user_02d8a1f8,4,user_02d8a1f8,0.409368
user_02d8a1f8,5,user_a973cf8e,0.371640
user_02d8a1f8,6,user_ee14f818,0.367231
user_02d8a1f8,7,user_84c14a6f,0.364937
user_02d8a1f8,8,user_9d786aa8,0.356255
user_02d8a1f8,9,user_2dc10d2d,0.323539
user_02d8a1f8,10,user_c8f82360,0.314714
user_02d8a1f8,11,user_b6b89f00,0.310744
user_02d8a1f8,12,user_00723699,0.306528
user_02d8a1f8,13,user_91f5e7af,0.305369
user_02d8a1f8,14,user_165a2706,0.272754
user_02d8a1f8,15,user_7b052f32,0.245145
user_02fecea2,1,user_2cb4b018,0.637092
user_02fecea2,2,user_aa2fbe83,0.622603
user_02fecea2,3,user_9818dcae,0.593745
user_02fecea2,4,user_2dc10d2d,0.568915
user_02fecea2,5,user_8ac8f24f,0.547742
user_02fecea2,6,user_1c45ab75,0.507275
user_02fecea2,7,user_c8f82360,0.307920
user_02fecea2,8,user_5159d3a1,0.289237
user_02fecea2,9,user_8e97a154,0.281416
user_02fecea2,10,user_11e8421f,0.277690
user_02fecea2,11,user_0bd8ba7c,0.227962
user_02fecea2,12,user_9c7183c8,0.220367
user_02fecea2,13,user_8006727d,0.181201
user_02fecea2,14,user_8285a696,0.174457
user_02fecea2,15,user_46bb5302,0.133177
user_03410579,1,user_2f4cc646,0.336317
user_03410579,2,user_03410579,0.192360
user_03410579,3,user_acd6ddfb,0.183480
user_03410579,4,user_5a5bee64,0.181717
user_03410579,5,user_41b20ee4,0.171221
user_03410579,6,user_1a7d6cd5,0.127892
user_03410579,7,user_470c0785,0.127378
user_03410579,8,user_89571ce8,0.124680
user_03410579,9,user_d2c97c8e,0.123087
user_03410579,10,user_3239132f,0.121827
user_03410579,11,user_54b19b29,0.110660
user_03410579,12,user_52f895f1,0.088819
user_03410579,13,user_3ce4c1f8,0.078980
user_03410579,14,user_0c578ab5,0.074520
user_03410579,15,user_3b79395c,0.044787
user_043ea160,1,user_043ea160,0.497116
user_043ea160,2,user_52c9252c,0.338577
user_043ea160,3,user_2a94c885,0.331055
user_043ea160,4,user_59d9db83,0.309088
user_043ea160,5,user_8285a696,0.307404
user_043ea160,6,user_75905116,0.302745
user_043ea160,7,user_01916bd2,0.272918
user_043ea160,8,user_94f185bc,0.264754
user_043ea160,9,user_f4cc9f3d,0.260901
user_043ea160,10,user_c536b01d,0.255823
user_043ea160,11,user_e802076d,0.251166
user_043ea160,12,user_00723699,0.249488
user_043ea160,13,user_c0eba9f2,0.224673
user_043ea160,14,user_5159d3a1,0.195952
user_043ea160,15,user_27a3fa64,0.168916
user_04d29f9c,1,user_ca6074df,0.600124
user_04d29f9c,2,user_04d29f9c,0.516998
user_04d29f9c,3,user_3239132f,0.451945
user_04d29f9c,4,user_4607d25d,0.441272
user_04d29f9c,5,user_80da26a6,0.417150
user_04d29f9c,6,user_ee14f818,0.411956
user_04d29f9c,7,user_84c14a6f,0.393594
user_04d29f9c,8,user_6bf0e007,0.359162
user_04d29f9c,9,user_6a0b0e92,0.355467
user_04d29f9c,10,user_8285a696,0.324333
user_04d29f9c,11,user_8e97a154,0.307671
user_04d29f9c,12,user_30802254,0.296520
user_04d29f9c,13,user_2a94c885,0.272515
user_04d29f9c,14,user_79a1811b,0.251104
user_04d29f9c,15,user_5159d3a1,0.203287
user_04d8419e,1,user_9ff844ba,0.176954
user_04d8419e,2,user_ebe17c78,0.169897
user_04d8419e,3,user_38390331,0.153299
user_04d8419e,4,user_9bee2a7c,0.145268
user_04d8419e,5,user_8c11f026,0.135415
user_04d8419e,6,user_c7beef01,0.133054
user_04d8419e,7,user_5a283043,0.116868
user_04d8419e,8,user_0bd8ba7c,0.114635
user_04d8419e,9,user_4a57e449,0.110160
user_04d8419e,10,user_11e8421f,0.105170
user_04d8419e,11,user_fca58a87,0.094796
user_04d8419e,12,user_5159d3a1,0.079070
user_04d8419e,13,user_2cb4b018,0.078867
user_04d8419e,14,user_adab54a0,0.047276
user_04d8419e,15,user_6d421600,0.038823
user_0521a7ac,1,user_0521a7ac,0.523324
user_0521a7ac,2,user_c67f26cc,0.456976
user_0521a7ac,3,user_8e97a154,0.440623
user_0521a7ac,4,user_2b750e1c,0.362185
user_0521a7ac,5,user_f75c71f0,0.298315
user_0521a7ac,6,user_66772d98,0.294814
user_0521a7ac,7,user_b8f24804,0.285734
user_0521a7ac,8,user_9ff844ba,0.284799
user_0521a7ac,9,user_e802076d,0.245372
user_0521a7ac,10,user_8c11f026,0.243973
user_0521a7ac,11,user_e64d80ba,0.212441
user_0521a7ac,12,user_02d03e8a,0.206202
user_0521a7ac,13,user_11e8421f,0.196169
user_0521a7ac,14,user_380ddd3f,0.187472
user_0521a7ac,15,user_f107081e,0.142829
user_058c1800,1,user_1cbb30b1,0.536926
user_058c1800,2,user_a01f16ac,0.484615
user_058c1800,3,user_78eff25f,0.470360
user_058c1800,4,user_8ac8f24f,0.457943
user_058c1800,5,user_45be01a5,0.456624
user_058c1800,6,user_fa60616d,0.445384
user_058c1800,7,user_bdcc6e7d,0.431360
user_058c1800,8,user_39b3eda0,0.414142
user_058c1800,9,user_8285a696,0.403853
user_058c1800,10,user_c0eba9f2,0.349271
user_058c1800,11,user_959adfc8,0.341068
user_058c1800,12,user_ecba8131,0.331993
user_058c1800,13,user_bbe73426,0.325184
user_058c1800,14,user_7fd91653,0.308886
user_058c1800,15,user_94f185bc,0.271603
user_0697c470,1,user_030cf51a,0.576883
user_0697c470,2,user_9d786aa8,0.422600
user_0697c470,3,user_84c14a6f,0.383865
user_0697c470,4,user_f75c71f0,0.373444
user_0697c470,5,user_5c82df31,0.321227
user_0697c470,6,user_406c399e,0.285992
user_0697c470,7,user_8285a696,0.285867
user_0697c470,8,user_8e97a154,0.278820
user_0697c470,9,user_3f2fbc90,0.249031
user_0697c470,10,user_c0eba9f2,0.230521
user_0697c470,11,user_6bf0e007,0.220006
user_0697c470,12,user_0285dee3,0.193937
user_0697c470,13,user_91f5e7af,0.180737
user_0697c470,14,user_94f185bc,0.137126
user_0697c470,15,user_cf393213,0.122995
user_07cb458d,1,user_4607d25d,0.542690
user_07cb458d,2,user_3f2fbc90,0.537293
user_07cb458d,3,user_f10e7063,0.511045
user_07cb458d,4,user_3121653d,0.481500
user_07cb458d,5,user_a7bfc229,0.466502
user_07cb458d,6,user_56980aa9,0.453360
user_07cb458d,7,user_0f0ad720,0.436765
user_07cb458d,8,user_4e54f3d7,0.433471
user_07cb458d,9,user_5f4ee256,0.408029
user_07cb458d,10,user_ea67f9c6,0.382308
user_07cb458d,11,user_73a4377d,0.369109
user_07cb458d,12,user_19952166,0.330010
user_07cb458d,13,user_fba6bcd4,0.320410
user_07cb458d,14,user_98f18241,0.297802
user_07cb458d,15,user_1232c39b,0.206060
user_07db2c6a,1,user_26fa9d90,0.630429
user_07db2c6a,2,user_b2aba63a,0.626652
user_07db2c6a,3,user_9818dcae,0.555772
user_07db2c6a,4,user_74cfb8ef,0.555012
user_07db2c6a,5,user_c50a487d,0.519323
user_07db2c6a,6,user_a00e0552,0.519237
user_07db2c6a,7,user_daf53db6,0.488540
user_07db2c6a,8,user_8da30894,0.473273
user_07db2c6a,9,user_aa2fbe83,0.461778
user_07db2c6a,10,user_0c8c48ac,0.455320
user_07db2c6a,11,user_8713f22a,0.438581
user_07db2c6a,12,user_0c578ab5,0.400601
user_07db2c6a,13,user_378003e3,0.390427
user_07db2c6a,14,user_126670d7,0.342749
user_07db2c6a,15,user_00a2f533,0.242946
user_07faa0fc,1,user_74c84045,0.520030
user_07faa0fc,2,user_07faa0fc,0.505057
user_07faa0fc,3,user_3f1d04a6,0.465941
user_07faa0fc,4,user_58892c7c,0.417476
user_07faa0fc,5,user_058d9dc1,0.381827
user_07faa0fc,6,user_1b2d69c1,0.369040
user_07faa0fc,7,user_7d6962d9,0.329286
user_07faa0fc,8,user_8afa3eba,0.268158
user_07faa0fc,9,user_f4f9490d,0.259004
user_07faa0fc,10,user_33f2a818,0.246054
user_07faa0fc,11,user_2a94c885,0.243135
user_07faa0fc,12,user_233fda02,0.225069
user_07faa0fc,13,user_5d7cbf11,0.206594
user_07faa0fc,14,user_6a0b0e92,0.188250
user_07faa0fc,15,user_fc1cfe0b,0.124194
user_08aa624b,1,user_c709e252,0.499912
user_08aa624b,2,user_6011e674,0.487142
user_08aa624b,3,user_8fbb6d9c,0.448637
user_08aa624b,4,user_a973cf8e,0.448496
user_08aa624b,5,user_83e30c57,0.436681
user_08aa624b,6,user_2f766c23,0.435557
user_08aa624b,7,user_8d85acb5,0.430678
user_08aa624b,8,user_ee89e069,0.419600
user_08aa624b,9,user_9c5cd7fa,0.419076
user_08aa624b,10,user_dc32d458,0.414867
user_08aa624b,11,user_d3663143,0.405590
user_08aa624b,12,user_02d8a1f8,0.397973
user_08aa624b,13,user_2d74cd4c,0.397576
user_08aa624b,14,user_08aa624b,0.385338
user_08aa624b,15,user_ba4f42bb,0.268653
user_08c32973,1,user_795650bb,0.409161
user_08c32973,2,user_f3377028,0.407145
user_08c32973,3,user_08c32973,0.403780
user_08c32973,4,user_e409a56d,0.375922
user_08c32973,5,user_82c86537,0.358134
user_08c32973,6,user_b1a5a37e,0.299985
user_08c32973,7,user_2efde048,0.267266
user_08c32973,8,user_f7fd2885,0.254213
user_08c32973,9,user_7c3d63ce,0.242922
user_08c32973,10,user_4ea1ef09,0.241605
user_08c32973,11,user_04f39d22,0.197938
user_08c32973,12,user_201c8c78,0.197448
user_08c32973,13,user_bd19a016,0.190070
user_08c32973,14,user_bf30f80d,0.123323
user_08c32973,15,user_6d421600,0.089228
user_08e9ce6e,1,user_26fa9d90,0.571104
user_08e9ce6e,2,user_64cd3098,0.533332
user_08e9ce6e,3,user_fbed237d,0.403794
user_08e9ce6e,4,user_74cfb8ef,0.387157
user_08e9ce6e,5,user_3f1d04a6,0.375836
user_08e9ce6e,6,user_f3377028,0.368276
user_08e9ce6e,7,user_d5b21e00,0.335614
user_08e9ce6e,8,user_bd19a016,0.335368
user_08e9ce6e,9,user_795650bb,0.310399
user_08e9ce6e,10,user_201c8c78,0.293987
user_08e9ce6e,11,user_a7b901f2,0.258558
user_08e9ce6e,12,user_5159d3a1,0.234485
user_08e9ce6e,13,user_4607d25d,0.147439
user_08e9ce6e,14,user_08e9ce6e,0.138616
user_08e9ce6e,15,user_7c3d63ce,0.120727
user_092e219d,1,user_afff552a,0.680478
user_092e219d,2,user_50e2a836,0.543197
user_092e219d,3,user_0669bdf6,0.525613
user_092e219d,4,user_b628264a,0.517232
user_092e219d,5,user_cc1c8897,0.510042
user_092e219d,6,user_4607d25d,0.504640
user_092e219d,7,user_45be01a5,0.487834
user_092e219d,8,user_c06d9b71,0.416464
user_092e219d,9,user_5f4ee256,0.400850
user_092e219d,10,user_6011e674,0.398084
user_092e219d,11,user_a973cf8e,0.380655
user_092e219d,12,user_a1b097c2,0.360149
user_092e219d,13,user_91f5e7af,0.278823
user_092e219d,14,user_0285dee3,0.274553
user_092e219d,15,user_c8f82360,0.161828
user_0a0bcaa6,1,user_259776c7,0.553233
user_0a0bcaa6,2,user_68d19df8,0.542929
user_0a0bcaa6,3,user_a01f16ac,0.538412
user_0a0bcaa6,4,user_a00e0552,0.496243
user_0a0bcaa6,5,user_91db6e48,0.449844
user_0a0bcaa6,6,user_2a94c885,0.441559
user_0a0bcaa6,7,user_3f1d04a6,0.408933
user_0a0bcaa6,8,user_84c14a6f,0.405504
user_0a0bcaa6,9,user_8e97a154,0.385961
user_0a0bcaa6,10,user_6a0b0e92,0.338804
user_0a0bcaa6,11,user_0285dee3,0.328868
user_0a0bcaa6,12,user_6bf0e007,0.302638
user_0a0bcaa6,13,user_886f7373,0.272995
user_0a0bcaa6,14,user_30802254,0.219268
user_0a0bcaa6,15,user_c06d9b71,0.194007
user_0a245f61,1,user_5881b259,0.508383
user_0a245f61,2,user_3085d204,0.465356
user_0a245f61,3,user_eae91488,0.453410
user_0a245f61,4,user_8285a696,0.431703
user_0a245f61,5,user_0a245f61,0.421668
user_0a245f61,6,user_a4ae4e77,0.416569
user_0a245f61,7,user_4607d25d,0.410246
user_0a245f61,8,user_1d775dd8,0.374452
user_0a245f61,9,user_c154e834,0.360676
user_0a245f61,10,user_ee14f818,0.360438
user_0a245f61,11,user_3f2fbc90,0.350523
user_0a245f61,12,user_0b64b183,0.328116
user_0a245f61,13,user_406c399e,0.322737
user_0a245f61,14,user_d8335067,0.278909
user_0a245f61,15,user_80dc757f,0.267379
user_0b5c256a,1,user_79f04645,0.519647
user_0b5c256a,2,user_b2dd04c8,0.514176
user_0b5c256a,3,user_406c399e,0.513959
user_0b5c256a,4,user_84c14a6f,0.508404
user_0b5c256a,5,user_e802076d,0.496871
user_0b5c256a,6,user_c96b90fe,0.476265
user_0b5c256a,7,user_3f2fbc90,0.467306
user_0b5c256a,8,user_650da71b,0.453365
user_0b5c256a,9,user_c6f50d12,0.447402
user_0b5c256a,10,user_0b5c256a,0.446436
user_0b5c256a,11,user_f368b9da,0.430636
user_0b5c256a,12,user_0285dee3,0.395907
user_0b5c256a,13,user_6bf0e007,0.347091
user_0b5c256a,14,user_eae91488,0.330780
user_0b5c256a,15,user_aa31484a,0.317202
user_0b64b183,1,user_4e54f3d7,0.508168
user_0b64b183,2,user_b337cb0c,0.493633
user_0b64b183,3,user_bdcc6e7d,0.467677
user_0b64b183,4,user_a01f16ac,0.465607
user_0b64b183,5,user_afff552a,0.462418
user_0b64b183,6,user_d20928cc,0.460464
user_0b64b183,7,user_80da26a6,0.431694
user_0b64b183,8,user_84c14a6f,0.340225
user_0b64b183,9,user_8285a696,0.302018
user_0b64b183,10,user_2a94c885,0.288590
user_0b64b183,11,user_5159d3a1,0.240852
user_0b64b183,12,user_a8dc91a3,0.235105
user_0b64b183,13,user_406c399e,0.228569
user_0b64b183,14,user_e802076d,0.221339
user_0b64b183,15,user_6a0b0e92,0.134144
user_0c578ab5,1,user_d4c7b4c0,0.545778
user_0c578ab5,2,user_c50a487d,0.538728
user_0c578ab5,3,user_f10e7063,0.537183
user_0c578ab5,4,user_8e97a154,0.517424
user_0c578ab5,5,user_9818dcae,0.512897
user_0c578ab5,6,user_ff39b6cf,0.496169
user_0c578ab5,7,user_0c8c48ac,0.490577
user_0c578ab5,8,user_ee14f818,0.489954
user_0c578ab5,9,user_eda37c14,0.473314
user_0c578ab5,10,user_74cfb8ef,0.469954
user_0c578ab5,11,user_93cdb7a1,0.433185
user_0c578ab5,12,user_f862100c,0.426754
user_0c578ab5,13,user_8fb63eca,0.415504
user_0c578ab5,14,user_36e75535,0.394324
user_0c578ab5,15,user_920c074a,0.323254
user_0c8c48ac,1,user_ed3091a2,0.607154
user_0c8c48ac,2,user_a4ae4e77,0.534262
user_0c8c48ac,3,user_4db0d490,0.492686
user_0c8c48ac,4,user_86685a27,0.486664
user_0c8c48ac,5,user_8c193f56,0.463110
user_0c8c48ac,6,user_f5c4370b,0.385600
user_0c8c48ac,7,user_423c81dc,0.377842
user_0c8c48ac,8,user_1bcbacb3,0.372249
user_0c8c48ac,9,user_3eb49f37,0.301714
user_0c8c48ac,10,user_a04b2a78,0.253910
user_0c8c48ac,11,user_a2503734,0.210297
user_0c8c48ac,12,user_5ac1a174,0.205201
user_0c8c48ac,13,user_d4b7e22e,0.161946
user_0c8c48ac,14,user_18227c28,0.135522
user_0c8c48ac,15,user_f59d3941,0.103651
user_0cc626ee,1,user_e93dfaa2,0.471328
user_0cc626ee,2,user_80da26a6,0.462019
user_0cc626ee,3,user_030cf51a,0.445484
user_0cc626ee,4,user_45be01a5,0.437301
user_0cc626ee,5,user_f27da10a,0.437046
user_0cc626ee,6,user_fca58a87,0.424346
user_0cc626ee,7,user_165a2706,0.397881
user_0cc626ee,8,user_6bf0e007,0.352011
user_0cc626ee,9,user_23ecc36a,0.339395
user_0cc626ee,10,user_84c14a6f,0.320221
user_0cc626ee,11,user_2a94c885,0.316067
user_0cc626ee,12,user_6a0b0e92,0.307826
user_0cc626ee,13,user_91f5e7af,0.252118
user_0cc626ee,14,user_ebddf9c1,0.244627
user_0cc626ee,15,user_c6f50d12,0.138745
user_0cd29f02,1,user_80da26a6,0.402637
user_0cd29f02,2,user_f75c71f0,0.363572
user_0cd29f02,3,user_4607d25d,0.342398
user_0cd29f02,4,user_6a0b0e92,0.322671
user_0cd29f02,5,user_39b3eda0,0.302222
user_0cd29f02,6,user_41d0c897,0.292734
user_0cd29f02,7,user_59d9db83,0.284666
user_0cd29f02,8,user_ece9bfd2,0.269386
user_0cd29f02,9,user_5c82df31,0.266167
user_0cd29f02,10,user_c0eba9f2,0.222887
user_0cd29f02,11,user_aae78e0d,0.221335
user_0cd29f02,12,user_ee14f818,0.209894
user_0cd29f02,13,user_0285dee3,0.190467
user_0cd29f02,14,user_0168255c,0.181754
user_0cd29f02,15,user_bbe73426,0.167040
user_0f0ad720,1,user_0f0ad720,0.570712
user_0f0ad720,2,user_f7fd2885,0.546455
user_0f0ad720,3,user_4607d25d,0.545574
user_0f0ad720,4,user_e409a56d,0.542047
user_0f0ad720,5,user_64cd3098,0.528718
user_0f0ad720,6,user_9818dcae,0.497940
user_0f0ad720,7,user_f862100c,0.488438
user_0f0ad720,8,user_a3a4a20a,0.477458
user_0f0ad720,9,user_0c8c48ac,0.471595
user_0f0ad720,10,user_ba8b1c05,0.444392
user_0f0ad720,11,user_75905116,0.433810
user_0f0ad720,12,user_d5b21e00,0.428446
user_0f0ad720,13,user_ecba8131,0.406323
user_0f0ad720,14,user_bd19a016,0.376826
user_0f0ad720,15,user_201c8c78,0.325014
user_107259c3,1,user_c50a487d,0.654079
user_107259c3,2,user_d4c7b4c0,0.627997
user_107259c3,3,user_74cfb8ef,0.509904
user_107259c3,4,user_840e0a93,0.419836
user_107259c3,5,user_0d32f0ed,0.410667
user_107259c3,6,user_586752e4,0.403638
user_107259c3,7,user_09dea596,0.401446
user_107259c3,8,user_a411fb06,0.379097
user_107259c3,9,user_b4f295b3,0.367776
user_107259c3,10,user_c34e791e,0.357226
user_107259c3,11,user_3f1d04a6,0.304960
user_107259c3,12,user_107259c3,0.253434
user_107259c3,13,user_e2e59795,0.237419
user_107259c3,14,user_ea67f9c6,0.166311
user_107259c3,15,user_0ff0b922,0.145073
user_10e64e28,1,user_75905116,0.501503
user_10e64e28,2,user_3535252b,0.451725
user_10e64e28,3,user_10e64e28,0.442773
user_10e64e28,4,user_72b93300,0.427160
user_10e64e28,5,user_bf69de98,0.422370
user_10e64e28,6,user_d93b53bd,0.384498
user_10e64e28,7,user_c536b01d,0.371674
user_10e64e28,8,user_095ff43e,0.370076
user_10e64e28,9,user_9ce96cbf,0.369018
user_10e64e28,10,user_6b86248b,0.327823
user_10e64e28,11,user_52c9252c,0.290157
user_10e64e28,12,user_4384dffe,0.288337
user_10e64e28,13,user_833d8832,0.217887
user_10e64e28,14,user_01916bd2,0.176503
user_10e64e28,15,user_74025dc0,0.117044
user_111cfe7d,1,user_259776c7,0.558170
user_111cfe7d,2,user_5dc5c2dc,0.551461
user_111cfe7d,3,user_ff39b6cf,0.508562
user_111cfe7d,4,user_68d19df8,0.476186
user_111cfe7d,5,user_5d35f631,0.470047
user_111cfe7d,6,user_80da26a6,0.461767
user_111cfe7d,7,user_91db6e48,0.455486
user_111cfe7d,8,user_84c14a6f,0.450005
user_111cfe7d,9,user_3f1d04a6,0.436585
user_111cfe7d,10,user_2a94c885,0.433501
user_111cfe7d,11,user_4607d25d,0.429149
user_111cfe7d,12,user_6bf0e007,0.403138
user_111cfe7d,13,user_8285a696,0.402281
user_111cfe7d,14,user_e7a55eac,0.390965
user_111cfe7d,15,user_3f2fbc90,0.362100
user_11e8421f,1,user_11e8421f,0.369389
user_11e8421f,2,user_0bd8ba7c,0.172778
user_11e8421f,3,user_8e5bead9,0.119960
user_11e8421f,4,user_5159d3a1,0.115611
user_11e8421f,5,user_8d85acb5,0.103457
user_11e8421f,6,user_2a41ee39,0.100689
user_11e8421f,7,user_e64d80ba,0.090270
user_11e8421f,8,user_2cb4b018,0.081213
user_11e8421f,9,user_9bee2a7c,0.071621
user_11e8421f,10,user_0bc8e727,0.065789
user_11e8421f,11,user_a7b901f2,0.063495
user_11e8421f,12,user_4a57e449,0.051964
user_11e8421f,13,user_164fe4b8,0.051936
user_11e8421f,14,user_0ff0b922,0.050971
user_11e8421f,15,user_9c7183c8,0.045070
user_1230e05a,1,user_1230e05a,0.441955
user_1230e05a,2,user_4607d25d,0.395490
user_1230e05a,3,user_cc1c8897,0.390915
user_1230e05a,4,user_bdcc6e7d,0.282255
user_1230e05a,5,user_2920b35e,0.268611
user_1230e05a,6,user_9c5cd7fa,0.238142
user_1230e05a,7,user_dd1d7b22,0.229031
user_1230e05a,8,user_b4214db6,0.227366
user_1230e05a,9,user_6011e674,0.201639
user_1230e05a,10,user_41d0c897,0.193831
user_1230e05a,11,user_8ac8f24f,0.193751
user_1230e05a,12,user_d70942c1,0.186766
user_1230e05a,13,user_dc32d458,0.157952
user_1230e05a,14,user_165a2706,0.145032
user_1230e05a,15,user_82d93459,0.103613
user_126670d7,1,user_126670d7,0.597130
user_126670d7,2,user_78eff25f,0.478906
user_126670d7,3,user_f43d6008,0.445846
user_126670d7,4,user_e7a55eac,0.434622
user_126670d7,5,user_5f4ee256,0.434560
user_126670d7,6,user_56980aa9,0.427978
user_126670d7,7,user_ee14f818,0.376087
user_126670d7,8,user_7b052f32,0.340012
user_126670d7,9,user_a4ae4e77,0.321718
user_126670d7,10,user_df8dc9bb,0.320672
user_126670d7,11,user_5c82df31,0.312034
user_126670d7,12,user_c0eba9f2,0.272228
user_126670d7,13,user_f862100c,0.268516
user_126670d7,14,user_8285a696,0.223522
user_126670d7,15,user_5d7cbf11,0.213455
user_1302cb61,1,user_c50a487d,0.506529
user_1302cb61,2,user_03410579,0.501823
user_1302cb61,3,user_9818dcae,0.399404
user_1302cb61,4,user_5c82df31,0.350933
user_1302cb61,5,user_4f3b6241,0.347613
user_1302cb61,6,user_ff39b6cf,0.347446
user_1302cb61,7,user_dbbf562e,0.336429
user_1302cb61,8,user_815b7baf,0.265712
user_1302cb61,9,user_df8dc9bb,0.258613
user_1302cb61,10,user_1302cb61,0.247254
user_1302cb61,11,user_7a8f7f3e,0.235625
user_1302cb61,12,user_81a80789,0.208707
user_1302cb61,13,user_7b052f32,0.200141
user_1302cb61,14,user_3b79395c,0.182473
user_1302cb61,15,user_4cad4295,0.175021
user_13f8ee07,1,user_13f8ee07,0.602945
user_13f8ee07,2,user_5d7cbf11,0.496237
user_13f8ee07,3,user_cf393213,0.440567
user_13f8ee07,4,user_c67f26cc,0.424768
user_13f8ee07,5,user_5f4ee256,0.397926
user_13f8ee07,6,user_0168255c,0.396416
user_13f8ee07,7,user_38f4dfac,0.394647
user_13f8ee07,8,user_a2825b06,0.394032
user_13f8ee07,9,user_c0eba9f2,0.372320
user_13f8ee07,10,user_56980aa9,0.367875
user_13f8ee07,11,user_dc326993,0.365353
user_13f8ee07,12,user_6a0b0e92,0.291804
user_13f8ee07,13,user_33f2a818,0.253368
user_13f8ee07,14,user_f75c71f0,0.251509
user_13f8ee07,15,user_c60d65b5,0.125346
user_13fb2e34,1,user_13fb2e34,0.720711
user_13fb2e34,2,user_c903d3bb,0.510056
user_13fb2e34,3,user_2c940ff8,0.402384
user_13fb2e34,4,user_3f1d04a6,0.392659
user_13fb2e34,5,user_aa2fbe83,0.384082
user_13fb2e34,6,user_c50a487d,0.379198
user_13fb2e34,7,user_8e97a154,0.366384
user_13fb2e34,8,user_04d29f9c,0.351111
user_13fb2e34,9,user_2dc10d2d,0.301394
user_13fb2e34,10,user_9ee84e18,0.241854
user_13fb2e34,11,user_7a8f7f3e,0.221564
user_13fb2e34,12,user_8006727d,0.216723
user_13fb2e34,13,user_7b052f32,0.204812
user_13fb2e34,14,user_8c5756ff,0.195194
user_13fb2e34,15,user_74cfb8ef,0.166013
user_147d1bbb,1,user_37be663c,0.437701
user_147d1bbb,2,user_1f636ddc,0.415759
user_147d1bbb,3,user_d67450a8,0.408241
user_147d1bbb,4,user_76fc8dcd,0.391463
user_147d1bbb,5,user_16b87e34,0.379545
user_147d1bbb,6,user_c130412b,0.369929
user_147d1bbb,7,user_54b19b29,0.342319
user_147d1bbb,8,user_89571ce8,0.335073
user_147d1bbb,9,user_efb27a8e,0.333727
user_147d1bbb,10,user_4f3b6241,0.312459
user_147d1bbb,11,user_81a80789,0.306277
user_147d1bbb,12,user_dbbf562e,0.264295
user_147d1bbb,13,user_4cad4295,0.236394
user_147d1bbb,14,user_3b79395c,0.223133
user_147d1bbb,15,user_c7beef01,0.206770
user_14a2d3c6,1,user_14a2d3c6,0.757403
user_14a2d3c6,2,user_259776c7,0.558152
user_14a2d3c6,3,user_147d1bbb,0.522312
user_14a2d3c6,4,user_49b1ac46,0.375067
user_14a2d3c6,5,user_2c69b83e,0.373758
user_14a2d3c6,6,user_80da26a6,0.341089
user_14a2d3c6,7,user_3239132f,0.330175
user_14a2d3c6,8,user_2a94c885,0.290831
user_14a2d3c6,9,user_5c82df31,0.281450
user_14a2d3c6,10,user_233fda02,0.275989
user_14a2d3c6,11,user_7f56f9a5,0.232994
user_14a2d3c6,12,user_66a7ce5a,0.223373
user_14a2d3c6,13,user_04d8419e,0.196033
user_14a2d3c6,14,user_723406a0,0.160951
user_14a2d3c6,15,user_98a676ce,0.155827
user_159646d5,1,user_159646d5,0.598591
user_159646d5,2,user_5bc74ae7,0.541370
user_159646d5,3,user_74da5a13,0.335576
user_159646d5,4,user_b563e90b,0.267629
user_159646d5,5,user_ece9bfd2,0.241864
user_159646d5,6,user_979ee068,0.168671
user_159646d5,7,user_3850eb9e,0.166157
user_159646d5,8,user_18892460,0.160231
user_159646d5,9,user_1fb646f2,0.137209
user_159646d5,10,user_c0392523,0.133834
user_159646d5,11,user_8e48a3f8,0.131997
user_159646d5,12,user_8ae8c359,0.097551
user_159646d5,13,user_6bb64984,0.092286
user_159646d5,14,user_aae78e0d,0.076967
user_159646d5,15,user_e838707b,0.072256
user_164057cc,1,user_8ac8f24f,0.395685
user_164057cc,2,user_aa2fbe83,0.358176
user_164057cc,3,user_2a41ee39,0.313464
user_164057cc,4,user_c8f82360,0.310697
user_164057cc,5,user_ef954c6e,0.283221
user_164057cc,6,user_00723699,0.280386
user_164057cc,7,user_2c940ff8,0.273221
user_164057cc,8,user_3f1d04a6,0.255864
user_164057cc,9,user_7b052f32,0.235329
user_164057cc,10,user_d10d1f24,0.217484
user_164057cc,11,user_2cb4b018,0.215378
user_164057cc,12,user_5159d3a1,0.193165
user_164057cc,13,user_8285a696,0.158365
user_164057cc,14,user_f827c7dd,0.133040
user_164057cc,15,user_e10c98bb,0.089791
user_164fe4b8,1,user_397cfe20,0.468663
user_164fe4b8,2,user_d4c7b4c0,0.450758
user_164fe4b8,3,user_a00e0552,0.427670
user_164fe4b8,4,user_c50a487d,0.415934
user_164fe4b8,5,user_02fecea2,0.375902
user_164fe4b8,6,user_815b7baf,0.358825
user_164fe4b8,7,user_166a3647,0.353747
user_164fe4b8,8,user_b14ec02b,0.349468
user_164fe4b8,9,user_74cfb8ef,0.327549
user_164fe4b8,10,user_a7b901f2,0.199111
user_164fe4b8,11,user_164fe4b8,0.160968
user_164fe4b8,12,user_0c578ab5,0.150289
user_164fe4b8,13,user_c7beef01,0.132447
user_164fe4b8,14,user_2cb4b018,0.123080
user_164fe4b8,15,user_b6b89f00,0.112669
user_165a2706,1,user_165a2706,0.641324
user_165a2706,2,user_fca58a87,0.303280
user_165a2706,3,user_9571d0d5,0.301823
user_165a2706,4,user_d10d1f24,0.257694
user_165a2706,5,user_2817ec11,0.245945
user_165a2706,6,user_3eb49f37,0.243329
user_165a2706,7,user_f59d3941,0.218284
user_165a2706,8,user_98a676ce,0.197204
user_165a2706,9,user_d5379647,0.172187
user_165a2706,10,user_8c6db6ed,0.168460
user_165a2706,11,user_22b484cb,0.156743
user_165a2706,12,user_69193575,0.154194
user_165a2706,13,user_6a0b0e92,0.136856
user_165a2706,14,user_00723699,0.125920
user_165a2706,15,user_5d7cbf11,0.095845
user_16b87e34,1,user_259776c7,0.570529
user_16b87e34,2,user_4607d25d,0.518931
user_16b87e34,3,user_b628264a,0.505417
user_16b87e34,4,user_f10e7063,0.496703
user_16b87e34,5,user_e7a55eac,0.481659
user_16b87e34,6,user_78eff25f,0.481343
user_16b87e34,7,user_2dd5b531,0.474622
user_16b87e34,8,user_a1b097c2,0.455360
user_16b87e34,9,user_ee14f818,0.419997
user_16b87e34,10,user_5f4ee256,0.417001
user_16b87e34,11,user_3f2fbc90,0.413272
user_16b87e34,12,user_0285dee3,0.404672
user_16b87e34,13,user_6bf0e007,0.398076
user_16b87e34,14,user_2a94c885,0.393844
user_16b87e34,15,user_a2825b06,0.366750
user_17355c30,1,user_a04b2a78,0.600427
user_17355c30,2,user_823846de,0.570939
user_17355c30,3,user_a1b097c2,0.564036
user_17355c30,4,user_c4b781ce,0.532865
user_17355c30,5,user_5ac1a174,0.521130
user_17355c30,6,user_17355c30,0.484593
user_17355c30,7,user_98a676ce,0.466005
user_17355c30,8,user_f0b144fc,0.449423
user_17355c30,9,user_a75b4d6e,0.437668
user_17355c30,10,user_6fc85c06,0.425176
user_17355c30,11,user_dac2c359,0.422113
user_17355c30,12,user_4db0d490,0.421867
user_17355c30,13,user_5d35f631,0.414433
user_17355c30,14,user_2c39731d,0.338177
user_17355c30,15,user_5d7cbf11,0.178889
user_17607ebc,1,user_a01f16ac,0.439916
user_17607ebc,2,user_0697c470,0.389529
user_17607ebc,3,user_ee14f818,0.374265
user_17607ebc,4,user_dc32d458,0.349914
user_17607ebc,5,user_6a0b0e92,0.344778
user_17607ebc,6,user_9d786aa8,0.338033
user_17607ebc,7,user_84c14a6f,0.305603
user_17607ebc,8,user_4607d25d,0.272714
user_17607ebc,9,user_e802076d,0.265124
user_17607ebc,10,user_0285dee3,0.249657
user_17607ebc,11,user_bbe73426,0.243948
user_17607ebc,12,user_3f2fbc90,0.226971
user_17607ebc,13,user_61f90240,0.168443
user_17607ebc,14,user_aa31484a,0.151090
user_17607ebc,15,user_d8335067,0.129356
user_183b3783,1,user_66a7ce5a,0.427606
user_183b3783,2,user_2a704b9c,0.412888
user_183b3783,3,user_afff552a,0.410245
user_183b3783,4,user_d20928cc,0.386313
user_183b3783,5,user_5f4ee256,0.386134
user_183b3783,6,user_b628264a,0.383069
user_183b3783,7,user_41d0c897,0.380141
user_183b3783,8,user_0285dee3,0.361653
user_183b3783,9,user_7aa3746b,0.357005
user_183b3783,10,user_6bf0e007,0.338344
user_183b3783,11,user_636ad58f,0.336140
user_183b3783,12,user_dc32d458,0.323162
user_183b3783,13,user_a743aff9,0.223157
user_183b3783,14,user_1230e05a,0.218684
user_183b3783,15,user_2efde048,0.191516
user_18522854,1,user_64d76dfd,0.565901
user_18522854,2,user_4607d25d,0.557831
user_18522854,3,user_a01f16ac,0.536537
user_18522854,4,user_18522854,0.522003
user_18522854,5,user_27a3fa64,0.516352
user_18522854,6,user_f75c71f0,0.509598
user_18522854,7,user_82d93459,0.438108
user_18522854,8,user_a993555f,0.424844
user_18522854,9,user_6fc85c06,0.420283
user_18522854,10,user_5c82df31,0.413750
user_18522854,11,user_ee14f818,0.391146
user_18522854,12,user_e8a7be73,0.379204
user_18522854,13,user_f862100c,0.354501
user_18522854,14,user_00723699,0.324624
user_18522854,15,user_fc1cfe0b,0.299772
user_18892460,1,user_a01f16ac,0.472905
user_18892460,2,user_aa31484a,0.307879
user_18892460,3,user_d8335067,0.304010
user_18892460,4,user_cdd86523,0.290072
user_18892460,5,user_2a94c885,0.264737
user_18892460,6,user_27a3fa64,0.247973
user_18892460,7,user_8285a696,0.239476
user_18892460,8,user_6a0b0e92,0.216362
user_18892460,9,user_59d9db83,0.216206
user_18892460,10,user_ee14f818,0.201269
user_18892460,11,user_e802076d,0.179500
user_18892460,12,user_6bf0e007,0.177517
user_18892460,13,user_30802254,0.173324
user_18892460,14,user_f4f9490d,0.128243
user_18892460,15,user_f827c7dd,0.127035
user_18c333c6,1,user_3ff3188b,0.532704
user_18c333c6,2,user_fcf93ee8,0.511029
user_18c333c6,3,user_567057e7,0.509848
user_18c333c6,4,user_a9ed2c9e,0.487210
user_18c333c6,5,user_fefec402,0.454573
user_18c333c6,6,user_b563e90b,0.451887
user_18c333c6,7,user_cc1c8897,0.449054
user_18c333c6,8,user_83e30c57,0.428854
user_18c333c6,9,user_9c7183c8,0.422944
user_18c333c6,10,user_6ae9ce92,0.420909
user_18c333c6,11,user_e8a7be73,0.408683
user_18c333c6,12,user_dca78fea,0.400403
user_18c333c6,13,user_3f1d04a6,0.372865
user_18c333c6,14,user_18c333c6,0.331227
user_18c333c6,15,user_2e81a539,0.143981
user_192a215d,1,user_fbed237d,0.460614
user_192a215d,2,user_a61b0d31,0.451205
user_192a215d,3,user_b6b89f00,0.409349
user_192a215d,4,user_08e9ce6e,0.406887
user_192a215d,5,user_74cfb8ef,0.390473
user_192a215d,6,user_a7b901f2,0.386496
user_192a215d,7,user_d499c752,0.322791
user_192a215d,8,user_65d73ac1,0.315660
user_192a215d,9,user_5159d3a1,0.280637
user_192a215d,10,user_201c8c78,0.276916
user_192a215d,11,user_fdc08e26,0.248013
user_192a215d,12,user_80dc757f,0.238725
user_192a215d,13,user_8f39f021,0.212604
user_192a215d,14,user_2817ec11,0.170640
user_192a215d,15,user_9bee2a7c,0.127994
user_194b92fc,1,user_9e39a95d,0.587752
user_194b92fc,2,user_6bb64984,0.544017
user_194b92fc,3,user_4607d25d,0.531080
user_194b92fc,4,user_6011e674,0.515123
user_194b92fc,5,user_82c86537,0.486402
user_194b92fc,6,user_a973cf8e,0.458540
user_194b92fc,7,user_c8f82360,0.428853
user_194b92fc,8,user_9ce96cbf,0.402930
user_194b92fc,9,user_f7fd2885,0.358024
user_194b92fc,10,user_82d93459,0.348300
user_194b92fc,11,user_8285a696,0.348219
user_194b92fc,12,user_3f2fbc90,0.333678
user_194b92fc,13,user_aae78e0d,0.311949
user_194b92fc,14,user_0285dee3,0.246695
user_194b92fc,15,user_5993b36a,0.187595
user_19641691,1,user_19641691,0.566421
user_19641691,2,user_c50a487d,0.492969
user_19641691,3,user_20a01575,0.482954
user_19641691,4,user_c81fae29,0.432482
user_19641691,5,user_a5e548ce,0.415464
user_19641691,6,user_6169d3b8,0.412235
user_19641691,7,user_3353b96b,0.329509
user_19641691,8,user_ac6d6bff,0.311509
user_19641691,9,user_e5f67397,0.303171
user_19641691,10,user_4bd9303b,0.265123
user_19641691,11,user_fcf93ee8,0.252974
user_19641691,12,user_93cdb7a1,0.248796
user_19641691,13,user_8fb63eca,0.244595
user_19641691,14,user_e2e59795,0.191939
user_19641691,15,user_3bb7992e,0.187047
user_19952166,1,user_9d65649f,0.628506
user_19952166,2,user_bdcc6e7d,0.566921
user_19952166,3,user_b2dd04c8,0.562428
user_19952166,4,user_19952166,0.533365
user_19952166,5,user_6bf0e007,0.522005
user_19952166,6,user_b337cb0c,0.465948
user_19952166,7,user_0285dee3,0.462527
user_19952166,8,user_3f2fbc90,0.445933
user_19952166,9,user_e802076d,0.439668
user_19952166,10,user_84c14a6f,0.435392
user_19952166,11,user_30802254,0.435039
user_19952166,12,user_e8a7be73,0.417385
user_19952166,13,user_b8f24804,0.392744
user_19952166,14,user_64d76dfd,0.367217
user_19952166,15,user_5993b36a,0.331288
user_1a2755b3,1,user_1a2755b3,0.556344
user_1a2755b3,2,user_91f5e7af,0.536066
user_1a2755b3,3,user_65d73ac1,0.534698
user_1a2755b3,4,user_aa2fbe83,0.500098
user_1a2755b3,5,user_cdd86523,0.493358
user_1a2755b3,6,user_84c14a6f,0.474469
user_1a2755b3,7,user_e802076d,0.440084
user_1a2755b3,8,user_3f1d04a6,0.433766
user_1a2755b3,9,user_c8f82360,0.406253
user_1a2755b3,10,user_e7a55eac,0.387909
user_1a2755b3,11,user_6bf0e007,0.385247
user_1a2755b3,12,user_406c399e,0.385120
user_1a2755b3,13,user_3f2fbc90,0.305917
user_1a2755b3,14,user_ebddf9c1,0.223844
user_1a2755b3,15,user_bbe73426,0.165523
user_1a4bec69,1,user_25652863,0.567247
user_1a4bec69,2,user_e409a56d,0.555269
user_1a4bec69,3,user_902af20f,0.541865
user_1a4bec69,4,user_1a4bec69,0.532254
user_1a4bec69,5,user_a52dd639,0.512019
user_1a4bec69,6,user_4ea1ef09,0.507642
user_1a4bec69,7,user_795650bb,0.501102
user_1a4bec69,8,user_192a215d,0.496865
user_1a4bec69,9,user_6011e674,0.488895
user_1a4bec69,10,user_2efde048,0.479548
user_1a4bec69,11,user_4607d25d,0.477883
user_1a4bec69,12,user_2e60c125,0.469850
user_1a4bec69,13,user_82c86537,0.391007
user_1a4bec69,14,user_201c8c78,0.390914
user_1a4bec69,15,user_bf30f80d,0.294280
user_1a7d6cd5,1,user_d2c97c8e,0.514667
user_1a7d6cd5,2,user_ca6074df,0.499759
user_1a7d6cd5,3,user_ff39b6cf,0.464329
user_1a7d6cd5,4,user_364bb955,0.458929
user_1a7d6cd5,5,user_9818dcae,0.455197
user_1a7d6cd5,6,user_91321efa,0.451913
user_1a7d6cd5,7,user_91db6e48,0.447782
user_1a7d6cd5,8,user_586752e4,0.443251
user_1a7d6cd5,9,user_3239132f,0.405043
user_1a7d6cd5,10,user_c50a487d,0.403927
user_1a7d6cd5,11,user_e8e9acac,0.331942
user_1a7d6cd5,12,user_5c82df31,0.304126
user_1a7d6cd5,13,user_3b79395c,0.279783
user_1a7d6cd5,14,user_df8dc9bb,0.169592
user_1a7d6cd5,15,user_8e48a3f8,0.142205
user_1b2d69c1,1,user_e30558fe,0.533705
user_1b2d69c1,2,user_58892c7c,0.476345
user_1b2d69c1,3,user_1b2d69c1,0.465999
user_1b2d69c1,4,user_baa70592,0.453602
user_1b2d69c1,5,user_74c84045,0.447107
user_1b2d69c1,6,user_a9ed5193,0.441321
user_1b2d69c1,7,user_3f1d04a6,0.376348
user_1b2d69c1,8,user_fa60616d,0.375777
user_1b2d69c1,9,user_bdcc6e7d,0.375583
user_1b2d69c1,10,user_b4214db6,0.350265
user_1b2d69c1,11,user_c8e749e2,0.346852
user_1b2d69c1,12,user_0285dee3,0.275739
user_1b2d69c1,13,user_bd19a016,0.212070
user_1b2d69c1,14,user_3bc84c13,0.201966
user_1b2d69c1,15,user_a4ae4e77,0.162749
user_1b7f8c56,1,user_1b7f8c56,0.528142
user_1b7f8c56,2,user_25b48a9a,0.510350
user_1b7f8c56,3,user_1c45ab75,0.510202
user_1b7f8c56,4,user_8ac8f24f,0.488080
user_1b7f8c56,5,user_9818dcae,0.484692
user_1b7f8c56,6,user_0c578ab5,0.480183
user_1b7f8c56,7,user_daf53db6,0.473197
user_1b7f8c56,8,user_aa2fbe83,0.472623
user_1b7f8c56,9,user_417702c5,0.470669
user_1b7f8c56,10,user_2dc10d2d,0.454481
user_1b7f8c56,11,user_2817ec11,0.430868
user_1b7f8c56,12,user_a973cf8e,0.424101
user_1b7f8c56,13,user_8da30894,0.411382
user_1b7f8c56,14,user_2cb4b018,0.311754
user_1b7f8c56,15,user_02fecea2,0.185302
user_1b89f77a,1,user_1b89f77a,0.651881
user_1b89f77a,2,user_ca6074df,0.584338
user_1b89f77a,3,user_8ac8f24f,0.572611
user_1b89f77a,4,user_56980aa9,0.555171
user_1b89f77a,5,user_55058479,0.530849
user_1b89f77a,6,user_7b052f32,0.509868
user_1b89f77a,7,user_5c82df31,0.498558
user_1b89f77a,8,user_6bf0e007,0.492646
user_1b89f77a,9,user_f51339f8,0.481660
user_1b89f77a,10,user_8e97a154,0.465489
user_1b89f77a,11,user_93cdb7a1,0.459908
user_1b89f77a,12,user_94f185bc,0.435074
user_1b89f77a,13,user_df8dc9bb,0.434753
user_1b89f77a,14,user_c0eba9f2,0.344512
user_1b89f77a,15,user_906e2423,0.229417
user_1d775dd8,1,user_c50a487d,0.438348
user_1d775dd8,2,user_cce4f9c2,0.426185
user_1d775dd8,3,user_815b7baf,0.348395
user_1d775dd8,4,user_3b79395c,0.336420
user_1d775dd8,5,user_a0517bef,0.300210
user_1d775dd8,6,user_55058479,0.263229
user_1d775dd8,7,user_3666402b,0.259995
user_1d775dd8,8,user_0c8c48ac,0.247160
user_1d775dd8,9,user_f10e7063,0.237887
user_1d775dd8,10,user_b1d0760b,0.197963
user_1d775dd8,11,user_f827c7dd,0.184970
user_1d775dd8,12,user_8e92b8c1,0.167099
user_1d775dd8,13,user_94cad3a5,0.131496
user_1d775dd8,14,user_d074356a,0.104524
user_1d775dd8,15,user_9fe4e0f5,0.045513
user_1dc24686,1,user_5c5a0b40,0.551942
user_1dc24686,2,user_4607d25d,0.527653
user_1dc24686,3,user_aae78e0d,0.506862
user_1dc24686,4,user_058c1800,0.471259
user_1dc24686,5,user_906e2423,0.467989
user_1dc24686,6,user_39b3eda0,0.463728
user_1dc24686,7,user_56980aa9,0.459659
user_1dc24686,8,user_3085d204,0.455451
user_1dc24686,9,user_ee14f818,0.448021
user_1dc24686,10,user_5f4ee256,0.417556
user_1dc24686,11,user_fa60616d,0.377196
user_1dc24686,12,user_406c399e,0.366275
user_1dc24686,13,user_6bf0e007,0.361201
user_1dc24686,14,user_9ce96cbf,0.312198
user_1dc24686,15,user_a743aff9,0.197835
user_1df51301,1,user_1df51301,0.553525
user_1df51301,2,user_afff552a,0.536799
user_1df51301,3,user_4607d25d,0.534316
user_1df51301,4,user_1230e05a,0.518044
user_1df51301,5,user_b2aba63a,0.484981
user_1df51301,6,user_fba6bcd4,0.478795
user_1df51301,7,user_c8e749e2,0.475170
user_1df51301,8,user_5f4ee256,0.466350
user_1df51301,9,user_e409a56d,0.457650
user_1df51301,10,user_56980aa9,0.452141
user_1df51301,11,user_9600e8bf,0.445833
user_1df51301,12,user_201c8c78,0.442302
user_1df51301,13,user_3e284ba5,0.433322
user_1df51301,14,user_80da26a6,0.406894
user_1df51301,15,user_04f39d22,0.374819
user_1e302679,1,user_65d73ac1,0.508252
user_1e302679,2,user_25b48a9a,0.482044
user_1e302679,3,user_c8f82360,0.427262
user_1e302679,4,user_b5af9db9,0.397915
user_1e302679,5,user_a973cf8e,0.345606
user_1e302679,6,user_a57a04fa,0.330332
user_1e302679,7,user_d10d1f24,0.300571
user_1e302679,8,user_80dc757f,0.295717
user_1e302679,9,user_0285dee3,0.293014
user_1e302679,10,user_ef954c6e,0.280946
user_1e302679,11,user_6fbf6191,0.256768
user_1e302679,12,user_2cb4b018,0.198892
user_1e302679,13,user_2a41ee39,0.189419
user_1e302679,14,user_69df6330,0.158981
user_1e302679,15,user_f107081e,0.094655
user_1f1dc5e0,1,user_c3040c7c,0.461274
user_1f1dc5e0,2,user_c8e749e2,0.376965
user_1f1dc5e0,3,user_2eb5d860,0.347001
user_1f1dc5e0,4,user_0a3bcf86,0.340309
user_1f1dc5e0,5,user_bd47000f,0.276523
user_1f1dc5e0,6,user_b2dd04c8,0.267669
user_1f1dc5e0,7,user_1f1dc5e0,0.265855
user_1f1dc5e0,8,user_9c5e4782,0.248213
user_1f1dc5e0,9,user_c0eba9f2,0.225965
user_1f1dc5e0,10,user_8285a696,0.211279
user_1f1dc5e0,11,user_c0392523,0.193234
user_1f1dc5e0,12,user_ff591131,0.191060
user_1f1dc5e0,13,user_00723699,0.142873
user_1f1dc5e0,14,user_b9b94432,0.107367
user_1f1dc5e0,15,user_e10c98bb,0.085137
user_1f636ddc,1,user_e2e59795,0.509934
user_1f636ddc,2,user_a0517bef,0.501943
user_1f636ddc,3,user_72bed676,0.472802
user_1f636ddc,4,user_20a01575,0.465275
user_1f636ddc,5,user_26fa9d90,0.447072
user_1f636ddc,6,user_0128a546,0.433990
user_1f636ddc,7,user_3b79395c,0.431022
user_1f636ddc,8,user_9818dcae,0.421565
user_1f636ddc,9,user_815b7baf,0.416884
user_1f636ddc,10,user_02fecea2,0.402318
user_1f636ddc,11,user_397cfe20,0.390448
user_1f636ddc,12,user_8fb63eca,0.344787
user_1f636ddc,13,user_ac6d6bff,0.332918
user_1f636ddc,14,user_93cdb7a1,0.328315
user_1f636ddc,15,user_4bd9303b,0.221657
user_205d25f3,1,user_ded778b8,0.578084
user_205d25f3,2,user_124651ff,0.496946
user_205d25f3,3,user_1f09455f,0.471273
user_205d25f3,4,user_434f3511,0.459678
user_205d25f3,5,user_205d25f3,0.438351
user_205d25f3,6,user_9818dcae,0.434911
user_205d25f3,7,user_25b48a9a,0.420383
user_205d25f3,8,user_6169d3b8,0.415234
user_205d25f3,9,user_8c42f323,0.410454
user_205d25f3,10,user_ac6d6bff,0.397475
user_205d25f3,11,user_8f08aa94,0.349585
user_205d25f3,12,user_ee14f818,0.326184
user_205d25f3,13,user_93cdb7a1,0.284397
user_205d25f3,14,user_20a01575,0.278222
user_205d25f3,15,user_1fb646f2,0.191988
user_20e741d0,1,user_76fc8dcd,0.604998
user_20e741d0,2,user_91db6e48,0.593058
user_20e741d0,3,user_ca6074df,0.535718
user_20e741d0,4,user_4c8199a7,0.531336
user_20e741d0,5,user_89571ce8,0.527379
user_20e741d0,6,user_e8e9acac,0.525060
user_20e741d0,7,user_c50a487d,0.502244
user_20e741d0,8,user_ff39b6cf,0.488167
user_20e741d0,9,user_55058479,0.485305
user_20e741d0,10,user_414a6eaf,0.475838
user_20e741d0,11,user_da245b56,0.448325
user_20e741d0,12,user_3239132f,0.442644
user_20e741d0,13,user_e6057285,0.364083
user_20e741d0,14,user_03410579,0.292156
user_20e741d0,15,user_3b79395c,0.229862
user_2142b6e1,1,user_ded778b8,0.487167
user_2142b6e1,2,user_d4c7b4c0,0.442395
user_2142b6e1,3,user_02fecea2,0.368686
user_2142b6e1,4,user_c50a487d,0.367014
user_2142b6e1,5,user_ee14f818,0.322639
user_2142b6e1,6,user_25b48a9a,0.322308
user_2142b6e1,7,user_2142b6e1,0.306475
user_2142b6e1,8,user_0c578ab5,0.306196
user_2142b6e1,9,user_5159d3a1,0.289039
user_2142b6e1,10,user_6bf0e007,0.286300
user_2142b6e1,11,user_e802076d,0.253440
user_2142b6e1,12,user_b6b89f00,0.235504
user_2142b6e1,13,user_2cb4b018,0.227967
user_2142b6e1,14,user_378003e3,0.178200
user_2142b6e1,15,user_e2e59795,0.131276
user_21b4fa31,1,user_8292753c,0.561628
user_21b4fa31,2,user_3ff88cf0,0.529420
user_21b4fa31,3,user_21b4fa31,0.497492
user_21b4fa31,4,user_4f755977,0.467972
user_21b4fa31,5,user_e802076d,0.461440
user_21b4fa31,6,user_9fefea54,0.432500
user_21b4fa31,7,user_4e54f3d7,0.426230
user_21b4fa31,8,user_f368b9da,0.397139
user_21b4fa31,9,user_e30558fe,0.375108
user_21b4fa31,10,user_833d8832,0.373172
user_21b4fa31,11,user_1230e05a,0.339266
user_21b4fa31,12,user_5159d3a1,0.317979
user_21b4fa31,13,user_0c578ab5,0.281301
user_21b4fa31,14,user_04f39d22,0.199597
user_21b4fa31,15,user_fa60616d,0.160449
user_226be32f,1,user_3eb49f37,0.534739
user_226be32f,2,user_d7fde080,0.518166
user_226be32f,3,user_233fda02,0.474814
user_226be32f,4,user_84703a6e,0.386134
user_226be32f,5,user_7322f4ef,0.385542
user_226be32f,6,user_dac2c359,0.367984
user_226be32f,7,user_0669bdf6,0.364957
user_226be32f,8,user_14a2d3c6,0.360782
user_226be32f,9,user_87e5d9b0,0.349084
user_226be32f,10,user_5dc5c2dc,0.275162
user_226be32f,11,user_59e8bc2a,0.271175
user_226be32f,12,user_98a676ce,0.224983
user_226be32f,13,user_60a65d98,0.219567
user_226be32f,14,user_5d7cbf11,0.180951
user_226be32f,15,user_30802254,0.155097
user_2373103d,1,user_80da26a6,0.431198
user_2373103d,2,user_56980aa9,0.391222
user_2373103d,3,user_2373103d,0.383303
user_2373103d,4,user_5f4ee256,0.332704
user_2373103d,5,user_3f2fbc90,0.293382
user_2373103d,6,user_4607d25d,0.292346
user_2373103d,7,user_75bc9924,0.292245
user_2373103d,8,user_bdcc6e7d,0.246709
user_2373103d,9,user_0285dee3,0.244290
user_2373103d,10,user_91f5e7af,0.228924
user_2373103d,11,user_406c399e,0.221890
user_2373103d,12,user_2a94c885,0.206338
user_2373103d,13,user_030cf51a,0.176529
user_2373103d,14,user_6bf0e007,0.153194
user_2373103d,15,user_5d7cbf11,0.116166
user_23e46560,1,user_23e46560,0.564421
user_23e46560,2,user_74c84045,0.538137
user_23e46560,3,user_07faa0fc,0.498364
user_23e46560,4,user_baa70592,0.488666
user_23e46560,5,user_1b2d69c1,0.485906
user_23e46560,6,user_58892c7c,0.411216
user_23e46560,7,user_a9ed5193,0.399003
user_23e46560,8,user_2eaaa117,0.323610
user_23e46560,9,user_b563e90b,0.307247
user_23e46560,10,user_85c97ea1,0.303947
user_23e46560,11,user_07db2c6a,0.284996
user_23e46560,12,user_74da5a13,0.234523
user_23e46560,13,user_039d004e,0.188405
user_23e46560,14,user_d4b7e22e,0.122979
user_23e46560,15,user_8c193f56,0.099382
user_245fd42f,1,user_b628264a,0.651950
user_245fd42f,2,user_245fd42f,0.643545
user_245fd42f,3,user_8d22714e,0.519688
user_245fd42f,4,user_79f04645,0.489630
user_245fd42f,5,user_723406a0,0.477181
user_245fd42f,6,user_7aa3746b,0.460977
user_245fd42f,7,user_5881b259,0.458227
user_245fd42f,8,user_c8e749e2,0.456366
user_245fd42f,9,user_83e30c57,0.443408
user_245fd42f,10,user_058c1800,0.441744
user_245fd42f,11,user_dd0bd02d,0.436276
user_245fd42f,12,user_eae91488,0.434613
user_245fd42f,13,user_a4ae4e77,0.408751
user_245fd42f,14,user_5bc74ae7,0.313343
user_245fd42f,15,user_a743aff9,0.175853
user_25652863,1,user_25652863,0.493012
user_25652863,2,user_372c2b3e,0.488155
user_25652863,3,user_bf30f80d,0.471113
user_25652863,4,user_795650bb,0.462538
user_25652863,5,user_b1a5a37e,0.459778
user_25652863,6,user_e409a56d,0.450038
user_25652863,7,user_75905116,0.434994
user_25652863,8,user_82c86537,0.406155
user_25652863,9,user_08c32973,0.405003
user_25652863,10,user_a52dd639,0.375890
user_25652863,11,user_2e60c125,0.360425
user_25652863,12,user_f3377028,0.356997
user_25652863,13,user_ba8b1c05,0.352110
user_25652863,14,user_201c8c78,0.305579
user_25652863,15,user_bd19a016,0.281531
user_25798310,1,user_aa2fbe83,0.537071
user_25798310,2,user_259776c7,0.533741
user_25798310,3,user_a00e0552,0.510586
user_25798310,4,user_8e97a154,0.501650
user_25798310,5,user_8e92b8c1,0.497851
user_25798310,6,user_8dd20d7f,0.468348
user_25798310,7,user_63b4be5f,0.463551
user_25798310,8,user_25798310,0.451133
user_25798310,9,user_3b79395c,0.416315
user_25798310,10,user_93cdb7a1,0.355434
user_25798310,11,user_7b052f32,0.355306
user_25798310,12,user_03410579,0.314117
user_25798310,13,user_fcf93ee8,0.296849
user_25798310,14,user_ca6074df,0.296779
user_25798310,15,user_e2e59795,0.216397
user_25b48a9a,1,user_8ac8f24f,0.556015
user_25b48a9a,2,user_417702c5,0.534759
user_25b48a9a,3,user_25b48a9a,0.533116
user_25b48a9a,4,user_1b7f8c56,0.527892
user_25b48a9a,5,user_9818dcae,0.504310
user_25b48a9a,6,user_daf53db6,0.493382
user_25b48a9a,7,user_aa2fbe83,0.488915
user_25b48a9a,8,user_0c578ab5,0.458383
user_25b48a9a,9,user_8da30894,0.447371
user_25b48a9a,10,user_02fecea2,0.443002
user_25b48a9a,11,user_b6b89f00,0.426536
user_25b48a9a,12,user_c8f82360,0.397834
user_25b48a9a,13,user_259776c7,0.381775
user_25b48a9a,14,user_2dc10d2d,0.374473
user_25b48a9a,15,user_2cb4b018,0.312673
user_26565155,1,user_26565155,0.511880
user_26565155,2,user_84c14a6f,0.481332
user_26565155,3,user_a00e0552,0.480808
user_26565155,4,user_a01f16ac,0.478900
user_26565155,5,user_afff552a,0.453199
user_26565155,6,user_54b19b29,0.448738
user_26565155,7,user_e802076d,0.411788
user_26565155,8,user_9600e8bf,0.398072
user_26565155,9,user_dc32d458,0.380354
user_26565155,10,user_ee14f818,0.373740
user_26565155,11,user_30802254,0.372906
user_26565155,12,user_1936a7c3,0.359302
user_26565155,13,user_39939c54,0.353052
user_26565155,14,user_4607d25d,0.346507
user_26565155,15,user_0285dee3,0.309061
user_26fa9d90,1,user_64cd3098,0.638823
user_26fa9d90,2,user_372c2b3e,0.614047
user_26fa9d90,3,user_795650bb,0.598638
user_26fa9d90,4,user_e409a56d,0.591602
user_26fa9d90,5,user_201c8c78,0.570675
user_26fa9d90,6,user_f7fd2885,0.566198
user_26fa9d90,7,user_82c86537,0.557508
user_26fa9d90,8,user_04f39d22,0.550297
user_26fa9d90,9,user_b2aba63a,0.549837
user_26fa9d90,10,user_5b714afd,0.549031
user_26fa9d90,11,user_75905116,0.546406
user_26fa9d90,12,user_a7b901f2,0.522871
user_26fa9d90,13,user_4607d25d,0.511160
user_26fa9d90,14,user_bd19a016,0.434717
user_26fa9d90,15,user_5159d3a1,0.387750
user_27a3fa64,1,user_f75c71f0,0.559128
user_27a3fa64,2,user_a01f16ac,0.510019
user_27a3fa64,3,user_27a3fa64,0.471386
user_27a3fa64,4,user_18522854,0.431334
user_27a3fa64,5,user_1936a7c3,0.429893
user_27a3fa64,6,user_5c82df31,0.336929
user_27a3fa64,7,user_e7a55eac,0.334562
user_27a3fa64,8,user_043ea160,0.330142
user_27a3fa64,9,user_9bee2a7c,0.314092
user_27a3fa64,10,user_f51339f8,0.285035
user_27a3fa64,11,user_6bf0e007,0.283824
user_27a3fa64,12,user_bbe73426,0.214571
user_27a3fa64,13,user_f368b9da,0.152098
user_27a3fa64,14,user_c8f82360,0.145403
user_27a3fa64,15,user_8285a696,0.115299
user_2920b35e,1,user_1230e05a,0.582404
user_2920b35e,2,user_cc1c8897,0.579538
user_2920b35e,3,user_b628264a,0.553145
user_2920b35e,4,user_4607d25d,0.551567
user_2920b35e,5,user_bdcc6e7d,0.531639
user_2920b35e,6,user_17607ebc,0.502169
user_2920b35e,7,user_dd1d7b22,0.491670
user_2920b35e,8,user_dc32d458,0.435237
user_2920b35e,9,user_98ca16a6,0.408079
user_2920b35e,10,user_657c72ca,0.360418
user_2920b35e,11,user_d70942c1,0.339364
user_2920b35e,12,user_2920b35e,0.336688
user_2920b35e,13,user_43a979d2,0.271867
user_2920b35e,14,user_058c1800,0.236578
user_2920b35e,15,user_04f39d22,0.229143
user_29cd4556,1,user_26fa9d90,0.536411
user_29cd4556,2,user_e8e9acac,0.488735
user_29cd4556,3,user_74cfb8ef,0.468447
user_29cd4556,4,user_3f1d04a6,0.456769
user_29cd4556,5,user_55058479,0.408866
user_29cd4556,6,user_caaef3ca,0.368507
user_29cd4556,7,user_815b7baf,0.359424
user_29cd4556,8,user_7b052f32,0.353203
user_29cd4556,9,user_df8dc9bb,0.346225
user_29cd4556,10,user_4cad4295,0.334055
user_29cd4556,11,user_6bf0e007,0.304568
user_29cd4556,12,user_4bd9303b,0.292609
user_29cd4556,13,user_2dc10d2d,0.288142
user_29cd4556,14,user_b1d0760b,0.247278
user_29cd4556,15,user_93cdb7a1,0.159802
user_2a704b9c,1,user_4607d25d,0.654093
user_2a704b9c,2,user_5f4ee256,0.626778
user_2a704b9c,3,user_2a704b9c,0.567741
user_2a704b9c,4,user_80da26a6,0.539444
user_2a704b9c,5,user_8285a696,0.496140
user_2a704b9c,6,user_56980aa9,0.488263
user_2a704b9c,7,user_dd1d7b22,0.468743
user_2a704b9c,8,user_d691d016,0.450778
user_2a704b9c,9,user_6011e674,0.433711
user_2a704b9c,10,user_3f2fbc90,0.422887
user_2a704b9c,11,user_f43d6008,0.422460
user_2a704b9c,12,user_058c1800,0.390202
user_2a704b9c,13,user_9d786aa8,0.387884
user_2a704b9c,14,user_ee89e069,0.355446
user_2a704b9c,15,user_5881b259,0.218883
user_2a94c885,1,user_87e5d9b0,0.570687
user_2a94c885,2,user_d7fde080,0.513545
user_2a94c885,3,user_233fda02,0.498246
user_2a94c885,4,user_3eb49f37,0.447161
user_2a94c885,5,user_90e5fee6,0.442988
user_2a94c885,6,user_3f1d04a6,0.426076
user_2a94c885,7,user_7b052f32,0.412923
user_2a94c885,8,user_6fc85c06,0.359575
user_2a94c885,9,user_98a676ce,0.353042
user_2a94c885,10,user_4db0d490,0.340196
user_2a94c885,11,user_d4b7e22e,0.340138
user_2a94c885,12,user_a973cf8e,0.323168
user_2a94c885,13,user_2a94c885,0.322964
user_2a94c885,14,user_04d8419e,0.304961
user_2a94c885,15,user_5d7cbf11,0.239345
user_2b271761,1,user_07cb458d,0.516734
user_2b271761,2,user_ec574395,0.511370
user_2b271761,3,user_a8c2208d,0.499190
user_2b271761,4,user_2a704b9c,0.497425
user_2b271761,5,user_515ae840,0.458061
user_2b271761,6,user_cc1c8897,0.413710
user_2b271761,7,user_90202189,0.401478
user_2b271761,8,user_1e08d102,0.397120
user_2b271761,9,user_17607ebc,0.394531
user_2b271761,10,user_3a55606c,0.389487
user_2b271761,11,user_69a4dd06,0.386752
user_2b271761,12,user_0669bdf6,0.360735
user_2b271761,13,user_7aa3746b,0.359935
user_2b271761,14,user_6bf0e007,0.190327
user_2b271761,15,user_a743aff9,0.169461
user_2b750e1c,1,user_ca6074df,0.535072
user_2b750e1c,2,user_650da71b,0.530531
user_2b750e1c,3,user_25b48a9a,0.517515
user_2b750e1c,4,user_1b7f8c56,0.511683
user_2b750e1c,5,user_cbabbcee,0.494028
user_2b750e1c,6,user_cdd86523,0.480596
user_2b750e1c,7,user_4f3b6241,0.465406
user_2b750e1c,8,user_11e8421f,0.441235
user_2b750e1c,9,user_8e97a154,0.418256
user_2b750e1c,10,user_3e284ba5,0.400937
user_2b750e1c,11,user_a7b901f2,0.340371
user_2b750e1c,12,user_e802076d,0.335823
user_2b750e1c,13,user_9c7183c8,0.312912
user_2b750e1c,14,user_2cb4b018,0.259878
user_2b750e1c,15,user_c06d9b71,0.234569
user_2b79ef0b,1,user_0ff0b922,0.711422
user_2b79ef0b,2,user_e64d80ba,0.616696
user_2b79ef0b,3,user_d67450a8,0.350784
user_2b79ef0b,4,user_124651ff,0.346419
user_2b79ef0b,5,user_b4f295b3,0.328619
user_2b79ef0b,6,user_0bd8ba7c,0.310425
user_2b79ef0b,7,user_c34e791e,0.293496
user_2b79ef0b,8,user_e802076d,0.260458
user_2b79ef0b,9,user_4e54f3d7,0.228674
user_2b79ef0b,10,user_840e0a93,0.177955
user_2b79ef0b,11,user_3bc84c13,0.159580
user_2b79ef0b,12,user_38390331,0.142555
user_2b79ef0b,13,user_0eb2abf1,0.132163
user_2b79ef0b,14,user_8006727d,0.125650
user_2b79ef0b,15,user_b14ec02b,0.122239
user_2c3eb234,1,user_8292753c,0.417519
user_2c3eb234,2,user_d20928cc,0.288401
user_2c3eb234,3,user_334144b4,0.270895
user_2c3eb234,4,user_a6c2e760,0.268806
user_2c3eb234,5,user_65d73ac1,0.172301
user_2c3eb234,6,user_c06d9b71,0.169214
user_2c3eb234,7,user_8e97a154,0.164416
user_2c3eb234,8,user_38390331,0.163374
user_2c3eb234,9,user_111cfe7d,0.146681
user_2c3eb234,10,user_6bf0e007,0.137030
user_2c3eb234,11,user_2cb4b018,0.104796
user_2c3eb234,12,user_c96b90fe,0.104068
user_2c3eb234,13,user_b14ec02b,0.067562
user_2c3eb234,14,user_9bee2a7c,0.066083
user_2c3eb234,15,user_4a57e449,0.056519
user_2c69b83e,1,user_259776c7,0.486490
user_2c69b83e,2,user_5c82df31,0.475794
user_2c69b83e,3,user_a01f16ac,0.455327
user_2c69b83e,4,user_9818dcae,0.451621
user_2c69b83e,5,user_4607d25d,0.431138
user_2c69b83e,6,user_ca6074df,0.431045
user_2c69b83e,7,user_3239132f,0.420242
user_2c69b83e,8,user_6bf0e007,0.400818
user_2c69b83e,9,user_ee14f818,0.395067
user_2c69b83e,10,user_2c69b83e,0.382218
user_2c69b83e,11,user_7b052f32,0.346672
user_2c69b83e,12,user_8285a696,0.340102
user_2c69b83e,13,user_c0eba9f2,0.293109
user_2c69b83e,14,user_df8dc9bb,0.268396
user_2c69b83e,15,user_cdd86523,0.259989
user_2c940ff8,1,user_2c940ff8,0.489821
user_2c940ff8,2,user_98a676ce,0.371416
user_2c940ff8,3,user_3f1d04a6,0.356761
user_2c940ff8,4,user_c8f82360,0.296936
user_2c940ff8,5,user_91f5e7af,0.290031
user_2c940ff8,6,user_f6188968,0.288304
user_2c940ff8,7,user_406c399e,0.268547
user_2c940ff8,8,user_56980aa9,0.257403
user_2c940ff8,9,user_8285a696,0.219328
user_2c940ff8,10,user_6bf0e007,0.197751
user_2c940ff8,11,user_f75c71f0,0.174463
user_2c940ff8,12,user_6a0b0e92,0.174189
user_2c940ff8,13,user_f827c7dd,0.160155
user_2c940ff8,14,user_a4aab257,0.155921
user_2c940ff8,15,user_380ddd3f,0.122147
user_2d74cd4c,1,user_417702c5,0.541467
user_2d74cd4c,2,user_a973cf8e,0.530779
user_2d74cd4c,3,user_8f8346ad,0.510090
user_2d74cd4c,4,user_3f798a8b,0.499089
user_2d74cd4c,5,user_9600e8bf,0.498352
user_2d74cd4c,6,user_b16e0cf8,0.496165
user_2d74cd4c,7,user_c96b90fe,0.475805
user_2d74cd4c,8,user_4607d25d,0.474984
user_2d74cd4c,9,user_2f766c23,0.473138
user_2d74cd4c,10,user_82d93459,0.468748
user_2d74cd4c,11,user_6011e674,0.460449
user_2d74cd4c,12,user_0a0bcaa6,0.459502
user_2d74cd4c,13,user_3ff88cf0,0.439809
user_2d74cd4c,14,user_d3663143,0.436782
user_2d74cd4c,15,user_201c8c78,0.405565
user_2dc10d2d,1,user_8ac8f24f,0.569307
user_2dc10d2d,2,user_2dc10d2d,0.493366
user_2dc10d2d,3,user_1b7f8c56,0.478610
user_2dc10d2d,4,user_a973cf8e,0.454423
user_2dc10d2d,5,user_8285a696,0.437376
user_2dc10d2d,6,user_c0392523,0.435258
user_2dc10d2d,7,user_c8f82360,0.419273
user_2dc10d2d,8,user_2817ec11,0.402698
user_2dc10d2d,9,user_daf53db6,0.368308
user_2dc10d2d,10,user_d10d1f24,0.362357
user_2dc10d2d,11,user_00723699,0.347890
user_2dc10d2d,12,user_2cb4b018,0.341771
user_2dc10d2d,13,user_5159d3a1,0.273866
user_2dc10d2d,14,user_2a41ee39,0.209810
user_2dc10d2d,15,user_380ddd3f,0.178843
user_2dd189e3,1,user_c5c57a9d,0.636071
user_2dd189e3,2,user_23ecc36a,0.522201
user_2dd189e3,3,user_1cbb30b1,0.486280
user_2dd189e3,4,user_2dd189e3,0.464609
user_2dd189e3,5,user_5993b36a,0.434095
user_2dd189e3,6,user_45be01a5,0.429400
user_2dd189e3,7,user_84c14a6f,0.347699
user_2dd189e3,8,user_c96b90fe,0.345398
user_2dd189e3,9,user_1e08d102,0.330706
user_2dd189e3,10,user_0168255c,0.272401
user_2dd189e3,11,user_e93dfaa2,0.263990
user_2dd189e3,12,user_0285dee3,0.253599
user_2dd189e3,13,user_5881b259,0.223502
user_2dd189e3,14,user_cf393213,0.219019
user_2dd189e3,15,user_a743aff9,0.121105
user_2eaaa117,1,user_2eaaa117,0.570440
user_2eaaa117,2,user_ba4f42bb,0.462148
user_2eaaa117,3,user_fde27362,0.294522
user_2eaaa117,4,user_b563e90b,0.237980
user_2eaaa117,5,user_83b871b5,0.197253
user_2eaaa117,6,user_08e9ce6e,0.189713
user_2eaaa117,7,user_7b052f32,0.144172
user_2eaaa117,8,user_3f1d04a6,0.105066
user_2eaaa117,9,user_acb899e9,0.103901
user_2eaaa117,10,user_74da5a13,0.103027
user_2eaaa117,11,user_8f39f021,0.097744
user_2eaaa117,12,user_33f2a818,0.095988
user_2eaaa117,13,user_e7a55eac,0.090995
user_2eaaa117,14,user_1b460965,0.081819
user_2eaaa117,15,user_fc1cfe0b,0.076916
user_2eb5d860,1,user_2eb5d860,0.480810
user_2eb5d860,2,user_e802076d,0.440089
user_2eb5d860,3,user_9ff844ba,0.437391
user_2eb5d860,4,user_2e05a7a0,0.415190
user_2eb5d860,5,user_b2dd04c8,0.405436
user_2eb5d860,6,user_afff552a,0.383422
user_2eb5d860,7,user_c67f26cc,0.373682
user_2eb5d860,8,user_2b750e1c,0.301808
user_2eb5d860,9,user_9bee2a7c,0.295254
user_2eb5d860,10,user_c96b90fe,0.293789
user_2eb5d860,11,user_c06d9b71,0.277783
user_2eb5d860,12,user_c0eba9f2,0.275734
user_2eb5d860,13,user_2cb4b018,0.253168
user_2eb5d860,14,user_c008345b,0.232777
user_2eb5d860,15,user_11e8421f,0.217914
user_2efde048,1,user_2efde048,0.525413
user_2efde048,2,user_e409a56d,0.510457
user_2efde048,3,user_795650bb,0.476188
user_2efde048,4,user_f3377028,0.441468
user_2efde048,5,user_e802076d,0.434066
user_2efde048,6,user_25652863,0.426267
user_2efde048,7,user_2e60c125,0.406593
user_2efde048,8,user_201c8c78,0.386627
user_2efde048,9,user_ecba8131,0.382032
user_2efde048,10,user_4607d25d,0.369814
user_2efde048,11,user_82c86537,0.311476
user_2efde048,12,user_c8f82360,0.308280
user_2efde048,13,user_80dc757f,0.289752
user_2efde048,14,user_bd19a016,0.258360
user_2efde048,15,user_5159d3a1,0.210933
user_2f1085dd,1,user_74cfb8ef,0.541302
user_2f1085dd,2,user_26fa9d90,0.452090
user_2f1085dd,3,user_a411fb06,0.430925
user_2f1085dd,4,user_64cd3098,0.428676
user_2f1085dd,5,user_76fc8dcd,0.419035
user_2f1085dd,6,user_6169d3b8,0.418181
user_2f1085dd,7,user_d4c7b4c0,0.394976
user_2f1085dd,8,user_8fb63eca,0.383454
user_2f1085dd,9,user_c50a487d,0.378309
user_2f1085dd,10,user_20a01575,0.334078
user_2f1085dd,11,user_9c88ee3d,0.315067
user_2f1085dd,12,user_815b7baf,0.313334
user_2f1085dd,13,user_e2e59795,0.305563
user_2f1085dd,14,user_586752e4,0.305479
user_2f1085dd,15,user_4bd9303b,0.234214
user_2f766c23,1,user_2f766c23,0.582813
user_2f766c23,2,user_4607d25d,0.525878
user_2f766c23,3,user_8ac8f24f,0.524711
user_2f766c23,4,user_6bb64984,0.520784
user_2f766c23,5,user_a973cf8e,0.507781
user_2f766c23,6,user_6011e674,0.499129
user_2f766c23,7,user_649f4327,0.489464
user_2f766c23,8,user_c536b01d,0.484972
user_2f766c23,9,user_32ae32f9,0.473337
user_2f766c23,10,user_d10d1f24,0.457094
user_2f766c23,11,user_165a2706,0.437765
user_2f766c23,12,user_c8f82360,0.410150
user_2f766c23,13,user_3f2fbc90,0.396294
user_2f766c23,14,user_bbe73426,0.236717
user_2f766c23,15,user_e838707b,0.196145
user_3049510b,1,user_a2825b06,0.548435
user_3049510b,2,user_8afa3eba,0.520013
user_3049510b,3,user_e7a55eac,0.509037
user_3049510b,4,user_00723699,0.488351
user_3049510b,5,user_c67f26cc,0.472494
user_3049510b,6,user_423c81dc,0.467486
user_3049510b,7,user_3049510b,0.455093
user_3049510b,8,user_87e5d9b0,0.423987
user_3049510b,9,user_126670d7,0.417003
user_3049510b,10,user_6fc85c06,0.410837
user_3049510b,11,user_83a58842,0.403196
user_3049510b,12,user_7b052f32,0.388542
user_3049510b,13,user_c0eba9f2,0.377905
user_3049510b,14,user_e70b6a25,0.343453
user_3049510b,15,user_5d7cbf11,0.309335
user_30802254,1,user_84c14a6f,0.495908
user_30802254,2,user_30802254,0.478019
user_30802254,3,user_2a94c885,0.469529
user_30802254,4,user_cdd86523,0.441532
user_30802254,5,user_80da26a6,0.406528
user_30802254,6,user_bdcc6e7d,0.399983
user_30802254,7,user_fa60616d,0.395076
user_30802254,8,user_0285dee3,0.390420
user_30802254,9,user_a973cf8e,0.380199
user_30802254,10,user_6bf0e007,0.356349
user_30802254,11,user_8ac8f24f,0.353139
user_30802254,12,user_4607d25d,0.333783
user_30802254,13,user_8285a696,0.333674
user_30802254,14,user_8e97a154,0.326602
user_30802254,15,user_ebddf9c1,0.252775
user_3121653d,1,user_b628264a,0.458429
user_3121653d,2,user_c8e749e2,0.444506
user_3121653d,3,user_04d8419e,0.442059
user_3121653d,4,user_723406a0,0.426416
user_3121653d,5,user_8285a696,0.425126
user_3121653d,6,user_b4214db6,0.412823
user_3121653d,7,user_a4ae4e77,0.404138
user_3121653d,8,user_4607d25d,0.392875
user_3121653d,9,user_5f4ee256,0.386804
user_3121653d,10,user_0285dee3,0.379988
user_3121653d,11,user_e8a7be73,0.379372
user_3121653d,12,user_3f2fbc90,0.376900
user_3121653d,13,user_e7a55eac,0.344857
user_3121653d,14,user_f862100c,0.344389
user_3121653d,15,user_ee14f818,0.309278
user_32934d38,1,user_32934d38,0.587568
user_32934d38,2,user_8ac8f24f,0.455596
user_32934d38,3,user_5159d3a1,0.453453
user_32934d38,4,user_53325367,0.431834
user_32934d38,5,user_165a2706,0.419257
user_32934d38,6,user_2a94c885,0.371281
user_32934d38,7,user_93cdb7a1,0.360079
user_32934d38,8,user_c0eba9f2,0.353957
user_32934d38,9,user_6a0b0e92,0.338782
user_32934d38,10,user_1cfedba8,0.329972
user_32934d38,11,user_bbe73426,0.304843
user_32934d38,12,user_5c82df31,0.252937
user_32934d38,13,user_c8f82360,0.239438
user_32934d38,14,user_f75c71f0,0.234146
user_32934d38,15,user_fa60616d,0.170782
user_32ae32f9,1,user_8ac8f24f,0.489147
user_32ae32f9,2,user_9818dcae,0.475448
user_32ae32f9,3,user_649f4327,0.473741
user_32ae32f9,4,user_32ae32f9,0.449862
user_32ae32f9,5,user_a973cf8e,0.442437
user_32ae32f9,6,user_bf69de98,0.422165
user_32ae32f9,7,user_4607d25d,0.319057
user_32ae32f9,8,user_00723699,0.309698
user_32ae32f9,9,user_18522854,0.307289
user_32ae32f9,10,user_ecba8131,0.299031
user_32ae32f9,11,user_59d9db83,0.272630
user_32ae32f9,12,user_e838707b,0.204907
user_32ae32f9,13,user_c0eba9f2,0.201514
user_32ae32f9,14,user_94f185bc,0.185421
user_32ae32f9,15,user_7b052f32,0.171142
user_32f31383,1,user_0285dee3,0.488574
user_32f31383,2,user_5c82df31,0.476451
user_32f31383,3,user_39b3eda0,0.467472
user_32f31383,4,user_aae78e0d,0.457256
user_32f31383,5,user_32f31383,0.454096
user_32f31383,6,user_c0eba9f2,0.439027
user_32f31383,7,user_e7a55eac,0.420036
user_32f31383,8,user_6a0b0e92,0.419574
user_32f31383,9,user_30802254,0.410827
user_32f31383,10,user_84c14a6f,0.406155
user_32f31383,11,user_cf393213,0.405115
user_32f31383,12,user_2a94c885,0.333761
user_32f31383,13,user_8285a696,0.322464
user_32f31383,14,user_90202189,0.306195
user_32f31383,15,user_3f2fbc90,0.289465
user_3353b96b,1,user_ded778b8,0.578702
user_3353b96b,2,user_3353b96b,0.551515
user_3353b96b,3,user_6169d3b8,0.514966
user_3353b96b,4,user_d4c7b4c0,0.486770
user_3353b96b,5,user_e5f67397,0.481019
user_3353b96b,6,user_74cfb8ef,0.439964
user_3353b96b,7,user_0d32f0ed,0.432261
user_3353b96b,8,user_ac6d6bff,0.405365
user_3353b96b,9,user_c50a487d,0.376813
user_3353b96b,10,user_0128a546,0.363879
user_3353b96b,11,user_20a01575,0.337676
user_3353b96b,12,user_8fb63eca,0.319321
user_3353b96b,13,user_07db2c6a,0.297572
user_3353b96b,14,user_840e0a93,0.272836
user_3353b96b,15,user_e2e59795,0.126946
user_338e1332,1,user_ea67f9c6,0.514039
user_338e1332,2,user_3239132f,0.488509
user_338e1332,3,user_18892460,0.450377
user_338e1332,4,user_75905116,0.442973
user_338e1332,5,user_8e97a154,0.412953
user_338e1332,6,user_98f18241,0.405971
user_338e1332,7,user_fdc08e26,0.394150
user_338e1332,8,user_80da26a6,0.362278
user_338e1332,9,user_4607d25d,0.320825
user_338e1332,10,user_ee14f818,0.319961
user_338e1332,11,user_2a94c885,0.280127
user_338e1332,12,user_5c82df31,0.259716
user_338e1332,13,user_c0eba9f2,0.187010
user_338e1332,14,user_5159d3a1,0.185184
user_338e1332,15,user_8285a696,0.174310
user_34b1fb84,1,user_8ac8f24f,0.518301
user_34b1fb84,2,user_65d73ac1,0.482696
user_34b1fb84,3,user_52c9252c,0.482275
user_34b1fb84,4,user_2f766c23,0.458840
user_34b1fb84,5,user_34b1fb84,0.441025
user_34b1fb84,6,user_bf69de98,0.424084
user_34b1fb84,7,user_a74b4eeb,0.398399
user_34b1fb84,8,user_2efde048,0.359883
user_34b1fb84,9,user_ee8d5ec5,0.327226
user_34b1fb84,10,user_2a41ee39,0.261519
user_34b1fb84,11,user_e838707b,0.206702
user_34b1fb84,12,user_94f185bc,0.186725
user_34b1fb84,13,user_e10c98bb,0.168979
user_34b1fb84,14,user_82c86537,0.143066
user_34b1fb84,15,user_b350e22b,0.107827
user_364bb955,1,user_124651ff,0.604327
user_364bb955,2,user_ded778b8,0.601236
user_364bb955,3,user_a00e0552,0.578267
user_364bb955,4,user_c50a487d,0.496056
user_364bb955,5,user_434f3511,0.470242
user_364bb955,6,user_ba085464,0.445547
user_364bb955,7,user_20a01575,0.442880
user_364bb955,8,user_8c42f323,0.427072
user_364bb955,9,user_ac6d6bff,0.421852
user_364bb955,10,user_5c82df31,0.412869
user_364bb955,11,user_9818dcae,0.408827
user_364bb955,12,user_1f09455f,0.387582
user_364bb955,13,user_03410579,0.346077
user_364bb955,14,user_90e5fee6,0.303787
user_364bb955,15,user_93cdb7a1,0.293221
user_36dd1253,1,user_5c82df31,0.645447
user_36dd1253,2,user_a00e0552,0.574543
user_36dd1253,3,user_c50a487d,0.552130
user_36dd1253,4,user_fdc08e26,0.494429
user_36dd1253,5,user_8e97a154,0.491817
user_36dd1253,6,user_66a7ce5a,0.429386
user_36dd1253,7,user_6bf0e007,0.416646
user_36dd1253,8,user_cdd86523,0.351807
user_36dd1253,9,user_11e8421f,0.344330
user_36dd1253,10,user_7b052f32,0.250361
user_36dd1253,11,user_18522854,0.242592
user_36dd1253,12,user_f827c7dd,0.240588
user_36dd1253,13,user_c06d9b71,0.240224
user_36dd1253,14,user_ee14f818,0.229829
user_36dd1253,15,user_a8dc91a3,0.102071
user_372c2b3e,1,user_372c2b3e,0.498570
user_372c2b3e,2,user_75905116,0.404396
user_372c2b3e,3,user_e409a56d,0.401682
user_372c2b3e,4,user_bd19a016,0.391029
user_372c2b3e,5,user_795650bb,0.339390
user_372c2b3e,6,user_f7fd2885,0.335130
user_372c2b3e,7,user_f3377028,0.318716
user_372c2b3e,8,user_82c86537,0.307503
user_372c2b3e,9,user_74cfb8ef,0.301912
user_372c2b3e,10,user_ba8b1c05,0.246277
user_372c2b3e,11,user_b2aba63a,0.221233
user_372c2b3e,12,user_4607d25d,0.218241
user_372c2b3e,13,user_201c8c78,0.217664
user_372c2b3e,14,user_5159d3a1,0.155550
user_372c2b3e,15,user_5062c872,0.151324
user_378003e3,1,user_da51dede,0.588263
user_378003e3,2,user_378003e3,0.532442
user_378003e3,3,user_8e48a3f8,0.496148
user_378003e3,4,user_a00e0552,0.495875
user_378003e3,5,user_9818dcae,0.444436
user_378003e3,6,user_1fb646f2,0.435535
user_378003e3,7,user_166a3647,0.392887
user_378003e3,8,user_b2aba63a,0.381706
user_378003e3,9,user_a01f16ac,0.328702
user_378003e3,10,user_4607d25d,0.293979
user_378003e3,11,user_0128a546,0.263303
user_378003e3,12,user_201c8c78,0.258167
user_378003e3,13,user_ca6074df,0.256439
user_378003e3,14,user_ee14f818,0.245260
user_378003e3,15,user_0c578ab5,0.223067
user_37be663c,1,user_ffe2efae,0.526683
user_37be663c,2,user_76fc8dcd,0.416728
user_37be663c,3,user_37be663c,0.384653
user_37be663c,4,user_1e3084a6,0.384120
user_37be663c,5,user_b0129d9e,0.290605
user_37be663c,6,user_baeb91b3,0.282263
user_37be663c,7,user_ecf8f97f,0.250034
user_37be663c,8,user_aaa1e595,0.239065
user_37be663c,9,user_0d32f0ed,0.225138
user_37be663c,10,user_1c45ab75,0.217325
user_37be663c,11,user_1f636ddc,0.209575
user_37be663c,12,user_3ce4c1f8,0.171760
user_37be663c,13,user_d074356a,0.156219
user_37be663c,14,user_e8613813,0.122045
user_37be663c,15,user_9fe4e0f5,0.065196
user_38390331,1,user_2c940ff8,0.384280
user_38390331,2,user_45be01a5,0.366747
user_38390331,3,user_8ac8f24f,0.339741
user_38390331,4,user_80da26a6,0.315100
user_38390331,5,user_8e97a154,0.295865
user_38390331,6,user_406c399e,0.248790
user_38390331,7,user_8285a696,0.240925
user_38390331,8,user_91f5e7af,0.213766
user_38390331,9,user_ebddf9c1,0.196866
user_38390331,10,user_6bf0e007,0.180262
user_38390331,11,user_030cf51a,0.154903
user_38390331,12,user_9bee2a7c,0.150978
user_38390331,13,user_f75c71f0,0.137628
user_38390331,14,user_9c7183c8,0.131206
user_38390331,15,user_b14ec02b,0.099203
user_3850eb9e,1,user_3850eb9e,0.460156
user_3850eb9e,2,user_b563e90b,0.455984
user_3850eb9e,3,user_da51dede,0.439687
user_3850eb9e,4,user_74da5a13,0.394254
user_3850eb9e,5,user_82c86537,0.385034
user_3850eb9e,6,user_a8dc91a3,0.337948
user_3850eb9e,7,user_8e48a3f8,0.327372
user_3850eb9e,8,user_c809e3d2,0.310689
user_3850eb9e,9,user_bf69de98,0.261545
user_3850eb9e,10,user_00723699,0.260175
user_3850eb9e,11,user_1fb646f2,0.237945
user_3850eb9e,12,user_94f185bc,0.217079
user_3850eb9e,13,user_18522854,0.210565
user_3850eb9e,14,user_e838707b,0.185369
user_3850eb9e,15,user_7a7dda35,0.146955
user_38ab51d4,1,user_b628264a,0.603843
user_38ab51d4,2,user_dc32d458,0.545866
user_38ab51d4,3,user_a7bfc229,0.537396
user_38ab51d4,4,user_1230e05a,0.520661
user_38ab51d4,5,user_b6350ec1,0.513005
user_38ab51d4,6,user_d70942c1,0.501473
user_38ab51d4,7,user_b6d05d1d,0.494200
user_38ab51d4,8,user_83e30c57,0.484396
user_38ab51d4,9,user_7aa3746b,0.484151
user_38ab51d4,10,user_dbc4828c,0.470042
user_38ab51d4,11,user_17607ebc,0.469795
user_38ab51d4,12,user_5881b259,0.459879
user_38ab51d4,13,user_23ecc36a,0.456015
user_38ab51d4,14,user_38f4dfac,0.446900
user_38ab51d4,15,user_dd1d7b22,0.373668
user_3971c3e6,1,user_da51dede,0.537178
user_3971c3e6,2,user_0bd8ba7c,0.500063
user_3971c3e6,3,user_815b7baf,0.481259
user_3971c3e6,4,user_3239132f,0.464628
user_3971c3e6,5,user_1c45ab75,0.460413
user_3971c3e6,6,user_9818dcae,0.417569
user_3971c3e6,7,user_03410579,0.412315
user_3971c3e6,8,user_201c8c78,0.407437
user_3971c3e6,9,user_55058479,0.385491
user_3971c3e6,10,user_5c82df31,0.370690
user_3971c3e6,11,user_3bc84c13,0.367548
user_3971c3e6,12,user_8e48a3f8,0.367042
user_3971c3e6,13,user_7b052f32,0.365817
user_3971c3e6,14,user_93cdb7a1,0.338467
user_3971c3e6,15,user_5159d3a1,0.336853
user_39939c54,1,user_68d19df8,0.521249
user_39939c54,2,user_84c14a6f,0.513277
user_39939c54,3,user_91f5e7af,0.464592
user_39939c54,4,user_39939c54,0.442504
user_39939c54,5,user_cdd86523,0.432861
user_39939c54,6,user_80da26a6,0.421678
user_39939c54,7,user_30802254,0.419999
user_39939c54,8,user_c6f50d12,0.408819
user_39939c54,9,user_bf69de98,0.389710
user_39939c54,10,user_dc326993,0.382888
user_39939c54,11,user_8a3bbeb2,0.381882
user_39939c54,12,user_23ecc36a,0.348258
user_39939c54,13,user_2a94c885,0.275216
user_39939c54,14,user_636ad58f,0.258660
user_39939c54,15,user_886f7373,0.138993
user_39aad1a2,1,user_6a28fa5d,0.658980
user_39aad1a2,2,user_1022be44,0.568490
user_39aad1a2,3,user_a615a6d1,0.566878
user_39aad1a2,4,user_39aad1a2,0.554201
user_39aad1a2,5,user_ca130b8f,0.542637
user_39aad1a2,6,user_3f1d04a6,0.541620
user_39aad1a2,7,user_aa19d173,0.537633
user_39aad1a2,8,user_c73333a5,0.531563
user_39aad1a2,9,user_423c81dc,0.515202
user_39aad1a2,10,user_6058434c,0.474643
user_39aad1a2,11,user_d5b21e00,0.450036
user_39aad1a2,12,user_86685a27,0.402686
user_39aad1a2,13,user_98a676ce,0.389032
user_39aad1a2,14,user_6fc85c06,0.383977
user_39aad1a2,15,user_5d7cbf11,0.207327
user_39f8897b,1,user_39f8897b,0.584555
user_39f8897b,2,user_2c3eb234,0.431725
user_39f8897b,3,user_b6b89f00,0.388278
user_39f8897b,4,user_25b48a9a,0.380161
user_39f8897b,5,user_07ec3726,0.251541
user_39f8897b,6,user_43049634,0.244485
user_39f8897b,7,user_dbbf562e,0.215377
user_39f8897b,8,user_b605d5c9,0.173285
user_39f8897b,9,user_dffc0da5,0.172871
user_39f8897b,10,user_d10d1f24,0.167645
user_39f8897b,11,user_a7b901f2,0.154517
user_39f8897b,12,user_f0cf195f,0.140022
user_39f8897b,13,user_36dd1253,0.123918
user_39f8897b,14,user_2142b6e1,0.108935
user_39f8897b,15,user_a16d1fb6,0.098965
user_3a55606c,1,user_d4c7b4c0,0.640715
user_3a55606c,2,user_259776c7,0.625171
user_3a55606c,3,user_8e5e899b,0.606705
user_3a55606c,4,user_a00e0552,0.603831
user_3a55606c,5,user_039d004e,0.581727
user_3a55606c,6,user_3a55606c,0.550433
user_3a55606c,7,user_a2825b06,0.526797
user_3a55606c,8,user_ff39b6cf,0.493334
user_3a55606c,9,user_76fc8dcd,0.427352
user_3a55606c,10,user_54c1ebee,0.425328
user_3a55606c,11,user_cce4f9c2,0.404195
user_3a55606c,12,user_36e75535,0.375661
user_3a55606c,13,user_c67f26cc,0.352293
user_3a55606c,14,user_f862100c,0.317446
user_3a55606c,15,user_93cdb7a1,0.223848
user_3b1da5d9,1,user_64cd3098,0.589013
user_3b1da5d9,2,user_82c86537,0.585317
user_3b1da5d9,3,user_26fa9d90,0.569014
user_3b1da5d9,4,user_74cfb8ef,0.563624
user_3b1da5d9,5,user_a7b901f2,0.531332
user_3b1da5d9,6,user_02fecea2,0.491295
user_3b1da5d9,7,user_201c8c78,0.490692
user_3b1da5d9,8,user_5159d3a1,0.474118
user_3b1da5d9,9,user_9818dcae,0.467381
user_3b1da5d9,10,user_4bd9303b,0.408445
user_3b1da5d9,11,user_6bf0e007,0.386667
user_3b1da5d9,12,user_1c45ab75,0.382095
user_3b1da5d9,13,user_2cb4b018,0.343014
user_3b1da5d9,14,user_df8dc9bb,0.292831
user_3b1da5d9,15,user_8c11f026,0.272822
user_3b90fb53,1,user_80da26a6,0.552395
user_3b90fb53,2,user_91f5e7af,0.538811
user_3b90fb53,3,user_3b90fb53,0.534255
user_3b90fb53,4,user_56980aa9,0.524700
user_3b90fb53,5,user_e4f8ab0c,0.513310
user_3b90fb53,6,user_ee14f818,0.483165
user_3b90fb53,7,user_6a0b0e92,0.463943
user_3b90fb53,8,user_4607d25d,0.416160
user_3b90fb53,9,user_8285a696,0.406189
user_3b90fb53,10,user_5f4ee256,0.400424
user_3b90fb53,11,user_8ce972f1,0.390281
user_3b90fb53,12,user_e802076d,0.361402
user_3b90fb53,13,user_5d7cbf11,0.349069
user_3b90fb53,14,user_c8f82360,0.310339
user_3b90fb53,15,user_2a94c885,0.264550
user_3bb7992e,1,user_26fa9d90,0.597824
user_3bb7992e,2,user_bd19a016,0.566314
user_3bb7992e,3,user_1022be44,0.548558
user_3bb7992e,4,user_d5b21e00,0.525466
user_3bb7992e,5,user_74cfb8ef,0.522256
user_3bb7992e,6,user_ecba8131,0.492457
user_3bb7992e,7,user_3f1d04a6,0.467142
user_3bb7992e,8,user_4607d25d,0.464281
user_3bb7992e,9,user_ba8b1c05,0.460194
user_3bb7992e,10,user_08e9ce6e,0.431649
user_3bb7992e,11,user_201c8c78,0.428763
user_3bb7992e,12,user_5159d3a1,0.423582
user_3bb7992e,13,user_8285a696,0.417041
user_3bb7992e,14,user_f827c7dd,0.381456
user_3bb7992e,15,user_7b052f32,0.333955
user_3ce4c1f8,1,user_124651ff,0.298640
user_3ce4c1f8,2,user_8e5bead9,0.291074
user_3ce4c1f8,3,user_66772d98,0.276498
user_3ce4c1f8,4,user_e696f3ae,0.220063
user_3ce4c1f8,5,user_ee05ee55,0.195925
user_3ce4c1f8,6,user_147d1bbb,0.184615
user_3ce4c1f8,7,user_39aad1a2,0.178545
user_3ce4c1f8,8,user_abde0618,0.163539
user_3ce4c1f8,9,user_9da8848a,0.147764
user_3ce4c1f8,10,user_8285a696,0.131782
user_3ce4c1f8,11,user_a2480011,0.130943
user_3ce4c1f8,12,user_8e97a154,0.116322
user_3ce4c1f8,13,user_18522854,0.111999
user_3ce4c1f8,14,user_ff7631ef,0.101543
user_3ce4c1f8,15,user_c67f26cc,0.079903
user_3e284ba5,1,user_afff552a,0.558655
user_3e284ba5,2,user_650da71b,0.490462
user_3e284ba5,3,user_25b48a9a,0.488823
user_3e284ba5,4,user_a00e0552,0.487306
user_3e284ba5,5,user_c50a487d,0.474125
user_3e284ba5,6,user_ca6074df,0.471442
user_3e284ba5,7,user_259776c7,0.467977
user_3e284ba5,8,user_3e284ba5,0.465119
user_3e284ba5,9,user_fdc08e26,0.463778
user_3e284ba5,10,user_91db6e48,0.463479
user_3e284ba5,11,user_885e8708,0.437240
user_3e284ba5,12,user_8e97a154,0.436617
user_3e284ba5,13,user_5f4ee256,0.431599
user_3e284ba5,14,user_ee14f818,0.430120
user_3e284ba5,15,user_6bf0e007,0.421142
user_3eb49f37,1,user_3eb49f37,0.589604
user_3eb49f37,2,user_04d8419e,0.500198
user_3eb49f37,3,user_058d9dc1,0.497093
user_3eb49f37,4,user_d5d4fc6e,0.493734
user_3eb49f37,5,user_6fc85c06,0.481077
user_3eb49f37,6,user_423c81dc,0.467236
user_3eb49f37,7,user_98a676ce,0.459764
user_3eb49f37,8,user_1bcbacb3,0.456581
user_3eb49f37,9,user_d4b7e22e,0.452041
user_3eb49f37,10,user_823846de,0.451786
user_3eb49f37,11,user_efa5697b,0.436099
user_3eb49f37,12,user_7322f4ef,0.383583
user_3eb49f37,13,user_a2503734,0.310436
user_3eb49f37,14,user_fc1cfe0b,0.296320
user_3eb49f37,15,user_5d7cbf11,0.240550
user_3f1d04a6,1,user_406c399e,0.482504
user_3f1d04a6,2,user_c8e749e2,0.470322
user_3f1d04a6,3,user_74c84045,0.457422
user_3f1d04a6,4,user_1302cb61,0.449616
user_3f1d04a6,5,user_e30558fe,0.438566
user_3f1d04a6,6,user_b2dd04c8,0.436358
user_3f1d04a6,7,user_3f1d04a6,0.417739
user_3f1d04a6,8,user_5159d3a1,0.406615
user_3f1d04a6,9,user_f930e37f,0.375220
user_3f1d04a6,10,user_80da26a6,0.375098
user_3f1d04a6,11,user_2a94c885,0.371140
user_3f1d04a6,12,user_8e97a154,0.323784
user_3f1d04a6,13,user_1936a7c3,0.270587
user_3f1d04a6,14,user_9bee2a7c,0.242880
user_3f1d04a6,15,user_4a57e449,0.132512
user_3f2894b5,1,user_3f2894b5,0.488692
user_3f2894b5,2,user_dc326993,0.474502
user_3f2894b5,3,user_8285a696,0.458595
user_3f2894b5,4,user_201c8c78,0.441605
user_3f2894b5,5,user_406c399e,0.441162
user_3f2894b5,6,user_8e97a154,0.422969
user_3f2894b5,7,user_c67f26cc,0.393560
user_3f2894b5,8,user_5159d3a1,0.387089
user_3f2894b5,9,user_fdc08e26,0.380254
user_3f2894b5,10,user_6bf0e007,0.353282
user_3f2894b5,11,user_f368b9da,0.346857
user_3f2894b5,12,user_11e8421f,0.344913
user_3f2894b5,13,user_7b052f32,0.320389
user_3f2894b5,14,user_5d7cbf11,0.258642
user_3f2894b5,15,user_6a0b0e92,0.251614
user_3f798a8b,1,user_74d27419,0.430260
user_3f798a8b,2,user_e802076d,0.423610
user_3f798a8b,3,user_3f798a8b,0.418813
user_3f798a8b,4,user_15179955,0.354376
user_3f798a8b,5,user_68d19df8,0.351485
user_3f798a8b,6,user_afff552a,0.350591
user_3f798a8b,7,user_ebe17c78,0.323684
user_3f798a8b,8,user_8292753c,0.300937
user_3f798a8b,9,user_4e54f3d7,0.282159
user_3f798a8b,10,user_8fe14601,0.273414
user_3f798a8b,11,user_65d73ac1,0.270993
user_3f798a8b,12,user_dc32d458,0.252653
user_3f798a8b,13,user_4a57e449,0.239381
user_3f798a8b,14,user_2f766c23,0.230490
user_3f798a8b,15,user_b6350ec1,0.208921
user_3ff3188b,1,user_3f798a8b,0.420109
user_3ff3188b,2,user_3ff88cf0,0.383512
user_3ff3188b,3,user_b2aba63a,0.352915
user_3ff3188b,4,user_46bb5302,0.351366
user_3ff3188b,5,user_e409a56d,0.321239
user_3ff3188b,6,user_201c8c78,0.318983
user_3ff3188b,7,user_372c2b3e,0.312552
user_3ff3188b,8,user_4e54f3d7,0.284902
user_3ff3188b,9,user_8292753c,0.265248
user_3ff3188b,10,user_3e284ba5,0.253806
user_3ff3188b,11,user_75905116,0.218852
user_3ff3188b,12,user_0c578ab5,0.175156
user_3ff3188b,13,user_166a3647,0.110657
user_3ff3188b,14,user_8006727d,0.101910
user_3ff3188b,15,user_38390331,0.071909
user_3ff88cf0,1,user_3ff88cf0,0.577525
user_3ff88cf0,2,user_db4c3fb9,0.505701
user_3ff88cf0,3,user_46bb5302,0.500226
user_3ff88cf0,4,user_0bd8ba7c,0.470632
user_3ff88cf0,5,user_166a3647,0.467597
user_3ff88cf0,6,user_8f8346ad,0.465863
user_3ff88cf0,7,user_3f798a8b,0.454423
user_3ff88cf0,8,user_b14ec02b,0.443613
user_3ff88cf0,9,user_9c7183c8,0.435597
user_3ff88cf0,10,user_4e54f3d7,0.434822
user_3ff88cf0,11,user_201c8c78,0.421677
user_3ff88cf0,12,user_c96b90fe,0.403860
user_3ff88cf0,13,user_c92c8f83,0.384944
user_3ff88cf0,14,user_b16e0cf8,0.382652
user_3ff88cf0,15,user_9fefea54,0.367630
user_40a0bad3,1,user_40a0bad3,0.500475
user_40a0bad3,2,user_4e54f3d7,0.470875
user_40a0bad3,3,user_4607d25d,0.459572
user_40a0bad3,4,user_8285a696,0.406598
user_40a0bad3,5,user_e802076d,0.386996
user_40a0bad3,6,user_26565155,0.383461
user_40a0bad3,7,user_25b48a9a,0.365937
user_40a0bad3,8,user_e4f8ab0c,0.336497
user_40a0bad3,9,user_201c8c78,0.328594
user_40a0bad3,10,user_84c14a6f,0.302855
user_40a0bad3,11,user_406c399e,0.258978
user_40a0bad3,12,user_5159d3a1,0.239784
user_40a0bad3,13,user_6a0b0e92,0.226088
user_40a0bad3,14,user_afff552a,0.215998
user_40a0bad3,15,user_6bf0e007,0.184956
user_40efa894,1,user_f7fd2885,0.497859
user_40efa894,2,user_e409a56d,0.489620
user_40efa894,3,user_25652863,0.487666
user_40efa894,4,user_75905116,0.483701
user_40efa894,5,user_82c86537,0.468543
user_40efa894,6,user_201c8c78,0.453914
user_40efa894,7,user_ecba8131,0.442484
user_40efa894,8,user_4607d25d,0.429234
user_40efa894,9,user_ba8b1c05,0.423063
user_40efa894,10,user_f3377028,0.419990
user_40efa894,11,user_bd19a016,0.387800
user_40efa894,12,user_04f39d22,0.382808
user_40efa894,13,user_1022be44,0.370342
user_40efa894,14,user_d5b21e00,0.298945
user_40efa894,15,user_5159d3a1,0.222261
user_41b20ee4,1,user_3431c049,0.504624
user_41b20ee4,2,user_a00e0552,0.459950
user_41b20ee4,3,user_ba085464,0.452262
user_41b20ee4,4,user_64cd3098,0.434550
user_41b20ee4,5,user_9818dcae,0.415738
user_41b20ee4,6,user_76fc8dcd,0.412418
user_41b20ee4,7,user_8713f22a,0.408026
user_41b20ee4,8,user_91db6e48,0.402329
user_41b20ee4,9,user_20a01575,0.357463
user_41b20ee4,10,user_8fb63eca,0.335087
user_41b20ee4,11,user_4f3b6241,0.314516
user_41b20ee4,12,user_5c5a0b40,0.314360
user_41b20ee4,13,user_0c578ab5,0.292490
user_41b20ee4,14,user_03410579,0.255251
user_41b20ee4,15,user_02fecea2,0.252694
user_433bdef0,1,user_d4c7b4c0,0.539096
user_433bdef0,2,user_c50a487d,0.518356
user_433bdef0,3,user_259776c7,0.499820
user_433bdef0,4,user_5c82df31,0.490170
user_433bdef0,5,user_5c5a0b40,0.484150
user_433bdef0,6,user_a00e0552,0.481069
user_433bdef0,7,user_9818dcae,0.463164
user_433bdef0,8,user_8e5e899b,0.454172
user_433bdef0,9,user_7b052f32,0.422756
user_433bdef0,10,user_a01f16ac,0.386442
user_433bdef0,11,user_8e97a154,0.379500
user_433bdef0,12,user_ee14f818,0.367317
user_433bdef0,13,user_0128a546,0.351333
user_433bdef0,14,user_93cdb7a1,0.349285
user_433bdef0,15,user_ff39b6cf,0.347912
user_434f3511,1,user_ded778b8,0.636960
user_434f3511,2,user_baeb91b3,0.619903
user_434f3511,3,user_83585fc6,0.608643
user_434f3511,4,user_56e6d0cd,0.588250
user_434f3511,5,user_20a01575,0.506904
user_434f3511,6,user_a0517bef,0.489978
user_434f3511,7,user_72bed676,0.484629
user_434f3511,8,user_02fecea2,0.479351
user_434f3511,9,user_815b7baf,0.469168
user_434f3511,10,user_ac6d6bff,0.464831
user_434f3511,11,user_36e75535,0.455716
user_434f3511,12,user_434f3511,0.448910
user_434f3511,13,user_e2e59795,0.421883
user_434f3511,14,user_93cdb7a1,0.385491
user_434f3511,15,user_4bd9303b,0.370547
user_44567221,1,user_5a6f92a6,0.555917
user_44567221,2,user_c50a487d,0.424763
user_44567221,3,user_efcacf59,0.275469
user_44567221,4,user_8e97a154,0.182756
user_44567221,5,user_55058479,0.167833
user_44567221,6,user_c0eba9f2,0.167604
user_44567221,7,user_11e8421f,0.103111
user_44567221,8,user_8285a696,0.102079
user_44567221,9,user_5c82df31,0.098241
user_44567221,10,user_7c8639cd,0.092684
user_44567221,11,user_f75c71f0,0.088147
user_44567221,12,user_1cfedba8,0.064347
user_44567221,13,user_a4aab257,0.063976
user_44567221,14,user_6b311f43,0.063917
user_44567221,15,user_18522854,0.059367
user_454733da,1,user_454733da,0.369368
user_454733da,2,user_bd05225b,0.339841
user_454733da,3,user_598cc905,0.323295
user_454733da,4,user_eafc973e,0.315582
user_454733da,5,user_723406a0,0.270585
user_454733da,6,user_a2503734,0.239621
user_454733da,7,user_9ffdf5e5,0.230662
user_454733da,8,user_ba4a78fc,0.206177
user_454733da,9,user_3bb7992e,0.205900
user_454733da,10,user_5d7cbf11,0.204597
user_454733da,11,user_dcf52d26,0.204002
user_454733da,12,user_d0a0f883,0.198747
user_454733da,13,user_4db0d490,0.190693
user_454733da,14,user_59e8bc2a,0.185129
user_454733da,15,user_dc20c886,0.139731
user_45926b89,1,user_45926b89,0.577088
user_45926b89,2,user_6011e674,0.573571
user_45926b89,3,user_dc32d458,0.553051
user_45926b89,4,user_80da26a6,0.544731
user_45926b89,5,user_d54f676e,0.533609
user_45926b89,6,user_4607d25d,0.512467
user_45926b89,7,user_83e30c57,0.482453
user_45926b89,8,user_84c14a6f,0.473010
user_45926b89,9,user_f654c33b,0.465579
user_45926b89,10,user_82d93459,0.430402
user_45926b89,11,user_91f5e7af,0.422740
user_45926b89,12,user_30802254,0.415148
user_45926b89,13,user_56980aa9,0.365865
user_45926b89,14,user_165a2706,0.354747
user_45926b89,15,user_5881b259,0.315635
user_45d008d3,1,user_598cc905,0.467624
user_45d008d3,2,user_9ffdf5e5,0.416886
user_45d008d3,3,user_f5c4370b,0.411663
user_45d008d3,4,user_1bcbacb3,0.408658
user_45d008d3,5,user_4db0d490,0.400906
user_45d008d3,6,user_a04b2a78,0.398214
user_45d008d3,7,user_dcf52d26,0.396510
user_45d008d3,8,user_8c193f56,0.347009
user_45d008d3,9,user_86685a27,0.312725
user_45d008d3,10,user_bd05225b,0.298449
user_45d008d3,11,user_37cd2dc9,0.298020
user_45d008d3,12,user_17355c30,0.289192
user_45d008d3,13,user_c883258f,0.245950
user_45d008d3,14,user_e4ab67b6,0.171327
user_45d008d3,15,user_5d7cbf11,0.171111
user_4607d25d,1,user_4607d25d,0.584214
user_4607d25d,2,user_8e97a154,0.569070
user_4607d25d,3,user_5c82df31,0.560021
user_4607d25d,4,user_c50a487d,0.537364
user_4607d25d,5,user_e7a55eac,0.491633
user_4607d25d,6,user_9818dcae,0.475881
user_4607d25d,7,user_8285a696,0.444424
user_4607d25d,8,user_df8dc9bb,0.427505
user_4607d25d,9,user_6bf0e007,0.416378
user_4607d25d,10,user_3f1d04a6,0.414981
user_4607d25d,11,user_ee14f818,0.392371
user_4607d25d,12,user_93cdb7a1,0.363433
user_4607d25d,13,user_7b052f32,0.356429
user_4607d25d,14,user_18522854,0.347019
user_4607d25d,15,user_74cfb8ef,0.259641
user_46e2e7ec,1,user_46e2e7ec,0.602429
user_46e2e7ec,2,user_1230e05a,0.488823
user_46e2e7ec,3,user_1e302679,0.454526
user_46e2e7ec,4,user_f14dc486,0.440025
user_46e2e7ec,5,user_7aa3746b,0.414152
user_46e2e7ec,6,user_5bc74ae7,0.396572
user_46e2e7ec,7,user_245fd42f,0.381926
user_46e2e7ec,8,user_6ae9ce92,0.376177
user_46e2e7ec,9,user_840e0a93,0.356827
user_46e2e7ec,10,user_dc32d458,0.320322
user_46e2e7ec,11,user_c8e749e2,0.307621
user_46e2e7ec,12,user_e409a56d,0.289374
user_46e2e7ec,13,user_6011e674,0.280663
user_46e2e7ec,14,user_5a6c91dd,0.264929
user_46e2e7ec,15,user_cc1c8897,0.249316
user_476670f9,1,user_378003e3,0.522823
user_476670f9,2,user_1b7f8c56,0.507592
user_476670f9,3,user_b14ec02b,0.506882
user_476670f9,4,user_a01f16ac,0.492862
user_476670f9,5,user_ca6074df,0.462847
user_476670f9,6,user_db4c3fb9,0.443518
user_476670f9,7,user_2f4cc646,0.415749
user_476670f9,8,user_da51dede,0.400910
user_476670f9,9,user_201c8c78,0.391491
user_476670f9,10,user_8e48a3f8,0.357761
user_476670f9,11,user_9818dcae,0.341803
user_476670f9,12,user_1fb646f2,0.319303
user_476670f9,13,user_259776c7,0.310696
user_476670f9,14,user_166a3647,0.238868
user_476670f9,15,user_98f18241,0.213868
user_4aaa8404,1,user_4aaa8404,0.542162
user_4aaa8404,2,user_a973cf8e,0.464917
user_4aaa8404,3,user_8ac8f24f,0.440044
user_4aaa8404,4,user_c0392523,0.439157
user_4aaa8404,5,user_d10d1f24,0.419472
user_4aaa8404,6,user_daf53db6,0.417520
user_4aaa8404,7,user_16ac4154,0.409754
user_4aaa8404,8,user_8da30894,0.394526
user_4aaa8404,9,user_aa2fbe83,0.393692
user_4aaa8404,10,user_2dc10d2d,0.378928
user_4aaa8404,11,user_c41de62b,0.372543
user_4aaa8404,12,user_c8f82360,0.340533
user_4aaa8404,13,user_2817ec11,0.314663
user_4aaa8404,14,user_00723699,0.285143
user_4aaa8404,15,user_543e79f5,0.137439
user_4ab9d510,1,user_723406a0,0.613311
user_4ab9d510,2,user_3085d204,0.526252
user_4ab9d510,3,user_8285a696,0.508387
user_4ab9d510,4,user_4607d25d,0.505245
user_4ab9d510,5,user_aae78e0d,0.490628
user_4ab9d510,6,user_6bf0e007,0.485908
user_4ab9d510,7,user_ee14f818,0.477642
user_4ab9d510,8,user_91f5e7af,0.465095
user_4ab9d510,9,user_e802076d,0.456791
user_4ab9d510,10,user_c154e834,0.449747
user_4ab9d510,11,user_0285dee3,0.447427
user_4ab9d510,12,user_fdc08e26,0.432944
user_4ab9d510,13,user_94f185bc,0.430016
user_4ab9d510,14,user_406c399e,0.374612
user_4ab9d510,15,user_3f2fbc90,0.371582
user_4b139395,1,user_0c8c48ac,0.532481
user_4b139395,2,user_c67f26cc,0.501067
user_4b139395,3,user_f862100c,0.487247
user_4b139395,4,user_1dc24686,0.463534
user_4b139395,5,user_cce4f9c2,0.450288
user_4b139395,6,user_f10e7063,0.443106
user_4b139395,7,user_039d004e,0.413334
user_4b139395,8,user_e59c000f,0.366016
user_4b139395,9,user_3a55606c,0.345367
user_4b139395,10,user_e8e9acac,0.326039
user_4b139395,11,user_5d7cbf11,0.312615
user_4b139395,12,user_a2825b06,0.298669
user_4b139395,13,user_4d4f73a6,0.272053
user_4b139395,14,user_0a3f46b9,0.270958
user_4b139395,15,user_4db0d490,0.235661
user_4b8335bd,1,user_e30558fe,0.496948
user_4b8335bd,2,user_3f1d04a6,0.483169
user_4b8335bd,3,user_74c84045,0.480946
user_4b8335bd,4,user_9fc3c829,0.453206
user_4b8335bd,5,user_2eaaa117,0.410708
user_4b8335bd,6,user_5d7cbf11,0.392669
user_4b8335bd,7,user_6169d3b8,0.368619
user_4b8335bd,8,user_5159d3a1,0.364932
user_4b8335bd,9,user_c8e749e2,0.354089
user_4b8335bd,10,user_840e0a93,0.318915
user_4b8335bd,11,user_07db2c6a,0.304195
user_4b8335bd,12,user_bd19a016,0.214776
user_4b8335bd,13,user_d5b21e00,0.191826
user_4b8335bd,14,user_04d8419e,0.149848
user_4b8335bd,15,user_40efa894,0.127428
user_4bd9303b,1,user_74cfb8ef,0.454349
user_4bd9303b,2,user_c50a487d,0.396202
user_4bd9303b,3,user_a7b901f2,0.387105
user_4bd9303b,4,user_815b7baf,0.363418
user_4bd9303b,5,user_201c8c78,0.347601
user_4bd9303b,6,user_c8f82360,0.288374
user_4bd9303b,7,user_ee14f818,0.262845
user_4bd9303b,8,user_6bf0e007,0.256653
user_4bd9303b,9,user_5159d3a1,0.242034
user_4bd9303b,10,user_fdc08e26,0.236918
user_4bd9303b,11,user_7c3d63ce,0.170219
user_4bd9303b,12,user_65d73ac1,0.147356
user_4bd9303b,13,user_08e9ce6e,0.116641
user_4bd9303b,14,user_a16d1fb6,0.092687
user_4bd9303b,15,user_80dc757f,0.090623
user_4cad4295,1,user_1302cb61,0.421722
user_4cad4295,2,user_e6057285,0.365024
user_4cad4295,3,user_9818dcae,0.362115
user_4cad4295,4,user_bbb0205e,0.330380
user_4cad4295,5,user_6c2d672f,0.312999
user_4cad4295,6,user_4cad4295,0.281842
user_4cad4295,7,user_aa2fbe83,0.278475
user_4cad4295,8,user_1f636ddc,0.268197
user_4cad4295,9,user_1c45ab75,0.250952
user_4cad4295,10,user_aa4cc34a,0.224067
user_4cad4295,11,user_414a6eaf,0.213526
user_4cad4295,12,user_815b7baf,0.170168
user_4cad4295,13,user_3b79395c,0.149636
user_4cad4295,14,user_03410579,0.122194
user_4cad4295,15,user_02fecea2,0.110923
user_4d4f73a6,1,user_56e6d0cd,0.460927
user_4d4f73a6,2,user_afff552a,0.444149
user_4d4f73a6,3,user_4d4f73a6,0.438407
user_4d4f73a6,4,user_5a5bee64,0.426482
user_4d4f73a6,5,user_885e8708,0.375224
user_4d4f73a6,6,user_43a979d2,0.346840
user_4d4f73a6,7,user_acd6ddfb,0.342590
user_4d4f73a6,8,user_e5a6abbe,0.335750
user_4d4f73a6,9,user_a00e0552,0.287938
user_4d4f73a6,10,user_54b19b29,0.275999
user_4d4f73a6,11,user_2c69b83e,0.259618
user_4d4f73a6,12,user_3121653d,0.257012
user_4d4f73a6,13,user_c9007141,0.254986
user_4d4f73a6,14,user_07cb458d,0.226114
user_4d4f73a6,15,user_6bf0e007,0.214348
user_4e42bf97,1,user_4e42bf97,0.606732
user_4e42bf97,2,user_7b052f32,0.524775
user_4e42bf97,3,user_1d775dd8,0.524081
user_4e42bf97,4,user_80da26a6,0.520670
user_4e42bf97,5,user_ee14f818,0.510721
user_4e42bf97,6,user_6bf0e007,0.503101
user_4e42bf97,7,user_4607d25d,0.493142
user_4e42bf97,8,user_36d44add,0.458792
user_4e42bf97,9,user_f6188968,0.456090
user_4e42bf97,10,user_0285dee3,0.418834
user_4e42bf97,11,user_8285a696,0.411587
user_4e42bf97,12,user_94f185bc,0.404944
user_4e42bf97,13,user_5159d3a1,0.347138
user_4e42bf97,14,user_b9b94432,0.330852
user_4e42bf97,15,user_6a0b0e92,0.280932
user_4e54f3d7,1,user_4e54f3d7,0.515636
user_4e54f3d7,2,user_8f8346ad,0.489686
user_4e54f3d7,3,user_a01f16ac,0.402143
user_4e54f3d7,4,user_4607d25d,0.381212
user_4e54f3d7,5,user_66a7ce5a,0.374676
user_4e54f3d7,6,user_df3c19a7,0.355899
user_4e54f3d7,7,user_bdcc6e7d,0.354612
user_4e54f3d7,8,user_84c14a6f,0.321255
user_4e54f3d7,9,user_3f2fbc90,0.300753
user_4e54f3d7,10,user_0285dee3,0.278202
user_4e54f3d7,11,user_30802254,0.243517
user_4e54f3d7,12,user_6a0b0e92,0.234128
user_4e54f3d7,13,user_6bf0e007,0.221979
user_4e54f3d7,14,user_2a94c885,0.160643
user_4e54f3d7,15,user_94f185bc,0.140425
user_4f3b6241,1,user_7a8f7f3e,0.480634
user_4f3b6241,2,user_c903d3bb,0.480045
user_4f3b6241,3,user_bdcc6e7d,0.460081
user_4f3b6241,4,user_ee14f818,0.448575
user_4f3b6241,5,user_13fb2e34,0.441718
user_4f3b6241,6,user_04d29f9c,0.394941
user_4f3b6241,7,user_7b052f32,0.382118
user_4f3b6241,8,user_b2dd04c8,0.378500
user_4f3b6241,9,user_3e284ba5,0.318983
user_4f3b6241,10,user_98f18241,0.280206
user_4f3b6241,11,user_0285dee3,0.218383
user_4f3b6241,12,user_6bf0e007,0.203054
user_4f3b6241,13,user_8006727d,0.187649
user_4f3b6241,14,user_c0eba9f2,0.146754
user_4f3b6241,15,user_c06d9b71,0.121375
user_4f8b6987,1,user_32f31383,0.533740
user_4f8b6987,2,user_f654c33b,0.526809
user_4f8b6987,3,user_30802254,0.503626
user_4f8b6987,4,user_39b3eda0,0.468357
user_4f8b6987,5,user_23ecc36a,0.451690
user_4f8b6987,6,user_d69d04b7,0.451373
user_4f8b6987,7,user_27a3fa64,0.427824
user_4f8b6987,8,user_f52ced02,0.404117
user_4f8b6987,9,user_4f8b6987,0.380867
user_4f8b6987,10,user_94f185bc,0.380571
user_4f8b6987,11,user_bbe73426,0.363172
user_4f8b6987,12,user_7fd91653,0.353624
user_4f8b6987,13,user_c0eba9f2,0.308857
user_4f8b6987,14,user_6d071251,0.305934
user_4f8b6987,15,user_6a0b0e92,0.280500
user_500badda,1,user_64cd3098,0.575130
user_500badda,2,user_26fa9d90,0.551256
user_500badda,3,user_d2c97c8e,0.521194
user_500badda,4,user_b2aba63a,0.519329
user_500badda,5,user_500badda,0.478539
user_500badda,6,user_74cfb8ef,0.468083
user_500badda,7,user_75905116,0.446529
user_500badda,8,user_a7b901f2,0.418874
user_500badda,9,user_201c8c78,0.401173
user_500badda,10,user_4bd9303b,0.391959
user_500badda,11,user_5159d3a1,0.383970
user_500badda,12,user_8e48a3f8,0.344016
user_500badda,13,user_93cdb7a1,0.309645
user_500badda,14,user_0c578ab5,0.291121
user_500badda,15,user_687feee4,0.239811
user_5062c872,1,user_e409a56d,0.476019
user_5062c872,2,user_f3377028,0.455507
user_5062c872,3,user_795650bb,0.411706
user_5062c872,4,user_bf30f80d,0.395332
user_5062c872,5,user_04f39d22,0.391725
user_5062c872,6,user_75905116,0.377896
user_5062c872,7,user_ecba8131,0.373107
user_5062c872,8,user_4607d25d,0.334140
user_5062c872,9,user_5062c872,0.296079
user_5062c872,10,user_6fa47d61,0.295494
user_5062c872,11,user_bd19a016,0.294671
user_5062c872,12,user_2efde048,0.282911
user_5062c872,13,user_82c86537,0.274882
user_5062c872,14,user_201c8c78,0.270536
user_5062c872,15,user_5159d3a1,0.221483
user_515ae840,1,user_afff552a,0.463244
user_515ae840,2,user_fba6bcd4,0.444790
user_515ae840,3,user_ec574395,0.440563
user_515ae840,4,user_e4f8ab0c,0.440016
user_515ae840,5,user_eae91488,0.434880
user_515ae840,6,user_56980aa9,0.424428
user_515ae840,7,user_79f04645,0.420471
user_515ae840,8,user_406c399e,0.398136
user_515ae840,9,user_e5beda2b,0.384761
user_515ae840,10,user_7aa3746b,0.382533
user_515ae840,11,user_515ae840,0.375418
user_515ae840,12,user_8ce972f1,0.354038
user_515ae840,13,user_a743aff9,0.270093
user_515ae840,14,user_2a94c885,0.254419
user_515ae840,15,user_6bf0e007,0.227489
user_524450e9,1,user_030cf51a,0.546934
user_524450e9,2,user_8ac8f24f,0.535079
user_524450e9,3,user_5c82df31,0.526012
user_524450e9,4,user_8e97a154,0.512099
user_524450e9,5,user_e93dfaa2,0.503425
user_524450e9,6,user_18522854,0.465508
user_524450e9,7,user_f51339f8,0.464991
user_524450e9,8,user_39b3eda0,0.454699
user_524450e9,9,user_27a3fa64,0.400148
user_524450e9,10,user_7924afc9,0.392521
user_524450e9,11,user_f75c71f0,0.380975
user_524450e9,12,user_bdcc6e7d,0.371833
user_524450e9,13,user_ebddf9c1,0.298613
user_524450e9,14,user_959adfc8,0.290561
user_524450e9,15,user_7fd91653,0.264054
user_529e3009,1,user_529e3009,0.593910
user_529e3009,2,user_6fbf6191,0.571458
user_529e3009,3,user_869fcb2b,0.558512
user_529e3009,4,user_69df6330,0.478493
user_529e3009,5,user_f75c71f0,0.392811
user_529e3009,6,user_36dd1253,0.353254
user_529e3009,7,user_02d03e8a,0.339342
user_529e3009,8,user_89f449b4,0.312502
user_529e3009,9,user_ef954c6e,0.296839
user_529e3009,10,user_cb2fe204,0.269159
user_529e3009,11,user_b5af9db9,0.265233
user_529e3009,12,user_7c8639cd,0.250724
user_529e3009,13,user_f107081e,0.233501
user_529e3009,14,user_5c82df31,0.218378
user_529e3009,15,user_80dc757f,0.195104
user_52d3881c,1,user_52d3881c,0.570121
user_52d3881c,2,user_3535252b,0.433714
user_52d3881c,3,user_d93b53bd,0.414757
user_52d3881c,4,user_10e64e28,0.404234
user_52d3881c,5,user_ef05ad51,0.380411
user_52d3881c,6,user_c157ca97,0.370625
user_52d3881c,7,user_6b86248b,0.356538
user_52d3881c,8,user_bf69de98,0.349727
user_52d3881c,9,user_52c9252c,0.326565
user_52d3881c,10,user_7a7dda35,0.315997
user_52d3881c,11,user_b8daec75,0.277544
user_52d3881c,12,user_795eb408,0.276039
user_52d3881c,13,user_833d8832,0.271264
user_52d3881c,14,user_1ef33a43,0.201491
user_52d3881c,15,user_1f1dc5e0,0.170235
user_53325367,1,user_be018f9d,0.484954
user_53325367,2,user_65d73ac1,0.251427
user_53325367,3,user_53325367,0.249967
user_53325367,4,user_0bd8ba7c,0.248106
user_53325367,5,user_f14dc486,0.239137
user_53325367,6,user_c34e791e,0.231932
user_53325367,7,user_b6b89f00,0.226574
user_53325367,8,user_b16e0cf8,0.202189
user_53325367,9,user_5159d3a1,0.197357
user_53325367,10,user_2cb4b018,0.197202
user_53325367,11,user_f930e37f,0.179479
user_53325367,12,user_9bee2a7c,0.151665
user_53325367,13,user_1cfedba8,0.132295
user_53325367,14,user_2efde048,0.110211
user_53325367,15,user_4a57e449,0.068851
user_54c1ebee,1,user_c50a487d,0.547066
user_54c1ebee,2,user_93cdb7a1,0.513698
user_54c1ebee,3,user_54c1ebee,0.495473
user_54c1ebee,4,user_c3040c7c,0.469656
user_54c1ebee,5,user_55058479,0.468933
user_54c1ebee,6,user_8713f22a,0.450920
user_54c1ebee,7,user_5c82df31,0.434337
user_54c1ebee,8,user_3bc84c13,0.424206
user_54c1ebee,9,user_36e75535,0.420799
user_54c1ebee,10,user_7a8f7f3e,0.339064
user_54c1ebee,11,user_59d9db83,0.315355
user_54c1ebee,12,user_27a3fa64,0.293344
user_54c1ebee,13,user_8e48a3f8,0.282684
user_54c1ebee,14,user_920c074a,0.259877
user_54c1ebee,15,user_f4f9490d,0.120464
user_56909460,1,user_fdc08e26,0.480040
user_56909460,2,user_a04b2a78,0.475324
user_56909460,3,user_c4b781ce,0.442887
user_56909460,4,user_0285dee3,0.429938
user_56909460,5,user_ee14f818,0.411624
user_56909460,6,user_b2dd04c8,0.392504
user_56909460,7,user_df8dc9bb,0.375764
user_56909460,8,user_7b052f32,0.337172
user_56909460,9,user_8285a696,0.334433
user_56909460,10,user_a16d1fb6,0.309794
user_56909460,11,user_5d7cbf11,0.280198
user_56909460,12,user_6bf0e007,0.260060
user_56909460,13,user_8e97a154,0.233884
user_56909460,14,user_5d35f631,0.218822
user_56909460,15,user_94f185bc,0.163136
user_56980aa9,1,user_5c82df31,0.498933
user_56980aa9,2,user_4607d25d,0.490592
user_56980aa9,3,user_56980aa9,0.477223
user_56980aa9,4,user_3f2fbc90,0.471892
user_56980aa9,5,user_f10e7063,0.429872
user_56980aa9,6,user_98a676ce,0.419176
user_56980aa9,7,user_f862100c,0.377618
user_56980aa9,8,user_8285a696,0.365568
user_56980aa9,9,user_6fc85c06,0.361155
user_56980aa9,10,user_a4ae4e77,0.329416
user_56980aa9,11,user_5f4ee256,0.325265
user_56980aa9,12,user_c67f26cc,0.318397
user_56980aa9,13,user_723406a0,0.309315
user_56980aa9,14,user_6a0b0e92,0.174723
user_56980aa9,15,user_5d7cbf11,0.166074
user_5738db35,1,user_5738db35,0.527508
user_5738db35,2,user_91321efa,0.459380
user_5738db35,3,user_ee05ee55,0.433308
user_5738db35,4,user_3239132f,0.432603
user_5738db35,5,user_0b1b1d1c,0.410904
user_5738db35,6,user_f2f860bd,0.353844
user_5738db35,7,user_c3040c7c,0.353166
user_5738db35,8,user_ea67f9c6,0.315454
user_5738db35,9,user_1246b252,0.288093
user_5738db35,10,user_c50a487d,0.272466
user_5738db35,11,user_19622b77,0.257432
user_5738db35,12,user_40efa894,0.255587
user_5738db35,13,user_9a307ebe,0.237978
user_5738db35,14,user_c0eba9f2,0.204346
user_5738db35,15,user_cd100edd,0.186944
user_582ff5b2,1,user_582ff5b2,0.598316
user_582ff5b2,2,user_45926b89,0.549442
user_582ff5b2,3,user_e6dd44b0,0.539737
user_582ff5b2,4,user_afff552a,0.525691
user_582ff5b2,5,user_79a1811b,0.499940
user_582ff5b2,6,user_1df51301,0.492202
user_582ff5b2,7,user_91f5e7af,0.486309
user_582ff5b2,8,user_80da26a6,0.457731
user_582ff5b2,9,user_84c14a6f,0.433256
user_582ff5b2,10,user_56980aa9,0.376738
user_582ff5b2,11,user_ebddf9c1,0.352529
user_582ff5b2,12,user_e8a7be73,0.328806
user_582ff5b2,13,user_406c399e,0.322581
user_582ff5b2,14,user_0669bdf6,0.318840
user_582ff5b2,15,user_3f2fbc90,0.265268
user_586752e4,1,user_e8e9acac,0.556507
user_586752e4,2,user_b628264a,0.492180
user_586752e4,3,user_17355c30,0.479722
user_586752e4,4,user_723406a0,0.460826
user_586752e4,5,user_dd0bd02d,0.437377
user_586752e4,6,user_586752e4,0.417614
user_586752e4,7,user_04d8419e,0.392367
user_586752e4,8,user_107259c3,0.379876
user_586752e4,9,user_0cc626ee,0.362556
user_586752e4,10,user_5ac1a174,0.357984
user_586752e4,11,user_598cc905,0.340936
user_586752e4,12,user_a04b2a78,0.316801
user_586752e4,13,user_3a55606c,0.274927
user_586752e4,14,user_a4ae4e77,0.274493
user_586752e4,15,user_4d4f73a6,0.180294
user_58892c7c,1,user_afff552a,0.479247
user_58892c7c,2,user_8292753c,0.469294
user_58892c7c,3,user_a9ed5193,0.445077
user_58892c7c,4,user_a01f16ac,0.406821
user_58892c7c,5,user_ded778b8,0.371148
user_58892c7c,6,user_763b4ffe,0.360831
user_58892c7c,7,user_baf68fe9,0.309944
user_58892c7c,8,user_c34e791e,0.293034
user_58892c7c,9,user_c008345b,0.285875
user_58892c7c,10,user_3ff88cf0,0.269248
user_58892c7c,11,user_8006727d,0.246506
user_58892c7c,12,user_46bb5302,0.219490
user_58892c7c,13,user_04f39d22,0.183561
user_58892c7c,14,user_166a3647,0.173236
user_58892c7c,15,user_c06d9b71,0.151644
user_58bfeaad,1,user_64cd3098,0.534155
user_58bfeaad,2,user_e409a56d,0.527741
user_58bfeaad,3,user_26fa9d90,0.503280
user_58bfeaad,4,user_b2aba63a,0.495192
user_58bfeaad,5,user_75905116,0.481409
user_58bfeaad,6,user_82c86537,0.466128
user_58bfeaad,7,user_ba8b1c05,0.457765
user_58bfeaad,8,user_74cfb8ef,0.454418
user_58bfeaad,9,user_04f39d22,0.444171
user_58bfeaad,10,user_201c8c78,0.433246
user_58bfeaad,11,user_ecba8131,0.423769
user_58bfeaad,12,user_4607d25d,0.416657
user_58bfeaad,13,user_a7b901f2,0.411690
user_58bfeaad,14,user_d5b21e00,0.407576
user_58bfeaad,15,user_5159d3a1,0.325108
user_59d9db83,1,user_32f31383,0.465891
user_59d9db83,2,user_41d0c897,0.429050
user_59d9db83,3,user_6a0b0e92,0.422411
user_59d9db83,4,user_2a94c885,0.419229
user_59d9db83,5,user_c8e749e2,0.408406
user_59d9db83,6,user_f6188968,0.404425
user_59d9db83,7,user_a6c2e760,0.404063
user_59d9db83,8,user_0285dee3,0.401322
user_59d9db83,9,user_7b052f32,0.383498
user_59d9db83,10,user_98a676ce,0.377155
user_59d9db83,11,user_bd47000f,0.362629
user_59d9db83,12,user_5159d3a1,0.315245
user_59d9db83,13,user_f930e37f,0.307297
user_59d9db83,14,user_5d7cbf11,0.291033
user_59d9db83,15,user_4607d25d,0.286483
user_5a5bee64,1,user_07cb458d,0.638137
user_5a5bee64,2,user_ca6074df,0.583613
user_5a5bee64,3,user_a01f16ac,0.574483
user_5a5bee64,4,user_b628264a,0.569074
user_5a5bee64,5,user_c8e749e2,0.543199
user_5a5bee64,6,user_3085d204,0.542365
user_5a5bee64,7,user_b4214db6,0.526810
user_5a5bee64,8,user_66a7ce5a,0.520469
user_5a5bee64,9,user_56980aa9,0.517091
user_5a5bee64,10,user_aae78e0d,0.500296
user_5a5bee64,11,user_4607d25d,0.460930
user_5a5bee64,12,user_406c399e,0.426159
user_5a5bee64,13,user_fba6bcd4,0.392855
user_5a5bee64,14,user_030cf51a,0.339842
user_5a5bee64,15,user_6a0b0e92,0.195565
user_5a6c91dd,1,user_b628264a,0.608212
user_5a6c91dd,2,user_c8e749e2,0.562496
user_5a6c91dd,3,user_4607d25d,0.470501
user_5a6c91dd,4,user_c2f18cf7,0.470107
user_5a6c91dd,5,user_0b64b183,0.466680
user_5a6c91dd,6,user_b6350ec1,0.428004
user_5a6c91dd,7,user_aae78e0d,0.381703
user_5a6c91dd,8,user_0285dee3,0.352177
user_5a6c91dd,9,user_b888c512,0.351844
user_5a6c91dd,10,user_829844fd,0.319316
user_5a6c91dd,11,user_e93dfaa2,0.298847
user_5a6c91dd,12,user_5881b259,0.272986
user_5a6c91dd,13,user_6bf0e007,0.257714
user_5a6c91dd,14,user_e7a55eac,0.239081
user_5a6c91dd,15,user_bd19a016,0.134892
user_5a6f92a6,1,user_5a6f92a6,0.435484
user_5a6f92a6,2,user_cf393213,0.363303
user_5a6f92a6,3,user_daf37424,0.359555
user_5a6f92a6,4,user_55058479,0.262799
user_5a6f92a6,5,user_e4f8ab0c,0.252353
user_5a6f92a6,6,user_5c5a0b40,0.246779
user_5a6f92a6,7,user_1b89f77a,0.244095
user_5a6f92a6,8,user_2b03934e,0.241374
user_5a6f92a6,9,user_6bf0e007,0.217538
user_5a6f92a6,10,user_c0eba9f2,0.216849
user_5a6f92a6,11,user_166a3647,0.204137
user_5a6f92a6,12,user_2efde048,0.191783
user_5a6f92a6,13,user_32934d38,0.190038
user_5a6f92a6,14,user_8ce972f1,0.157470
user_5a6f92a6,15,user_6a0b0e92,0.113685
user_5ac1a174,1,user_5ac1a174,0.628821
user_5ac1a174,2,user_438fb63c,0.587546
user_5ac1a174,3,user_88f46c7b,0.438446
user_5ac1a174,4,user_33f2a818,0.406008
user_5ac1a174,5,user_5dc5c2dc,0.385414
user_5ac1a174,6,user_98a676ce,0.365071
user_5ac1a174,7,user_423c81dc,0.364838
user_5ac1a174,8,user_c67f26cc,0.363261
user_5ac1a174,9,user_a4ae4e77,0.360241
user_5ac1a174,10,user_5d7cbf11,0.300341
user_5ac1a174,11,user_6fc85c06,0.295855
user_5ac1a174,12,user_4db0d490,0.284520
user_5ac1a174,13,user_8c6db6ed,0.222277
user_5ac1a174,14,user_2c39731d,0.215217
user_5ac1a174,15,user_f59d3941,0.133292
user_5c09bb3d,1,user_dd1d7b22,0.636139
user_5c09bb3d,2,user_1230e05a,0.620038
user_5c09bb3d,3,user_657c72ca,0.618911
user_5c09bb3d,4,user_5c09bb3d,0.585868
user_5c09bb3d,5,user_8a760553,0.583513
user_5c09bb3d,6,user_73f34c5d,0.500503
user_5c09bb3d,7,user_b6350ec1,0.470081
user_5c09bb3d,8,user_9351238d,0.369817
user_5c09bb3d,9,user_17607ebc,0.344456
user_5c09bb3d,10,user_636ad58f,0.328545
user_5c09bb3d,11,user_aa31484a,0.326131
user_5c09bb3d,12,user_43a979d2,0.317956
user_5c09bb3d,13,user_d70942c1,0.292130
user_5c09bb3d,14,user_406c399e,0.221289
user_5c09bb3d,15,user_8fe14601,0.206382
user_5c5a0b40,1,user_3b1da5d9,0.502851
user_5c5a0b40,2,user_c50a487d,0.479760
user_5c5a0b40,3,user_fdc08e26,0.469337
user_5c5a0b40,4,user_98f18241,0.453896
user_5c5a0b40,5,user_ca6074df,0.446277
user_5c5a0b40,6,user_1df51301,0.425565
user_5c5a0b40,7,user_daf37424,0.420732
user_5c5a0b40,8,user_8c42f323,0.418435
user_5c5a0b40,9,user_6bf0e007,0.387426
user_5c5a0b40,10,user_56980aa9,0.384823
user_5c5a0b40,11,user_b2aba63a,0.372054
user_5c5a0b40,12,user_ee14f818,0.354661
user_5c5a0b40,13,user_8285a696,0.262153
user_5c5a0b40,14,user_32934d38,0.209707
user_5c5a0b40,15,user_6a0b0e92,0.179965
user_5c82df31,1,user_4607d25d,0.483644
user_5c82df31,2,user_3f2fbc90,0.476939
user_5c82df31,3,user_56980aa9,0.437293
user_5c82df31,4,user_737dd050,0.427650
user_5c82df31,5,user_bd47000f,0.424145
user_5c82df31,6,user_5c82df31,0.422066
user_5c82df31,7,user_a973cf8e,0.367107
user_5c82df31,8,user_8285a696,0.360283
user_5c82df31,9,user_80da26a6,0.358843
user_5c82df31,10,user_00723699,0.335172
user_5c82df31,11,user_f75c71f0,0.307960
user_5c82df31,12,user_2a94c885,0.305605
user_5c82df31,13,user_7b052f32,0.239003
user_5c82df31,14,user_6a0b0e92,0.225562
user_5c82df31,15,user_5d7cbf11,0.206516
user_5d1b0daf,1,user_2a704b9c,0.481660
user_5d1b0daf,2,user_b6350ec1,0.466116
user_5d1b0daf,3,user_f654c33b,0.454695
user_5d1b0daf,4,user_5d1b0daf,0.450133
user_5d1b0daf,5,user_0697c470,0.418981
user_5d1b0daf,6,user_9d786aa8,0.371706
user_5d1b0daf,7,user_bdcc6e7d,0.335549
user_5d1b0daf,8,user_4f8b6987,0.328648
user_5d1b0daf,9,user_0285dee3,0.305920
user_5d1b0daf,10,user_d691d016,0.270716
user_5d1b0daf,11,user_91f807b9,0.261978
user_5d1b0daf,12,user_ee89e069,0.260591
user_5d1b0daf,13,user_aa31484a,0.194474
user_5d1b0daf,14,user_5881b259,0.161032
user_5d1b0daf,15,user_3f2fbc90,0.151288
user_5f4ee256,1,user_5ac1a174,0.631619
user_5f4ee256,2,user_a57e47b1,0.595272
user_5f4ee256,3,user_18892460,0.594157
user_5f4ee256,4,user_98a676ce,0.538467
user_5f4ee256,5,user_5dc5c2dc,0.500145
user_5f4ee256,6,user_b628264a,0.495523
user_5f4ee256,7,user_5f4ee256,0.471125
user_5f4ee256,8,user_723406a0,0.435399
user_5f4ee256,9,user_dd1d7b22,0.418413
user_5f4ee256,10,user_4607d25d,0.390994
user_5f4ee256,11,user_56980aa9,0.386208
user_5f4ee256,12,user_73f34c5d,0.343459
user_5f4ee256,13,user_95d648bc,0.308917
user_5f4ee256,14,user_636ad58f,0.211357
user_5f4ee256,15,user_e8a7be73,0.146016
user_6169d3b8,1,user_6169d3b8,0.570011
user_6169d3b8,2,user_259776c7,0.554638
user_6169d3b8,3,user_74cfb8ef,0.514185
user_6169d3b8,4,user_26fa9d90,0.507989
user_6169d3b8,5,user_3353b96b,0.454334
user_6169d3b8,6,user_e5f67397,0.443394
user_6169d3b8,7,user_0128a546,0.426368
user_6169d3b8,8,user_8fb63eca,0.425496
user_6169d3b8,9,user_201c8c78,0.425001
user_6169d3b8,10,user_6476648d,0.420384
user_6169d3b8,11,user_e696f3ae,0.407513
user_6169d3b8,12,user_a411fb06,0.374126
user_6169d3b8,13,user_0c8c48ac,0.326441
user_6169d3b8,14,user_e2e59795,0.303287
user_6169d3b8,15,user_8e92b8c1,0.286851
user_61f90240,1,user_61f90240,0.606895
user_61f90240,2,user_a57e47b1,0.604547
user_61f90240,3,user_9818dcae,0.516976
user_61f90240,4,user_80da26a6,0.512841
user_61f90240,5,user_4607d25d,0.504614
user_61f90240,6,user_a01f16ac,0.469956
user_61f90240,7,user_5c82df31,0.469346
user_61f90240,8,user_ee14f818,0.399070
user_61f90240,9,user_8e97a154,0.396839
user_61f90240,10,user_3239132f,0.395049
user_61f90240,11,user_636ad58f,0.371472
user_61f90240,12,user_3121653d,0.312178
user_61f90240,13,user_cdd86523,0.286410
user_61f90240,14,user_8285a696,0.160657
user_61f90240,15,user_f862100c,0.152685
user_63110023,1,user_a01f16ac,0.527846
user_63110023,2,user_a8dc91a3,0.500746
user_63110023,3,user_4f755977,0.496950
user_63110023,4,user_4f8b6987,0.486339
user_63110023,5,user_3c81ee09,0.482432
user_63110023,6,user_bdcc6e7d,0.460610
user_63110023,7,user_39b3eda0,0.444063
user_63110023,8,user_0285dee3,0.443283
user_63110023,9,user_32ae32f9,0.431369
user_63110023,10,user_ece9bfd2,0.423504
user_63110023,11,user_85810097,0.401395
user_63110023,12,user_ecba8131,0.392424
user_63110023,13,user_d691d016,0.369315
user_63110023,14,user_ee14f818,0.325856
user_63110023,15,user_a993555f,0.308874
user_636d1da4,1,user_4607d25d,0.439642
user_636d1da4,2,user_80da26a6,0.434418
user_636d1da4,3,user_60a65d98,0.415865
user_636d1da4,4,user_ee14f818,0.386527
user_636d1da4,5,user_f75c71f0,0.363193
user_636d1da4,6,user_5f4ee256,0.359854
user_636d1da4,7,user_8285a696,0.319545
user_636d1da4,8,user_91f5e7af,0.317307
user_636d1da4,9,user_0285dee3,0.305355
user_636d1da4,10,user_e8a7be73,0.286679
user_636d1da4,11,user_c0eba9f2,0.229432
user_636d1da4,12,user_2a94c885,0.221551
user_636d1da4,13,user_40efa894,0.213379
user_636d1da4,14,user_6bf0e007,0.200456
user_636d1da4,15,user_94f185bc,0.198655
user_6427334a,1,user_1230e05a,0.533643
user_6427334a,2,user_b628264a,0.513582
user_6427334a,3,user_17607ebc,0.502069
user_6427334a,4,user_4607d25d,0.491959
user_6427334a,5,user_a8c2208d,0.489220
user_6427334a,6,user_75bc9924,0.474229
user_6427334a,7,user_6427334a,0.465145
user_6427334a,8,user_7aa3746b,0.449020
user_6427334a,9,user_8a760553,0.448860
user_6427334a,10,user_2a704b9c,0.422323
user_6427334a,11,user_058c1800,0.380243
user_6427334a,12,user_3f2fbc90,0.379676
user_6427334a,13,user_aa31484a,0.360018
user_6427334a,14,user_e93dfaa2,0.315643
user_6427334a,15,user_9ce96cbf,0.302727
user_6476648d,1,user_baeb91b3,0.469764
user_6476648d,2,user_d4c7b4c0,0.383488
user_6476648d,3,user_9c88ee3d,0.381228
user_6476648d,4,user_7c7220a4,0.356433
user_6476648d,5,user_107259c3,0.354871
user_6476648d,6,user_74cfb8ef,0.341118
user_6476648d,7,user_f070eee7,0.341101
user_6476648d,8,user_a411fb06,0.301236
user_6476648d,9,user_6169d3b8,0.292444
user_6476648d,10,user_1ae8e7f5,0.286575
user_6476648d,11,user_586752e4,0.284306
user_6476648d,12,user_8e92b8c1,0.258241
user_6476648d,13,user_e2e59795,0.175699
user_6476648d,14,user_8fb63eca,0.174879
user_6476648d,15,user_ea67f9c6,0.155257
user_649f4327,1,user_2f766c23,0.567303
user_649f4327,2,user_6011e674,0.536772
user_649f4327,3,user_4607d25d,0.529570
user_649f4327,4,user_649f4327,0.511896
user_649f4327,5,user_a01f16ac,0.506298
user_649f4327,6,user_0c578ab5,0.504179
user_649f4327,7,user_8ac8f24f,0.503652
user_649f4327,8,user_32ae32f9,0.501651
user_649f4327,9,user_9818dcae,0.497290
user_649f4327,10,user_a973cf8e,0.494953
user_649f4327,11,user_4f8b6987,0.447623
user_649f4327,12,user_ee14f818,0.425809
user_649f4327,13,user_c41de62b,0.420510
user_649f4327,14,user_c8f82360,0.398301
user_649f4327,15,user_00723699,0.357672
user_657c72ca,1,user_aa31484a,0.575315
user_657c72ca,2,user_b628264a,0.568738
user_657c72ca,3,user_657c72ca,0.522802
user_657c72ca,4,user_68d19df8,0.520081
user_657c72ca,5,user_dd1d7b22,0.518643
user_657c72ca,6,user_5f4ee256,0.515433
user_657c72ca,7,user_636ad58f,0.510219
user_657c72ca,8,user_8a760553,0.508506
user_657c72ca,9,user_84c14a6f,0.474319
user_657c72ca,10,user_4607d25d,0.452268
user_657c72ca,11,user_3f2fbc90,0.425738
user_657c72ca,12,user_73f34c5d,0.401227
user_657c72ca,13,user_829844fd,0.388909
user_657c72ca,14,user_cc1c8897,0.376382
user_657c72ca,15,user_39939c54,0.368332
user_6592f2e4,1,user_6592f2e4,0.600098
user_6592f2e4,2,user_8739102b,0.355335
user_6592f2e4,3,user_acb51eed,0.328960
user_6592f2e4,4,user_5e61d6d9,0.324072
user_6592f2e4,5,user_d1d16d30,0.303791
user_6592f2e4,6,user_c8f82360,0.235676
user_6592f2e4,7,user_91f5e7af,0.202056
user_6592f2e4,8,user_d461f818,0.198137
user_6592f2e4,9,user_8d299d7a,0.178332
user_6592f2e4,10,user_b563e90b,0.160030
user_6592f2e4,11,user_d10d1f24,0.124093
user_6592f2e4,12,user_1b460965,0.100059
user_6592f2e4,13,user_adab54a0,0.086361
user_6592f2e4,14,user_2a41ee39,0.074786
user_6592f2e4,15,user_f107081e,0.072565
user_65d73ac1,1,user_65d73ac1,0.539628
user_65d73ac1,2,user_8ac8f24f,0.483506
user_65d73ac1,3,user_a973cf8e,0.451925
user_65d73ac1,4,user_0eb2abf1,0.450606
user_65d73ac1,5,user_6bb64984,0.427421
user_65d73ac1,6,user_3f1d04a6,0.399557
user_65d73ac1,7,user_c8f82360,0.395325
user_65d73ac1,8,user_84c14a6f,0.370937
user_65d73ac1,9,user_6a0b0e92,0.306514
user_65d73ac1,10,user_4607d25d,0.301699
user_65d73ac1,11,user_8285a696,0.268490
user_65d73ac1,12,user_91f5e7af,0.243577
user_65d73ac1,13,user_2cb4b018,0.223700
user_65d73ac1,14,user_5159d3a1,0.203080
user_65d73ac1,15,user_2a94c885,0.188347
user_68349053,1,user_68349053,0.567915
user_68349053,2,user_7b2d0be1,0.283402
user_68349053,3,user_1c7b7780,0.220496
user_68349053,4,user_3085d204,0.215793
user_68349053,5,user_788a8bb7,0.195533
user_68349053,6,user_fde27362,0.185518
user_68349053,7,user_5a6c91dd,0.131796
user_68349053,8,user_c8e749e2,0.129931
user_68349053,9,user_f14dc486,0.121199
user_68349053,10,user_4607d25d,0.118532
user_68349053,11,user_bd47000f,0.103145
user_68349053,12,user_7bbd1543,0.100819
user_68349053,13,user_aae78e0d,0.079884
user_68349053,14,user_40efa894,0.063050
user_68349053,15,user_fa60616d,0.038145
user_68d19df8,1,user_6169d3b8,0.506797
user_68d19df8,2,user_b2aba63a,0.495857
user_68d19df8,3,user_b628264a,0.455757
user_68d19df8,4,user_1230e05a,0.405300
user_68d19df8,5,user_8a3bbeb2,0.403286
user_68d19df8,6,user_5b714afd,0.403112
user_68d19df8,7,user_5f4ee256,0.397583
user_68d19df8,8,user_4607d25d,0.392254
user_68d19df8,9,user_d5b21e00,0.388423
user_68d19df8,10,user_e409a56d,0.377052
user_68d19df8,11,user_68d19df8,0.361453
user_68d19df8,12,user_04f39d22,0.360278
user_68d19df8,13,user_bd19a016,0.342430
user_68d19df8,14,user_201c8c78,0.310307
user_68d19df8,15,user_2e60c125,0.245718
user_69193575,1,user_78eff25f,0.468959
user_69193575,2,user_f6188968,0.448575
user_69193575,3,user_69193575,0.432716
user_69193575,4,user_f52ced02,0.432053
user_69193575,5,user_66a7ce5a,0.422843
user_69193575,6,user_32f31383,0.388984
user_69193575,7,user_f59d3941,0.344251
user_69193575,8,user_2c940ff8,0.310567
user_69193575,9,user_6a0b0e92,0.280312
user_69193575,10,user_18522854,0.275878
user_69193575,11,user_32934d38,0.266913
user_69193575,12,user_380ddd3f,0.226328
user_69193575,13,user_02d03e8a,0.223570
user_69193575,14,user_83a58842,0.161164
user_69193575,15,user_f107081e,0.146735
user_69a4dd06,1,user_5d35f631,0.579409
user_69a4dd06,2,user_259776c7,0.568568
user_69a4dd06,3,user_b628264a,0.568244
user_69a4dd06,4,user_f10e7063,0.559283
user_69a4dd06,5,user_69a4dd06,0.543888
user_69a4dd06,6,user_79f04645,0.526916
user_69a4dd06,7,user_90202189,0.522637
user_69a4dd06,8,user_98a676ce,0.519450
user_69a4dd06,9,user_3a55606c,0.507939
user_69a4dd06,10,user_5f4ee256,0.505093
user_69a4dd06,11,user_75bc9924,0.498064
user_69a4dd06,12,user_4607d25d,0.491439
user_69a4dd06,13,user_0285dee3,0.491438
user_69a4dd06,14,user_6bf0e007,0.457374
user_69a4dd06,15,user_2c69b83e,0.452014
user_69df6330,1,user_69df6330,0.318109
user_69df6330,2,user_b49274ca,0.167258
user_69df6330,3,user_406c399e,0.146721
user_69df6330,4,user_c8f82360,0.144824
user_69df6330,5,user_65d73ac1,0.132774
user_69df6330,6,user_9bee2a7c,0.120030
user_69df6330,7,user_11e8421f,0.118696
user_69df6330,8,user_a743aff9,0.117693
user_69df6330,9,user_829844fd,0.112929
user_69df6330,10,user_f75c71f0,0.112487
user_69df6330,11,user_91f5e7af,0.103843
user_69df6330,12,user_2a41ee39,0.098302
user_69df6330,13,user_126670d7,0.094580
user_69df6330,14,user_6bf0e007,0.073889
user_69df6330,15,user_8ac8f24f,0.069809
user_6ab1739a,1,user_2f766c23,0.620745
user_6ab1739a,2,user_6011e674,0.590577
user_6ab1739a,3,user_83e30c57,0.560493
user_6ab1739a,4,user_c709e252,0.555170
user_6ab1739a,5,user_940c7213,0.554958
user_6ab1739a,6,user_b16e0cf8,0.536176
user_6ab1739a,7,user_2817ec11,0.523807
user_6ab1739a,8,user_1b7f8c56,0.519648
user_6ab1739a,9,user_c92c8f83,0.505804
user_6ab1739a,10,user_6ab1739a,0.499348
user_6ab1739a,11,user_a973cf8e,0.447428
user_6ab1739a,12,user_82d93459,0.416645
user_6ab1739a,13,user_c8f82360,0.399579
user_6ab1739a,14,user_165a2706,0.322061
user_6ab1739a,15,user_2cb4b018,0.307060
user_6ab8f7d4,1,user_a2480011,0.451443
user_6ab8f7d4,2,user_6ab8f7d4,0.419946
user_6ab8f7d4,3,user_39aad1a2,0.414088
user_6ab8f7d4,4,user_8e5bead9,0.330904
user_6ab8f7d4,5,user_9da8848a,0.313712
user_6ab8f7d4,6,user_ff7631ef,0.306756
user_6ab8f7d4,7,user_147d1bbb,0.260388
user_6ab8f7d4,8,user_c06d9b71,0.245155
user_6ab8f7d4,9,user_57c1d6c0,0.238868
user_6ab8f7d4,10,user_b2f3c0d2,0.200485
user_6ab8f7d4,11,user_18522854,0.147940
user_6ab8f7d4,12,user_56909460,0.123649
user_6ab8f7d4,13,user_2cb4b018,0.119471
user_6ab8f7d4,14,user_c67f26cc,0.114850
user_6ab8f7d4,15,user_6a13946a,0.105890
user_6d071251,1,user_6d071251,0.512464
user_6d071251,2,user_11e8421f,0.502940
user_6d071251,3,user_7924afc9,0.434655
user_6d071251,4,user_f75c71f0,0.403362
user_6d071251,5,user_c8f82360,0.371241
user_6d071251,6,user_64d76dfd,0.349226
user_6d071251,7,user_30802254,0.323918
user_6d071251,8,user_406c399e,0.323435
user_6d071251,9,user_5993b36a,0.273806
user_6d071251,10,user_b350e22b,0.265119
user_6d071251,11,user_9ce96cbf,0.264293
user_6d071251,12,user_c0eba9f2,0.251643
user_6d071251,13,user_18522854,0.225885
user_6d071251,14,user_0285dee3,0.221735
user_6d071251,15,user_5c82df31,0.218032
user_6d2cb415,1,user_6d2cb415,0.579643
user_6d2cb415,2,user_1b89f77a,0.547757
user_6d2cb415,3,user_4607d25d,0.491936
user_6d2cb415,4,user_56980aa9,0.488483
user_6d2cb415,5,user_70580e9a,0.442237
user_6d2cb415,6,user_daf37424,0.427137
user_6d2cb415,7,user_98ca16a6,0.420097
user_6d2cb415,8,user_5f4ee256,0.416523
user_6d2cb415,9,user_c0eba9f2,0.404089
user_6d2cb415,10,user_bdcc6e7d,0.394793
user_6d2cb415,11,user_9ce96cbf,0.367504
user_6d2cb415,12,user_41d0c897,0.338737
user_6d2cb415,13,user_19952166,0.325587
user_6d2cb415,14,user_98f18241,0.312274
user_6d2cb415,15,user_1232c39b,0.255444
user_6d421600,1,user_e802076d,0.366286
user_6d421600,2,user_84c14a6f,0.350384
user_6d421600,3,user_406c399e,0.328686
user_6d421600,4,user_6d421600,0.324482
user_6d421600,5,user_82c86537,0.301401
user_6d421600,6,user_0bd8ba7c,0.298126
user_6d421600,7,user_201c8c78,0.249158
user_6d421600,8,user_74cfb8ef,0.223453
user_6d421600,9,user_2efde048,0.218470
user_6d421600,10,user_5159d3a1,0.199781
user_6d421600,11,user_a7b901f2,0.172738
user_6d421600,12,user_9bee2a7c,0.124926
user_6d421600,13,user_00a2f533,0.106539
user_6d421600,14,user_2cb4b018,0.085881
user_6d421600,15,user_4a57e449,0.071852
user_6f1b0197,1,user_4607d25d,0.585359
user_6f1b0197,2,user_b6350ec1,0.553052
user_6f1b0197,3,user_a8c2208d,0.542460
user_6f1b0197,4,user_2a704b9c,0.530103
user_6f1b0197,5,user_f43d6008,0.521623
user_6f1b0197,6,user_5f4ee256,0.520347
user_6f1b0197,7,user_6f1b0197,0.514848
user_6f1b0197,8,user_83e30c57,0.486447
user_6f1b0197,9,user_bdcc6e7d,0.466528
user_6f1b0197,10,user_afff552a,0.392827
user_6f1b0197,11,user_1df51301,0.392781
user_6f1b0197,12,user_56980aa9,0.376343
user_6f1b0197,13,user_058c1800,0.360535
user_6f1b0197,14,user_d691d016,0.342555
user_6f1b0197,15,user_5881b259,0.265756
user_6fa47d61,1,user_a7b901f2,0.478988
user_6fa47d61,2,user_372c2b3e,0.437886
user_6fa47d61,3,user_2e60c125,0.396818
user_6fa47d61,4,user_6fa47d61,0.395736
user_6fa47d61,5,user_2efde048,0.393390
user_6fa47d61,6,user_82c86537,0.371677
user_6fa47d61,7,user_201c8c78,0.366099
user_6fa47d61,8,user_4ea1ef09,0.359193
user_6fa47d61,9,user_795650bb,0.331838
user_6fa47d61,10,user_1a4bec69,0.323540
user_6fa47d61,11,user_f3377028,0.320003
user_6fa47d61,12,user_bf30f80d,0.314163
user_6fa47d61,13,user_04f39d22,0.311811
user_6fa47d61,14,user_ba8b1c05,0.259044
user_6fa47d61,15,user_5062c872,0.152885
user_6fc85c06,1,user_4607d25d,0.585292
user_6fc85c06,2,user_3f2fbc90,0.528840
user_6fc85c06,3,user_6fc85c06,0.521587
user_6fc85c06,4,user_bd47000f,0.482183
user_6fc85c06,5,user_5c82df31,0.446624
user_6fc85c06,6,user_8285a696,0.444895
user_6fc85c06,7,user_5f4ee256,0.435191
user_6fc85c06,8,user_56980aa9,0.427806
user_6fc85c06,9,user_80da26a6,0.422507
user_6fc85c06,10,user_5d7cbf11,0.319650
user_6fc85c06,11,user_8e97a154,0.285073
user_6fc85c06,12,user_906e2423,0.279165
user_6fc85c06,13,user_6a0b0e92,0.234959
user_6fc85c06,14,user_18522854,0.157107
user_6fc85c06,15,user_f75c71f0,0.150982
user_6fccf8b5,1,user_c50a487d,0.241261
user_6fccf8b5,2,user_81a80789,0.233391
user_6fccf8b5,3,user_aaa1e595,0.223366
user_6fccf8b5,4,user_763b4ffe,0.206588
user_6fccf8b5,5,user_75905116,0.195958
user_6fccf8b5,6,user_b9036662,0.137731
user_6fccf8b5,7,user_8c11f026,0.119470
user_6fccf8b5,8,user_0bd8ba7c,0.115510
user_6fccf8b5,9,user_e802076d,0.110006
user_6fccf8b5,10,user_8006727d,0.102204
user_6fccf8b5,11,user_1fb646f2,0.093858
user_6fccf8b5,12,user_166a3647,0.093333
user_6fccf8b5,13,user_8285a696,0.070577
user_6fccf8b5,14,user_0ff0b922,0.053772
user_6fccf8b5,15,user_6a0b0e92,0.053548
user_723406a0,1,user_c8e749e2,0.587590
user_723406a0,2,user_b2dd04c8,0.571580
user_723406a0,3,user_723406a0,0.562109
user_723406a0,4,user_3f1d04a6,0.524568
user_723406a0,5,user_8285a696,0.505385
user_723406a0,6,user_b628264a,0.497267
user_723406a0,7,user_423c81dc,0.495886
user_723406a0,8,user_82d93459,0.482505
user_723406a0,9,user_e7a55eac,0.389315
user_723406a0,10,user_a2503734,0.382728
user_723406a0,11,user_0285dee3,0.382727
user_723406a0,12,user_a4ae4e77,0.354224
user_723406a0,13,user_2a94c885,0.350027
user_723406a0,14,user_04d8419e,0.314371
user_723406a0,15,user_6bf0e007,0.182932
user_72bed676,1,user_76fc8dcd,0.515184
user_72bed676,2,user_9818dcae,0.397818
user_72bed676,3,user_a0517bef,0.378483
user_72bed676,4,user_8713f22a,0.366692
user_72bed676,5,user_d4c7b4c0,0.332749
user_72bed676,6,user_72bed676,0.329763
user_72bed676,7,user_20a01575,0.296756
user_72bed676,8,user_02fecea2,0.281698
user_72bed676,9,user_c7beef01,0.278711
user_72bed676,10,user_c50a487d,0.255912
user_72bed676,11,user_3666402b,0.248411
user_72bed676,12,user_815b7baf,0.233101
user_72bed676,13,user_74cfb8ef,0.194943
user_72bed676,14,user_ee14f818,0.194461
user_72bed676,15,user_d074356a,0.144211
user_7322f4ef,1,user_ba4a78fc,0.722609
user_7322f4ef,2,user_a4a77a7d,0.426496
user_7322f4ef,3,user_daf53db6,0.373615
user_7322f4ef,4,user_5b7d5e00,0.358246
user_7322f4ef,5,user_d10d1f24,0.347513
user_7322f4ef,6,user_6ab1739a,0.317699
user_7322f4ef,7,user_ad15a0a4,0.313110
user_7322f4ef,8,user_3eb49f37,0.301703
user_7322f4ef,9,user_59e8bc2a,0.290365
user_7322f4ef,10,user_7af2ed90,0.281903
user_7322f4ef,11,user_d4b7e22e,0.263277
user_7322f4ef,12,user_598cc905,0.234516
user_7322f4ef,13,user_8da30894,0.223780
user_7322f4ef,14,user_5d7cbf11,0.101918
user_7322f4ef,15,user_fc1cfe0b,0.085281
user_737d3148,1,user_737d3148,0.604658
user_737d3148,2,user_b628264a,0.596040
user_737d3148,3,user_f10e7063,0.553863
user_737d3148,4,user_f6c0aefc,0.532174
user_737d3148,5,user_eda37c14,0.517545
user_737d3148,6,user_a328a751,0.513383
user_737d3148,7,user_a01f16ac,0.497519
user_737d3148,8,user_9351238d,0.490654
user_737d3148,9,user_92fe4471,0.487892
user_737d3148,10,user_979ee068,0.480018
user_737d3148,11,user_98a676ce,0.472274
user_737d3148,12,user_823846de,0.471443
user_737d3148,13,user_9fc3c829,0.446892
user_737d3148,14,user_ea67f9c6,0.430068
user_737d3148,15,user_a7f8db34,0.412511
user_73a4377d,1,user_723406a0,0.700699
user_73a4377d,2,user_a2480011,0.656991
user_73a4377d,3,user_b628264a,0.609523
user_73a4377d,4,user_73a4377d,0.535974
user_73a4377d,5,user_6fc85c06,0.527075
user_73a4377d,6,user_a01f16ac,0.522333
user_73a4377d,7,user_a4ae4e77,0.507549
user_73a4377d,8,user_56980aa9,0.465185
user_73a4377d,9,user_5f4ee256,0.452851
user_73a4377d,10,user_657c72ca,0.449630
user_73a4377d,11,user_98a676ce,0.435607
user_73a4377d,12,user_50e2a836,0.431718
user_73a4377d,13,user_3f2fbc90,0.425707
user_73a4377d,14,user_9b517815,0.386976
user_73a4377d,15,user_5d7cbf11,0.184026
user_73f34c5d,1,user_5ac1a174,0.631423
user_73f34c5d,2,user_233fda02,0.554429
user_73f34c5d,3,user_723406a0,0.500919
user_73f34c5d,4,user_2a94c885,0.486646
user_73f34c5d,5,user_73a4377d,0.464458
user_73f34c5d,6,user_5dc5c2dc,0.446628
user_73f34c5d,7,user_87e5d9b0,0.415157
user_73f34c5d,8,user_a6a094cf,0.405994
user_73f34c5d,9,user_a7f8db34,0.384574
user_73f34c5d,10,user_59e8bc2a,0.342791
user_73f34c5d,11,user_4db0d490,0.338711
user_73f34c5d,12,user_98a676ce,0.320218
user_73f34c5d,13,user_8afa3eba,0.299747
user_73f34c5d,14,user_5d7cbf11,0.189596
user_73f34c5d,15,user_04d8419e,0.166521
user_74025dc0,1,user_ab439a92,0.473142
user_74025dc0,2,user_7b052f32,0.472704
user_74025dc0,3,user_ee14f818,0.422768
user_74025dc0,4,user_4e42bf97,0.416491
user_74025dc0,5,user_0285dee3,0.363304
user_74025dc0,6,user_6bf0e007,0.356820
user_74025dc0,7,user_94f185bc,0.348372
user_74025dc0,8,user_80da26a6,0.342409
user_74025dc0,9,user_74025dc0,0.339680
user_74025dc0,10,user_6a0b0e92,0.328821
user_74025dc0,11,user_98f18241,0.318351
user_74025dc0,12,user_f6188968,0.276332
user_74025dc0,13,user_5159d3a1,0.242579
user_74025dc0,14,user_27a3fa64,0.234871
user_74025dc0,15,user_5993b36a,0.128494
user_74cfb8ef,1,user_76fc8dcd,0.518551
user_74cfb8ef,2,user_3431c049,0.514971
user_74cfb8ef,3,user_9c88ee3d,0.512221
user_74cfb8ef,4,user_26fa9d90,0.499603
user_74cfb8ef,5,user_ded778b8,0.498091
user_74cfb8ef,6,user_8e5e899b,0.495712
user_74cfb8ef,7,user_d4c7b4c0,0.490160
user_74cfb8ef,8,user_a0517bef,0.469755
user_74cfb8ef,9,user_8fb63eca,0.463174
user_74cfb8ef,10,user_02fecea2,0.459850
user_74cfb8ef,11,user_9818dcae,0.456571
user_74cfb8ef,12,user_ff39b6cf,0.437501
user_74cfb8ef,13,user_815b7baf,0.411771
user_74cfb8ef,14,user_4bd9303b,0.376684
user_74cfb8ef,15,user_3b79395c,0.284133
user_74e32d78,1,user_aa08d5a8,0.467607
user_74e32d78,2,user_74da5a13,0.414681
user_74e32d78,3,user_b563e90b,0.414199
user_74e32d78,4,user_74e32d78,0.212357
user_74e32d78,5,user_ca130b8f,0.191697
user_74e32d78,6,user_6058434c,0.172808
user_74e32d78,7,user_d461f818,0.168319
user_74e32d78,8,user_5b7d5e00,0.158623
user_74e32d78,9,user_0e82fe11,0.155871
user_74e32d78,10,user_598cc905,0.134962
user_74e32d78,11,user_3eb49f37,0.130155
user_74e32d78,12,user_7af2ed90,0.109842
user_74e32d78,13,user_a615a6d1,0.106405
user_74e32d78,14,user_f59d3941,0.103416
user_74e32d78,15,user_98a676ce,0.097450
user_756e2f00,1,user_756e2f00,0.494679
user_756e2f00,2,user_650da71b,0.437899
user_756e2f00,3,user_a8dc91a3,0.389589
user_756e2f00,4,user_b2dd04c8,0.377700
user_756e2f00,5,user_ec574395,0.374487
user_756e2f00,6,user_bdcc6e7d,0.327772
user_756e2f00,7,user_e802076d,0.290617
user_756e2f00,8,user_91f5e7af,0.236032
user_756e2f00,9,user_2efde048,0.230280
user_756e2f00,10,user_a743aff9,0.218160
user_756e2f00,11,user_0285dee3,0.195200
user_756e2f00,12,user_a16d1fb6,0.161693
user_756e2f00,13,user_94f185bc,0.136051
user_756e2f00,14,user_380ddd3f,0.129091
user_756e2f00,15,user_6bf0e007,0.112195
user_75905116,1,user_75905116,0.525360
user_75905116,2,user_201c8c78,0.489485
user_75905116,3,user_82c86537,0.479537
user_75905116,4,user_b2aba63a,0.473636
user_75905116,5,user_74cfb8ef,0.473276
user_75905116,6,user_e409a56d,0.464681
user_75905116,7,user_4607d25d,0.442387
user_75905116,8,user_04f39d22,0.442231
user_75905116,9,user_ba8b1c05,0.427750
user_75905116,10,user_ecba8131,0.393862
user_75905116,11,user_2efde048,0.361275
user_75905116,12,user_8e48a3f8,0.343530
user_75905116,13,user_5159d3a1,0.296574
user_75905116,14,user_0285dee3,0.275354
user_75905116,15,user_61f90240,0.141666
user_7709815a,1,user_f3a9f844,0.372010
user_7709815a,2,user_7d6962d9,0.234149
user_7709815a,3,user_e14b88a8,0.210585
user_7709815a,4,user_043ea160,0.179257
user_7709815a,5,user_7709815a,0.171305
user_7709815a,6,user_9991e1d8,0.151438
user_7709815a,7,user_f6188968,0.143759
user_7709815a,8,user_15179955,0.111119
user_7709815a,9,user_c41de62b,0.100731
user_7709815a,10,user_eda37c14,0.085339
user_7709815a,11,user_beca29a3,0.080369
user_7709815a,12,user_7b4c75ab,0.067958
user_7709815a,13,user_6fc85c06,0.055557
user_7709815a,14,user_36d44add,0.044709
user_7709815a,15,user_8c6db6ed,0.036701
user_78eff25f,1,user_e8e9acac,0.546566
user_78eff25f,2,user_9fc3c829,0.542310
user_78eff25f,3,user_78eff25f,0.534521
user_78eff25f,4,user_a2825b06,0.519935
user_78eff25f,5,user_6fc85c06,0.519324
user_78eff25f,6,user_88f46c7b,0.508895
user_78eff25f,7,user_33f2a818,0.494934
user_78eff25f,8,user_d5379647,0.480579
user_78eff25f,9,user_f827c7dd,0.478349
user_78eff25f,10,user_df8dc9bb,0.451418
user_78eff25f,11,user_dcf52d26,0.437519
user_78eff25f,12,user_4db0d490,0.400768
user_78eff25f,13,user_3eb49f37,0.367007
user_78eff25f,14,user_126670d7,0.346597
user_78eff25f,15,user_5d7cbf11,0.318997
user_7924afc9,1,user_d0c1bf72,0.588642
user_7924afc9,2,user_b6350ec1,0.553208
user_7924afc9,3,user_17607ebc,0.548593
user_7924afc9,4,user_3085d204,0.545005
user_7924afc9,5,user_1230e05a,0.539408
user_7924afc9,6,user_aa31484a,0.537252
user_7924afc9,7,user_695e56c9,0.530120
user_7924afc9,8,user_a01f16ac,0.529639
user_7924afc9,9,user_0697c470,0.523726
user_7924afc9,10,user_79f04645,0.522325
user_7924afc9,11,user_71f7b692,0.519455
user_7924afc9,12,user_ee14f818,0.516937
user_7924afc9,13,user_9d786aa8,0.472237
user_7924afc9,14,user_0a245f61,0.451106
user_7924afc9,15,user_d8335067,0.448340
user_795eb408,1,user_20a01575,0.490706
user_795eb408,2,user_124651ff,0.486076
user_795eb408,3,user_a0517bef,0.465458
user_795eb408,4,user_9818dcae,0.420608
user_795eb408,5,user_c50a487d,0.409771
user_795eb408,6,user_7b052f32,0.375405
user_795eb408,7,user_74cfb8ef,0.353431
user_795eb408,8,user_93cdb7a1,0.324852
user_795eb408,9,user_0ff0b922,0.296009
user_795eb408,10,user_815b7baf,0.293133
user_795eb408,11,user_7a8f7f3e,0.282943
user_795eb408,12,user_434f3511,0.258131
user_795eb408,13,user_81a80789,0.218813
user_795eb408,14,user_1f09455f,0.212518
user_795eb408,15,user_205d25f3,0.150873
user_79f04645,1,user_38f4dfac,0.515019
user_79f04645,2,user_17607ebc,0.431858
user_79f04645,3,user_4e42bf97,0.379996
user_79f04645,4,user_fde2d265,0.355608
user_79f04645,5,user_75bc9924,0.343706
user_79f04645,6,user_bdcc6e7d,0.336478
user_79f04645,7,user_406c399e,0.286438
user_79f04645,8,user_c96b90fe,0.281485
user_79f04645,9,user_7aa3746b,0.270523
user_79f04645,10,user_3e284ba5,0.246066
user_79f04645,11,user_650da71b,0.244396
user_79f04645,12,user_6bf0e007,0.211024
user_79f04645,13,user_9ce96cbf,0.188148
user_79f04645,14,user_f368b9da,0.176677
user_79f04645,15,user_79a1811b,0.144418
user_7a8f7f3e,1,user_d4c7b4c0,0.592832
user_7a8f7f3e,2,user_a00e0552,0.578566
user_7a8f7f3e,3,user_885e8708,0.562569
user_7a8f7f3e,4,user_c50a487d,0.545062
user_7a8f7f3e,5,user_fdc08e26,0.516732
user_7a8f7f3e,6,user_74cfb8ef,0.505515
user_7a8f7f3e,7,user_7b052f32,0.494525
user_7a8f7f3e,8,user_7a8f7f3e,0.473524
user_7a8f7f3e,9,user_a0517bef,0.459416
user_7a8f7f3e,10,user_8e97a154,0.444065
user_7a8f7f3e,11,user_8713f22a,0.411860
user_7a8f7f3e,12,user_93cdb7a1,0.402201
user_7a8f7f3e,13,user_3239132f,0.401183
user_7a8f7f3e,14,user_20a01575,0.346353
user_7a8f7f3e,15,user_03410579,0.288599
user_7b052f32,1,user_a00e0552,0.561207
user_7b052f32,2,user_c50a487d,0.512508
user_7b052f32,3,user_8e97a154,0.479174
user_7b052f32,4,user_5c82df31,0.430264
user_7b052f32,5,user_7b052f32,0.421057
user_7b052f32,6,user_c0eba9f2,0.405363
user_7b052f32,7,user_6bf0e007,0.390263
user_7b052f32,8,user_fdc08e26,0.386416
user_7b052f32,9,user_8285a696,0.365266
user_7b052f32,10,user_f75c71f0,0.343253
user_7b052f32,11,user_18522854,0.308145
user_7b052f32,12,user_5159d3a1,0.280822
user_7b052f32,13,user_ee14f818,0.267066
user_7b052f32,14,user_9bee2a7c,0.223258
user_7b052f32,15,user_8ac8f24f,0.212766
user_7b2d0be1,1,user_ffe2efae,0.484364
user_7b2d0be1,2,user_ba085464,0.407153
user_7b2d0be1,3,user_7b2d0be1,0.397237
user_7b2d0be1,4,user_8c42f323,0.395747
user_7b2d0be1,5,user_1e3084a6,0.381215
user_7b2d0be1,6,user_64cd3098,0.305645
user_7b2d0be1,7,user_58bfeaad,0.277905
user_7b2d0be1,8,user_938164a5,0.230563
user_7b2d0be1,9,user_0c578ab5,0.216604
user_7b2d0be1,10,user_417702c5,0.210191
user_7b2d0be1,11,user_baeb91b3,0.204013
user_7b2d0be1,12,user_e64d80ba,0.171609
user_7b2d0be1,13,user_6476648d,0.142959
user_7b2d0be1,14,user_7bbd1543,0.117499
user_7b2d0be1,15,user_33b2b77f,0.040306
user_7b4c75ab,1,user_ac6e9129,0.471596
user_7b4c75ab,2,user_4b8335bd,0.471181
user_7b4c75ab,3,user_ca130b8f,0.440573
user_7b4c75ab,4,user_d5379647,0.434193
user_7b4c75ab,5,user_17054ec7,0.416175
user_7b4c75ab,6,user_7d6962d9,0.409579
user_7b4c75ab,7,user_40efa894,0.408760
user_7b4c75ab,8,user_98a676ce,0.406763
user_7b4c75ab,9,user_dac2c359,0.372677
user_7b4c75ab,10,user_e8a7be73,0.330540
user_7b4c75ab,11,user_6169d3b8,0.326108
user_7b4c75ab,12,user_07db2c6a,0.323105
user_7b4c75ab,13,user_6fc85c06,0.311588
user_7b4c75ab,14,user_d5b21e00,0.311047
user_7b4c75ab,15,user_5d7cbf11,0.225320
user_7c45fa70,1,user_7c45fa70,0.392828
user_7c45fa70,2,user_2eaaa117,0.371723
user_7c45fa70,3,user_840e0a93,0.318825
user_7c45fa70,4,user_89f449b4,0.310507
user_7c45fa70,5,user_09dea596,0.287178
user_7c45fa70,6,user_67fa915e,0.250223
user_7c45fa70,7,user_52c9252c,0.185255
user_7c45fa70,8,user_1b460965,0.180693
user_7c45fa70,9,user_788a8bb7,0.175329
user_7c45fa70,10,user_8f08aa94,0.173168
user_7c45fa70,11,user_19641691,0.165181
user_7c45fa70,12,user_a57a04fa,0.123873
user_7c45fa70,13,user_13fb2e34,0.122549
user_7c45fa70,14,user_69df6330,0.071943
user_7c45fa70,15,user_8f39f021,0.057472
user_7c7220a4,1,user_26fa9d90,0.627960
user_7c7220a4,2,user_74cfb8ef,0.617161
user_7c7220a4,3,user_d4c7b4c0,0.611770
user_7c7220a4,4,user_9c88ee3d,0.574260
user_7c7220a4,5,user_7c7220a4,0.569343
user_7c7220a4,6,user_9818dcae,0.564982
user_7c7220a4,7,user_a00e0552,0.556420
user_7c7220a4,8,user_e2e59795,0.551599
user_7c7220a4,9,user_c50a487d,0.551068
user_7c7220a4,10,user_4bd9303b,0.500415
user_7c7220a4,11,user_ff39b6cf,0.499896
user_7c7220a4,12,user_3b79395c,0.493196
user_7c7220a4,13,user_815b7baf,0.486854
user_7c7220a4,14,user_586752e4,0.459575
user_7c7220a4,15,user_93cdb7a1,0.452233
user_7f623d19,1,user_259776c7,0.653280
user_7f623d19,2,user_76fc8dcd,0.646667
user_7f623d19,3,user_8e5e899b,0.609986
user_7f623d19,4,user_7f623d19,0.582414
user_7f623d19,5,user_56e6d0cd,0.573128
user_7f623d19,6,user_c50a487d,0.566938
user_7f623d19,7,user_9818dcae,0.563917
user_7f623d19,8,user_a00e0552,0.560062
user_7f623d19,9,user_8713f22a,0.540148
user_7f623d19,10,user_ca6074df,0.528716
user_7f623d19,11,user_ff39b6cf,0.498562
user_7f623d19,12,user_0128a546,0.489253
user_7f623d19,13,user_0c578ab5,0.467998
user_7f623d19,14,user_93cdb7a1,0.397794
user_7f623d19,15,user_8fb63eca,0.391514
user_7fd91653,1,user_a01f16ac,0.535395
user_7fd91653,2,user_ee14f818,0.494246
user_7fd91653,3,user_9d786aa8,0.474025
user_7fd91653,4,user_56980aa9,0.451260
user_7fd91653,5,user_9991e1d8,0.378719
user_7fd91653,6,user_7fd91653,0.377332
user_7fd91653,7,user_6bf0e007,0.360533
user_7fd91653,8,user_0285dee3,0.353725
user_7fd91653,9,user_5f4ee256,0.352329
user_7fd91653,10,user_7b052f32,0.327634
user_7fd91653,11,user_02d03e8a,0.287885
user_7fd91653,12,user_3f2fbc90,0.280447
user_7fd91653,13,user_94f185bc,0.220497
user_7fd91653,14,user_d8335067,0.187137
user_7fd91653,15,user_906e2423,0.134211
user_7fef9da8,1,user_259776c7,0.612949
user_7fef9da8,2,user_3239132f,0.559691
user_7fef9da8,3,user_7fef9da8,0.535899
user_7fef9da8,4,user_ca6074df,0.530381
user_7fef9da8,5,user_8e97a154,0.517006
user_7fef9da8,6,user_a01f16ac,0.504418
user_7fef9da8,7,user_c0eba9f2,0.492921
user_7fef9da8,8,user_649f4327,0.470164
user_7fef9da8,9,user_84c14a6f,0.467996
user_7fef9da8,10,user_aa31484a,0.455259
user_7fef9da8,11,user_5f4ee256,0.402229
user_7fef9da8,12,user_e8a7be73,0.390375
user_7fef9da8,13,user_6a0b0e92,0.352785
user_7fef9da8,14,user_ee14f818,0.346706
user_7fef9da8,15,user_f827c7dd,0.118374
user_8006727d,1,user_bd6a40d5,0.371473
user_8006727d,2,user_caa6a7b6,0.317264
user_8006727d,3,user_515ae840,0.283315
user_8006727d,4,user_90202189,0.273879
user_8006727d,5,user_84c14a6f,0.223823
user_8006727d,6,user_65d73ac1,0.195150
user_8006727d,7,user_41d0c897,0.187197
user_8006727d,8,user_b6350ec1,0.180902
user_8006727d,9,user_0b5c256a,0.161483
user_8006727d,10,user_c1aa2063,0.148094
user_8006727d,11,user_d1d16d30,0.138087
user_8006727d,12,user_b9d253e8,0.112324
user_8006727d,13,user_2d74cd4c,0.108744
user_8006727d,14,user_a743aff9,0.108637
user_8006727d,15,user_7aa3746b,0.102844
user_80da26a6,1,user_8e97a154,0.560508
user_80da26a6,2,user_ca6074df,0.551022
user_80da26a6,3,user_56980aa9,0.522974
user_80da26a6,4,user_5c82df31,0.516537
user_80da26a6,5,user_3239132f,0.507608
user_80da26a6,6,user_93cdb7a1,0.506057
user_80da26a6,7,user_ee14f818,0.502101
user_80da26a6,8,user_8285a696,0.486307
user_80da26a6,9,user_dc326993,0.478579
user_80da26a6,10,user_7b052f32,0.456293
user_80da26a6,11,user_78eff25f,0.439760
user_80da26a6,12,user_80da26a6,0.436252
user_80da26a6,13,user_c0eba9f2,0.408339
user_80da26a6,14,user_2a94c885,0.325013
user_80da26a6,15,user_5d7cbf11,0.303894
user_80dc757f,1,user_3085d204,0.533209
user_80dc757f,2,user_406c399e,0.531302
user_80dc757f,3,user_4607d25d,0.508605
user_80dc757f,4,user_80dc757f,0.502228
user_80dc757f,5,user_8285a696,0.492493
user_80dc757f,6,user_e802076d,0.477796
user_80dc757f,7,user_3f2fbc90,0.474638
user_80dc757f,8,user_ee14f818,0.450455
user_80dc757f,9,user_aa31484a,0.450145
user_80dc757f,10,user_1d775dd8,0.438587
user_80dc757f,11,user_0285dee3,0.437046
user_80dc757f,12,user_0cee87f3,0.430708
user_80dc757f,13,user_6bf0e007,0.383913
user_80dc757f,14,user_c154e834,0.343128
user_80dc757f,15,user_f0b144fc,0.272519
user_81a80789,1,user_81a80789,0.506823
user_81a80789,2,user_ff39b6cf,0.427287
user_81a80789,3,user_8c11f026,0.396236
user_81a80789,4,user_dbbf562e,0.378380
user_81a80789,5,user_a00e0552,0.331555
user_81a80789,6,user_93cdb7a1,0.326329
user_81a80789,7,user_d50d7985,0.312220
user_81a80789,8,user_d4c7b4c0,0.298757
user_81a80789,9,user_02fecea2,0.293447
user_81a80789,10,user_c59ebe9c,0.277230
user_81a80789,11,user_9818dcae,0.236693
user_81a80789,12,user_3b79395c,0.218174
user_81a80789,13,user_df8dc9bb,0.163300
user_81a80789,14,user_1302cb61,0.160464
user_81a80789,15,user_815b7baf,0.159697
user_823846de,1,user_5ac1a174,0.512410
user_823846de,2,user_823846de,0.502926
user_823846de,3,user_d5d4fc6e,0.484195
user_823846de,4,user_058d9dc1,0.481063
user_823846de,5,user_6fc85c06,0.471991
user_823846de,6,user_423c81dc,0.459279
user_823846de,7,user_98a676ce,0.455934
user_823846de,8,user_f0b144fc,0.455554
user_823846de,9,user_3eb49f37,0.446579
user_823846de,10,user_8afa3eba,0.442078
user_823846de,11,user_5f4ee256,0.439376
user_823846de,12,user_a4ae4e77,0.433783
user_823846de,13,user_04d8419e,0.400260
user_823846de,14,user_d4b7e22e,0.392589
user_823846de,15,user_5d7cbf11,0.180898
user_8285a696,1,user_afff552a,0.610793
user_8285a696,2,user_91db6e48,0.495985
user_8285a696,3,user_e802076d,0.491916
user_8285a696,4,user_cdd86523,0.461571
user_8285a696,5,user_a01f16ac,0.455332
user_8285a696,6,user_3f2fbc90,0.454572
user_8285a696,7,user_201c8c78,0.453226
user_8285a696,8,user_68d19df8,0.446587
user_8285a696,9,user_8285a696,0.430054
user_8285a696,10,user_ee14f818,0.365715
user_8285a696,11,user_2cb4b018,0.329554
user_8285a696,12,user_6bf0e007,0.316092
user_8285a696,13,user_c06d9b71,0.304488
user_8285a696,14,user_85810097,0.258978
user_8285a696,15,user_84c14a6f,0.236974
user_82879210,1,user_b628264a,0.529311
user_82879210,2,user_b6350ec1,0.521225
user_82879210,3,user_2a704b9c,0.496746
user_82879210,4,user_aa31484a,0.490638
user_82879210,5,user_84c14a6f,0.447618
user_82879210,6,user_39939c54,0.418552
user_82879210,7,user_75bc9924,0.407748
user_82879210,8,user_636ad58f,0.402862
user_82879210,9,user_17607ebc,0.391571
user_82879210,10,user_4607d25d,0.371981
user_82879210,11,user_2a94c885,0.360633
user_82879210,12,user_30802254,0.334800
user_82879210,13,user_0285dee3,0.332290
user_82879210,14,user_5881b259,0.223147
user_82879210,15,user_3f2fbc90,0.155046
user_829844fd,1,user_b628264a,0.609791
user_829844fd,2,user_0697c470,0.598508
user_829844fd,3,user_fb64cb55,0.546402
user_829844fd,4,user_b2dd04c8,0.524774
user_829844fd,5,user_68d19df8,0.518874
user_829844fd,6,user_4607d25d,0.516209
user_829844fd,7,user_75251485,0.516163
user_829844fd,8,user_723406a0,0.513197
user_829844fd,9,user_8285a696,0.507062
user_829844fd,10,user_c8e749e2,0.505387
user_829844fd,11,user_91db6e48,0.492601
user_829844fd,12,user_80da26a6,0.485993
user_829844fd,13,user_829844fd,0.480431
user_829844fd,14,user_8a3bbeb2,0.469904
user_829844fd,15,user_a4ae4e77,0.455200
user_82d93459,1,user_8ac8f24f,0.652917
user_82d93459,2,user_2dc10d2d,0.602962
user_82d93459,3,user_8285a696,0.558365
user_82d93459,4,user_daf53db6,0.546814
user_82d93459,5,user_c0392523,0.537043
user_82d93459,6,user_2cb4b018,0.510599
user_82d93459,7,user_25b48a9a,0.499821
user_82d93459,8,user_2817ec11,0.498473
user_82d93459,9,user_8da30894,0.483842
user_82d93459,10,user_d10d1f24,0.460783
user_82d93459,11,user_aa2fbe83,0.451760
user_82d93459,12,user_a973cf8e,0.439715
user_82d93459,13,user_c8f82360,0.414642
user_82d93459,14,user_00723699,0.406966
user_82d93459,15,user_b6b89f00,0.353257
user_83e45cc0,1,user_75905116,0.645877
user_83e45cc0,2,user_83e45cc0,0.491045
user_83e45cc0,3,user_f7fd2885,0.393946
user_83e45cc0,4,user_a3a4a20a,0.343420
user_83e45cc0,5,user_c157ca97,0.329509
user_83e45cc0,6,user_74cfb8ef,0.328037
user_83e45cc0,7,user_82c86537,0.327820
user_83e45cc0,8,user_10e64e28,0.292922
user_83e45cc0,9,user_bd19a016,0.282708
user_83e45cc0,10,user_4607d25d,0.277739
user_83e45cc0,11,user_ba8b1c05,0.258272
user_83e45cc0,12,user_c92c8f83,0.248138
user_83e45cc0,13,user_795eb408,0.182060
user_83e45cc0,14,user_d5b21e00,0.171106
user_83e45cc0,15,user_201c8c78,0.129769
user_84703a6e,1,user_8292753c,0.611980
user_84703a6e,2,user_829844fd,0.560608
user_84703a6e,3,user_84c14a6f,0.541628
user_84703a6e,4,user_68d19df8,0.529150
user_84703a6e,5,user_6fbf6191,0.520352
user_84703a6e,6,user_30802254,0.511367
user_84703a6e,7,user_91f5e7af,0.479657
user_84703a6e,8,user_cdd86523,0.469754
user_84703a6e,9,user_84703a6e,0.451681
user_84703a6e,10,user_c8f82360,0.435912
user_84703a6e,11,user_2a94c885,0.404646
user_84703a6e,12,user_8285a696,0.386162
user_84703a6e,13,user_406c399e,0.361938
user_84703a6e,14,user_6bf0e007,0.315519
user_84703a6e,15,user_886f7373,0.293428
user_84c14a6f,1,user_84c14a6f,0.536928
user_84c14a6f,2,user_91f5e7af,0.474697
user_84c14a6f,3,user_bdcc6e7d,0.460935
user_84c14a6f,4,user_e802076d,0.460405
user_84c14a6f,5,user_3f2fbc90,0.452115
user_84c14a6f,6,user_4607d25d,0.443740
user_84c14a6f,7,user_ee14f818,0.435462
user_84c14a6f,8,user_4f8b6987,0.423513
user_84c14a6f,9,user_dd1d7b22,0.417633
user_84c14a6f,10,user_406c399e,0.408840
user_84c14a6f,11,user_aa31484a,0.397299
user_84c14a6f,12,user_2a94c885,0.362141
user_84c14a6f,13,user_165a2706,0.352684
user_84c14a6f,14,user_30802254,0.341054
user_84c14a6f,15,user_0285dee3,0.334344
user_84fe1a7a,1,user_84fe1a7a,0.607004
user_84fe1a7a,2,user_8ac8f24f,0.415758
user_84fe1a7a,3,user_efcacf59,0.382679
user_84fe1a7a,4,user_c0392523,0.302192
user_84fe1a7a,5,user_2a41ee39,0.270304
user_84fe1a7a,6,user_25798310,0.249927
user_84fe1a7a,7,user_52c9252c,0.240388
user_84fe1a7a,8,user_0cd29f02,0.226255
user_84fe1a7a,9,user_16ac4154,0.223209
user_84fe1a7a,10,user_0f006eec,0.197639
user_84fe1a7a,11,user_94f185bc,0.186232
user_84fe1a7a,12,user_940c7213,0.159022
user_84fe1a7a,13,user_4aaa8404,0.136807
user_84fe1a7a,14,user_e838707b,0.124771
user_84fe1a7a,15,user_33c6501d,0.073486
user_85810097,1,user_40a0bad3,0.546916
user_85810097,2,user_3b1da5d9,0.429124
user_85810097,3,user_e4f8ab0c,0.411743
user_85810097,4,user_5a5bee64,0.411155
user_85810097,5,user_afff552a,0.410395
user_85810097,6,user_c06d9b71,0.366993
user_85810097,7,user_25b48a9a,0.292626
user_85810097,8,user_201c8c78,0.274833
user_85810097,9,user_e802076d,0.262850
user_85810097,10,user_6a0b0e92,0.261584
user_85810097,11,user_85810097,0.259079
user_85810097,12,user_4e54f3d7,0.222352
user_85810097,13,user_f14dc486,0.207283
user_85810097,14,user_75905116,0.153320
user_85810097,15,user_04f39d22,0.080796
user_8663226a,1,user_4607d25d,0.535428
user_8663226a,2,user_f27da10a,0.521598
user_8663226a,3,user_695e56c9,0.510181
user_8663226a,4,user_5f4ee256,0.492356
user_8663226a,5,user_b6350ec1,0.485285
user_8663226a,6,user_17607ebc,0.477836
user_8663226a,7,user_56980aa9,0.421692
user_8663226a,8,user_405db206,0.401429
user_8663226a,9,user_d70942c1,0.399174
user_8663226a,10,user_91f807b9,0.371798
user_8663226a,11,user_dbc4828c,0.340577
user_8663226a,12,user_9d786aa8,0.331659
user_8663226a,13,user_5d1b0daf,0.325326
user_8663226a,14,user_6011e674,0.322576
user_8663226a,15,user_75bc9924,0.291917
user_86685a27,1,user_8285a696,0.534881
user_86685a27,2,user_8c193f56,0.533570
user_86685a27,3,user_ecc1ca0a,0.528727
user_86685a27,4,user_e8e9acac,0.519787
user_86685a27,5,user_86685a27,0.503904
user_86685a27,6,user_4db0d490,0.483851
user_86685a27,7,user_a04b2a78,0.473066
user_86685a27,8,user_a4ae4e77,0.470197
user_86685a27,9,user_6fc85c06,0.453688
user_86685a27,10,user_423c81dc,0.449589
user_86685a27,11,user_3eb49f37,0.435195
user_86685a27,12,user_f59d3941,0.421930
user_86685a27,13,user_efa5697b,0.416500
user_86685a27,14,user_c0eba9f2,0.366976
user_86685a27,15,user_5d7cbf11,0.273913
user_869fcb2b,1,user_6fbf6191,0.510852
user_869fcb2b,2,user_2b750e1c,0.494222
user_869fcb2b,3,user_ef954c6e,0.470988
user_869fcb2b,4,user_2a94c885,0.450754
user_869fcb2b,5,user_cdd86523,0.443772
user_869fcb2b,6,user_69df6330,0.396873
user_869fcb2b,7,user_b5af9db9,0.389005
user_869fcb2b,8,user_c8f82360,0.375241
user_869fcb2b,9,user_869fcb2b,0.371733
user_869fcb2b,10,user_b8f24804,0.369320
user_869fcb2b,11,user_d8335067,0.351949
user_869fcb2b,12,user_80dc757f,0.314924
user_869fcb2b,13,user_02d03e8a,0.311926
user_869fcb2b,14,user_f107081e,0.280983
user_869fcb2b,15,user_2a41ee39,0.244511
user_8713f22a,1,user_259776c7,0.527678
user_8713f22a,2,user_d4c7b4c0,0.503392
user_8713f22a,3,user_8713f22a,0.501951
user_8713f22a,4,user_ba010eec,0.497201
user_8713f22a,5,user_a00e0552,0.466921
user_8713f22a,6,user_1eefeb8c,0.460960
user_8713f22a,7,user_a0517bef,0.435733
user_8713f22a,8,user_36e75535,0.426481
user_8713f22a,9,user_72bed676,0.412578
user_8713f22a,10,user_9818dcae,0.391604
user_8713f22a,11,user_ee14f818,0.387752
user_8713f22a,12,user_815b7baf,0.320802
user_8713f22a,13,user_02fecea2,0.297301
user_8713f22a,14,user_93cdb7a1,0.288536
user_8713f22a,15,user_74cfb8ef,0.265251
user_87e5d9b0,1,user_87bbc3b5,0.742327
user_87e5d9b0,2,user_233fda02,0.696428
user_87e5d9b0,3,user_87e5d9b0,0.686171
user_87e5d9b0,4,user_a7f8db34,0.681300
user_87e5d9b0,5,user_ff39b6cf,0.636111
user_87e5d9b0,6,user_a5d9fab6,0.596620
user_87e5d9b0,7,user_07db2c6a,0.587441
user_87e5d9b0,8,user_d7fde080,0.565463
user_87e5d9b0,9,user_e8cdb142,0.557716
user_87e5d9b0,10,user_8afa3eba,0.530224
user_87e5d9b0,11,user_7322f4ef,0.485065
user_87e5d9b0,12,user_5dc5c2dc,0.472623
user_87e5d9b0,13,user_c883258f,0.386407
user_87e5d9b0,14,user_d4b7e22e,0.284359
user_87e5d9b0,15,user_22b484cb,0.208265
user_885e8708,1,user_63b4be5f,0.499559
user_885e8708,2,user_e8e9acac,0.488529
user_885e8708,3,user_259776c7,0.457977
user_885e8708,4,user_2c69b83e,0.438350
user_885e8708,5,user_78eff25f,0.436927
user_885e8708,6,user_183b3783,0.429818
user_885e8708,7,user_a4ae4e77,0.410023
user_885e8708,8,user_ecc1ca0a,0.363456
user_885e8708,9,user_df8dc9bb,0.316118
user_885e8708,10,user_14a2d3c6,0.305336
user_885e8708,11,user_4d4f73a6,0.295449
user_885e8708,12,user_885e8708,0.286632
user_885e8708,13,user_a2825b06,0.269784
user_885e8708,14,user_454733da,0.256018
user_885e8708,15,user_0a3f46b9,0.234051
user_88f46c7b,1,user_ce424e88,0.538710
user_88f46c7b,2,user_5ac1a174,0.527019
user_88f46c7b,3,user_858fa00c,0.522360
user_88f46c7b,4,user_88f46c7b,0.514525
user_88f46c7b,5,user_a4ae4e77,0.511559
user_88f46c7b,6,user_b4214db6,0.497317
user_88f46c7b,7,user_4db0d490,0.483023
user_88f46c7b,8,user_79f04645,0.471592
user_88f46c7b,9,user_bd05225b,0.457772
user_88f46c7b,10,user_723406a0,0.433267
user_88f46c7b,11,user_423c81dc,0.433129
user_88f46c7b,12,user_5f4ee256,0.418027
user_88f46c7b,13,user_dcf52d26,0.407883
user_88f46c7b,14,user_6fc85c06,0.378270
user_88f46c7b,15,user_5d7cbf11,0.212979
user_89f449b4,1,user_89f449b4,0.498154
user_89f449b4,2,user_6fbf6191,0.309819
user_89f449b4,3,user_84703a6e,0.260765
user_89f449b4,4,user_3239132f,0.235170
user_89f449b4,5,user_2a94c885,0.167585
user_89f449b4,6,user_9fc3c829,0.159021
user_89f449b4,7,user_043ea160,0.132751
user_89f449b4,8,user_f107081e,0.131137
user_89f449b4,9,user_02d03e8a,0.112999
user_89f449b4,10,user_b6b89f00,0.098154
user_89f449b4,11,user_b8f24804,0.097950
user_89f449b4,12,user_5159d3a1,0.086859
user_89f449b4,13,user_8006727d,0.085046
user_89f449b4,14,user_d8335067,0.061298
user_89f449b4,15,user_cb2fe204,0.056382
user_8a760553,1,user_2dd5b531,0.578347
user_8a760553,2,user_b6d05d1d,0.550973
user_8a760553,3,user_b628264a,0.548807
user_8a760553,4,user_6011e674,0.528481
user_8a760553,5,user_1230e05a,0.525473
user_8a760553,6,user_165a2706,0.517790
user_8a760553,7,user_b6350ec1,0.515152
user_8a760553,8,user_83e30c57,0.512515
user_8a760553,9,user_dd1d7b22,0.502887
user_8a760553,10,user_657c72ca,0.494821
user_8a760553,11,user_84c14a6f,0.489655
user_8a760553,12,user_39939c54,0.468326
user_8a760553,13,user_058c1800,0.368528
user_8a760553,14,user_3f2fbc90,0.356899
user_8a760553,15,user_5881b259,0.278131
user_8ae8c359,1,user_f44f615a,0.530284
user_8ae8c359,2,user_75905116,0.504142
user_8ae8c359,3,user_364bb955,0.484258
user_8ae8c359,4,user_1022be44,0.462332
user_8ae8c359,5,user_f2f860bd,0.439980
user_8ae8c359,6,user_687feee4,0.406098
user_8ae8c359,7,user_c50a487d,0.398480
user_8ae8c359,8,user_20e741d0,0.386439
user_8ae8c359,9,user_0b1b1d1c,0.384271
user_8ae8c359,10,user_1246b252,0.368746
user_8ae8c359,11,user_ab439a92,0.330447
user_8ae8c359,12,user_9d9fba70,0.286377
user_8ae8c359,13,user_88e84020,0.283982
user_8ae8c359,14,user_19622b77,0.261484
user_8ae8c359,15,user_b9036662,0.258924
user_8afa3eba,1,user_8afa3eba,0.581907
user_8afa3eba,2,user_3085d204,0.521314
user_8afa3eba,3,user_e7a55eac,0.418346
user_8afa3eba,4,user_dac2c359,0.386839
user_8afa3eba,5,user_406c399e,0.370975
user_8afa3eba,6,user_a4ae4e77,0.362429
user_8afa3eba,7,user_f10e7063,0.359072
user_8afa3eba,8,user_d023a78e,0.312476
user_8afa3eba,9,user_1d775dd8,0.299913
user_8afa3eba,10,user_eda37c14,0.275400
user_8afa3eba,11,user_f75c71f0,0.261300
user_8afa3eba,12,user_f0b144fc,0.237504
user_8afa3eba,13,user_fa60616d,0.237497
user_8afa3eba,14,user_5d7cbf11,0.201851
user_8afa3eba,15,user_36d44add,0.125045
user_8c6db6ed,1,user_1bcbacb3,0.531219
user_8c6db6ed,2,user_d10d1f24,0.512325
user_8c6db6ed,3,user_82d93459,0.496357
user_8c6db6ed,4,user_8c6db6ed,0.495995
user_8c6db6ed,5,user_6ab1739a,0.481821
user_8c6db6ed,6,user_a4ae4e77,0.481214
user_8c6db6ed,7,user_2817ec11,0.459233
user_8c6db6ed,8,user_a973cf8e,0.458425
user_8c6db6ed,9,user_8da30894,0.454084
user_8c6db6ed,10,user_3f1d04a6,0.442731
user_8c6db6ed,11,user_00723699,0.439078
user_8c6db6ed,12,user_22b484cb,0.433693
user_8c6db6ed,13,user_04d8419e,0.398067
user_8c6db6ed,14,user_f3f15c55,0.392453
user_8c6db6ed,15,user_f59d3941,0.331739
user_8d22714e,1,user_b628264a,0.672597
user_8d22714e,2,user_aae78e0d,0.641371
user_8d22714e,3,user_d0a0f883,0.597105
user_8d22714e,4,user_e8e9acac,0.595643
user_8d22714e,5,user_8d22714e,0.571528
user_8d22714e,6,user_723406a0,0.521005
user_8d22714e,7,user_259776c7,0.510126
user_8d22714e,8,user_a4ae4e77,0.498452
user_8d22714e,9,user_5c5a0b40,0.487011
user_8d22714e,10,user_8be3f554,0.475055
user_8d22714e,11,user_0cc626ee,0.402714
user_8d22714e,12,user_66a7ce5a,0.335963
user_8d22714e,13,user_e7a55eac,0.306282
user_8d22714e,14,user_04d8419e,0.272798
user_8d22714e,15,user_6bf0e007,0.250098
user_8d85acb5,1,user_8d85acb5,0.488650
user_8d85acb5,2,user_1b7f8c56,0.259610
user_8d85acb5,3,user_8ac8f24f,0.208601
user_8d85acb5,4,user_11e8421f,0.186460
user_8d85acb5,5,user_4893b4d0,0.136165
user_8d85acb5,6,user_c8f82360,0.133294
user_8d85acb5,7,user_2a41ee39,0.103358
user_8d85acb5,8,user_e64d80ba,0.093233
user_8d85acb5,9,user_a743aff9,0.085128
user_8d85acb5,10,user_a16d1fb6,0.065704
user_8d85acb5,11,user_5159d3a1,0.060288
user_8d85acb5,12,user_164fe4b8,0.059502
user_8d85acb5,13,user_9c7183c8,0.056514
user_8d85acb5,14,user_f107081e,0.054434
user_8d85acb5,15,user_380ddd3f,0.052999
user_8d968cfb,1,user_8663226a,0.600873
user_8d968cfb,2,user_4607d25d,0.515695
user_8d968cfb,3,user_a01f16ac,0.489929
user_8d968cfb,4,user_4e54f3d7,0.485931
user_8d968cfb,5,user_bdcc6e7d,0.474100
user_8d968cfb,6,user_73f34c5d,0.464939
user_8d968cfb,7,user_4f755977,0.446184
user_8d968cfb,8,user_17607ebc,0.436284
user_8d968cfb,9,user_39b3eda0,0.422581
user_8d968cfb,10,user_56980aa9,0.397395
user_8d968cfb,11,user_0285dee3,0.385895
user_8d968cfb,12,user_a57e47b1,0.364022
user_8d968cfb,13,user_84c14a6f,0.316257
user_8d968cfb,14,user_aa31484a,0.298272
user_8d968cfb,15,user_6a0b0e92,0.242835
user_8da30894,1,user_ad15a0a4,0.578491
user_8da30894,2,user_7af2ed90,0.551949
user_8da30894,3,user_6ab1739a,0.538940
user_8da30894,4,user_598cc905,0.523732
user_8da30894,5,user_a4a77a7d,0.519163
user_8da30894,6,user_d023a78e,0.513999
user_8da30894,7,user_5b7d5e00,0.504215
user_8da30894,8,user_59e8bc2a,0.484983
user_8da30894,9,user_d10d1f24,0.470263
user_8da30894,10,user_8da30894,0.461518
user_8da30894,11,user_2817ec11,0.434235
user_8da30894,12,user_f3f15c55,0.410856
user_8da30894,13,user_d4b7e22e,0.391197
user_8da30894,14,user_8c6db6ed,0.283050
user_8da30894,15,user_f59d3941,0.260949
user_8dd20d7f,1,user_8dd20d7f,0.512682
user_8dd20d7f,2,user_25798310,0.354738
user_8dd20d7f,3,user_14a2d3c6,0.292671
user_8dd20d7f,4,user_16ac4154,0.274726
user_8dd20d7f,5,user_3535252b,0.274210
user_8dd20d7f,6,user_18522854,0.217962
user_8dd20d7f,7,user_63b4be5f,0.211750
user_8dd20d7f,8,user_7017ea1b,0.209073
user_8dd20d7f,9,user_0e685b64,0.202303
user_8dd20d7f,10,user_7b052f32,0.193736
user_8dd20d7f,11,user_18892460,0.190307
user_8dd20d7f,12,user_6b311f43,0.170193
user_8dd20d7f,13,user_1232c39b,0.155089
user_8dd20d7f,14,user_b8daec75,0.103805
user_8dd20d7f,15,user_ab30f0fb,0.067350
user_8e48a3f8,1,user_b14ec02b,0.592970
user_8e48a3f8,2,user_378003e3,0.528821
user_8e48a3f8,3,user_8e48a3f8,0.480137
user_8e48a3f8,4,user_815b7baf,0.449421
user_8e48a3f8,5,user_1fb646f2,0.446547
user_8e48a3f8,6,user_da51dede,0.426075
user_8e48a3f8,7,user_ca6074df,0.397015
user_8e48a3f8,8,user_9818dcae,0.388316
user_8e48a3f8,9,user_0128a546,0.363088
user_8e48a3f8,10,user_166a3647,0.352145
user_8e48a3f8,11,user_daf53db6,0.337276
user_8e48a3f8,12,user_ff39b6cf,0.317673
user_8e48a3f8,13,user_2dc10d2d,0.299801
user_8e48a3f8,14,user_df8dc9bb,0.217606
user_8e48a3f8,15,user_164fe4b8,0.186357
user_8e97a154,1,user_d4c7b4c0,0.587640
user_8e97a154,2,user_dbbf562e,0.570711
user_8e97a154,3,user_ba010eec,0.553187
user_8e97a154,4,user_36e75535,0.547782
user_8e97a154,5,user_815b7baf,0.543302
user_8e97a154,6,user_107259c3,0.534009
user_8e97a154,7,user_4cad4295,0.532769
user_8e97a154,8,user_1eefeb8c,0.512693
user_8e97a154,9,user_93cdb7a1,0.499373
user_8e97a154,10,user_3b79395c,0.444616
user_8e97a154,11,user_94cad3a5,0.399753
user_8e97a154,12,user_a16d1fb6,0.396483
user_8e97a154,13,user_0d32f0ed,0.394107
user_8e97a154,14,user_b1d0760b,0.334743
user_8e97a154,15,user_9fe4e0f5,0.111315
user_8eac0a68,1,user_83585fc6,0.602342
user_8eac0a68,2,user_f44f615a,0.463439
user_8eac0a68,3,user_ba085464,0.436558
user_8eac0a68,4,user_e5f67397,0.435619
user_8eac0a68,5,user_6169d3b8,0.406313
user_8eac0a68,6,user_0e408c4a,0.404477
user_8eac0a68,7,user_8eac0a68,0.402983
user_8eac0a68,8,user_b63ea1d4,0.387660
user_8eac0a68,9,user_ded778b8,0.376613
user_8eac0a68,10,user_e3ea7712,0.366052
user_8eac0a68,11,user_fde27362,0.362330
user_8eac0a68,12,user_f14dc486,0.271962
user_8eac0a68,13,user_f930e37f,0.208469
user_8eac0a68,14,user_acb899e9,0.132396
user_8eac0a68,15,user_40efa894,0.113036
user_8f08aa94,1,user_8f08aa94,0.555810
user_8f08aa94,2,user_ded778b8,0.537772
user_8f08aa94,3,user_124651ff,0.537207
user_8f08aa94,4,user_ba085464,0.463056
user_8f08aa94,5,user_b4f295b3,0.299805
user_8f08aa94,6,user_8006727d,0.284000
user_8f08aa94,7,user_e802076d,0.237169
user_8f08aa94,8,user_75905116,0.234668
user_8f08aa94,9,user_c34e791e,0.224226
user_8f08aa94,10,user_0ff0b922,0.200781
user_8f08aa94,11,user_8285a696,0.149532
user_8f08aa94,12,user_cb8245f7,0.146516
user_8f08aa94,13,user_840e0a93,0.131465
user_8f08aa94,14,user_c809e3d2,0.122121
user_8f08aa94,15,user_205d25f3,0.106927
user_8fe14601,1,user_68d19df8,0.485125
user_8fe14601,2,user_1230e05a,0.474135
user_8fe14601,3,user_b6350ec1,0.454553
user_8fe14601,4,user_dc32d458,0.453094
user_8fe14601,5,user_8fe14601,0.433277
user_8fe14601,6,user_ee14f818,0.433276
user_8fe14601,7,user_17607ebc,0.415441
user_8fe14601,8,user_5b714afd,0.400877
user_8fe14601,9,user_85810097,0.395305
user_8fe14601,10,user_dd1d7b22,0.387041
user_8fe14601,11,user_7aa3746b,0.354689
user_8fe14601,12,user_4607d25d,0.340025
user_8fe14601,13,user_0285dee3,0.310814
user_8fe14601,14,user_04f39d22,0.275699
user_8fe14601,15,user_165a2706,0.221846
user_90202189,1,user_90202189,0.543612
user_90202189,2,user_a01f16ac,0.525844
user_90202189,3,user_9351238d,0.492885
user_90202189,4,user_84c14a6f,0.487214
user_90202189,5,user_2c69b83e,0.482937
user_90202189,6,user_3085d204,0.482652
user_90202189,7,user_e802076d,0.479032
user_90202189,8,user_4607d25d,0.474116
user_90202189,9,user_ee14f818,0.456925
user_90202189,10,user_406c399e,0.444400
user_90202189,11,user_9ce96cbf,0.432824
user_90202189,12,user_0b64b183,0.426778
user_90202189,13,user_3f2fbc90,0.425515
user_90202189,14,user_b6b89f00,0.410293
user_90202189,15,user_04d8419e,0.219628
user_902af20f,1,user_1a4bec69,0.547998
user_902af20f,2,user_902af20f,0.515551
user_902af20f,3,user_a52dd639,0.473087
user_902af20f,4,user_f7fd2885,0.451497
user_902af20f,5,user_e409a56d,0.409334
user_902af20f,6,user_b2aba63a,0.398355
user_902af20f,7,user_4607d25d,0.369506
user_902af20f,8,user_bd19a016,0.349308
user_902af20f,9,user_25652863,0.333639
user_902af20f,10,user_4ea1ef09,0.318577
user_902af20f,11,user_67fa915e,0.308181
user_902af20f,12,user_2e60c125,0.296323
user_902af20f,13,user_201c8c78,0.268855
user_902af20f,14,user_00a2f533,0.252438
user_902af20f,15,user_04f39d22,0.239542
user_903329bb,1,user_a4a77a7d,0.580918
user_903329bb,2,user_903329bb,0.562701
user_903329bb,3,user_3eb49f37,0.545546
user_903329bb,4,user_823846de,0.544359
user_903329bb,5,user_d4b7e22e,0.541292
user_903329bb,6,user_d5d4fc6e,0.518710
user_903329bb,7,user_d10d1f24,0.510763
user_903329bb,8,user_7322f4ef,0.503568
user_903329bb,9,user_a973cf8e,0.476732
user_903329bb,10,user_423c81dc,0.473986
user_903329bb,11,user_04d8419e,0.465157
user_903329bb,12,user_0dfb7397,0.449742
user_903329bb,13,user_586752e4,0.422902
user_903329bb,14,user_c8f82360,0.405614
user_903329bb,15,user_a1b097c2,0.381753
user_906e2423,1,user_906e2423,0.550582
user_906e2423,2,user_4607d25d,0.535572
user_906e2423,3,user_5c5a0b40,0.489419
user_906e2423,4,user_8285a696,0.466191
user_906e2423,5,user_56980aa9,0.435551
user_906e2423,6,user_5f4ee256,0.426702
user_906e2423,7,user_3f2fbc90,0.398439
user_906e2423,8,user_aae78e0d,0.393601
user_906e2423,9,user_5d7cbf11,0.391671
user_906e2423,10,user_8e97a154,0.303431
user_906e2423,11,user_b7f60e64,0.300181
user_906e2423,12,user_6a0b0e92,0.263130
user_906e2423,13,user_2a94c885,0.259446
user_906e2423,14,user_6bf0e007,0.222703
user_906e2423,15,user_5159d3a1,0.146759
user_916503d6,1,user_6bb64984,0.501787
user_916503d6,2,user_65d73ac1,0.491242
user_916503d6,3,user_84c14a6f,0.389755
user_916503d6,4,user_b16e0cf8,0.369643
user_916503d6,5,user_417702c5,0.344633
user_916503d6,6,user_6011e674,0.305112
user_916503d6,7,user_3f2fbc90,0.278495
user_916503d6,8,user_2dc10d2d,0.277161
user_916503d6,9,user_82d93459,0.268167
user_916503d6,10,user_165a2706,0.206659
user_916503d6,11,user_c8f82360,0.204947
user_916503d6,12,user_2cb4b018,0.188957
user_916503d6,13,user_0285dee3,0.176906
user_916503d6,14,user_c06d9b71,0.145476
user_916503d6,15,user_ebddf9c1,0.143464
user_920c074a,1,user_efb27a8e,0.622385
user_920c074a,2,user_1f636ddc,0.554313
user_920c074a,3,user_2f4cc646,0.550066
user_920c074a,4,user_55058479,0.533055
user_920c074a,5,user_885e8708,0.506002
user_920c074a,6,user_c50a487d,0.498224
user_920c074a,7,user_7f56f9a5,0.485868
user_920c074a,8,user_c130412b,0.481320
user_920c074a,9,user_3f1d04a6,0.439272
user_920c074a,10,user_cce4f9c2,0.433296
user_920c074a,11,user_df8dc9bb,0.414081
user_920c074a,12,user_8e97a154,0.410333
user_920c074a,13,user_3bc84c13,0.397654
user_920c074a,14,user_7b052f32,0.350229
user_920c074a,15,user_815b7baf,0.333775
user_938164a5,1,user_b628264a,0.506097
user_938164a5,2,user_50e2a836,0.475820
user_938164a5,3,user_8285a696,0.467875
user_938164a5,4,user_91f5e7af,0.465395
user_938164a5,5,user_c154e834,0.454653
user_938164a5,6,user_4607d25d,0.439743
user_938164a5,7,user_a4ae4e77,0.439358
user_938164a5,8,user_5f4ee256,0.437019
user_938164a5,9,user_ebddf9c1,0.436874
user_938164a5,10,user_723406a0,0.435648
user_938164a5,11,user_98a676ce,0.429156
user_938164a5,12,user_6bf0e007,0.405208
user_938164a5,13,user_3f2fbc90,0.395619
user_938164a5,14,user_f862100c,0.349999
user_938164a5,15,user_8ce972f1,0.308454
user_943e4045,1,user_943e4045,0.575217
user_943e4045,2,user_a0517bef,0.455220
user_943e4045,3,user_20a01575,0.453153
user_943e4045,4,user_7a8f7f3e,0.427308
user_943e4045,5,user_c6dc9323,0.401440
user_943e4045,6,user_1ae8e7f5,0.382270
user_943e4045,7,user_815b7baf,0.366789
user_943e4045,8,user_b0129d9e,0.321345
user_943e4045,9,user_d074356a,0.291184
user_943e4045,10,user_3666402b,0.285848
user_943e4045,11,user_03410579,0.274221
user_943e4045,12,user_76fc8dcd,0.251657
user_943e4045,13,user_8fb63eca,0.241387
user_943e4045,14,user_72bed676,0.235609
user_943e4045,15,user_3b79395c,0.216528
user_954805d7,1,user_c2f18cf7,0.637533
user_954805d7,2,user_c8e749e2,0.587680
user_954805d7,3,user_a01f16ac,0.540597
user_954805d7,4,user_4607d25d,0.538788
user_954805d7,5,user_07cb458d,0.533642
user_954805d7,6,user_5b714afd,0.513683
user_954805d7,7,user_b6350ec1,0.507972
user_954805d7,8,user_68d19df8,0.499973
user_954805d7,9,user_91db6e48,0.476591
user_954805d7,10,user_dc32d458,0.471448
user_954805d7,11,user_0285dee3,0.465394
user_954805d7,12,user_a7bfc229,0.443584
user_954805d7,13,user_0697c470,0.429822
user_954805d7,14,user_75bc9924,0.426573
user_954805d7,15,user_5881b259,0.346675
user_959adfc8,1,user_f6188968,0.485370
user_959adfc8,2,user_ee8d5ec5,0.425548
user_959adfc8,3,user_e5beda2b,0.411528
user_959adfc8,4,user_0cee87f3,0.383606
user_959adfc8,5,user_a0f5ae47,0.359056
user_959adfc8,6,user_5993b36a,0.358523
user_959adfc8,7,user_96d9cb9a,0.348212
user_959adfc8,8,user_8ce972f1,0.334293
user_959adfc8,9,user_02d03e8a,0.324147
user_959adfc8,10,user_11e8421f,0.303644
user_959adfc8,11,user_80dc757f,0.293078
user_959adfc8,12,user_a4aab257,0.258144
user_959adfc8,13,user_91f5e7af,0.253559
user_959adfc8,14,user_f107081e,0.218682
user_959adfc8,15,user_b8f24804,0.184999
user_95d648bc,1,user_a2480011,0.604996
user_95d648bc,2,user_c709e252,0.581232
user_95d648bc,3,user_ff7631ef,0.580764
user_95d648bc,4,user_2817ec11,0.564642
user_95d648bc,5,user_b16e0cf8,0.559310
user_95d648bc,6,user_56980aa9,0.551532
user_95d648bc,7,user_39aad1a2,0.549640
user_95d648bc,8,user_9818dcae,0.545563
user_95d648bc,9,user_c41de62b,0.519224
user_95d648bc,10,user_a973cf8e,0.515902
user_95d648bc,11,user_3850eb9e,0.502082
user_95d648bc,12,user_82d93459,0.442820
user_95d648bc,13,user_00723699,0.431379
user_95d648bc,14,user_c204a1dd,0.404372
user_95d648bc,15,user_2cb4b018,0.263364
user_9600e8bf,1,user_259776c7,0.578160
user_9600e8bf,2,user_ff39b6cf,0.492301
user_9600e8bf,3,user_f862100c,0.461526
user_9600e8bf,4,user_a973cf8e,0.431081
user_9600e8bf,5,user_4607d25d,0.388278
user_9600e8bf,6,user_c8e749e2,0.384143
user_9600e8bf,7,user_2a94c885,0.354880
user_9600e8bf,8,user_ee14f818,0.351383
user_9600e8bf,9,user_6bf0e007,0.348999
user_9600e8bf,10,user_0285dee3,0.320135
user_9600e8bf,11,user_c0eba9f2,0.314900
user_9600e8bf,12,user_5f4ee256,0.305227
user_9600e8bf,13,user_a2825b06,0.295397
user_9600e8bf,14,user_aa31484a,0.287986
user_9600e8bf,15,user_8285a696,0.254019
user_96013176,1,user_9818dcae,0.447282
user_96013176,2,user_aa2fbe83,0.388591
user_96013176,3,user_e802076d,0.377729
user_96013176,4,user_8ac8f24f,0.368676
user_96013176,5,user_65d73ac1,0.351633
user_96013176,6,user_2dc10d2d,0.328081
user_96013176,7,user_1c45ab75,0.289702
user_96013176,8,user_b1c16312,0.280659
user_96013176,9,user_417702c5,0.272444
user_96013176,10,user_8285a696,0.269216
user_96013176,11,user_0c578ab5,0.264777
user_96013176,12,user_b6b89f00,0.250348
user_96013176,13,user_2cb4b018,0.186154
user_96013176,14,user_5159d3a1,0.175343
user_96013176,15,user_8e97a154,0.174350
user_9692f077,1,user_c8e749e2,0.552594
user_9692f077,2,user_0697c470,0.552494
user_9692f077,3,user_a01f16ac,0.527266
user_9692f077,4,user_ee14f818,0.447563
user_9692f077,5,user_39b3eda0,0.443932
user_9692f077,6,user_9d786aa8,0.440489
user_9692f077,7,user_e8a7be73,0.364808
user_9692f077,8,user_4607d25d,0.356631
user_9692f077,9,user_3f2fbc90,0.355008
user_9692f077,10,user_8285a696,0.349082
user_9692f077,11,user_0285dee3,0.323995
user_9692f077,12,user_406c399e,0.296254
user_9692f077,13,user_5881b259,0.255192
user_9692f077,14,user_aa31484a,0.232906
user_9692f077,15,user_dd1d7b22,0.225487
user_96c3cc43,1,user_ec574395,0.621070
user_96c3cc43,2,user_650da71b,0.537384
user_96c3cc43,3,user_75bc9924,0.534807
user_96c3cc43,4,user_7aa3746b,0.525213
user_96c3cc43,5,user_0285dee3,0.519140
user_96c3cc43,6,user_6bf0e007,0.517636
user_96c3cc43,7,user_17607ebc,0.514372
user_96c3cc43,8,user_2a704b9c,0.509324
user_96c3cc43,9,user_bdcc6e7d,0.484968
user_96c3cc43,10,user_69a4dd06,0.481151
user_96c3cc43,11,user_4607d25d,0.440219
user_96c3cc43,12,user_23ecc36a,0.425405
user_96c3cc43,13,user_84c14a6f,0.424052
user_96c3cc43,14,user_f0b144fc,0.403314
user_96c3cc43,15,user_165a2706,0.310829
user_96d9cb9a,1,user_39b3eda0,0.301556
user_96d9cb9a,2,user_91f5e7af,0.267442
user_96d9cb9a,3,user_96d9cb9a,0.237770
user_96d9cb9a,4,user_ee14f818,0.237259
user_96d9cb9a,5,user_c8f82360,0.189987
user_96d9cb9a,6,user_f75c71f0,0.189251
user_96d9cb9a,7,user_6a0b0e92,0.186802
user_96d9cb9a,8,user_80dc757f,0.185611
user_96d9cb9a,9,user_02d03e8a,0.143936
user_96d9cb9a,10,user_8285a696,0.139778
user_96d9cb9a,11,user_c0eba9f2,0.133557
user_96d9cb9a,12,user_bbe73426,0.127150
user_96d9cb9a,13,user_cb2fe204,0.110790
user_96d9cb9a,14,user_f107081e,0.076218
user_96d9cb9a,15,user_d8335067,0.068199
user_97330742,1,user_b628264a,0.575372
user_97330742,2,user_f6c0aefc,0.562581
user_97330742,3,user_1230e05a,0.531681
user_97330742,4,user_f10e7063,0.505442
user_97330742,5,user_737d3148,0.417675
user_97330742,6,user_ce424e88,0.401540
user_97330742,7,user_98a676ce,0.388628
user_97330742,8,user_0dfb7397,0.314366
user_97330742,9,user_a1b097c2,0.294815
user_97330742,10,user_dd1d7b22,0.275675
user_97330742,11,user_cc1c8897,0.263898
user_97330742,12,user_0285dee3,0.250296
user_97330742,13,user_17607ebc,0.244855
user_97330742,14,user_3f2fbc90,0.239432
user_97330742,15,user_36d44add,0.105627
user_979ee068,1,user_979ee068,0.457620
user_979ee068,2,user_f10e7063,0.395006
user_979ee068,3,user_9fc3c829,0.389603
user_979ee068,4,user_c50a487d,0.359519
user_979ee068,5,user_92fe4471,0.351903
user_979ee068,6,user_e7ff2beb,0.264854
user_979ee068,7,user_737d3148,0.248327
user_979ee068,8,user_ea67f9c6,0.241325
user_979ee068,9,user_54b19b29,0.227926
user_979ee068,10,user_4f3b6241,0.185113
user_979ee068,11,user_4d4f73a6,0.164237
user_979ee068,12,user_39939c54,0.144275
user_979ee068,13,user_30802254,0.120433
user_979ee068,14,user_1fb646f2,0.105358
user_979ee068,15,user_85810097,0.098068
user_9818dcae,1,user_d4c7b4c0,0.466639
user_9818dcae,2,user_9b6481e4,0.458802
user_9818dcae,3,user_02fecea2,0.390861
user_9818dcae,4,user_aa2fbe83,0.348335
user_9818dcae,5,user_76fc8dcd,0.343450
user_9818dcae,6,user_ba010eec,0.328768
user_9818dcae,7,user_815b7baf,0.326347
user_9818dcae,8,user_81a80789,0.322861
user_9818dcae,9,user_8e92b8c1,0.295746
user_9818dcae,10,user_9818dcae,0.291784
user_9818dcae,11,user_ff39b6cf,0.283197
user_9818dcae,12,user_397cfe20,0.274073
user_9818dcae,13,user_259776c7,0.272870
user_9818dcae,14,user_3b79395c,0.243012
user_9818dcae,15,user_b1d0760b,0.199849
user_98a676ce,1,user_5dc5c2dc,0.552613
user_98a676ce,2,user_a7f8db34,0.543778
user_98a676ce,3,user_87e5d9b0,0.538130
user_98a676ce,4,user_98a676ce,0.519202
user_98a676ce,5,user_4607d25d,0.503513
user_98a676ce,6,user_80da26a6,0.501775
user_98a676ce,7,user_aa31484a,0.495343
user_98a676ce,8,user_56980aa9,0.493763
user_98a676ce,9,user_3f1d04a6,0.471545
user_98a676ce,10,user_3f2fbc90,0.443518
user_98a676ce,11,user_00723699,0.423656
user_98a676ce,12,user_0285dee3,0.421418
user_98a676ce,13,user_2a94c885,0.397846
user_98a676ce,14,user_6a0b0e92,0.373647
user_98a676ce,15,user_5d7cbf11,0.345195
user_98ca16a6,1,user_a01f16ac,0.556841
user_98ca16a6,2,user_0697c470,0.535509
user_98ca16a6,3,user_3085d204,0.504217
user_98ca16a6,4,user_b6350ec1,0.498064
user_98ca16a6,5,user_ee14f818,0.484489
user_98ca16a6,6,user_dc32d458,0.481981
user_98ca16a6,7,user_84e93af7,0.474733
user_98ca16a6,8,user_4607d25d,0.459862
user_98ca16a6,9,user_e802076d,0.453292
user_98ca16a6,10,user_0285dee3,0.442764
user_98ca16a6,11,user_75bc9924,0.437862
user_98ca16a6,12,user_a7bfc229,0.408165
user_98ca16a6,13,user_9d786aa8,0.387507
user_98ca16a6,14,user_3f2fbc90,0.358944
user_98ca16a6,15,user_aa31484a,0.356103
user_98f18241,1,user_5c82df31,0.580257
user_98f18241,2,user_9818dcae,0.515623
user_98f18241,3,user_c50a487d,0.493561
user_98f18241,4,user_4607d25d,0.491188
user_98f18241,5,user_ea67f9c6,0.477055
user_98f18241,6,user_5159d3a1,0.443128
user_98f18241,7,user_6bf0e007,0.438056
user_98f18241,8,user_7b052f32,0.432401
user_98f18241,9,user_815b7baf,0.430670
user_98f18241,10,user_7a8f7f3e,0.408153
user_98f18241,11,user_98f18241,0.405372
user_98f18241,12,user_03410579,0.401577
user_98f18241,13,user_201c8c78,0.384474
user_98f18241,14,user_93cdb7a1,0.315569
user_98f18241,15,user_c0eba9f2,0.287244
user_9991e1d8,1,user_69df6330,0.515898
user_9991e1d8,2,user_2b750e1c,0.450842
user_9991e1d8,3,user_91f5e7af,0.396379
user_9991e1d8,4,user_f107081e,0.376270
user_9991e1d8,5,user_406c399e,0.322535
user_9991e1d8,6,user_02d03e8a,0.310703
user_9991e1d8,7,user_5159d3a1,0.308224
user_9991e1d8,8,user_11e8421f,0.292947
user_9991e1d8,9,user_9991e1d8,0.252784
user_9991e1d8,10,user_b8f24804,0.238475
user_9991e1d8,11,user_a4aab257,0.237499
user_9991e1d8,12,user_80dc757f,0.231437
user_9991e1d8,13,user_0b5c256a,0.221691
user_9991e1d8,14,user_380ddd3f,0.206358
user_9991e1d8,15,user_d8335067,0.193821
user_99c67f2f,1,user_99c67f2f,0.565946
user_99c67f2f,2,user_71b9b8e0,0.408212
user_99c67f2f,3,user_1e302679,0.404520
user_99c67f2f,4,user_8fbb6d9c,0.395732
user_99c67f2f,5,user_6011e674,0.351706
user_99c67f2f,6,user_2d74cd4c,0.348731
user_99c67f2f,7,user_c709e252,0.315522
user_99c67f2f,8,user_5bc74ae7,0.297811
user_99c67f2f,9,user_9e39a95d,0.295218
user_99c67f2f,10,user_08aa624b,0.281887
user_99c67f2f,11,user_2f766c23,0.180751
user_99c67f2f,12,user_8ce645ca,0.145859
user_99c67f2f,13,user_c39d41d7,0.121289
user_99c67f2f,14,user_695e56c9,0.115108
user_99c67f2f,15,user_405db206,0.103693
user_9a307ebe,1,user_9a307ebe,0.606715
user_9a307ebe,2,user_a01f16ac,0.541090
user_9a307ebe,3,user_84c14a6f,0.533584
user_9a307ebe,4,user_93cdb7a1,0.494296
user_9a307ebe,5,user_e931b2cd,0.473389
user_9a307ebe,6,user_ee14f818,0.471191
user_9a307ebe,7,user_e8a7be73,0.426454
user_9a307ebe,8,user_40efa894,0.387623
user_9a307ebe,9,user_7b052f32,0.385003
user_9a307ebe,10,user_6a0b0e92,0.368958
user_9a307ebe,11,user_e802076d,0.351517
user_9a307ebe,12,user_00723699,0.317500
user_9a307ebe,13,user_5f4ee256,0.309477
user_9a307ebe,14,user_0285dee3,0.300102
user_9a307ebe,15,user_a993555f,0.255189
user_9a5457b0,1,user_8e97a154,0.609962
user_9a5457b0,2,user_c50a487d,0.574512
user_9a5457b0,3,user_91db6e48,0.545530
user_9a5457b0,4,user_5c82df31,0.514200
user_9a5457b0,5,user_9818dcae,0.440488
user_9a5457b0,6,user_259776c7,0.438687
user_9a5457b0,7,user_4c8199a7,0.438550
user_9a5457b0,8,user_3239132f,0.368203
user_9a5457b0,9,user_4f3b6241,0.360474
user_9a5457b0,10,user_ea67f9c6,0.357465
user_9a5457b0,11,user_a01f16ac,0.348871
user_9a5457b0,12,user_25b48a9a,0.299267
user_9a5457b0,13,user_98f18241,0.211162
user_9a5457b0,14,user_f862100c,0.161913
user_9a5457b0,15,user_8285a696,0.161376
user_9b517815,1,user_858fa00c,0.499511
user_9b517815,2,user_b4d7e69a,0.408042
user_9b517815,3,user_04d8419e,0.368772
user_9b517815,4,user_78eff25f,0.334212
user_9b517815,5,user_233fda02,0.312434
user_9b517815,6,user_8afa3eba,0.302141
user_9b517815,7,user_126670d7,0.300283
user_9b517815,8,user_6fc85c06,0.290740
user_9b517815,9,user_423c81dc,0.246138
user_9b517815,10,user_90e5fee6,0.233499
user_9b517815,11,user_3f1d04a6,0.165827
user_9b517815,12,user_d7fde080,0.161202
user_9b517815,13,user_5d7cbf11,0.158136
user_9b517815,14,user_87e5d9b0,0.153424
user_9b517815,15,user_a2825b06,0.133039
user_9b6481e4,1,user_0bd8ba7c,0.441392
user_9b6481e4,2,user_9c7183c8,0.331551
user_9b6481e4,3,user_8c11f026,0.328180
user_9b6481e4,4,user_166a3647,0.307477
user_9b6481e4,5,user_b14ec02b,0.306395
user_9b6481e4,6,user_46bb5302,0.306281
user_9b6481e4,7,user_815b7baf,0.271716
user_9b6481e4,8,user_164fe4b8,0.243550
user_9b6481e4,9,user_9ff844ba,0.233513
user_9b6481e4,10,user_2cb4b018,0.230918
user_9b6481e4,11,user_a7b901f2,0.226931
user_9b6481e4,12,user_11e8421f,0.186272
user_9b6481e4,13,user_2dc10d2d,0.169494
user_9b6481e4,14,user_c7beef01,0.118297
user_9b6481e4,15,user_1c45ab75,0.109385
user_9bee2a7c,1,user_406c399e,0.524067
user_9bee2a7c,2,user_8285a696,0.501355
user_9bee2a7c,3,user_039d004e,0.496927
user_9bee2a7c,4,user_9bee2a7c,0.487374
user_9bee2a7c,5,user_04d8419e,0.486592
user_9bee2a7c,6,user_1936a7c3,0.439953
user_9bee2a7c,7,user_c8e749e2,0.421125
user_9bee2a7c,8,user_e7a55eac,0.420339
user_9bee2a7c,9,user_c67f26cc,0.400843
user_9bee2a7c,10,user_a4ae4e77,0.390566
user_9bee2a7c,11,user_8e97a154,0.358449
user_9bee2a7c,12,user_5d7cbf11,0.357761
user_9bee2a7c,13,user_2a94c885,0.342588
user_9bee2a7c,14,user_f75c71f0,0.274150
user_9bee2a7c,15,user_fc1cfe0b,0.235851
user_9c5cd7fa,1,user_6011e674,0.540984
user_9c5cd7fa,2,user_8ac8f24f,0.521376
user_9c5cd7fa,3,user_9c5cd7fa,0.505532
user_9c5cd7fa,4,user_2817ec11,0.502312
user_9c5cd7fa,5,user_a973cf8e,0.489358
user_9c5cd7fa,6,user_d3663143,0.466707
user_9c5cd7fa,7,user_2f766c23,0.438166
user_9c5cd7fa,8,user_c8f82360,0.435186
user_9c5cd7fa,9,user_4607d25d,0.425376
user_9c5cd7fa,10,user_d10d1f24,0.416957
user_9c5cd7fa,11,user_1c7b7780,0.407570
user_9c5cd7fa,12,user_940c7213,0.403615
user_9c5cd7fa,13,user_fa60616d,0.325101
user_9c5cd7fa,14,user_82d93459,0.247851
user_9c5cd7fa,15,user_165a2706,0.238295
user_9c5e4782,1,user_85c97ea1,0.176731
user_9c5e4782,2,user_8ce972f1,0.169701
user_9c5e4782,3,user_2b03934e,0.151901
user_9c5e4782,4,user_e4f8ab0c,0.128374
user_9c5e4782,5,user_5a6f92a6,0.126162
user_9c5e4782,6,user_c0eba9f2,0.120962
user_9c5e4782,7,user_1cfedba8,0.118995
user_9c5e4782,8,user_3666402b,0.113649
user_9c5e4782,9,user_e5beda2b,0.113200
user_9c5e4782,10,user_372cb75b,0.098707
user_9c5e4782,11,user_f3a56e06,0.097575
user_9c5e4782,12,user_4893b4d0,0.093532
user_9c5e4782,13,user_f2f860bd,0.083354
user_9c5e4782,14,user_19622b77,0.080458
user_9c5e4782,15,user_a75b16f2,0.056719
user_9c7183c8,1,user_b14ec02b,0.545818
user_9c7183c8,2,user_da51dede,0.535475
user_9c7183c8,3,user_3ff88cf0,0.531536
user_9c7183c8,4,user_db4c3fb9,0.487166
user_9c7183c8,5,user_c92c8f83,0.482186
user_9c7183c8,6,user_9c7183c8,0.472339
user_9c7183c8,7,user_84c14a6f,0.454703
user_9c7183c8,8,user_201c8c78,0.433189
user_9c7183c8,9,user_bdcc6e7d,0.391534
user_9c7183c8,10,user_91f5e7af,0.385227
user_9c7183c8,11,user_1fb646f2,0.383820
user_9c7183c8,12,user_4607d25d,0.378204
user_9c7183c8,13,user_3bc84c13,0.345391
user_9c7183c8,14,user_82c86537,0.325876
user_9c7183c8,15,user_c8f82360,0.274642
user_9ce96cbf,1,user_c2f18cf7,0.567260
user_9ce96cbf,2,user_0697c470,0.551959
user_9ce96cbf,3,user_c8e749e2,0.547170
user_9ce96cbf,4,user_4607d25d,0.545931
user_9ce96cbf,5,user_98ca16a6,0.502284
user_9ce96cbf,6,user_ece9bfd2,0.483549
user_9ce96cbf,7,user_a4ae4e77,0.482913
user_9ce96cbf,8,user_39b3eda0,0.481096
user_9ce96cbf,9,user_c0eba9f2,0.442107
user_9ce96cbf,10,user_04f39d22,0.408402
user_9ce96cbf,11,user_bdcc6e7d,0.406159
user_9ce96cbf,12,user_aae78e0d,0.395625
user_9ce96cbf,13,user_0285dee3,0.394486
user_9ce96cbf,14,user_5881b259,0.353510
user_9ce96cbf,15,user_fa60616d,0.335471
user_9d8095fc,1,user_a00e0552,0.600744
user_9d8095fc,2,user_3431c049,0.563191
user_9d8095fc,3,user_9d8095fc,0.490642
user_9d8095fc,4,user_ded778b8,0.463395
user_9d8095fc,5,user_0d32f0ed,0.442805
user_9d8095fc,6,user_9818dcae,0.427258
user_9d8095fc,7,user_9e328c4e,0.382753
user_9d8095fc,8,user_91db6e48,0.378455
user_9d8095fc,9,user_0c578ab5,0.339746
user_9d8095fc,10,user_3ce4c1f8,0.337639
user_9d8095fc,11,user_6bf0e007,0.295700
user_9d8095fc,12,user_74cfb8ef,0.295444
user_9d8095fc,13,user_201c8c78,0.281620
user_9d8095fc,14,user_a7b901f2,0.237908
user_9d8095fc,15,user_2cb4b018,0.170062
user_9d9fba70,1,user_56980aa9,0.493130
user_9d9fba70,2,user_f10e7063,0.470735
user_9d9fba70,3,user_9b517815,0.445336
user_9d9fba70,4,user_0285dee3,0.440209
user_9d9fba70,5,user_5f4ee256,0.435257
user_9d9fba70,6,user_7fd91653,0.408076
user_9d9fba70,7,user_80da26a6,0.406339
user_9d9fba70,8,user_a4ae4e77,0.387956
user_9d9fba70,9,user_4607d25d,0.365917
user_9d9fba70,10,user_6bf0e007,0.361462
user_9d9fba70,11,user_6a0b0e92,0.350536
user_9d9fba70,12,user_f0b144fc,0.315312
user_9d9fba70,13,user_aa31484a,0.267138
user_9d9fba70,14,user_ebddf9c1,0.249228
user_9d9fba70,15,user_5d7cbf11,0.178482
user_9dda4af9,1,user_16ac4154,0.417799
user_9dda4af9,2,user_2f766c23,0.417452
user_9dda4af9,3,user_3850eb9e,0.412641
user_9dda4af9,4,user_f7fd2885,0.396873
user_9dda4af9,5,user_8ac8f24f,0.368971
user_9dda4af9,6,user_b2f3c0d2,0.363558
user_9dda4af9,7,user_9dda4af9,0.354918
user_9dda4af9,8,user_ecba8131,0.321107
user_9dda4af9,9,user_5e61d6d9,0.309936
user_9dda4af9,10,user_00723699,0.307403
user_9dda4af9,11,user_9c5cd7fa,0.296859
user_9dda4af9,12,user_5159d3a1,0.244782
user_9dda4af9,13,user_82d93459,0.211113
user_9dda4af9,14,user_4f864d55,0.190095
user_9dda4af9,15,user_18522854,0.136958
user_9e328c4e,1,user_9e328c4e,0.564435
user_9e328c4e,2,user_da245b56,0.433455
user_9e328c4e,3,user_9d8095fc,0.354585
user_9e328c4e,4,user_0bd8ba7c,0.300003
user_9e328c4e,5,user_815b7baf,0.217973
user_9e328c4e,6,user_91db6e48,0.214938
user_9e328c4e,7,user_81a80789,0.169162
user_9e328c4e,8,user_8c11f026,0.136583
user_9e328c4e,9,user_3ce4c1f8,0.123797
user_9e328c4e,10,user_c130412b,0.123626
user_9e328c4e,11,user_1c45ab75,0.111855
user_9e328c4e,12,user_164fe4b8,0.111583
user_9e328c4e,13,user_2cb4b018,0.109543
user_9e328c4e,14,user_55058479,0.075464
user_9e328c4e,15,user_0eb2abf1,0.035647
user_9e39a95d,1,user_65d73ac1,0.550799
user_9e39a95d,2,user_8ac8f24f,0.529259
user_9e39a95d,3,user_1b7f8c56,0.456067
user_9e39a95d,4,user_201c8c78,0.450528
user_9e39a95d,5,user_b16e0cf8,0.446906
user_9e39a95d,6,user_0c578ab5,0.435656
user_9e39a95d,7,user_a973cf8e,0.430388
user_9e39a95d,8,user_5159d3a1,0.411979
user_9e39a95d,9,user_6bb64984,0.409201
user_9e39a95d,10,user_4607d25d,0.403822
user_9e39a95d,11,user_c8f82360,0.396542
user_9e39a95d,12,user_9818dcae,0.394748
user_9e39a95d,13,user_c0392523,0.327993
user_9e39a95d,14,user_1c45ab75,0.326563
user_9e39a95d,15,user_2cb4b018,0.279094
user_9f81cfba,1,user_b6350ec1,0.392662
user_9f81cfba,2,user_c96b90fe,0.381629
user_9f81cfba,3,user_84e93af7,0.371574
user_9f81cfba,4,user_cbabbcee,0.366987
user_9f81cfba,5,user_3e284ba5,0.358125
user_9f81cfba,6,user_79a1811b,0.311054
user_9f81cfba,7,user_f14dc486,0.299291
user_9f81cfba,8,user_5881b259,0.285260
user_9f81cfba,9,user_afff552a,0.256768
user_9f81cfba,10,user_eae91488,0.219917
user_9f81cfba,11,user_e802076d,0.206830
user_9f81cfba,12,user_6011e674,0.195931
user_9f81cfba,13,user_406c399e,0.194786
user_9f81cfba,14,user_ebddf9c1,0.176149
user_9f81cfba,15,user_cc1c8897,0.130505
user_9fc3c829,1,user_1b460965,0.667241
user_9fc3c829,2,user_9fc3c829,0.528667
user_9fc3c829,3,user_6fbf6191,0.524333
user_9fc3c829,4,user_bd47000f,0.500973
user_9fc3c829,5,user_25b48a9a,0.481315
user_9fc3c829,6,user_69df6330,0.468263
user_9fc3c829,7,user_89197ce5,0.465221
user_9fc3c829,8,user_f75c71f0,0.416778
user_9fc3c829,9,user_2a94c885,0.407494
user_9fc3c829,10,user_5d7cbf11,0.403662
user_9fc3c829,11,user_02d03e8a,0.372766
user_9fc3c829,12,user_f107081e,0.359790
user_9fc3c829,13,user_f827c7dd,0.307077
user_9fc3c829,14,user_2a41ee39,0.282736
user_9fc3c829,15,user_cb2fe204,0.167497
user_9ff844ba,1,user_9ff844ba,0.494423
user_9ff844ba,2,user_f75c71f0,0.467941
user_9ff844ba,3,user_a01f16ac,0.444439
user_9ff844ba,4,user_6fc85c06,0.320601
user_9ff844ba,5,user_201c8c78,0.304969
user_9ff844ba,6,user_04d8419e,0.296380
user_9ff844ba,7,user_8285a696,0.276400
user_9ff844ba,8,user_e802076d,0.275931
user_9ff844ba,9,user_5d7cbf11,0.235865
user_9ff844ba,10,user_56980aa9,0.216749
user_9ff844ba,11,user_ee14f818,0.207272
user_9ff844ba,12,user_5f4ee256,0.189812
user_9ff844ba,13,user_6bf0e007,0.188151
user_9ff844ba,14,user_6a0b0e92,0.145760
user_9ff844ba,15,user_4607d25d,0.098685
user_a01f16ac,1,user_c50a487d,0.514024
user_a01f16ac,2,user_da245b56,0.501876
user_a01f16ac,3,user_d4c7b4c0,0.437795
user_a01f16ac,4,user_a00e0552,0.431455
user_a01f16ac,5,user_fdc08e26,0.225010
user_a01f16ac,6,user_aa2fbe83,0.162933
user_a01f16ac,7,user_11e8421f,0.149822
user_a01f16ac,8,user_a7b901f2,0.146947
user_a01f16ac,9,user_4f3b6241,0.138404
user_a01f16ac,10,user_6bf0e007,0.131163
user_a01f16ac,11,user_2cb4b018,0.112579
user_a01f16ac,12,user_cbabbcee,0.097343
user_a01f16ac,13,user_8e97a154,0.082897
user_a01f16ac,14,user_e802076d,0.073688
user_a01f16ac,15,user_406c399e,0.073258
user_a0fa40f1,1,user_d4c7b4c0,0.598663
user_a0fa40f1,2,user_c50a487d,0.585574
user_a0fa40f1,3,user_a00e0552,0.568381
user_a0fa40f1,4,user_fdc08e26,0.565385
user_a0fa40f1,5,user_ca6074df,0.501086
user_a0fa40f1,6,user_4c8199a7,0.481967
user_a0fa40f1,7,user_cce4f9c2,0.446015
user_a0fa40f1,8,user_ee14f818,0.432815
user_a0fa40f1,9,user_6bf0e007,0.427109
user_a0fa40f1,10,user_3239132f,0.421474
user_a0fa40f1,11,user_5c82df31,0.371810
user_a0fa40f1,12,user_e6057285,0.329352
user_a0fa40f1,13,user_25b48a9a,0.300437
user_a0fa40f1,14,user_df8dc9bb,0.280290
user_a0fa40f1,15,user_8e97a154,0.259563
user_a151ddab,1,user_8e97a154,0.291396
user_a151ddab,2,user_61f90240,0.253588
user_a151ddab,3,user_7b052f32,0.239991
user_a151ddab,4,user_41d0c897,0.183185
user_a151ddab,5,user_0f006eec,0.181294
user_a151ddab,6,user_f6188968,0.172363
user_a151ddab,7,user_0521a7ac,0.170593
user_a151ddab,8,user_a0f5ae47,0.160208
user_a151ddab,9,user_32f31383,0.121236
user_a151ddab,10,user_f75c71f0,0.108314
user_a151ddab,11,user_ee8d5ec5,0.095812
user_a151ddab,12,user_ff591131,0.092701
user_a151ddab,13,user_959adfc8,0.091244
user_a151ddab,14,user_94f185bc,0.090880
user_a151ddab,15,user_0cd29f02,0.087005
user_a1b097c2,1,user_a04b2a78,0.586626
user_a1b097c2,2,user_c4b781ce,0.562657
user_a1b097c2,3,user_a1b097c2,0.539615
user_a1b097c2,4,user_0285dee3,0.523832
user_a1b097c2,5,user_0dfb7397,0.487655
user_a1b097c2,6,user_823846de,0.480598
user_a1b097c2,7,user_380ddd3f,0.443081
user_a1b097c2,8,user_f0b144fc,0.428390
user_a1b097c2,9,user_6bf0e007,0.416528
user_a1b097c2,10,user_ecd7b02a,0.412008
user_a1b097c2,11,user_a16d1fb6,0.302286
user_a1b097c2,12,user_d7fde080,0.283601
user_a1b097c2,13,user_f59d3941,0.254519
user_a1b097c2,14,user_08e9ce6e,0.236729
user_a1b097c2,15,user_83a58842,0.225274
user_a2825b06,1,user_a2825b06,0.482834
user_a2825b06,2,user_5c5a0b40,0.450321
user_a2825b06,3,user_2dd189e3,0.420716
user_a2825b06,4,user_04d8419e,0.398846
user_a2825b06,5,user_8e97a154,0.365941
user_a2825b06,6,user_e7a55eac,0.342193
user_a2825b06,7,user_c0eba9f2,0.339237
user_a2825b06,8,user_8285a696,0.322828
user_a2825b06,9,user_ebddf9c1,0.299715
user_a2825b06,10,user_f75c71f0,0.247735
user_a2825b06,11,user_6bf0e007,0.234259
user_a2825b06,12,user_9bee2a7c,0.221280
user_a2825b06,13,user_c6f50d12,0.218897
user_a2825b06,14,user_c06d9b71,0.218551
user_a2825b06,15,user_2a94c885,0.197720
user_a2f8bfd2,1,user_a2f8bfd2,0.613226
user_a2f8bfd2,2,user_c59ebe9c,0.541544
user_a2f8bfd2,3,user_c50a487d,0.513732
user_a2f8bfd2,4,user_76fc8dcd,0.500685
user_a2f8bfd2,5,user_ff39b6cf,0.449168
user_a2f8bfd2,6,user_ba010eec,0.430608
user_a2f8bfd2,7,user_4f3b6241,0.427946
user_a2f8bfd2,8,user_9818dcae,0.375645
user_a2f8bfd2,9,user_c7beef01,0.359660
user_a2f8bfd2,10,user_fdc08e26,0.358853
user_a2f8bfd2,11,user_8c11f026,0.335551
user_a2f8bfd2,12,user_815b7baf,0.331260
user_a2f8bfd2,13,user_201c8c78,0.321658
user_a2f8bfd2,14,user_2c69b83e,0.288869
user_a2f8bfd2,15,user_b1d0760b,0.186562
user_a346dfc4,1,user_bbb0205e,0.518819
user_a346dfc4,2,user_6c2d672f,0.489847
user_a346dfc4,3,user_54b19b29,0.442320
user_a346dfc4,4,user_a346dfc4,0.349827
user_a346dfc4,5,user_acd6ddfb,0.327919
user_a346dfc4,6,user_e0c65725,0.321795
user_a346dfc4,7,user_89571ce8,0.274504
user_a346dfc4,8,user_1f636ddc,0.267127
user_a346dfc4,9,user_1246b252,0.221830
user_a346dfc4,10,user_a0517bef,0.210861
user_a346dfc4,11,user_72bed676,0.208817
user_a346dfc4,12,user_414a6eaf,0.140261
user_a346dfc4,13,user_94cad3a5,0.125110
user_a346dfc4,14,user_29458d96,0.089027
user_a346dfc4,15,user_3b79395c,0.068225
user_a4893af1,1,user_4c8199a7,0.373975
user_a4893af1,2,user_a0517bef,0.369635
user_a4893af1,3,user_81a80789,0.332346
user_a4893af1,4,user_815b7baf,0.327732
user_a4893af1,5,user_414a6eaf,0.313717
user_a4893af1,6,user_d4c7b4c0,0.304287
user_a4893af1,7,user_76fc8dcd,0.295324
user_a4893af1,8,user_3b79395c,0.272808
user_a4893af1,9,user_1c45ab75,0.266186
user_a4893af1,10,user_9818dcae,0.257375
user_a4893af1,11,user_02fecea2,0.256991
user_a4893af1,12,user_ff39b6cf,0.254340
user_a4893af1,13,user_c50a487d,0.193279
user_a4893af1,14,user_8c11f026,0.185908
user_a4893af1,15,user_df8dc9bb,0.126807
user_a4a77a7d,1,user_a4a77a7d,0.548752
user_a4a77a7d,2,user_b628264a,0.511890
user_a4a77a7d,3,user_723406a0,0.497267
user_a4a77a7d,4,user_f10e7063,0.496213
user_a4a77a7d,5,user_c2f18cf7,0.491449
user_a4a77a7d,6,user_5ac1a174,0.490246
user_a4a77a7d,7,user_c9007141,0.489228
user_a4a77a7d,8,user_4607d25d,0.482870
user_a4a77a7d,9,user_a7bfc229,0.458426
user_a4a77a7d,10,user_56980aa9,0.455245
user_a4a77a7d,11,user_79f04645,0.444015
user_a4a77a7d,12,user_5f4ee256,0.406933
user_a4a77a7d,13,user_657c72ca,0.388052
user_a4a77a7d,14,user_f862100c,0.369269
user_a4a77a7d,15,user_f27da10a,0.366565
user_a4aab257,1,user_55058479,0.372640
user_a4aab257,2,user_daf53db6,0.347396
user_a4aab257,3,user_e5a6abbe,0.300839
user_a4aab257,4,user_f52ced02,0.257007
user_a4aab257,5,user_0fefc28e,0.243229
user_a4aab257,6,user_a4aab257,0.221213
user_a4aab257,7,user_ebddf9c1,0.217964
user_a4aab257,8,user_9d786aa8,0.216713
user_a4aab257,9,user_8ce972f1,0.206874
user_a4aab257,10,user_6bf0e007,0.205314
user_a4aab257,11,user_f862100c,0.195081
user_a4aab257,12,user_0669bdf6,0.182160
user_a4aab257,13,user_f75c71f0,0.179402
user_a4aab257,14,user_7c8639cd,0.173239
user_a4aab257,15,user_6fa47d61,0.102236
user_a4ae4e77,1,user_598cc905,0.614477
user_a4ae4e77,2,user_a4ae4e77,0.606404
user_a4ae4e77,3,user_88f46c7b,0.562625
user_a4ae4e77,4,user_5ac1a174,0.532513
user_a4ae4e77,5,user_b4214db6,0.528086
user_a4ae4e77,6,user_dac2c359,0.527607
user_a4ae4e77,7,user_423c81dc,0.519438
user_a4ae4e77,8,user_3eb49f37,0.518093
user_a4ae4e77,9,user_bd05225b,0.497586
user_a4ae4e77,10,user_37cd2dc9,0.489266
user_a4ae4e77,11,user_4db0d490,0.431591
user_a4ae4e77,12,user_d4b7e22e,0.431092
user_a4ae4e77,13,user_5d7cbf11,0.419462
user_a4ae4e77,14,user_f59d3941,0.353979
user_a4ae4e77,15,user_0a3f46b9,0.260797
user_a52dd639,1,user_a52dd639,0.578591
user_a52dd639,2,user_1a4bec69,0.564931
user_a52dd639,3,user_902af20f,0.535010
user_a52dd639,4,user_b2aba63a,0.524959
user_a52dd639,5,user_e409a56d,0.517182
user_a52dd639,6,user_795650bb,0.514890
user_a52dd639,7,user_4607d25d,0.511617
user_a52dd639,8,user_ecba8131,0.458264
user_a52dd639,9,user_ba8b1c05,0.443295
user_a52dd639,10,user_25652863,0.421723
user_a52dd639,11,user_201c8c78,0.416103
user_a52dd639,12,user_04f39d22,0.409000
user_a52dd639,13,user_2e60c125,0.378165
user_a52dd639,14,user_82c86537,0.334704
user_a52dd639,15,user_00a2f533,0.323833
user_a57a04fa,1,user_fb8f46c8,0.539439
user_a57a04fa,2,user_8e97a154,0.524572
user_a57a04fa,3,user_111cfe7d,0.515918
user_a57a04fa,4,user_84c14a6f,0.499596
user_a57a04fa,5,user_5159d3a1,0.467785
user_a57a04fa,6,user_2a94c885,0.430736
user_a57a04fa,7,user_8ac8f24f,0.412880
user_a57a04fa,8,user_7b052f32,0.354868
user_a57a04fa,9,user_2cb4b018,0.352697
user_a57a04fa,10,user_8285a696,0.328987
user_a57a04fa,11,user_11e8421f,0.294981
user_a57a04fa,12,user_cdd86523,0.286217
user_a57a04fa,13,user_ebddf9c1,0.266077
user_a57a04fa,14,user_b2dd04c8,0.248274
user_a57a04fa,15,user_9bee2a7c,0.185073
user_a57e47b1,1,user_8292753c,0.662795
user_a57e47b1,2,user_a57e47b1,0.574875
user_a57e47b1,3,user_4e54f3d7,0.557635
user_a57e47b1,4,user_cdd86523,0.509027
user_a57e47b1,5,user_84c14a6f,0.507701
user_a57e47b1,6,user_636ad58f,0.467048
user_a57e47b1,7,user_80da26a6,0.465222
user_a57e47b1,8,user_829844fd,0.446061
user_a57e47b1,9,user_91f5e7af,0.382540
user_a57e47b1,10,user_2a94c885,0.345744
user_a57e47b1,11,user_4607d25d,0.345578
user_a57e47b1,12,user_6bf0e007,0.332057
user_a57e47b1,13,user_0285dee3,0.331179
user_a57e47b1,14,user_3f2fbc90,0.296433
user_a57e47b1,15,user_8285a696,0.257164
user_a6a094cf,1,user_4db0d490,0.499925
user_a6a094cf,2,user_a6a094cf,0.424935
user_a6a094cf,3,user_0e82fe11,0.415015
user_a6a094cf,4,user_86685a27,0.408222
user_a6a094cf,5,user_a04b2a78,0.373275
user_a6a094cf,6,user_17355c30,0.336782
user_a6a094cf,7,user_f5c4370b,0.314703
user_a6a094cf,8,user_87e5d9b0,0.288501
user_a6a094cf,9,user_aa08d5a8,0.276638
user_a6a094cf,10,user_0a3f46b9,0.274629
user_a6a094cf,11,user_dcf52d26,0.259620
user_a6a094cf,12,user_59e8bc2a,0.224161
user_a6a094cf,13,user_9fe4e0f5,0.181795
user_a6a094cf,14,user_f59d3941,0.136862
user_a6a094cf,15,user_5d7cbf11,0.136695
user_a743aff9,1,user_406c399e,0.535791
user_a743aff9,2,user_79a1811b,0.527564
user_a743aff9,3,user_1936a7c3,0.492988
user_a743aff9,4,user_e7a55eac,0.463083
user_a743aff9,5,user_ab86ab82,0.430322
user_a743aff9,6,user_91f5e7af,0.429585
user_a743aff9,7,user_91f807b9,0.410545
user_a743aff9,8,user_f14dc486,0.399371
user_a743aff9,9,user_8f39f021,0.396942
user_a743aff9,10,user_c8e749e2,0.383503
user_a743aff9,11,user_84c14a6f,0.354824
user_a743aff9,12,user_2e81a539,0.353888
user_a743aff9,13,user_8e97a154,0.287894
user_a743aff9,14,user_829844fd,0.263401
user_a743aff9,15,user_a743aff9,0.234804
user_a8dc91a3,1,user_82c86537,0.549709
user_a8dc91a3,2,user_4607d25d,0.519325
user_a8dc91a3,3,user_5c82df31,0.455535
user_a8dc91a3,4,user_5159d3a1,0.388354
user_a8dc91a3,5,user_ecba8131,0.359415
user_a8dc91a3,6,user_8285a696,0.358493
user_a8dc91a3,7,user_a8dc91a3,0.357791
user_a8dc91a3,8,user_ee14f818,0.345162
user_a8dc91a3,9,user_aae78e0d,0.308953
user_a8dc91a3,10,user_3085d204,0.302759
user_a8dc91a3,11,user_3f2fbc90,0.288227
user_a8dc91a3,12,user_80dc757f,0.280458
user_a8dc91a3,13,user_c0eba9f2,0.240885
user_a8dc91a3,14,user_6bf0e007,0.239022
user_a8dc91a3,15,user_bbe73426,0.200947
user_a973cf8e,1,user_c709e252,0.507087
user_a973cf8e,2,user_a973cf8e,0.479094
user_a973cf8e,3,user_65d73ac1,0.473594
user_a973cf8e,4,user_6bb64984,0.445118
user_a973cf8e,5,user_c8f82360,0.419608
user_a973cf8e,6,user_d10d1f24,0.414558
user_a973cf8e,7,user_83e30c57,0.404313
user_a973cf8e,8,user_1b7f8c56,0.394505
user_a973cf8e,9,user_02d8a1f8,0.374955
user_a973cf8e,10,user_68d19df8,0.364563
user_a973cf8e,11,user_6011e674,0.352163
user_a973cf8e,12,user_b16e0cf8,0.346493
user_a973cf8e,13,user_e802076d,0.295595
user_a973cf8e,14,user_406c399e,0.262446
user_a973cf8e,15,user_91f5e7af,0.209538
user_a9ed5193,1,user_e30558fe,0.470533
user_a9ed5193,2,user_a9ed5193,0.455987
user_a9ed5193,3,user_1b2d69c1,0.434413
user_a9ed5193,4,user_baa70592,0.423877
user_a9ed5193,5,user_58892c7c,0.392611
user_a9ed5193,6,user_a7145605,0.339927
user_a9ed5193,7,user_3ff3188b,0.300287
user_a9ed5193,8,user_75bc9924,0.269420
user_a9ed5193,9,user_43a979d2,0.253571
user_a9ed5193,10,user_e409a56d,0.248022
user_a9ed5193,11,user_75905116,0.223321
user_a9ed5193,12,user_fba6bcd4,0.200774
user_a9ed5193,13,user_b2aba63a,0.198201
user_a9ed5193,14,user_695e56c9,0.184813
user_a9ed5193,15,user_84e93af7,0.160811
user_aa4cc34a,1,user_586752e4,0.490177
user_aa4cc34a,2,user_55058479,0.401249
user_aa4cc34a,3,user_aa4cc34a,0.381424
user_aa4cc34a,4,user_8fb63eca,0.325496
user_aa4cc34a,5,user_107259c3,0.309644
user_aa4cc34a,6,user_a411fb06,0.301699
user_aa4cc34a,7,user_cce4f9c2,0.299243
user_aa4cc34a,8,user_91321efa,0.297158
user_aa4cc34a,9,user_b1d0760b,0.259489
user_aa4cc34a,10,user_1ae8e7f5,0.257881
user_aa4cc34a,11,user_e8e9acac,0.248784
user_aa4cc34a,12,user_3b79395c,0.242756
user_aa4cc34a,13,user_8e92b8c1,0.236619
user_aa4cc34a,14,user_0c8c48ac,0.198565
user_aa4cc34a,15,user_ff39b6cf,0.115119
user_aaa1e595,1,user_9818dcae,0.447448
user_aaa1e595,2,user_91db6e48,0.447150
user_aaa1e595,3,user_4c8199a7,0.440696
user_aaa1e595,4,user_ca6074df,0.432906
user_aaa1e595,5,user_55058479,0.431188
user_aaa1e595,6,user_5c82df31,0.413905
user_aaa1e595,7,user_cce4f9c2,0.413114
user_aaa1e595,8,user_7b052f32,0.306846
user_aaa1e595,9,user_815b7baf,0.274358
user_aaa1e595,10,user_3239132f,0.273343
user_aaa1e595,11,user_df8dc9bb,0.261780
user_aaa1e595,12,user_5738db35,0.234628
user_aaa1e595,13,user_3b79395c,0.200153
user_aaa1e595,14,user_93cdb7a1,0.171856
user_aaa1e595,15,user_f862100c,0.145744
user_ab434739,1,user_ab434739,0.552131
user_ab434739,2,user_6169d3b8,0.505423
user_ab434739,3,user_ac6e9129,0.470457
user_ab434739,4,user_6a28fa5d,0.459669
user_ab434739,5,user_a411fb06,0.458136
user_ab434739,6,user_a615a6d1,0.455803
user_ab434739,7,user_c73333a5,0.455306
user_ab434739,8,user_a5e548ce,0.447208
user_ab434739,9,user_1022be44,0.446726
user_ab434739,10,user_e5f67397,0.442372
user_ab434739,11,user_6058434c,0.425679
user_ab434739,12,user_85c97ea1,0.410721
user_ab434739,13,user_ca130b8f,0.403624
user_ab434739,14,user_d5b21e00,0.354916
user_ab434739,15,user_74da5a13,0.316622
user_ab439a92,1,user_ab439a92,0.391687
user_ab439a92,2,user_c34e791e,0.366609
user_ab439a92,3,user_e64d80ba,0.350407
user_ab439a92,4,user_840e0a93,0.345489
user_ab439a92,5,user_201c8c78,0.300190
user_ab439a92,6,user_98f18241,0.281646
user_ab439a92,7,user_b2aba63a,0.277673
user_ab439a92,8,user_0c578ab5,0.234381
user_ab439a92,9,user_75905116,0.232725
user_ab439a92,10,user_7b052f32,0.187034
user_ab439a92,11,user_0ff0b922,0.174345
user_ab439a92,12,user_04f39d22,0.160265
user_ab439a92,13,user_205d25f3,0.132794
user_ab439a92,14,user_5159d3a1,0.120380
user_ab439a92,15,user_4607d25d,0.109866
user_ab5592eb,1,user_d758a0a1,0.422497
user_ab5592eb,2,user_7aa3746b,0.418052
user_ab5592eb,3,user_fdc08e26,0.416470
user_ab5592eb,4,user_fde2d265,0.316589
user_ab5592eb,5,user_dffc0da5,0.278147
user_ab5592eb,6,user_36d44add,0.277031
user_ab5592eb,7,user_6bf0e007,0.261615
user_ab5592eb,8,user_4893b4d0,0.248714
user_ab5592eb,9,user_b6b89f00,0.243638
user_ab5592eb,10,user_406c399e,0.228321
user_ab5592eb,11,user_515ae840,0.213747
user_ab5592eb,12,user_60a65d98,0.182671
user_ab5592eb,13,user_0eeab432,0.168249
user_ab5592eb,14,user_0b5c256a,0.151902
user_ab5592eb,15,user_0b64b183,0.138175
user_ab8e847b,1,user_ab8e847b,0.463418
user_ab8e847b,2,user_a7b901f2,0.395013
user_ab8e847b,3,user_a0517bef,0.383249
user_ab8e847b,4,user_201c8c78,0.382562
user_ab8e847b,5,user_815b7baf,0.372715
user_ab8e847b,6,user_74cfb8ef,0.355570
user_ab8e847b,7,user_1c45ab75,0.348710
user_ab8e847b,8,user_378003e3,0.334649
user_ab8e847b,9,user_9818dcae,0.279704
user_ab8e847b,10,user_baeb91b3,0.278422
user_ab8e847b,11,user_20a01575,0.261832
user_ab8e847b,12,user_02fecea2,0.232004
user_ab8e847b,13,user_72bed676,0.207028
user_ab8e847b,14,user_d074356a,0.195074
user_ab8e847b,15,user_3666402b,0.180192
user_abde0618,1,user_124651ff,0.509509
user_abde0618,2,user_3f1d04a6,0.437299
user_abde0618,3,user_74cfb8ef,0.426437
user_abde0618,4,user_5159d3a1,0.385639
user_abde0618,5,user_8285a696,0.364523
user_abde0618,6,user_6169d3b8,0.353279
user_abde0618,7,user_e696f3ae,0.317522
user_abde0618,8,user_8e97a154,0.305381
user_abde0618,9,user_201c8c78,0.285256
user_abde0618,10,user_93cdb7a1,0.274114
user_abde0618,11,user_8006727d,0.272122
user_abde0618,12,user_40efa894,0.266054
user_abde0618,13,user_4607d25d,0.237578
user_abde0618,14,user_0ff0b922,0.232960
user_abde0618,15,user_bd47000f,0.210116
user_ac6d6bff,1,user_ded778b8,0.535979
user_ac6d6bff,2,user_d4c7b4c0,0.502541
user_ac6d6bff,3,user_02fecea2,0.488404
user_ac6d6bff,4,user_9b6481e4,0.483513
user_ac6d6bff,5,user_434f3511,0.463548
user_ac6d6bff,6,user_ac6d6bff,0.462358
user_ac6d6bff,7,user_baeb91b3,0.443169
user_ac6d6bff,8,user_397cfe20,0.432660
user_ac6d6bff,9,user_d50d7985,0.405737
user_ac6d6bff,10,user_9818dcae,0.382225
user_ac6d6bff,11,user_0d32f0ed,0.381186
user_ac6d6bff,12,user_ff39b6cf,0.370866
user_ac6d6bff,13,user_81a80789,0.365585
user_ac6d6bff,14,user_ee14f818,0.340955
user_ac6d6bff,15,user_4bd9303b,0.326464
user_ac6e9129,1,user_4b8335bd,0.549311
user_ac6e9129,2,user_ac6e9129,0.477576
user_ac6e9129,3,user_17054ec7,0.460541
user_ac6e9129,4,user_6169d3b8,0.416999
user_ac6e9129,5,user_1022be44,0.412086
user_ac6e9129,6,user_07db2c6a,0.408103
user_ac6e9129,7,user_c73333a5,0.371954
user_ac6e9129,8,user_a5e548ce,0.354025
user_ac6e9129,9,user_ca130b8f,0.339414
user_ac6e9129,10,user_e5f67397,0.328511
user_ac6e9129,11,user_6058434c,0.312556
user_ac6e9129,12,user_6a28fa5d,0.306593
user_ac6e9129,13,user_c81fae29,0.283415
user_ac6e9129,14,user_233fda02,0.281572
user_ac6e9129,15,user_a7f8db34,0.268183
user_acb51eed,1,user_1230e05a,0.506177
user_acb51eed,2,user_4607d25d,0.425886
user_acb51eed,3,user_9818dcae,0.420715
user_acb51eed,4,user_a973cf8e,0.373974
user_acb51eed,5,user_649f4327,0.361496
user_acb51eed,6,user_c709e252,0.356071
user_acb51eed,7,user_dc32d458,0.347121
user_acb51eed,8,user_d10d1f24,0.332910
user_acb51eed,9,user_6011e674,0.309148
user_acb51eed,10,user_00723699,0.307149
user_acb51eed,11,user_ee14f818,0.284341
user_acb51eed,12,user_c8f82360,0.249731
user_acb51eed,13,user_165a2706,0.248274
user_acb51eed,14,user_82d93459,0.219186
user_acb51eed,15,user_0285dee3,0.200317
user_acb899e9,1,user_6169d3b8,0.490131
user_acb899e9,2,user_7c7220a4,0.432920
user_acb899e9,3,user_e2e59795,0.423806
user_acb899e9,4,user_74cfb8ef,0.419194
user_acb899e9,5,user_a411fb06,0.418607
user_acb899e9,6,user_107259c3,0.406938
user_acb899e9,7,user_8fb63eca,0.371291
user_acb899e9,8,user_586752e4,0.362304
user_acb899e9,9,user_c50a487d,0.350399
user_acb899e9,10,user_1ae8e7f5,0.343965
user_acb899e9,11,user_20a01575,0.314860
user_acb899e9,12,user_f070eee7,0.300102
user_acb899e9,13,user_7a8f7f3e,0.273796
user_acb899e9,14,user_93cdb7a1,0.190454
user_acb899e9,15,user_fcf93ee8,0.155200
user_acd6ddfb,1,user_470c0785,0.531139
user_acd6ddfb,2,user_56e6d0cd,0.480460
user_acd6ddfb,3,user_3b1da5d9,0.414334
user_acd6ddfb,4,user_85810097,0.403298
user_acd6ddfb,5,user_acd6ddfb,0.397709
user_acd6ddfb,6,user_afff552a,0.358807
user_acd6ddfb,7,user_da51dede,0.356542
user_acd6ddfb,8,user_3121653d,0.355120
user_acd6ddfb,9,user_8713f22a,0.351308
user_acd6ddfb,10,user_5b714afd,0.333871
user_acd6ddfb,11,user_ee14f818,0.323027
user_acd6ddfb,12,user_98ca16a6,0.291152
user_acd6ddfb,13,user_0c578ab5,0.221153
user_acd6ddfb,14,user_6476648d,0.193359
user_acd6ddfb,15,user_04f39d22,0.176331
user_ad15a0a4,1,user_daf53db6,0.581718
user_ad15a0a4,2,user_ad15a0a4,0.571889
user_ad15a0a4,3,user_6011e674,0.533804
user_ad15a0a4,4,user_c0392523,0.526563
user_ad15a0a4,5,user_a973cf8e,0.488109
user_ad15a0a4,6,user_7af2ed90,0.487588
user_ad15a0a4,7,user_903329bb,0.459067
user_ad15a0a4,8,user_c41de62b,0.427815
user_ad15a0a4,9,user_737dd050,0.424450
user_ad15a0a4,10,user_8da30894,0.416330
user_ad15a0a4,11,user_d10d1f24,0.389895
user_ad15a0a4,12,user_6ab1739a,0.378846
user_ad15a0a4,13,user_5b7d5e00,0.369010
user_ad15a0a4,14,user_6bb64984,0.319925
user_ad15a0a4,15,user_c8f82360,0.309725
user_b1c16312,1,user_c50a487d,0.580888
user_b1c16312,2,user_b1c16312,0.513787
user_b1c16312,3,user_8285a696,0.487285
user_b1c16312,4,user_a01f16ac,0.466082
user_b1c16312,5,user_5c82df31,0.465404
user_b1c16312,6,user_55058479,0.436001
user_b1c16312,7,user_3f2fbc90,0.425795
user_b1c16312,8,user_3239132f,0.424234
user_b1c16312,9,user_e8613813,0.414819
user_b1c16312,10,user_fb8f46c8,0.411414
user_b1c16312,11,user_18522854,0.355298
user_b1c16312,12,user_7b052f32,0.277905
user_b1c16312,13,user_f4cc9f3d,0.273405
user_b1c16312,14,user_c0eba9f2,0.167730
user_b1c16312,15,user_6a13946a,0.164048
user_b23aa915,1,user_dc326993,0.465642
user_b23aa915,2,user_efcacf59,0.464731
user_b23aa915,3,user_25798310,0.458323
user_b23aa915,4,user_39b3eda0,0.394021
user_b23aa915,5,user_0f006eec,0.392828
user_b23aa915,6,user_ff591131,0.374683
user_b23aa915,7,user_6b311f43,0.351777
user_b23aa915,8,user_0cee87f3,0.344952
user_b23aa915,9,user_b23aa915,0.341165
user_b23aa915,10,user_94f185bc,0.335380
user_b23aa915,11,user_7fd91653,0.309793
user_b23aa915,12,user_3ae49e46,0.307560
user_b23aa915,13,user_0eeab432,0.307338
user_b23aa915,14,user_c0eba9f2,0.261719
user_b23aa915,15,user_959adfc8,0.233334
user_b2aba63a,1,user_64cd3098,0.529458
user_b2aba63a,2,user_b2aba63a,0.524286
user_b2aba63a,3,user_9818dcae,0.514876
user_b2aba63a,4,user_1c45ab75,0.496097
user_b2aba63a,5,user_201c8c78,0.488583
user_b2aba63a,6,user_4607d25d,0.487504
user_b2aba63a,7,user_a7b901f2,0.448809
user_b2aba63a,8,user_75905116,0.439846
user_b2aba63a,9,user_ee14f818,0.412972
user_b2aba63a,10,user_ecba8131,0.401336
user_b2aba63a,11,user_4bd9303b,0.388504
user_b2aba63a,12,user_5159d3a1,0.368138
user_b2aba63a,13,user_74cfb8ef,0.359353
user_b2aba63a,14,user_04f39d22,0.348367
user_b2aba63a,15,user_8e48a3f8,0.293049
user_b2dd04c8,1,user_c3040c7c,0.554497
user_b2dd04c8,2,user_e6057285,0.516304
user_b2dd04c8,3,user_c8e749e2,0.505161
user_b2dd04c8,4,user_e7a55eac,0.430790
user_b2dd04c8,5,user_8285a696,0.406994
user_b2dd04c8,6,user_bd47000f,0.326529
user_b2dd04c8,7,user_83a58842,0.321063
user_b2dd04c8,8,user_165a2706,0.312297
user_b2dd04c8,9,user_b2dd04c8,0.311165
user_b2dd04c8,10,user_4607d25d,0.290890
user_b2dd04c8,11,user_0285dee3,0.270223
user_b2dd04c8,12,user_7b052f32,0.249224
user_b2dd04c8,13,user_94f185bc,0.238975
user_b2dd04c8,14,user_5881b259,0.228472
user_b2dd04c8,15,user_5993b36a,0.199904
user_b2f3c0d2,1,user_147d1bbb,0.407652
user_b2f3c0d2,2,user_394c25cc,0.367149
user_b2f3c0d2,3,user_823846de,0.348565
user_b2f3c0d2,4,user_a2480011,0.346950
user_b2f3c0d2,5,user_b2f3c0d2,0.336241
user_b2f3c0d2,6,user_ff7631ef,0.312596
user_b2f3c0d2,7,user_9da8848a,0.312412
user_b2f3c0d2,8,user_fb8f46c8,0.304049
user_b2f3c0d2,9,user_a01f16ac,0.238513
user_b2f3c0d2,10,user_f4cc9f3d,0.222170
user_b2f3c0d2,11,user_fe922ad0,0.210114
user_b2f3c0d2,12,user_3850eb9e,0.209383
user_b2f3c0d2,13,user_6ab8f7d4,0.206665
user_b2f3c0d2,14,user_98a676ce,0.203798
user_b2f3c0d2,15,user_56909460,0.196219
user_b325310b,1,user_b325310b,0.586593
user_b325310b,2,user_99c67f2f,0.526561
user_b325310b,3,user_c709e252,0.517498
user_b325310b,4,user_83e30c57,0.517237
user_b325310b,5,user_940c7213,0.513520
user_b325310b,6,user_2f766c23,0.486574
user_b325310b,7,user_8fbb6d9c,0.474522
user_b325310b,8,user_6011e674,0.474469
user_b325310b,9,user_2d74cd4c,0.470818
user_b325310b,10,user_c41de62b,0.442745
user_b325310b,11,user_9c5cd7fa,0.440730
user_b325310b,12,user_903329bb,0.406120
user_b325310b,13,user_6ab1739a,0.405591
user_b325310b,14,user_a973cf8e,0.384498
user_b325310b,15,user_c8f82360,0.380309
user_b337cb0c,1,user_91f5e7af,0.158709
user_b337cb0c,2,user_d20928cc,0.129809
user_b337cb0c,3,user_ebe17c78,0.127937
user_b337cb0c,4,user_b350e22b,0.120208
user_b337cb0c,5,user_a6c2e760,0.099604
user_b337cb0c,6,user_4893b4d0,0.092117
user_b337cb0c,7,user_dc32d458,0.088089
user_b337cb0c,8,user_7924afc9,0.086681
user_b337cb0c,9,user_d023a78e,0.086583
user_b337cb0c,10,user_0b5c256a,0.083414
user_b337cb0c,11,user_0b64b183,0.080905
user_b337cb0c,12,user_80dc757f,0.076993
user_b337cb0c,13,user_0cee87f3,0.064371
user_b337cb0c,14,user_8ce972f1,0.055411
user_b337cb0c,15,user_fa60616d,0.050532
user_b49274ca,1,user_65d73ac1,0.524399
user_b49274ca,2,user_f75c71f0,0.520176
user_b49274ca,3,user_8ac8f24f,0.496489
user_b49274ca,4,user_b49274ca,0.490441
user_b49274ca,5,user_84c14a6f,0.458602
user_b49274ca,6,user_406c399e,0.455841
user_b49274ca,7,user_fa60616d,0.430832
user_b49274ca,8,user_27a3fa64,0.387081
user_b49274ca,9,user_80dc757f,0.361827
user_b49274ca,10,user_c154e834,0.351344
user_b49274ca,11,user_ee14f818,0.257885
user_b49274ca,12,user_c8f82360,0.256661
user_b49274ca,13,user_f107081e,0.251465
user_b49274ca,14,user_6bf0e007,0.250779
user_b49274ca,15,user_ebddf9c1,0.235195
user_b4d7e69a,1,user_afff552a,0.604079
user_b4d7e69a,2,user_e802076d,0.510235
user_b4d7e69a,3,user_a01f16ac,0.500135
user_b4d7e69a,4,user_5d35f631,0.499562
user_b4d7e69a,5,user_8285a696,0.465618
user_b4d7e69a,6,user_9d786aa8,0.464534
user_b4d7e69a,7,user_5f4ee256,0.452741
user_b4d7e69a,8,user_80da26a6,0.452012
user_b4d7e69a,9,user_201c8c78,0.450567
user_b4d7e69a,10,user_ee14f818,0.439007
user_b4d7e69a,11,user_4607d25d,0.437972
user_b4d7e69a,12,user_ebddf9c1,0.426553
user_b4d7e69a,13,user_c06d9b71,0.392338
user_b4d7e69a,14,user_84c14a6f,0.389768
user_b4d7e69a,15,user_c6f50d12,0.336135
user_b4f295b3,1,user_d4c7b4c0,0.454491
user_b4f295b3,2,user_a411fb06,0.428623
user_b4f295b3,3,user_74cfb8ef,0.426395
user_b4f295b3,4,user_9c88ee3d,0.422421
user_b4f295b3,5,user_c50a487d,0.368507
user_b4f295b3,6,user_6169d3b8,0.349539
user_b4f295b3,7,user_3353b96b,0.343149
user_b4f295b3,8,user_7c7220a4,0.287713
user_b4f295b3,9,user_ba010eec,0.284624
user_b4f295b3,10,user_e5f67397,0.277529
user_b4f295b3,11,user_8fb63eca,0.267874
user_b4f295b3,12,user_3b79395c,0.247766
user_b4f295b3,13,user_8e92b8c1,0.233515
user_b4f295b3,14,user_586752e4,0.186240
user_b4f295b3,15,user_107259c3,0.178483
user_b563e90b,1,user_b563e90b,0.569415
user_b563e90b,2,user_aa08d5a8,0.452876
user_b563e90b,3,user_9c7183c8,0.399906
user_b563e90b,4,user_74da5a13,0.390843
user_b563e90b,5,user_74e32d78,0.346187
user_b563e90b,6,user_83b871b5,0.334870
user_b563e90b,7,user_da51dede,0.268423
user_b563e90b,8,user_8e48a3f8,0.254057
user_b563e90b,9,user_d461f818,0.246468
user_b563e90b,10,user_db4c3fb9,0.243549
user_b563e90b,11,user_cc1c8897,0.194425
user_b563e90b,12,user_fcf93ee8,0.190443
user_b563e90b,13,user_126670d7,0.151080
user_b563e90b,14,user_33f2a818,0.133650
user_b563e90b,15,user_5d7cbf11,0.082891
user_b5af9db9,1,user_89197ce5,0.549263
user_b5af9db9,2,user_ee14f818,0.468340
user_b5af9db9,3,user_acb51eed,0.457700
user_b5af9db9,4,user_b2dd04c8,0.444716
user_b5af9db9,5,user_91f5e7af,0.440293
user_b5af9db9,6,user_5f4ee256,0.438500
user_b5af9db9,7,user_f0b144fc,0.426101
user_b5af9db9,8,user_380ddd3f,0.408865
user_b5af9db9,9,user_e802076d,0.408005
user_b5af9db9,10,user_c8e749e2,0.399356
user_b5af9db9,11,user_6bf0e007,0.399347
user_b5af9db9,12,user_0285dee3,0.353786
user_b5af9db9,13,user_c8f82360,0.308735
user_b5af9db9,14,user_e8a7be73,0.294098
user_b5af9db9,15,user_8285a696,0.292179
user_b628264a,1,user_8afa3eba,0.463606
user_b628264a,2,user_2c39731d,0.406733
user_b628264a,3,user_598cc905,0.404362
user_b628264a,4,user_723406a0,0.398162
user_b628264a,5,user_dac2c359,0.336222
user_b628264a,6,user_e4ab67b6,0.330050
user_b628264a,7,user_4db0d490,0.316293
user_b628264a,8,user_454733da,0.311973
user_b628264a,9,user_d7fde080,0.294695
user_b628264a,10,user_5d7cbf11,0.289817
user_b628264a,11,user_3eb49f37,0.248469
user_b628264a,12,user_6fc85c06,0.240501
user_b628264a,13,user_87e5d9b0,0.234284
user_b628264a,14,user_f59d3941,0.206922
user_b628264a,15,user_f5c4370b,0.142997
user_b6350ec1,1,user_4607d25d,0.594780
user_b6350ec1,2,user_406c399e,0.533540
user_b6350ec1,3,user_3085d204,0.532607
user_b6350ec1,4,user_0697c470,0.524018
user_b6350ec1,5,user_5f4ee256,0.506294
user_b6350ec1,6,user_a01f16ac,0.483866
user_b6350ec1,7,user_b6350ec1,0.482139
user_b6350ec1,8,user_0285dee3,0.480391
user_b6350ec1,9,user_695e56c9,0.477580
user_b6350ec1,10,user_c8e749e2,0.454804
user_b6350ec1,11,user_56980aa9,0.449365
user_b6350ec1,12,user_75bc9924,0.435169
user_b6350ec1,13,user_3f2fbc90,0.435050
user_b6350ec1,14,user_aa31484a,0.425910
user_b6350ec1,15,user_201c8c78,0.412017
user_b63ea1d4,1,user_259776c7,0.649658
user_b63ea1d4,2,user_a01f16ac,0.580389
user_b63ea1d4,3,user_a00e0552,0.542160
user_b63ea1d4,4,user_54b19b29,0.540648
user_b63ea1d4,5,user_bbb0205e,0.527689
user_b63ea1d4,6,user_4c8199a7,0.505664
user_b63ea1d4,7,user_76fc8dcd,0.500331
user_b63ea1d4,8,user_ff39b6cf,0.490403
user_b63ea1d4,9,user_acd6ddfb,0.468767
user_b63ea1d4,10,user_3121653d,0.451304
user_b63ea1d4,11,user_91db6e48,0.443776
user_b63ea1d4,12,user_0128a546,0.414151
user_b63ea1d4,13,user_9818dcae,0.408733
user_b63ea1d4,14,user_4f3b6241,0.397031
user_b63ea1d4,15,user_e5a6abbe,0.387545
user_b6b89f00,1,user_0c578ab5,0.443516
user_b6b89f00,2,user_1c45ab75,0.439533
user_b6b89f00,3,user_417702c5,0.428469
user_b6b89f00,4,user_9818dcae,0.425260
user_b6b89f00,5,user_aa2fbe83,0.422687
user_b6b89f00,6,user_25b48a9a,0.410785
user_b6b89f00,7,user_2dc10d2d,0.363828
user_b6b89f00,8,user_8da30894,0.350626
user_b6b89f00,9,user_8c11f026,0.345913
user_b6b89f00,10,user_815b7baf,0.334451
user_b6b89f00,11,user_a7b901f2,0.320201
user_b6b89f00,12,user_2cb4b018,0.308952
user_b6b89f00,13,user_b6b89f00,0.303508
user_b6b89f00,14,user_02fecea2,0.292456
user_b6b89f00,15,user_166a3647,0.196733
user_b7ba6422,1,user_f75c71f0,0.452852
user_b7ba6422,2,user_a8dc91a3,0.420899
user_b7ba6422,3,user_e802076d,0.402934
user_b7ba6422,4,user_b7ba6422,0.397625
user_b7ba6422,5,user_adab54a0,0.378865
user_b7ba6422,6,user_c8f82360,0.351054
user_b7ba6422,7,user_b16e0cf8,0.343500
user_b7ba6422,8,user_69df6330,0.341956
user_b7ba6422,9,user_8285a696,0.329513
user_b7ba6422,10,user_11e8421f,0.321904
user_b7ba6422,11,user_91f5e7af,0.316905
user_b7ba6422,12,user_406c399e,0.273723
user_b7ba6422,13,user_3f2fbc90,0.259526
user_b7ba6422,14,user_030cf51a,0.179523
user_b7ba6422,15,user_380ddd3f,0.168279
user_b888c512,1,user_a01f16ac,0.549666
user_b888c512,2,user_4607d25d,0.544447
user_b888c512,3,user_b2dd04c8,0.496242
user_b888c512,4,user_8285a696,0.493832
user_b888c512,5,user_80da26a6,0.469589
user_b888c512,6,user_3f2fbc90,0.449544
user_b888c512,7,user_bdcc6e7d,0.431624
user_b888c512,8,user_201c8c78,0.425338
user_b888c512,9,user_ee14f818,0.421971
user_b888c512,10,user_82d93459,0.378315
user_b888c512,11,user_0285dee3,0.378306
user_b888c512,12,user_00723699,0.364188
user_b888c512,13,user_ecba8131,0.351802
user_b888c512,14,user_94f185bc,0.325637
user_b888c512,15,user_f862100c,0.271732
user_b8f24804,1,user_a01f16ac,0.532892
user_b8f24804,2,user_b8f24804,0.496956
user_b8f24804,3,user_ef954c6e,0.456889
user_b8f24804,4,user_3f2fbc90,0.450911
user_b8f24804,5,user_6fbf6191,0.432775
user_b8f24804,6,user_406c399e,0.428666
user_b8f24804,7,user_ee14f818,0.423039
user_b8f24804,8,user_c8f82360,0.401041
user_b8f24804,9,user_8285a696,0.380718
user_b8f24804,10,user_f75c71f0,0.362535
user_b8f24804,11,user_6a0b0e92,0.360290
user_b8f24804,12,user_f107081e,0.343736
user_b8f24804,13,user_02d03e8a,0.337131
user_b8f24804,14,user_6bf0e007,0.287837
user_b8f24804,15,user_5d7cbf11,0.259865
user_b9036662,1,user_b9036662,0.553992
user_b9036662,2,user_3085d204,0.379089
user_b9036662,3,user_e7a55eac,0.336380
user_b9036662,4,user_8afa3eba,0.333440
user_b9036662,5,user_f0cf195f,0.322175
user_b9036662,6,user_3f2fbc90,0.256954
user_b9036662,7,user_3a39cc49,0.248255
user_b9036662,8,user_c0eba9f2,0.245378
user_b9036662,9,user_8285a696,0.234479
user_b9036662,10,user_d10d1f24,0.229606
user_b9036662,11,user_91f5e7af,0.182267
user_b9036662,12,user_5c82df31,0.162198
user_b9036662,13,user_f75c71f0,0.153547
user_b9036662,14,user_cf393213,0.124212
user_b9036662,15,user_18522854,0.123976
user_ba010eec,1,user_259776c7,0.491966
user_ba010eec,2,user_91db6e48,0.419332
user_ba010eec,3,user_9818dcae,0.417468
user_ba010eec,4,user_7a8f7f3e,0.398599
user_ba010eec,5,user_ff39b6cf,0.379050
user_ba010eec,6,user_4f3b6241,0.357051
user_ba010eec,7,user_8fb63eca,0.339789
user_ba010eec,8,user_ca6074df,0.325269
user_ba010eec,9,user_ee14f818,0.306817
user_ba010eec,10,user_36e75535,0.305560
user_ba010eec,11,user_417702c5,0.299275
user_ba010eec,12,user_6169d3b8,0.296320
user_ba010eec,13,user_93cdb7a1,0.247625
user_ba010eec,14,user_201c8c78,0.246788
user_ba010eec,15,user_b2aba63a,0.221716
user_ba463257,1,user_17607ebc,0.550775
user_ba463257,2,user_f654c33b,0.497127
user_ba463257,3,user_2a704b9c,0.456239
user_ba463257,4,user_bdcc6e7d,0.451645
user_ba463257,5,user_ee14f818,0.448881
user_ba463257,6,user_75bc9924,0.448655
user_ba463257,7,user_e802076d,0.436823
user_ba463257,8,user_30802254,0.417680
user_ba463257,9,user_7fd91653,0.397571
user_ba463257,10,user_0285dee3,0.384178
user_ba463257,11,user_6bf0e007,0.358213
user_ba463257,12,user_ee89e069,0.337020
user_ba463257,13,user_d691d016,0.329511
user_ba463257,14,user_19952166,0.315214
user_ba463257,15,user_94f185bc,0.194142
user_ba8b1c05,1,user_26fa9d90,0.570154
user_ba8b1c05,2,user_64cd3098,0.541813
user_ba8b1c05,3,user_74cfb8ef,0.535422
user_ba8b1c05,4,user_a7b901f2,0.513068
user_ba8b1c05,5,user_9c88ee3d,0.500324
user_ba8b1c05,6,user_d2c97c8e,0.495968
user_ba8b1c05,7,user_c50a487d,0.487043
user_ba8b1c05,8,user_364bb955,0.478015
user_ba8b1c05,9,user_201c8c78,0.459112
user_ba8b1c05,10,user_4bd9303b,0.456563
user_ba8b1c05,11,user_9818dcae,0.454431
user_ba8b1c05,12,user_02fecea2,0.377830
user_ba8b1c05,13,user_815b7baf,0.367485
user_ba8b1c05,14,user_81a80789,0.234430
user_ba8b1c05,15,user_164fe4b8,0.204191
user_baeb91b3,1,user_ded778b8,0.701388
user_baeb91b3,2,user_124651ff,0.538891
user_baeb91b3,3,user_c903d3bb,0.450329
user_baeb91b3,4,user_9fefea54,0.423504
user_baeb91b3,5,user_e64d80ba,0.415175
user_baeb91b3,6,user_1f636ddc,0.376557
user_baeb91b3,7,user_0d32f0ed,0.374966
user_baeb91b3,8,user_a7b901f2,0.334860
user_baeb91b3,9,user_8e97a154,0.329544
user_baeb91b3,10,user_d67450a8,0.326446
user_baeb91b3,11,user_16b87e34,0.323534
user_baeb91b3,12,user_8c42f323,0.303879
user_baeb91b3,13,user_ac6d6bff,0.274900
user_baeb91b3,14,user_b14ec02b,0.174068
user_baeb91b3,15,user_8c5756ff,0.138613
user_baf68fe9,1,user_40a0bad3,0.503868
user_baf68fe9,2,user_e4f8ab0c,0.433919
user_baf68fe9,3,user_4f755977,0.421278
user_baf68fe9,4,user_75905116,0.343717
user_baf68fe9,5,user_3e284ba5,0.321090
user_baf68fe9,6,user_1df51301,0.274762
user_baf68fe9,7,user_e802076d,0.257677
user_baf68fe9,8,user_b6b89f00,0.256110
user_baf68fe9,9,user_0b64b183,0.216065
user_baf68fe9,10,user_406c399e,0.193899
user_baf68fe9,11,user_bdcc6e7d,0.187591
user_baf68fe9,12,user_5159d3a1,0.186602
user_baf68fe9,13,user_eae91488,0.174305
user_baf68fe9,14,user_4e54f3d7,0.128722
user_baf68fe9,15,user_6a0b0e92,0.126570
user_bb8be7e3,1,user_ca6074df,0.463329
user_bb8be7e3,2,user_91321efa,0.447193
user_bb8be7e3,3,user_3239132f,0.349303
user_bb8be7e3,4,user_20a01575,0.338535
user_bb8be7e3,5,user_7a8f7f3e,0.326121
user_bb8be7e3,6,user_201c8c78,0.275399
user_bb8be7e3,7,user_c50a487d,0.274131
user_bb8be7e3,8,user_1f09455f,0.269078
user_bb8be7e3,9,user_c0eba9f2,0.198140
user_bb8be7e3,10,user_8e48a3f8,0.194561
user_bb8be7e3,11,user_205d25f3,0.192679
user_bb8be7e3,12,user_7b052f32,0.165545
user_bb8be7e3,13,user_920c074a,0.151061
user_bb8be7e3,14,user_6a0b0e92,0.140610
user_bb8be7e3,15,user_93cdb7a1,0.120503
user_bbcbf015,1,user_bbcbf015,0.646312
user_bbcbf015,2,user_79f04645,0.553138
user_bbcbf015,3,user_b628264a,0.533102
user_bbcbf015,4,user_89197ce5,0.521598
user_bbcbf015,5,user_5f4ee256,0.507203
user_bbcbf015,6,user_50e2a836,0.489484
user_bbcbf015,7,user_9b517815,0.463526
user_bbcbf015,8,user_1230e05a,0.458415
user_bbcbf015,9,user_723406a0,0.447319
user_bbcbf015,10,user_17607ebc,0.443676
user_bbcbf015,11,user_0dfb7397,0.441416
user_bbcbf015,12,user_650da71b,0.425064
user_bbcbf015,13,user_7aa3746b,0.399146
user_bbcbf015,14,user_e8a7be73,0.328868
user_bbcbf015,15,user_6bf0e007,0.304979
user_bbe73426,1,user_ef954c6e,0.520283
user_bbe73426,2,user_a01f16ac,0.517692
user_bbe73426,3,user_3085d204,0.480646
user_bbe73426,4,user_39b3eda0,0.473041
user_bbe73426,5,user_3f2fbc90,0.459456
user_bbe73426,6,user_9ce96cbf,0.455303
user_bbe73426,7,user_bbe73426,0.451168
user_bbe73426,8,user_80dc757f,0.436582
user_bbe73426,9,user_b8f24804,0.402412
user_bbe73426,10,user_64d76dfd,0.400403
user_bbe73426,11,user_c8f82360,0.399236
user_bbe73426,12,user_ee14f818,0.372111
user_bbe73426,13,user_0285dee3,0.370800
user_bbe73426,14,user_82d93459,0.361361
user_bbe73426,15,user_2a94c885,0.264451
user_bd19a016,1,user_b628264a,0.473082
user_bd19a016,2,user_1230e05a,0.439216
user_bd19a016,3,user_07cb458d,0.434918
user_bd19a016,4,user_4607d25d,0.398106
user_bd19a016,5,user_bd19a016,0.369242
user_bd19a016,6,user_40efa894,0.336979
user_bd19a016,7,user_84c14a6f,0.322008
user_bd19a016,8,user_a00e0552,0.320965
user_bd19a016,9,user_0285dee3,0.285259
user_bd19a016,10,user_30802254,0.275518
user_bd19a016,11,user_ee14f818,0.248298
user_bd19a016,12,user_3f2fbc90,0.204420
user_bd19a016,13,user_aae78e0d,0.193340
user_bd19a016,14,user_04f39d22,0.180478
user_bd19a016,15,user_6bf0e007,0.124803
user_bd47000f,1,user_c50a487d,0.541889
user_bd47000f,2,user_c8e749e2,0.503825
user_bd47000f,3,user_5c82df31,0.489059
user_bd47000f,4,user_a4ae4e77,0.456462
user_bd47000f,5,user_3f1d04a6,0.448878
user_bd47000f,6,user_91db6e48,0.447395
user_bd47000f,7,user_423c81dc,0.432121
user_bd47000f,8,user_d4b7e22e,0.427147
user_bd47000f,9,user_2a94c885,0.385245
user_bd47000f,10,user_8285a696,0.369838
user_bd47000f,11,user_3eb49f37,0.318887
user_bd47000f,12,user_e7a55eac,0.303290
user_bd47000f,13,user_233fda02,0.221568
user_bd47000f,14,user_fc1cfe0b,0.217427
user_bd47000f,15,user_6bf0e007,0.200799
user_bdcc6e7d,1,user_b2dd04c8,0.565546
user_bdcc6e7d,2,user_8f8346ad,0.543670
user_bdcc6e7d,3,user_e802076d,0.541951
user_bdcc6e7d,4,user_bdcc6e7d,0.534972
user_bdcc6e7d,5,user_4e54f3d7,0.528491
user_bdcc6e7d,6,user_84c14a6f,0.485187
user_bdcc6e7d,7,user_406c399e,0.478546
user_bdcc6e7d,8,user_6bf0e007,0.440561
user_bdcc6e7d,9,user_3bc84c13,0.437639
user_bdcc6e7d,10,user_f368b9da,0.434337
user_bdcc6e7d,11,user_afff552a,0.401117
user_bdcc6e7d,12,user_0285dee3,0.385399
user_bdcc6e7d,13,user_201c8c78,0.375217
user_bdcc6e7d,14,user_30802254,0.364928
user_bdcc6e7d,15,user_5159d3a1,0.277537
user_be06391b,1,user_65d73ac1,0.571433
user_be06391b,2,user_8ac8f24f,0.548011
user_be06391b,3,user_1c45ab75,0.534017
user_be06391b,4,user_2dc10d2d,0.524884
user_be06391b,5,user_c0392523,0.491818
user_be06391b,6,user_a973cf8e,0.483827
user_be06391b,7,user_6bb64984,0.447832
user_be06391b,8,user_aa2fbe83,0.440468
user_be06391b,9,user_5159d3a1,0.438639
user_be06391b,10,user_9818dcae,0.437004
user_be06391b,11,user_2cb4b018,0.422779
user_be06391b,12,user_c8f82360,0.417653
user_be06391b,13,user_30802254,0.407100
user_be06391b,14,user_00723699,0.390032
user_be06391b,15,user_8e97a154,0.239956
user_beca29a3,1,user_beca29a3,0.556883
user_beca29a3,2,user_d69d04b7,0.417963
user_beca29a3,3,user_8ac8f24f,0.377157
user_beca29a3,4,user_a973cf8e,0.333517
user_beca29a3,5,user_c0392523,0.271851
user_beca29a3,6,user_7d6962d9,0.252734
user_beca29a3,7,user_c41de62b,0.246808
user_beca29a3,8,user_043ea160,0.218158
user_beca29a3,9,user_84fe1a7a,0.207928
user_beca29a3,10,user_e838707b,0.188720
user_beca29a3,11,user_4aaa8404,0.147589
user_beca29a3,12,user_00723699,0.138983
user_beca29a3,13,user_e10c98bb,0.131342
user_beca29a3,14,user_6fc85c06,0.083240
user_beca29a3,15,user_8c6db6ed,0.069165
user_bf30f80d,1,user_f7fd2885,0.615049
user_bf30f80d,2,user_e409a56d,0.582018
user_bf30f80d,3,user_795650bb,0.505809
user_bf30f80d,4,user_4ea1ef09,0.497373
user_bf30f80d,5,user_4607d25d,0.494946
user_bf30f80d,6,user_201c8c78,0.491488
user_bf30f80d,7,user_bd19a016,0.483722
user_bf30f80d,8,user_25652863,0.479626
user_bf30f80d,9,user_82c86537,0.460056
user_bf30f80d,10,user_2e60c125,0.443220
user_bf30f80d,11,user_ba8b1c05,0.400353
user_bf30f80d,12,user_2efde048,0.398602
user_bf30f80d,13,user_6d421600,0.377621
user_bf30f80d,14,user_bf30f80d,0.372332
user_bf30f80d,15,user_04f39d22,0.356638
user_c008345b,1,user_f14dc486,0.547191
user_c008345b,2,user_406c399e,0.508835
user_c008345b,3,user_25b48a9a,0.460204
user_c008345b,4,user_8285a696,0.444507
user_c008345b,5,user_1b460965,0.439143
user_c008345b,6,user_8e97a154,0.348528
user_c008345b,7,user_c96b90fe,0.338681
user_c008345b,8,user_65d73ac1,0.331506
user_c008345b,9,user_6fbf6191,0.321456
user_c008345b,10,user_b5af9db9,0.318085
user_c008345b,11,user_2cb4b018,0.256055
user_c008345b,12,user_b8f24804,0.224254
user_c008345b,13,user_69df6330,0.206925
user_c008345b,14,user_6bf0e007,0.157524
user_c008345b,15,user_0a3bcf86,0.125369
user_c0392523,1,user_c0392523,0.556296
user_c0392523,2,user_ad15a0a4,0.548553
user_c0392523,3,user_7af2ed90,0.522682
user_c0392523,4,user_d10d1f24,0.462048
user_c0392523,5,user_903329bb,0.438518
user_c0392523,6,user_aa4cc34a,0.437515
user_c0392523,7,user_c8f82360,0.431671
user_c0392523,8,user_8da30894,0.409522
user_c0392523,9,user_4aaa8404,0.346877
user_c0392523,10,user_2dc10d2d,0.334132
user_c0392523,11,user_6ab1739a,0.332378
user_c0392523,12,user_daf53db6,0.311581
user_c0392523,13,user_00723699,0.249081
user_c0392523,14,user_f3f15c55,0.232550
user_c0392523,15,user_8c6db6ed,0.167618
user_c06d9b71,1,user_afff552a,0.620774
user_c06d9b71,2,user_ebddf9c1,0.512361
user_c06d9b71,3,user_ef954c6e,0.462137
user_c06d9b71,4,user_84c14a6f,0.410381
user_c06d9b71,5,user_1b7f8c56,0.380535
user_c06d9b71,6,user_c06d9b71,0.372709
user_c06d9b71,7,user_2a94c885,0.361654
user_c06d9b71,8,user_a4aab257,0.354645
user_c06d9b71,9,user_f75c71f0,0.336258
user_c06d9b71,10,user_8285a696,0.325441
user_c06d9b71,11,user_8e97a154,0.293194
user_c06d9b71,12,user_6bf0e007,0.269127
user_c06d9b71,13,user_6a0b0e92,0.247976
user_c06d9b71,14,user_c8f82360,0.215822
user_c06d9b71,15,user_9991e1d8,0.204379
user_c0eba9f2,1,user_c0eba9f2,0.702488
user_c0eba9f2,2,user_91321efa,0.657723
user_c0eba9f2,3,user_3239132f,0.598022
user_c0eba9f2,4,user_0b1b1d1c,0.559637
user_c0eba9f2,5,user_c3040c7c,0.544760
user_c0eba9f2,6,user_55058479,0.494630
user_c0eba9f2,7,user_5c82df31,0.488476
user_c0eba9f2,8,user_07ec3726,0.479894
user_c0eba9f2,9,user_c50a487d,0.474189
user_c0eba9f2,10,user_18522854,0.447427
user_c0eba9f2,11,user_19622b77,0.430548
user_c0eba9f2,12,user_1246b252,0.428273
user_c0eba9f2,13,user_d2bd9832,0.424646
user_c0eba9f2,14,user_a4893af1,0.378785
user_c0eba9f2,15,user_f827c7dd,0.194400
user_c130412b,1,user_55058479,0.528678
user_c130412b,2,user_c50a487d,0.474523
user_c130412b,3,user_07ec3726,0.468008
user_c130412b,4,user_5c82df31,0.457921
user_c130412b,5,user_cce4f9c2,0.439499
user_c130412b,6,user_4c8199a7,0.437669
user_c130412b,7,user_e6057285,0.434897
user_c130412b,8,user_9818dcae,0.428003
user_c130412b,9,user_815b7baf,0.417022
user_c130412b,10,user_ff39b6cf,0.403155
user_c130412b,11,user_81a80789,0.393712
user_c130412b,12,user_414a6eaf,0.386749
user_c130412b,13,user_df8dc9bb,0.357078
user_c130412b,14,user_93cdb7a1,0.337251
user_c130412b,15,user_3b79395c,0.336203
user_c154e834,1,user_c154e834,0.525236
user_c154e834,2,user_4607d25d,0.512582
user_c154e834,3,user_78eff25f,0.464795
user_c154e834,4,user_5c82df31,0.441194
user_c154e834,5,user_1d775dd8,0.427076
user_c154e834,6,user_fa60616d,0.424339
user_c154e834,7,user_93cdb7a1,0.403095
user_c154e834,8,user_fdc08e26,0.394084
user_c154e834,9,user_ee14f818,0.376354
user_c154e834,10,user_8285a696,0.374995
user_c154e834,11,user_8ac8f24f,0.368380
user_c154e834,12,user_6a0b0e92,0.350140
user_c154e834,13,user_90e5fee6,0.267751
user_c154e834,14,user_c0eba9f2,0.221812
user_c154e834,15,user_f75c71f0,0.186160
user_c157ca97,1,user_52d3881c,0.566583
user_c157ca97,2,user_0cee87f3,0.486377
user_c157ca97,3,user_d93b53bd,0.475676
user_c157ca97,4,user_10e64e28,0.464657
user_c157ca97,5,user_bf69de98,0.436862
user_c157ca97,6,user_c157ca97,0.426441
user_c157ca97,7,user_6b86248b,0.419520
user_c157ca97,8,user_833d8832,0.407427
user_c157ca97,9,user_52c9252c,0.396527
user_c157ca97,10,user_7a7dda35,0.394175
user_c157ca97,11,user_795eb408,0.325292
user_c157ca97,12,user_8a3bbeb2,0.324874
user_c157ca97,13,user_98ca16a6,0.276041
user_c157ca97,14,user_dc32d458,0.224964
user_c157ca97,15,user_1f1dc5e0,0.204932
user_c204a1dd,1,user_c8e749e2,0.395483
user_c204a1dd,2,user_c204a1dd,0.355168
user_c204a1dd,3,user_f4cc9f3d,0.303876
user_c204a1dd,4,user_56980aa9,0.295592
user_c204a1dd,5,user_18522854,0.265857
user_c204a1dd,6,user_8285a696,0.257255
user_c204a1dd,7,user_8e97a154,0.223233
user_c204a1dd,8,user_74cfb8ef,0.217756
user_c204a1dd,9,user_f6188968,0.215535
user_c204a1dd,10,user_88f46c7b,0.204394
user_c204a1dd,11,user_f75c71f0,0.176624
user_c204a1dd,12,user_d5379647,0.141994
user_c204a1dd,13,user_5d7cbf11,0.140267
user_c204a1dd,14,user_6a0b0e92,0.131550
user_c204a1dd,15,user_c67f26cc,0.110601
user_c2f18cf7,1,user_3121653d,0.582573
user_c2f18cf7,2,user_56e6d0cd,0.554237
user_c2f18cf7,3,user_c2f18cf7,0.518263
user_c2f18cf7,4,user_a01f16ac,0.434885
user_c2f18cf7,5,user_56980aa9,0.422133
user_c2f18cf7,6,user_201c8c78,0.401432
user_c2f18cf7,7,user_4607d25d,0.389647
user_c2f18cf7,8,user_5f4ee256,0.374596
user_c2f18cf7,9,user_ee14f818,0.349353
user_c2f18cf7,10,user_75bc9924,0.342696
user_c2f18cf7,11,user_80da26a6,0.277969
user_c2f18cf7,12,user_885e8708,0.246811
user_c2f18cf7,13,user_b2aba63a,0.222233
user_c2f18cf7,14,user_f27da10a,0.220169
user_c2f18cf7,15,user_058c1800,0.079172
user_c3040c7c,1,user_c50a487d,0.589182
user_c3040c7c,2,user_a00e0552,0.585024
user_c3040c7c,3,user_3239132f,0.540693
user_c3040c7c,4,user_c3040c7c,0.516982
user_c3040c7c,5,user_b1c16312,0.481706
user_c3040c7c,6,user_8e97a154,0.445501
user_c3040c7c,7,user_e6057285,0.441165
user_c3040c7c,8,user_a4893af1,0.424388
user_c3040c7c,9,user_91db6e48,0.396438
user_c3040c7c,10,user_1c45ab75,0.378374
user_c3040c7c,11,user_5c82df31,0.370147
user_c3040c7c,12,user_df8dc9bb,0.356627
user_c3040c7c,13,user_18522854,0.326115
user_c3040c7c,14,user_7b052f32,0.264524
user_c3040c7c,15,user_8285a696,0.248603
user_c39d41d7,1,user_259776c7,0.569399
user_c39d41d7,2,user_b4d7e69a,0.432210
user_c39d41d7,3,user_5c5a0b40,0.425466
user_c39d41d7,4,user_201c8c78,0.421601
user_c39d41d7,5,user_16b87e34,0.419548
user_c39d41d7,6,user_5d35f631,0.404833
user_c39d41d7,7,user_afff552a,0.403532
user_c39d41d7,8,user_3e284ba5,0.399404
user_c39d41d7,9,user_64cd3098,0.388908
user_c39d41d7,10,user_8e97a154,0.360642
user_c39d41d7,11,user_8292753c,0.352748
user_c39d41d7,12,user_4f3b6241,0.343715
user_c39d41d7,13,user_91db6e48,0.326495
user_c39d41d7,14,user_d67450a8,0.323583
user_c39d41d7,15,user_6bf0e007,0.231499
user_c41de62b,1,user_ad15a0a4,0.601363
user_c41de62b,2,user_6011e674,0.599392
user_c41de62b,3,user_c709e252,0.590135
user_c41de62b,4,user_6ab1739a,0.583402
user_c41de62b,5,user_903329bb,0.572215
user_c41de62b,6,user_d10d1f24,0.569248
user_c41de62b,7,user_2817ec11,0.566346
user_c41de62b,8,user_c41de62b,0.543093
user_c41de62b,9,user_7af2ed90,0.538608
user_c41de62b,10,user_8da30894,0.532068
user_c41de62b,11,user_83e30c57,0.528298
user_c41de62b,12,user_5b7d5e00,0.525726
user_c41de62b,13,user_a4a77a7d,0.508070
user_c41de62b,14,user_a973cf8e,0.476557
user_c41de62b,15,user_f3f15c55,0.470216
user_c4c70447,1,user_a57e47b1,0.662365
user_c4c70447,2,user_8a760553,0.491084
user_c4c70447,3,user_aa31484a,0.490244
user_c4c70447,4,user_5c09bb3d,0.484410
user_c4c70447,5,user_82879210,0.476533
user_c4c70447,6,user_d036c911,0.435852
user_c4c70447,7,user_2a704b9c,0.432243
user_c4c70447,8,user_9600e8bf,0.417780
user_c4c70447,9,user_80da26a6,0.406868
user_c4c70447,10,user_e6dd44b0,0.380185
user_c4c70447,11,user_cc1c8897,0.371532
user_c4c70447,12,user_73f34c5d,0.357824
user_c4c70447,13,user_636ad58f,0.337101
user_c4c70447,14,user_3e284ba5,0.299668
user_c4c70447,15,user_75bc9924,0.292318
user_c50a487d,1,user_d4c7b4c0,0.558272
user_c50a487d,2,user_20e741d0,0.539761
user_c50a487d,3,user_5c82df31,0.535123
user_c50a487d,4,user_c50a487d,0.532631
user_c50a487d,5,user_a00e0552,0.528197
user_c50a487d,6,user_3239132f,0.485484
user_c50a487d,7,user_8713f22a,0.476037
user_c50a487d,8,user_cce4f9c2,0.472012
user_c50a487d,9,user_ca6074df,0.464337
user_c50a487d,10,user_9818dcae,0.433544
user_c50a487d,11,user_ff39b6cf,0.418712
user_c50a487d,12,user_93cdb7a1,0.377888
user_c50a487d,13,user_7a8f7f3e,0.363096
user_c50a487d,14,user_df8dc9bb,0.338436
user_c50a487d,15,user_3b79395c,0.300128
user_c536b01d,1,user_c536b01d,0.410895
user_c536b01d,2,user_a01f16ac,0.403564
user_c536b01d,3,user_8ac8f24f,0.383975
user_c536b01d,4,user_59d9db83,0.354984
user_c536b01d,5,user_91f5e7af,0.313888
user_c536b01d,6,user_ef954c6e,0.287366
user_c536b01d,7,user_80dc757f,0.266072
user_c536b01d,8,user_c92c8f83,0.262954
user_c536b01d,9,user_64d76dfd,0.249858
user_c536b01d,10,user_f75c71f0,0.241901
user_c536b01d,11,user_f107081e,0.241392
user_c536b01d,12,user_61f90240,0.224320
user_c536b01d,13,user_c8f82360,0.195919
user_c536b01d,14,user_94f185bc,0.155570
user_c536b01d,15,user_27a3fa64,0.150790
user_c59ebe9c,1,user_a2f8bfd2,0.551818
user_c59ebe9c,2,user_fb8f46c8,0.516841
user_c59ebe9c,3,user_c59ebe9c,0.497896
user_c59ebe9c,4,user_3239132f,0.445903
user_c59ebe9c,5,user_df8dc9bb,0.403365
user_c59ebe9c,6,user_f10e7063,0.401900
user_c59ebe9c,7,user_93cdb7a1,0.390365
user_c59ebe9c,8,user_6bf0e007,0.384491
user_c59ebe9c,9,user_ee14f818,0.346328
user_c59ebe9c,10,user_fdc08e26,0.318043
user_c59ebe9c,11,user_72bed676,0.314772
user_c59ebe9c,12,user_3f2fbc90,0.275967
user_c59ebe9c,13,user_d8335067,0.265267
user_c59ebe9c,14,user_6a0b0e92,0.232415
user_c59ebe9c,15,user_0285dee3,0.165978
user_c5c57a9d,1,user_c5c57a9d,0.507420
user_c5c57a9d,2,user_e93dfaa2,0.491471
user_c5c57a9d,3,user_c67f26cc,0.485335
user_c5c57a9d,4,user_406c399e,0.477068
user_c5c57a9d,5,user_0285dee3,0.473273
user_c5c57a9d,6,user_126670d7,0.450321
user_c5c57a9d,7,user_cf393213,0.449220
user_c5c57a9d,8,user_5881b259,0.443881
user_c5c57a9d,9,user_8285a696,0.428262
user_c5c57a9d,10,user_38dc2894,0.425773
user_c5c57a9d,11,user_2dd189e3,0.411584
user_c5c57a9d,12,user_c0eba9f2,0.407641
user_c5c57a9d,13,user_f75c71f0,0.398598
user_c5c57a9d,14,user_9bee2a7c,0.396995
user_c5c57a9d,15,user_5993b36a,0.257907
user_c5f32c0d,1,user_f75c71f0,0.425735
user_c5f32c0d,2,user_3f2fbc90,0.418958
user_c5f32c0d,3,user_8e97a154,0.388487
user_c5f32c0d,4,user_8285a696,0.351568
user_c5f32c0d,5,user_380ddd3f,0.341392
user_c5f32c0d,6,user_39b3eda0,0.340491
user_c5f32c0d,7,user_f51339f8,0.309766
user_c5f32c0d,8,user_cdd86523,0.295183
user_c5f32c0d,9,user_84c14a6f,0.276786
user_c5f32c0d,10,user_0285dee3,0.199703
user_c5f32c0d,11,user_2a94c885,0.189032
user_c5f32c0d,12,user_94f185bc,0.163620
user_c5f32c0d,13,user_906e2423,0.128276
user_c5f32c0d,14,user_d8335067,0.099934
user_c5f32c0d,15,user_7fd91653,0.099222
user_c60d65b5,1,user_79a1811b,0.505107
user_c60d65b5,2,user_406c399e,0.459843
user_c60d65b5,3,user_e8d15537,0.419395
user_c60d65b5,4,user_b16e0cf8,0.418932
user_c60d65b5,5,user_a743aff9,0.391259
user_c60d65b5,6,user_69df6330,0.374143
user_c60d65b5,7,user_695e56c9,0.360786
user_c60d65b5,8,user_c8e749e2,0.346270
user_c60d65b5,9,user_1936a7c3,0.335486
user_c60d65b5,10,user_91f807b9,0.316160
user_c60d65b5,11,user_872311db,0.299766
user_c60d65b5,12,user_6011e674,0.297279
user_c60d65b5,13,user_eae91488,0.277057
user_c60d65b5,14,user_91f5e7af,0.272747
user_c60d65b5,15,user_829844fd,0.227862
user_c67f26cc,1,user_039d004e,0.475042
user_c67f26cc,2,user_c67f26cc,0.474603
user_c67f26cc,3,user_2dd189e3,0.359998
user_c67f26cc,4,user_39aad1a2,0.352784
user_c67f26cc,5,user_8e97a154,0.348335
user_c67f26cc,6,user_4b139395,0.342537
user_c67f26cc,7,user_ff7631ef,0.290959
user_c67f26cc,8,user_e7a55eac,0.239688
user_c67f26cc,9,user_2e05a7a0,0.181470
user_c67f26cc,10,user_c0eba9f2,0.171538
user_c67f26cc,11,user_9bee2a7c,0.144154
user_c67f26cc,12,user_6a13946a,0.137100
user_c67f26cc,13,user_56909460,0.135919
user_c67f26cc,14,user_18522854,0.125668
user_c67f26cc,15,user_7fd91653,0.100923
user_c709e252,1,user_c709e252,0.650015
user_c709e252,2,user_a973cf8e,0.578823
user_c709e252,3,user_6011e674,0.538797
user_c709e252,4,user_6ab1739a,0.496658
user_c709e252,5,user_daf53db6,0.493390
user_c709e252,6,user_2817ec11,0.489713
user_c709e252,7,user_83e30c57,0.488129
user_c709e252,8,user_8da30894,0.476245
user_c709e252,9,user_5b7d5e00,0.434604
user_c709e252,10,user_d10d1f24,0.431349
user_c709e252,11,user_56980aa9,0.407703
user_c709e252,12,user_c41de62b,0.399015
user_c709e252,13,user_8c6db6ed,0.365570
user_c709e252,14,user_00723699,0.316213
user_c709e252,15,user_82d93459,0.289089
user_c809e3d2,1,user_26fa9d90,0.438543
user_c809e3d2,2,user_ecba8131,0.417846
user_c809e3d2,3,user_f3377028,0.380402
user_c809e3d2,4,user_58bfeaad,0.356457
user_c809e3d2,5,user_687feee4,0.338908
user_c809e3d2,6,user_74da5a13,0.330926
user_c809e3d2,7,user_201c8c78,0.326968
user_c809e3d2,8,user_75905116,0.289932
user_c809e3d2,9,user_82c86537,0.286597
user_c809e3d2,10,user_5062c872,0.236473
user_c809e3d2,11,user_1022be44,0.219371
user_c809e3d2,12,user_8e48a3f8,0.215901
user_c809e3d2,13,user_d5b21e00,0.170739
user_c809e3d2,14,user_5159d3a1,0.134280
user_c809e3d2,15,user_4bd9303b,0.122057
user_c81fae29,1,user_233fda02,0.571841
user_c81fae29,2,user_07db2c6a,0.550838
user_c81fae29,3,user_a7f8db34,0.448984
user_c81fae29,4,user_87e5d9b0,0.406872
user_c81fae29,5,user_2c39731d,0.390459
user_c81fae29,6,user_c883258f,0.383433
user_c81fae29,7,user_ecd7b02a,0.360220
user_c81fae29,8,user_18227c28,0.342018
user_c81fae29,9,user_a5d9fab6,0.327874
user_c81fae29,10,user_9f6180c4,0.306277
user_c81fae29,11,user_87bbc3b5,0.257580
user_c81fae29,12,user_22b484cb,0.256091
user_c81fae29,13,user_8c6db6ed,0.222784
user_c81fae29,14,user_5dc5c2dc,0.214633
user_c81fae29,15,user_5d7cbf11,0.115900
user_c883258f,1,user_c883258f,0.745019
user_c883258f,2,user_a5d9fab6,0.724957
user_c883258f,3,user_233fda02,0.651515
user_c883258f,4,user_8afa3eba,0.617623
user_c883258f,5,user_dc20c886,0.610248
user_c883258f,6,user_5dc5c2dc,0.597822
user_c883258f,7,user_18227c28,0.592533
user_c883258f,8,user_87e5d9b0,0.570047
user_c883258f,9,user_9f6180c4,0.543563
user_c883258f,10,user_3b90fb53,0.536866
user_c883258f,11,user_22b484cb,0.491756
user_c883258f,12,user_e8cdb142,0.474776
user_c883258f,13,user_a7f8db34,0.461414
user_c883258f,14,user_8c6db6ed,0.407071
user_c883258f,15,user_87bbc3b5,0.342078
user_c8e749e2,1,user_ed3091a2,0.694315
user_c8e749e2,2,user_c8e749e2,0.573350
user_c8e749e2,3,user_2c940ff8,0.540627
user_c8e749e2,4,user_829844fd,0.516223
user_c8e749e2,5,user_f827c7dd,0.436721
user_c8e749e2,6,user_3f1d04a6,0.418626
user_c8e749e2,7,user_406c399e,0.416197
user_c8e749e2,8,user_8285a696,0.400051
user_c8e749e2,9,user_b2dd04c8,0.394927
user_c8e749e2,10,user_e7a55eac,0.364616
user_c8e749e2,11,user_65d73ac1,0.288019
user_c8e749e2,12,user_126670d7,0.242518
user_c8e749e2,13,user_6bf0e007,0.220608
user_c8e749e2,14,user_8e97a154,0.215776
user_c8e749e2,15,user_9bee2a7c,0.182251
user_c903d3bb,1,user_c903d3bb,0.699702
user_c903d3bb,2,user_04d29f9c,0.608563
user_c903d3bb,3,user_16ac4154,0.569865
user_c903d3bb,4,user_2f4cc646,0.561963
user_c903d3bb,5,user_91321efa,0.554859
user_c903d3bb,6,user_7a8f7f3e,0.545696
user_c903d3bb,7,user_ca6074df,0.512208
user_c903d3bb,8,user_13fb2e34,0.479772
user_c903d3bb,9,user_9ee84e18,0.464342
user_c903d3bb,10,user_940c7213,0.314072
user_c903d3bb,11,user_09dea596,0.272895
user_c903d3bb,12,user_1b7f8c56,0.243313
user_c903d3bb,13,user_7b052f32,0.242728
user_c903d3bb,14,user_c34e791e,0.203155
user_c903d3bb,15,user_8006727d,0.195011
user_c96b90fe,1,user_9600e8bf,0.533725
user_c96b90fe,2,user_8292753c,0.528405
user_c96b90fe,3,user_c96b90fe,0.521710
user_c96b90fe,4,user_e802076d,0.486861
user_c96b90fe,5,user_ee14f818,0.473089
user_c96b90fe,6,user_1230e05a,0.465341
user_c96b90fe,7,user_aa31484a,0.456930
user_c96b90fe,8,user_650da71b,0.446473
user_c96b90fe,9,user_afff552a,0.414079
user_c96b90fe,10,user_84c14a6f,0.399086
user_c96b90fe,11,user_406c399e,0.344624
user_c96b90fe,12,user_c008345b,0.318627
user_c96b90fe,13,user_6bf0e007,0.283726
user_c96b90fe,14,user_c06d9b71,0.240764
user_c96b90fe,15,user_04f39d22,0.208538
user_c994138f,1,user_76fc8dcd,0.541593
user_c994138f,2,user_55058479,0.496760
user_c994138f,3,user_93cdb7a1,0.483038
user_c994138f,4,user_cce4f9c2,0.469577
user_c994138f,5,user_3239132f,0.457460
user_c994138f,6,user_81a80789,0.451385
user_c994138f,7,user_54c1ebee,0.419989
user_c994138f,8,user_815b7baf,0.341580
user_c994138f,9,user_7a8f7f3e,0.297084
user_c994138f,10,user_df8dc9bb,0.279519
user_c994138f,11,user_920c074a,0.278286
user_c994138f,12,user_7b052f32,0.269812
user_c994138f,13,user_3b79395c,0.234707
user_c994138f,14,user_a4893af1,0.178996
user_c994138f,15,user_5738db35,0.147769
user_caa6a7b6,1,user_2a94c885,0.498523
user_caa6a7b6,2,user_caa6a7b6,0.425128
user_caa6a7b6,3,user_84c14a6f,0.422907
user_caa6a7b6,4,user_cdd86523,0.375316
user_caa6a7b6,5,user_3f1d04a6,0.367622
user_caa6a7b6,6,user_6bf0e007,0.303952
user_caa6a7b6,7,user_6a0b0e92,0.295501
user_caa6a7b6,8,user_c8f82360,0.285135
user_caa6a7b6,9,user_30802254,0.273124
user_caa6a7b6,10,user_f75c71f0,0.259672
user_caa6a7b6,11,user_d8335067,0.249662
user_caa6a7b6,12,user_7b052f32,0.246373
user_caa6a7b6,13,user_f51339f8,0.175831
user_caa6a7b6,14,user_0285dee3,0.173781
user_caa6a7b6,15,user_c06d9b71,0.157748
user_caebed72,1,user_f10e7063,0.496393
user_caebed72,2,user_a01f16ac,0.450149
user_caebed72,3,user_2f4cc646,0.397932
user_caebed72,4,user_649f4327,0.394030
user_caebed72,5,user_9818dcae,0.384865
user_caebed72,6,user_c709e252,0.364749
user_caebed72,7,user_ca6074df,0.327289
user_caebed72,8,user_0128a546,0.308513
user_caebed72,9,user_032e5bc8,0.295747
user_caebed72,10,user_5b714afd,0.292485
user_caebed72,11,user_259776c7,0.279459
user_caebed72,12,user_acd6ddfb,0.262255
user_caebed72,13,user_c5f32c0d,0.249258
user_caebed72,14,user_1dc24686,0.242497
user_caebed72,15,user_7b5f54c0,0.164185
user_cb2fe204,1,user_d5379647,0.500292
user_cb2fe204,2,user_423c81dc,0.465617
user_cb2fe204,3,user_1d775dd8,0.453003
user_cb2fe204,4,user_6fc85c06,0.445039
user_cb2fe204,5,user_9fc3c829,0.430684
user_cb2fe204,6,user_89197ce5,0.411047
user_cb2fe204,7,user_98a676ce,0.397718
user_cb2fe204,8,user_3085d204,0.370473
user_cb2fe204,9,user_6a0b0e92,0.343648
user_cb2fe204,10,user_8285a696,0.331546
user_cb2fe204,11,user_406c399e,0.326615
user_cb2fe204,12,user_04d8419e,0.284292
user_cb2fe204,13,user_c154e834,0.257989
user_cb2fe204,14,user_5d7cbf11,0.171979
user_cb2fe204,15,user_fc1cfe0b,0.167281
user_cb8245f7,1,user_cb8245f7,0.701702
user_cb8245f7,2,user_e802076d,0.498707
user_cb8245f7,3,user_4607d25d,0.468128
user_cb8245f7,4,user_c8f82360,0.440390
user_cb8245f7,5,user_cdd86523,0.424650
user_cb8245f7,6,user_3f2fbc90,0.399250
user_cb8245f7,7,user_201c8c78,0.394996
user_cb8245f7,8,user_69df6330,0.340130
user_cb8245f7,9,user_c34e791e,0.336700
user_cb8245f7,10,user_84c14a6f,0.317716
user_cb8245f7,11,user_840e0a93,0.302187
user_cb8245f7,12,user_c92c8f83,0.290377
user_cb8245f7,13,user_5159d3a1,0.283625
user_cb8245f7,14,user_82c86537,0.206289
user_cb8245f7,15,user_bbe73426,0.193724
user_cdd86523,1,user_3239132f,0.386634
user_cdd86523,2,user_2a94c885,0.313645
user_cdd86523,3,user_84c14a6f,0.305816
user_cdd86523,4,user_90202189,0.297341
user_cdd86523,5,user_80da26a6,0.296718
user_cdd86523,6,user_41d0c897,0.294996
user_cdd86523,7,user_8e97a154,0.233584
user_cdd86523,8,user_6a0b0e92,0.220756
user_cdd86523,9,user_886f7373,0.197592
user_cdd86523,10,user_c0eba9f2,0.189349
user_cdd86523,11,user_5159d3a1,0.180544
user_cdd86523,12,user_7b052f32,0.176233
user_cdd86523,13,user_0285dee3,0.166057
user_cdd86523,14,user_f51339f8,0.157616
user_cdd86523,15,user_30802254,0.144835
user_cf393213,1,user_53325367,0.513532
user_cf393213,2,user_efcacf59,0.475352
user_cf393213,3,user_c0eba9f2,0.463209
user_cf393213,4,user_38f4dfac,0.432730
user_cf393213,5,user_dc326993,0.426944
user_cf393213,6,user_cf393213,0.390497
user_cf393213,7,user_41d0c897,0.385487
user_cf393213,8,user_27a3fa64,0.326343
user_cf393213,9,user_2a94c885,0.305775
user_cf393213,10,user_5159d3a1,0.298500
user_cf393213,11,user_5993b36a,0.291010
user_cf393213,12,user_886f7373,0.268554
user_cf393213,13,user_0285dee3,0.258711
user_cf393213,14,user_6a0b0e92,0.254771
user_cf393213,15,user_74025dc0,0.136424
user_d023a78e,1,user_d023a78e,0.647704
user_d023a78e,2,user_1b460965,0.644299
user_d023a78e,3,user_126670d7,0.550668
user_d023a78e,4,user_2a94c885,0.539877
user_d023a78e,5,user_78eff25f,0.513403
user_d023a78e,6,user_d10d1f24,0.512327
user_d023a78e,7,user_9fc3c829,0.507388
user_d023a78e,8,user_7b052f32,0.495051
user_d023a78e,9,user_a4ae4e77,0.488767
user_d023a78e,10,user_5d7cbf11,0.487366
user_d023a78e,11,user_0a3f46b9,0.482197
user_d023a78e,12,user_f59d3941,0.466090
user_d023a78e,13,user_fc1cfe0b,0.454096
user_d023a78e,14,user_00723699,0.415662
user_d023a78e,15,user_02d03e8a,0.387075
user_d036c911,1,user_ca6074df,0.600472
user_d036c911,2,user_a00e0552,0.553054
user_d036c911,3,user_afff552a,0.532434
user_d036c911,4,user_650da71b,0.514867
user_d036c911,5,user_9600e8bf,0.503208
user_d036c911,6,user_a01f16ac,0.499778
user_d036c911,7,user_91db6e48,0.490427
user_d036c911,8,user_4607d25d,0.488264
user_d036c911,9,user_ee14f818,0.457837
user_d036c911,10,user_1230e05a,0.438869
user_d036c911,11,user_98f18241,0.417613
user_d036c911,12,user_3e284ba5,0.415479
user_d036c911,13,user_6bf0e007,0.390245
user_d036c911,14,user_21b4fa31,0.371301
user_d036c911,15,user_04f39d22,0.272170
user_d074356a,1,user_abde0618,0.357321
user_d074356a,2,user_7c7220a4,0.243175
user_d074356a,3,user_5738db35,0.222092
user_d074356a,4,user_7b2d0be1,0.221927
user_d074356a,5,user_33b2b77f,0.214792
user_d074356a,6,user_e64d80ba,0.199792
user_d074356a,7,user_938164a5,0.190881
user_d074356a,8,user_f930e37f,0.167718
user_d074356a,9,user_7bbd1543,0.155290
user_d074356a,10,user_9ff844ba,0.153128
user_d074356a,11,user_7b052f32,0.128875
user_d074356a,12,user_bd47000f,0.122205
user_d074356a,13,user_e2e59795,0.088569
user_d074356a,14,user_cd100edd,0.075090
user_d074356a,15,user_a5e548ce,0.045826
user_d10d1f24,1,user_7af2ed90,0.716859
user_d10d1f24,2,user_d10d1f24,0.602125
user_d10d1f24,3,user_aa4cc34a,0.578596
user_d10d1f24,4,user_ad15a0a4,0.571088
user_d10d1f24,5,user_6011e674,0.550203
user_d10d1f24,6,user_c0392523,0.515152
user_d10d1f24,7,user_2dc10d2d,0.503417
user_d10d1f24,8,user_903329bb,0.501066
user_d10d1f24,9,user_c8f82360,0.454624
user_d10d1f24,10,user_8da30894,0.438938
user_d10d1f24,11,user_a973cf8e,0.433531
user_d10d1f24,12,user_6ab1739a,0.428873
user_d10d1f24,13,user_2817ec11,0.421265
user_d10d1f24,14,user_00723699,0.277601
user_d10d1f24,15,user_543e79f5,0.256019
user_d14b7d7b,1,user_74cfb8ef,0.516929
user_d14b7d7b,2,user_20a01575,0.495289
user_d14b7d7b,3,user_3b79395c,0.474436
user_d14b7d7b,4,user_55058479,0.445205
user_d14b7d7b,5,user_ac6d6bff,0.436785
user_d14b7d7b,6,user_dbbf562e,0.427201
user_d14b7d7b,7,user_815b7baf,0.425533
user_d14b7d7b,8,user_aa2fbe83,0.422939
user_d14b7d7b,9,user_e2e59795,0.422026
user_d14b7d7b,10,user_0128a546,0.418802
user_d14b7d7b,11,user_93cdb7a1,0.402797
user_d14b7d7b,12,user_9818dcae,0.401657
user_d14b7d7b,13,user_8fb63eca,0.389441
user_d14b7d7b,14,user_7b052f32,0.347395
user_d14b7d7b,15,user_f070eee7,0.307984
user_d1d16d30,1,user_d1d16d30,0.459861
user_d1d16d30,2,user_9c5071dd,0.358731
user_d1d16d30,3,user_c8f82360,0.348673
user_d1d16d30,4,user_84703a6e,0.342876
user_d1d16d30,5,user_89f449b4,0.314506
user_d1d16d30,6,user_acb51eed,0.303176
user_d1d16d30,7,user_1b460965,0.300084
user_d1d16d30,8,user_b8f24804,0.265533
user_d1d16d30,9,user_7d6962d9,0.256350
user_d1d16d30,10,user_6bf0e007,0.151788
user_d1d16d30,11,user_fc1cfe0b,0.141048
user_d1d16d30,12,user_8c0c7619,0.135508
user_d1d16d30,13,user_80dc757f,0.124705
user_d1d16d30,14,user_f107081e,0.112161
user_d1d16d30,15,user_cb2fe204,0.101437
user_d2c97c8e,1,user_9c88ee3d,0.494033
user_d2c97c8e,2,user_26fa9d90,0.484401
user_d2c97c8e,3,user_74cfb8ef,0.472980
user_d2c97c8e,4,user_d2c97c8e,0.441527
user_d2c97c8e,5,user_ecba8131,0.356488
user_d2c97c8e,6,user_201c8c78,0.329621
user_d2c97c8e,7,user_a7b901f2,0.317717
user_d2c97c8e,8,user_8c5756ff,0.251054
user_d2c97c8e,9,user_5159d3a1,0.235899
user_d2c97c8e,10,user_8e48a3f8,0.215246
user_d2c97c8e,11,user_7b052f32,0.193298
user_d2c97c8e,12,user_c809e3d2,0.146803
user_d2c97c8e,13,user_164fe4b8,0.138266
user_d2c97c8e,14,user_08e9ce6e,0.135840
user_d2c97c8e,15,user_205d25f3,0.122103
user_d4b7e22e,1,user_7d944883,0.529782
user_d4b7e22e,2,user_d5d4fc6e,0.510592
user_d4b7e22e,3,user_3eb49f37,0.505431
user_d4b7e22e,4,user_058d9dc1,0.494545
user_d4b7e22e,5,user_d4b7e22e,0.477680
user_d4b7e22e,6,user_04d8419e,0.469492
user_d4b7e22e,7,user_423c81dc,0.451648
user_d4b7e22e,8,user_6fc85c06,0.433356
user_d4b7e22e,9,user_a4a77a7d,0.432020
user_d4b7e22e,10,user_b4214db6,0.429920
user_d4b7e22e,11,user_efa5697b,0.410599
user_d4b7e22e,12,user_a4ae4e77,0.373083
user_d4b7e22e,13,user_7322f4ef,0.363319
user_d4b7e22e,14,user_5ac1a174,0.337855
user_d4b7e22e,15,user_fc1cfe0b,0.252304
user_d50d7985,1,user_ded778b8,0.650568
user_d50d7985,2,user_124651ff,0.562795
user_d50d7985,3,user_fde27362,0.534904
user_d50d7985,4,user_ac6d6bff,0.501781
user_d50d7985,5,user_8c42f323,0.500375
user_d50d7985,6,user_02fecea2,0.495505
user_d50d7985,7,user_0d32f0ed,0.493052
user_d50d7985,8,user_3353b96b,0.458952
user_d50d7985,9,user_d50d7985,0.443878
user_d50d7985,10,user_9fefea54,0.427366
user_d50d7985,11,user_7b052f32,0.366564
user_d50d7985,12,user_a7b901f2,0.344083
user_d50d7985,13,user_81a80789,0.343224
user_d50d7985,14,user_93cdb7a1,0.305326
user_d50d7985,15,user_e64d80ba,0.303195
user_d5d4fc6e,1,user_8afa3eba,0.544802
user_d5d4fc6e,2,user_a4ae4e77,0.534483
user_d5d4fc6e,3,user_823846de,0.530763
user_d5d4fc6e,4,user_a04b2a78,0.519084
user_d5d4fc6e,5,user_d5d4fc6e,0.488232
user_d5d4fc6e,6,user_6fc85c06,0.482845
user_d5d4fc6e,7,user_86685a27,0.471453
user_d5d4fc6e,8,user_058d9dc1,0.458780
user_d5d4fc6e,9,user_423c81dc,0.436531
user_d5d4fc6e,10,user_3eb49f37,0.436238
user_d5d4fc6e,11,user_233fda02,0.423847
user_d5d4fc6e,12,user_04d8419e,0.342343
user_d5d4fc6e,13,user_5d7cbf11,0.341526
user_d5d4fc6e,14,user_18227c28,0.331588
user_d5d4fc6e,15,user_d4b7e22e,0.274236
user_d761140c,1,user_d761140c,0.507131
user_d761140c,2,user_f5fea76f,0.402428
user_d761140c,3,user_69a4dd06,0.357144
user_d761140c,4,user_17607ebc,0.343967
user_d761140c,5,user_c9007141,0.325885
user_d761140c,6,user_ec574395,0.312786
user_d761140c,7,user_75bc9924,0.275214
user_d761140c,8,user_0285dee3,0.269577
user_d761140c,9,user_a1b097c2,0.250761
user_d761140c,10,user_7aa3746b,0.242476
user_d761140c,11,user_43a979d2,0.219909
user_d761140c,12,user_954805d7,0.209056
user_d761140c,13,user_97330742,0.172748
user_d761140c,14,user_6bf0e007,0.165756
user_d761140c,15,user_36d44add,0.160248
user_d849ac6e,1,user_d849ac6e,0.484820
user_d849ac6e,2,user_c8e749e2,0.389138
user_d849ac6e,3,user_5f4ee256,0.371356
user_d849ac6e,4,user_cf393213,0.343960
user_d849ac6e,5,user_38f4dfac,0.340075
user_d849ac6e,6,user_c1aa2063,0.325599
user_d849ac6e,7,user_daf37424,0.277529
user_d849ac6e,8,user_0168255c,0.265222
user_d849ac6e,9,user_56980aa9,0.195459
user_d849ac6e,10,user_c60d65b5,0.168145
user_d849ac6e,11,user_406c399e,0.161806
user_d849ac6e,12,user_9ce96cbf,0.137680
user_d849ac6e,13,user_5881b259,0.136069
user_d849ac6e,14,user_eae91488,0.104489
user_d849ac6e,15,user_6ae9ce92,0.101160
user_d955d7e2,1,user_245fd42f,0.442263
user_d955d7e2,2,user_d955d7e2,0.407920
user_d955d7e2,3,user_d54f676e,0.358374
user_d955d7e2,4,user_723406a0,0.333324
user_d955d7e2,5,user_b628264a,0.333183
user_d955d7e2,6,user_aae78e0d,0.327617
user_d955d7e2,7,user_dd0bd02d,0.307678
user_d955d7e2,8,user_8d22714e,0.248217
user_d955d7e2,9,user_829844fd,0.231736
user_d955d7e2,10,user_f930e37f,0.224162
user_d955d7e2,11,user_c8e749e2,0.199558
user_d955d7e2,12,user_1ef33a43,0.110645
user_d955d7e2,13,user_e93dfaa2,0.097405
user_d955d7e2,14,user_5bc74ae7,0.089822
user_d955d7e2,15,user_7fd91653,0.067528
user_da51dede,1,user_da51dede,0.509144
user_da51dede,2,user_b14ec02b,0.375775
user_da51dede,3,user_b563e90b,0.320052
user_da51dede,4,user_db4c3fb9,0.310301
user_da51dede,5,user_93cdb7a1,0.291916
user_da51dede,6,user_8e48a3f8,0.282814
user_da51dede,7,user_1fb646f2,0.258451
user_da51dede,8,user_74da5a13,0.207839
user_da51dede,9,user_a01f16ac,0.165835
user_da51dede,10,user_74cfb8ef,0.161459
user_da51dede,11,user_3bc84c13,0.144692
user_da51dede,12,user_98f18241,0.140827
user_da51dede,13,user_7b052f32,0.137923
user_da51dede,14,user_166a3647,0.129069
user_da51dede,15,user_ecba8131,0.127665
user_dac2c359,1,user_233fda02,0.585612
user_dac2c359,2,user_3eb49f37,0.547901
user_dac2c359,3,user_d5d4fc6e,0.540475
user_dac2c359,4,user_823846de,0.529178
user_dac2c359,5,user_058d9dc1,0.528353
user_dac2c359,6,user_423c81dc,0.520899
user_dac2c359,7,user_f0b144fc,0.511598
user_dac2c359,8,user_b4214db6,0.465181
user_dac2c359,9,user_1bcbacb3,0.458808
user_dac2c359,10,user_6fc85c06,0.436265
user_dac2c359,11,user_5f4ee256,0.429857
user_dac2c359,12,user_d4b7e22e,0.400501
user_dac2c359,13,user_04d8419e,0.386359
user_dac2c359,14,user_2a94c885,0.330929
user_dac2c359,15,user_5d7cbf11,0.181855
user_daf37424,1,user_e802076d,0.352662
user_daf37424,2,user_8e97a154,0.299260
user_daf37424,3,user_3f1d04a6,0.279356
user_daf37424,4,user_1cfedba8,0.225125
user_daf37424,5,user_84c14a6f,0.210689
user_daf37424,6,user_80da26a6,0.205334
user_daf37424,7,user_5159d3a1,0.203551
user_daf37424,8,user_f368b9da,0.201666
user_daf37424,9,user_ee14f818,0.200400
user_daf37424,10,user_6bf0e007,0.192003
user_daf37424,11,user_6a0b0e92,0.187131
user_daf37424,12,user_8285a696,0.182833
user_daf37424,13,user_406c399e,0.176815
user_daf37424,14,user_fa60616d,0.068253
user_daf37424,15,user_bdcc6e7d,0.045638
user_db4c3fb9,1,user_b563e90b,0.520296
user_db4c3fb9,2,user_db4c3fb9,0.512120
user_db4c3fb9,3,user_da51dede,0.494757
user_db4c3fb9,4,user_43049634,0.488427
user_db4c3fb9,5,user_1fb646f2,0.419165
user_db4c3fb9,6,user_74da5a13,0.413168
user_db4c3fb9,7,user_a01f16ac,0.383032
user_db4c3fb9,8,user_ee14f818,0.344235
user_db4c3fb9,9,user_cc1c8897,0.325200
user_db4c3fb9,10,user_8a760553,0.282254
user_db4c3fb9,11,user_4607d25d,0.272119
user_db4c3fb9,12,user_82c86537,0.228330
user_db4c3fb9,13,user_64d76dfd,0.180945
user_db4c3fb9,14,user_dd1d7b22,0.169733
user_db4c3fb9,15,user_aa31484a,0.095764
user_dbbf562e,1,user_d4c7b4c0,0.540857
user_dbbf562e,2,user_02fecea2,0.520667
user_dbbf562e,3,user_c50a487d,0.519406
user_dbbf562e,4,user_a00e0552,0.513560
user_dbbf562e,5,user_91db6e48,0.510561
user_dbbf562e,6,user_1302cb61,0.459279
user_dbbf562e,7,user_dbbf562e,0.444997
user_dbbf562e,8,user_ff39b6cf,0.418585
user_dbbf562e,9,user_55058479,0.399169
user_dbbf562e,10,user_9818dcae,0.379800
user_dbbf562e,11,user_ee14f818,0.369463
user_dbbf562e,12,user_8285a696,0.301647
user_dbbf562e,13,user_815b7baf,0.288208
user_dbbf562e,14,user_df8dc9bb,0.287703
user_dbbf562e,15,user_81a80789,0.280139
user_dc326993,1,user_dc326993,0.544013
user_dc326993,2,user_8f8346ad,0.502290
user_dc326993,3,user_bf69de98,0.409251
user_dc326993,4,user_23ecc36a,0.395234
user_dc326993,5,user_80da26a6,0.349792
user_dc326993,6,user_27a3fa64,0.335581
user_dc326993,7,user_6a0b0e92,0.295860
user_dc326993,8,user_c0eba9f2,0.235339
user_dc326993,9,user_9bee2a7c,0.228257
user_dc326993,10,user_0285dee3,0.210500
user_dc326993,11,user_f827c7dd,0.197306
user_dc326993,12,user_6bf0e007,0.187740
user_dc326993,13,user_94f185bc,0.174724
user_dc326993,14,user_5993b36a,0.159525
user_dc326993,15,user_cf393213,0.152954
user_dc32d458,1,user_d7fde080,0.695727
user_dc32d458,2,user_259776c7,0.680466
user_dc32d458,3,user_233fda02,0.665838
user_dc32d458,4,user_b4214db6,0.595368
user_dc32d458,5,user_5dc5c2dc,0.595320
user_dc32d458,6,user_3eb49f37,0.588375
user_dc32d458,7,user_87e5d9b0,0.587421
user_dc32d458,8,user_c2f18cf7,0.579768
user_dc32d458,9,user_5d35f631,0.513424
user_dc32d458,10,user_885e8708,0.511375
user_dc32d458,11,user_98a676ce,0.468858
user_dc32d458,12,user_73a4377d,0.433370
user_dc32d458,13,user_fb64cb55,0.334866
user_dc32d458,14,user_d4b7e22e,0.265320
user_dc32d458,15,user_04d8419e,0.254694
user_dca78fea,1,user_6a0b0e92,0.487234
user_dca78fea,2,user_a01f16ac,0.465430
user_dca78fea,3,user_30802254,0.463373
user_dca78fea,4,user_68d19df8,0.450169
user_dca78fea,5,user_84c14a6f,0.420585
user_dca78fea,6,user_5159d3a1,0.406897
user_dca78fea,7,user_2a94c885,0.387733
user_dca78fea,8,user_4607d25d,0.384327
user_dca78fea,9,user_4f755977,0.359069
user_dca78fea,10,user_bdcc6e7d,0.350440
user_dca78fea,11,user_0285dee3,0.305636
user_dca78fea,12,user_ee14f818,0.286000
user_dca78fea,13,user_04f39d22,0.280560
user_dca78fea,14,user_6bf0e007,0.274508
user_dca78fea,15,user_165a2706,0.208092
user_dd0bd02d,1,user_b628264a,0.536566
user_dd0bd02d,2,user_723406a0,0.525688
user_dd0bd02d,3,user_8d22714e,0.518718
user_dd0bd02d,4,user_79f04645,0.513099
user_dd0bd02d,5,user_5ac1a174,0.508474
user_dd0bd02d,6,user_b4214db6,0.506105
user_dd0bd02d,7,user_73a4377d,0.501194
user_dd0bd02d,8,user_4607d25d,0.479088
user_dd0bd02d,9,user_dd0bd02d,0.476658
user_dd0bd02d,10,user_5f4ee256,0.455951
user_dd0bd02d,11,user_98a676ce,0.452274
user_dd0bd02d,12,user_a4ae4e77,0.436299
user_dd0bd02d,13,user_f10e7063,0.416552
user_dd0bd02d,14,user_3f2fbc90,0.353826
user_dd0bd02d,15,user_5d7cbf11,0.158112
user_df8dc9bb,1,user_a00e0552,0.583988
user_df8dc9bb,2,user_4f3b6241,0.489628
user_df8dc9bb,3,user_fdc08e26,0.475262
user_df8dc9bb,4,user_5d35f631,0.416222
user_df8dc9bb,5,user_3e284ba5,0.412002
user_df8dc9bb,6,user_650da71b,0.406556
user_df8dc9bb,7,user_df8dc9bb,0.383356
user_df8dc9bb,8,user_ee14f818,0.292780
user_df8dc9bb,9,user_6bf0e007,0.275830
user_df8dc9bb,10,user_a16d1fb6,0.265236
user_df8dc9bb,11,user_8285a696,0.209000
user_df8dc9bb,12,user_e802076d,0.201509
user_df8dc9bb,13,user_8c11f026,0.174723
user_df8dc9bb,14,user_11e8421f,0.164520
user_df8dc9bb,15,user_2cb4b018,0.135574
user_dffc0da5,1,user_dffc0da5,0.565556
user_dffc0da5,2,user_1b460965,0.511497
user_dffc0da5,3,user_25b48a9a,0.412144
user_dffc0da5,4,user_2a94c885,0.369512
user_dffc0da5,5,user_b6b89f00,0.329429
user_dffc0da5,6,user_8e97a154,0.322121
user_dffc0da5,7,user_c8f82360,0.314561
user_dffc0da5,8,user_8285a696,0.308044
user_dffc0da5,9,user_f827c7dd,0.250385
user_dffc0da5,10,user_02d03e8a,0.245498
user_dffc0da5,11,user_a7b901f2,0.206778
user_dffc0da5,12,user_406c399e,0.200794
user_dffc0da5,13,user_11e8421f,0.187046
user_dffc0da5,14,user_380ddd3f,0.109466
user_dffc0da5,15,user_9bee2a7c,0.088233
user_e0c65725,1,user_8e97a154,0.620825
user_e0c65725,2,user_55058479,0.565871
user_e0c65725,3,user_cce4f9c2,0.534333
user_e0c65725,4,user_c50a487d,0.505678
user_e0c65725,5,user_815b7baf,0.497436
user_e0c65725,6,user_03410579,0.487107
user_e0c65725,7,user_d50d7985,0.470329
user_e0c65725,8,user_93cdb7a1,0.436836
user_e0c65725,9,user_ff39b6cf,0.436160
user_e0c65725,10,user_7b052f32,0.405201
user_e0c65725,11,user_df8dc9bb,0.403919
user_e0c65725,12,user_ac6d6bff,0.402270
user_e0c65725,13,user_3b79395c,0.400869
user_e0c65725,14,user_7a8f7f3e,0.333206
user_e0c65725,15,user_e6057285,0.281029
user_e10c98bb,1,user_8ac8f24f,0.374921
user_e10c98bb,2,user_efcacf59,0.327154
user_e10c98bb,3,user_c0392523,0.315971
user_e10c98bb,4,user_e10c98bb,0.287336
user_e10c98bb,5,user_34b1fb84,0.284736
user_e10c98bb,6,user_84fe1a7a,0.269063
user_e10c98bb,7,user_165a2706,0.227698
user_e10c98bb,8,user_f6188968,0.175137
user_e10c98bb,9,user_96d9cb9a,0.151076
user_e10c98bb,10,user_daf59045,0.146431
user_e10c98bb,11,user_e838707b,0.140387
user_e10c98bb,12,user_5993b36a,0.113131
user_e10c98bb,13,user_33f2a818,0.102163
user_e10c98bb,14,user_74025dc0,0.083216
user_e10c98bb,15,user_4a57e449,0.044728
user_e14b88a8,1,user_0c8c48ac,0.504874
user_e14b88a8,2,user_f6188968,0.496416
user_e14b88a8,3,user_f10e7063,0.440292
user_e14b88a8,4,user_a01f16ac,0.439947
user_e14b88a8,5,user_15179955,0.408082
user_e14b88a8,6,user_7d6962d9,0.392604
user_e14b88a8,7,user_043ea160,0.350493
user_e14b88a8,8,user_93cdb7a1,0.317010
user_e14b88a8,9,user_eda37c14,0.308650
user_e14b88a8,10,user_e14b88a8,0.278033
user_e14b88a8,11,user_ca6074df,0.265528
user_e14b88a8,12,user_36d44add,0.220484
user_e14b88a8,13,user_d5379647,0.203890
user_e14b88a8,14,user_d8335067,0.199211
user_e14b88a8,15,user_6fc85c06,0.149712
user_e1730a9c,1,user_f654c33b,0.489141
user_e1730a9c,2,user_e1730a9c,0.480525
user_e1730a9c,3,user_a7bfc229,0.448635
user_e1730a9c,4,user_f43d6008,0.408925
user_e1730a9c,5,user_56980aa9,0.398124
user_e1730a9c,6,user_9d786aa8,0.363610
user_e1730a9c,7,user_b6350ec1,0.353023
user_e1730a9c,8,user_8a760553,0.339574
user_e1730a9c,9,user_91f807b9,0.319672
user_e1730a9c,10,user_058c1800,0.314534
user_e1730a9c,11,user_aa31484a,0.305499
user_e1730a9c,12,user_dd1d7b22,0.256575
user_e1730a9c,13,user_5881b259,0.237299
user_e1730a9c,14,user_0669bdf6,0.225419
user_e1730a9c,15,user_ba463257,0.222674
user_e409a56d,1,user_64cd3098,0.562690
user_e409a56d,2,user_b2aba63a,0.551593
user_e409a56d,3,user_4607d25d,0.475399
user_e409a56d,4,user_259776c7,0.469741
user_e409a56d,5,user_201c8c78,0.468356
user_e409a56d,6,user_ca6074df,0.454116
user_e409a56d,7,user_afff552a,0.435602
user_e409a56d,8,user_372c2b3e,0.420222
user_e409a56d,9,user_25b48a9a,0.419165
user_e409a56d,10,user_9818dcae,0.396583
user_e409a56d,11,user_a7b901f2,0.367759
user_e409a56d,12,user_91db6e48,0.329784
user_e409a56d,13,user_e409a56d,0.282119
user_e409a56d,14,user_04f39d22,0.276974
user_e409a56d,15,user_6bf0e007,0.265681
user_e4ab67b6,1,user_a2c3ed1f,0.604203
user_e4ab67b6,2,user_233fda02,0.572594
user_e4ab67b6,3,user_e4ab67b6,0.565354
user_e4ab67b6,4,user_2c39731d,0.551353
user_e4ab67b6,5,user_5ac1a174,0.520772
user_e4ab67b6,6,user_8afa3eba,0.496351
user_e4ab67b6,7,user_6fc85c06,0.476767
user_e4ab67b6,8,user_c883258f,0.468246
user_e4ab67b6,9,user_a7f8db34,0.460597
user_e4ab67b6,10,user_a04b2a78,0.448841
user_e4ab67b6,11,user_bd05225b,0.434106
user_e4ab67b6,12,user_87e5d9b0,0.426168
user_e4ab67b6,13,user_598cc905,0.355876
user_e4ab67b6,14,user_86685a27,0.330923
user_e4ab67b6,15,user_5d7cbf11,0.169678
user_e4f8ab0c,1,user_058d9dc1,0.560124
user_e4f8ab0c,2,user_3eb49f37,0.541221
user_e4f8ab0c,3,user_5ac1a174,0.533044
user_e4f8ab0c,4,user_d5d4fc6e,0.522731
user_e4f8ab0c,5,user_823846de,0.503015
user_e4f8ab0c,6,user_d4b7e22e,0.487491
user_e4f8ab0c,7,user_e4f8ab0c,0.484828
user_e4f8ab0c,8,user_423c81dc,0.460927
user_e4f8ab0c,9,user_a4ae4e77,0.456307
user_e4f8ab0c,10,user_406c399e,0.431315
user_e4f8ab0c,11,user_bdcc6e7d,0.423645
user_e4f8ab0c,12,user_04d8419e,0.354761
user_e4f8ab0c,13,user_6a0b0e92,0.354378
user_e4f8ab0c,14,user_98a676ce,0.352094
user_e4f8ab0c,15,user_a2503734,0.348320
user_e51692a6,1,user_26fa9d90,0.523349
user_e51692a6,2,user_6169d3b8,0.454358
user_e51692a6,3,user_9818dcae,0.433533
user_e51692a6,4,user_fcf93ee8,0.408241
user_e51692a6,5,user_d2c97c8e,0.385396
user_e51692a6,6,user_e696f3ae,0.377260
user_e51692a6,7,user_ee05ee55,0.318219
user_e51692a6,8,user_0128a546,0.294825
user_e51692a6,9,user_ac6d6bff,0.266965
user_e51692a6,10,user_a01f16ac,0.263198
user_e51692a6,11,user_93cdb7a1,0.254974
user_e51692a6,12,user_434f3511,0.193754
user_e51692a6,13,user_bd47000f,0.181368
user_e51692a6,14,user_df8dc9bb,0.161429
user_e51692a6,15,user_8e48a3f8,0.124866
user_e59c000f,1,user_e59c000f,0.533708
user_e59c000f,2,user_737d3148,0.391681
user_e59c000f,3,user_9fc3c829,0.388635
user_e59c000f,4,user_92fe4471,0.365182
user_e59c000f,5,user_98a676ce,0.362796
user_e59c000f,6,user_66a7ce5a,0.358305
user_e59c000f,7,user_69a4dd06,0.337236
user_e59c000f,8,user_3f2fbc90,0.328020
user_e59c000f,9,user_c9007141,0.313472
user_e59c000f,10,user_657c72ca,0.277143
user_e59c000f,11,user_4607d25d,0.252193
user_e59c000f,12,user_0285dee3,0.188961
user_e59c000f,13,user_bd47000f,0.179123
user_e59c000f,14,user_ece9bfd2,0.138977
user_e59c000f,15,user_a1b097c2,0.127736
user_e5f67397,1,user_943e4045,0.531538
user_e5f67397,2,user_938164a5,0.483243
user_e5f67397,3,user_20a01575,0.382278
user_e5f67397,4,user_0c8c48ac,0.363647
user_e5f67397,5,user_f862100c,0.360424
user_e5f67397,6,user_baeb91b3,0.348841
user_e5f67397,7,user_815b7baf,0.346594
user_e5f67397,8,user_372cb75b,0.335086
user_e5f67397,9,user_1ae8e7f5,0.315915
user_e5f67397,10,user_3666402b,0.290399
user_e5f67397,11,user_d074356a,0.229033
user_e5f67397,12,user_74cfb8ef,0.221248
user_e5f67397,13,user_3b79395c,0.172774
user_e5f67397,14,user_e5f67397,0.143928
user_e5f67397,15,user_e2e59795,0.112804
user_e64d80ba,1,user_0ff0b922,0.684483
user_e64d80ba,2,user_e64d80ba,0.556460
user_e64d80ba,3,user_20a01575,0.490298
user_e64d80ba,4,user_da245b56,0.453979
user_e64d80ba,5,user_a0517bef,0.436961
user_e64d80ba,6,user_0d32f0ed,0.410711
user_e64d80ba,7,user_c50a487d,0.382549
user_e64d80ba,8,user_8c42f323,0.253577
user_e64d80ba,9,user_83585fc6,0.247158
user_e64d80ba,10,user_ba085464,0.238370
user_e64d80ba,11,user_815b7baf,0.193586
user_e64d80ba,12,user_1f636ddc,0.181236
user_e64d80ba,13,user_03410579,0.154109
user_e64d80ba,14,user_aaa1e595,0.121620
user_e64d80ba,15,user_3b79395c,0.105454
user_e6dd44b0,1,user_a01f16ac,0.456492
user_e6dd44b0,2,user_8f8346ad,0.443886
user_e6dd44b0,3,user_4e54f3d7,0.401870
user_e6dd44b0,4,user_406c399e,0.396093
user_e6dd44b0,5,user_ee14f818,0.363984
user_e6dd44b0,6,user_1936a7c3,0.360042
user_e6dd44b0,7,user_8285a696,0.314761
user_e6dd44b0,8,user_b337cb0c,0.298436
user_e6dd44b0,9,user_0285dee3,0.296398
user_e6dd44b0,10,user_cdd86523,0.295148
user_e6dd44b0,11,user_8e97a154,0.276594
user_e6dd44b0,12,user_6a0b0e92,0.265306
user_e6dd44b0,13,user_30802254,0.264274
user_e6dd44b0,14,user_3e284ba5,0.227833
user_e6dd44b0,15,user_c0eba9f2,0.176533
user_e7a55eac,1,user_5f4ee256,0.382870
user_e7a55eac,2,user_78eff25f,0.378652
user_e7a55eac,3,user_c8e749e2,0.375256
user_e7a55eac,4,user_030cf51a,0.370516
user_e7a55eac,5,user_f27da10a,0.355645
user_e7a55eac,6,user_e7a55eac,0.352924
user_e7a55eac,7,user_90e5fee6,0.334309
user_e7a55eac,8,user_56980aa9,0.327736
user_e7a55eac,9,user_4db0d490,0.315900
user_e7a55eac,10,user_8e97a154,0.305750
user_e7a55eac,11,user_5c82df31,0.287775
user_e7a55eac,12,user_f862100c,0.246556
user_e7a55eac,13,user_f75c71f0,0.208570
user_e7a55eac,14,user_5d7cbf11,0.162026
user_e7a55eac,15,user_ebddf9c1,0.138260
user_e802076d,1,user_b2dd04c8,0.504696
user_e802076d,2,user_e802076d,0.486620
user_e802076d,3,user_650da71b,0.483246
user_e802076d,4,user_4f3b6241,0.471129
user_e802076d,5,user_6bf0e007,0.431165
user_e802076d,6,user_ee14f818,0.424297
user_e802076d,7,user_8c11f026,0.418738
user_e802076d,8,user_5d35f631,0.395224
user_e802076d,9,user_0bd8ba7c,0.356015
user_e802076d,10,user_11e8421f,0.303899
user_e802076d,11,user_2cb4b018,0.268849
user_e802076d,12,user_5159d3a1,0.258681
user_e802076d,13,user_406c399e,0.243557
user_e802076d,14,user_c06d9b71,0.203591
user_e802076d,15,user_4a57e449,0.108758
user_e838707b,1,user_8ac8f24f,0.462682
user_e838707b,2,user_52c9252c,0.415163
user_e838707b,3,user_2a41ee39,0.392465
user_e838707b,4,user_e838707b,0.343169
user_e838707b,5,user_59d9db83,0.332457
user_e838707b,6,user_84fe1a7a,0.296413
user_e838707b,7,user_a61b0d31,0.253792
user_e838707b,8,user_7a7dda35,0.246992
user_e838707b,9,user_bf69de98,0.235124
user_e838707b,10,user_00723699,0.234960
user_e838707b,11,user_aae78e0d,0.177583
user_e838707b,12,user_e10c98bb,0.136329
user_e838707b,13,user_165a2706,0.135603
user_e838707b,14,user_c90ad79a,0.121775
user_e838707b,15,user_94f185bc,0.108175
user_e8613813,1,user_20e741d0,0.591342
user_e8613813,2,user_f54058d0,0.537246
user_e8613813,3,user_470c0785,0.503621
user_e8613813,4,user_e8613813,0.491516
user_e8613813,5,user_ecf8f97f,0.490883
user_e8613813,6,user_815b7baf,0.465527
user_e8613813,7,user_55058479,0.447964
user_e8613813,8,user_56e6d0cd,0.436651
user_e8613813,9,user_cce4f9c2,0.430870
user_e8613813,10,user_1e3084a6,0.423692
user_e8613813,11,user_3666402b,0.282574
user_e8613813,12,user_4bd9303b,0.266627
user_e8613813,13,user_3b79395c,0.210070
user_e8613813,14,user_8e48a3f8,0.173186
user_e8613813,15,user_93cdb7a1,0.155101
user_e88c308b,1,user_e88c308b,0.534924
user_e88c308b,2,user_7b2d0be1,0.470004
user_e88c308b,3,user_8eac0a68,0.463802
user_e88c308b,4,user_124651ff,0.434119
user_e88c308b,5,user_f14dc486,0.401097
user_e88c308b,6,user_b6b89f00,0.382825
user_e88c308b,7,user_8285a696,0.341383
user_e88c308b,8,user_c536b01d,0.334862
user_e88c308b,9,user_cb8245f7,0.332658
user_e88c308b,10,user_c34e791e,0.273700
user_e88c308b,11,user_8f08aa94,0.256382
user_e88c308b,12,user_9c7183c8,0.241823
user_e88c308b,13,user_205d25f3,0.227462
user_e88c308b,14,user_9bee2a7c,0.159638
user_e88c308b,15,user_bbe73426,0.117607
user_e8a7be73,1,user_84c14a6f,0.495982
user_e8a7be73,2,user_a57a04fa,0.446390
user_e8a7be73,3,user_89f449b4,0.433989
user_e8a7be73,4,user_2c940ff8,0.404122
user_e8a7be73,5,user_ef954c6e,0.376837
user_e8a7be73,6,user_30802254,0.352411
user_e8a7be73,7,user_80dc757f,0.346160
user_e8a7be73,8,user_7b052f32,0.343657
user_e8a7be73,9,user_b8f24804,0.335782
user_e8a7be73,10,user_6bf0e007,0.329147
user_e8a7be73,11,user_83a58842,0.292996
user_e8a7be73,12,user_91f5e7af,0.267074
user_e8a7be73,13,user_2a94c885,0.251380
user_e8a7be73,14,user_8285a696,0.249262
user_e8a7be73,15,user_0285dee3,0.227383
user_e8e9acac,1,user_e8e9acac,0.535070
user_e8e9acac,2,user_586752e4,0.499929
user_e8e9acac,3,user_f10e7063,0.472963
user_e8e9acac,4,user_9818dcae,0.469332
user_e8e9acac,5,user_0a3f46b9,0.405310
user_e8e9acac,6,user_1022be44,0.384442
user_e8e9acac,7,user_9d9fba70,0.359844
user_e8e9acac,8,user_5f4ee256,0.345751
user_e8e9acac,9,user_df8dc9bb,0.337679
user_e8e9acac,10,user_8e48a3f8,0.330699
user_e8e9acac,11,user_423c81dc,0.322360
user_e8e9acac,12,user_04d8419e,0.321475
user_e8e9acac,13,user_6fc85c06,0.317556
user_e8e9acac,14,user_a2825b06,0.219895
user_e8e9acac,15,user_5d7cbf11,0.170194
user_e9d1886c,1,user_75905116,0.510309
user_e9d1886c,2,user_82c86537,0.455223
user_e9d1886c,3,user_ecba8131,0.423662
user_e9d1886c,4,user_e9d1886c,0.415099
user_e9d1886c,5,user_32ae32f9,0.395414
user_e9d1886c,6,user_a61b0d31,0.343889
user_e9d1886c,7,user_201c8c78,0.318635
user_e9d1886c,8,user_0168255c,0.316544
user_e9d1886c,9,user_41d0c897,0.291615
user_e9d1886c,10,user_84fe1a7a,0.267100
user_e9d1886c,11,user_59d9db83,0.258208
user_e9d1886c,12,user_2efde048,0.241227
user_e9d1886c,13,user_5159d3a1,0.239182
user_e9d1886c,14,user_aae78e0d,0.192296
user_e9d1886c,15,user_c0eba9f2,0.185269
user_ea67f9c6,1,user_f1e357ad,0.418951
user_ea67f9c6,2,user_b9036662,0.372209
user_ea67f9c6,3,user_0285dee3,0.340032
user_ea67f9c6,4,user_f75c71f0,0.325901
user_ea67f9c6,5,user_b429ec64,0.315740
user_ea67f9c6,6,user_d10d1f24,0.302266
user_ea67f9c6,7,user_18522854,0.297265
user_ea67f9c6,8,user_165a2706,0.274468
user_ea67f9c6,9,user_94f185bc,0.273376
user_ea67f9c6,10,user_c0eba9f2,0.223314
user_ea67f9c6,11,user_f862100c,0.222618
user_ea67f9c6,12,user_3a39cc49,0.206435
user_ea67f9c6,13,user_51779823,0.196827
user_ea67f9c6,14,user_4f864d55,0.158421
user_ea67f9c6,15,user_56980aa9,0.156392
user_ebe17c78,1,user_a01f16ac,0.502791
user_ebe17c78,2,user_f654c33b,0.493277
user_ebe17c78,3,user_b6350ec1,0.491792
user_ebe17c78,4,user_84c14a6f,0.470954
user_ebe17c78,5,user_65d73ac1,0.469944
user_ebe17c78,6,user_68d19df8,0.469839
user_ebe17c78,7,user_afff552a,0.463841
user_ebe17c78,8,user_85810097,0.462431
user_ebe17c78,9,user_e802076d,0.462386
user_ebe17c78,10,user_cdd86523,0.454311
user_ebe17c78,11,user_a8dc91a3,0.438406
user_ebe17c78,12,user_ee14f818,0.437375
user_ebe17c78,13,user_c06d9b71,0.433235
user_ebe17c78,14,user_aa31484a,0.389939
user_ebe17c78,15,user_0285dee3,0.349174
user_ec574395,1,user_ec574395,0.576064
user_ec574395,2,user_d93b53bd,0.516483
user_ec574395,3,user_17607ebc,0.498493
user_ec574395,4,user_d761140c,0.486320
user_ec574395,5,user_4e42bf97,0.485626
user_ec574395,6,user_bdcc6e7d,0.474534
user_ec574395,7,user_b2dd04c8,0.435461
user_ec574395,8,user_0cee87f3,0.403334
user_ec574395,9,user_75bc9924,0.391238
user_ec574395,10,user_7aa3746b,0.366845
user_ec574395,11,user_0285dee3,0.366178
user_ec574395,12,user_69a4dd06,0.331029
user_ec574395,13,user_6bf0e007,0.310144
user_ec574395,14,user_515ae840,0.231955
user_ec574395,15,user_756e2f00,0.138559
user_ecba8131,1,user_4607d25d,0.562188
user_ecba8131,2,user_0697c470,0.539529
user_ecba8131,3,user_c8e749e2,0.537464
user_ecba8131,4,user_5881b259,0.531083
user_ecba8131,5,user_56980aa9,0.524756
user_ecba8131,6,user_b2dd04c8,0.520394
user_ecba8131,7,user_bdcc6e7d,0.430096
user_ecba8131,8,user_aae78e0d,0.425589
user_ecba8131,9,user_8285a696,0.402977
user_ecba8131,10,user_0285dee3,0.376065
user_ecba8131,11,user_2a94c885,0.366516
user_ecba8131,12,user_3f2fbc90,0.339565
user_ecba8131,13,user_406c399e,0.330090
user_ecba8131,14,user_6a0b0e92,0.296777
user_ecba8131,15,user_a4ae4e77,0.268710
user_ecc1ca0a,1,user_86685a27,0.453732
user_ecc1ca0a,2,user_a4ae4e77,0.452034
user_ecc1ca0a,3,user_8285a696,0.430326
user_ecc1ca0a,4,user_423c81dc,0.385410
user_ecc1ca0a,5,user_5993b36a,0.378973
user_ecc1ca0a,6,user_ecc1ca0a,0.373143
user_ecc1ca0a,7,user_1d775dd8,0.265541
user_ecc1ca0a,8,user_f75c71f0,0.233818
user_ecc1ca0a,9,user_454733da,0.216070
user_ecc1ca0a,10,user_f107081e,0.163487
user_ecc1ca0a,11,user_02d03e8a,0.160666
user_ecc1ca0a,12,user_d7fde080,0.158652
user_ecc1ca0a,13,user_f0b144fc,0.133607
user_ecc1ca0a,14,user_a4aab257,0.130550
user_ecc1ca0a,15,user_5d7cbf11,0.128282
user_ed1aaed8,1,user_afff552a,0.521368
user_ed1aaed8,2,user_4607d25d,0.519593
user_ed1aaed8,3,user_fba6bcd4,0.519383
user_ed1aaed8,4,user_b628264a,0.493016
user_ed1aaed8,5,user_3121653d,0.492537
user_ed1aaed8,6,user_98ca16a6,0.485630
user_ed1aaed8,7,user_1230e05a,0.482012
user_ed1aaed8,8,user_657c72ca,0.439277
user_ed1aaed8,9,user_4f755977,0.417825
user_ed1aaed8,10,user_98f18241,0.411923
user_ed1aaed8,11,user_201c8c78,0.411039
user_ed1aaed8,12,user_5b714afd,0.401548
user_ed1aaed8,13,user_ee14f818,0.394057
user_ed1aaed8,14,user_04f39d22,0.366376
user_ed1aaed8,15,user_bd19a016,0.322904
user_ee05ee55,1,user_ee05ee55,0.600656
user_ee05ee55,2,user_c50a487d,0.462153
user_ee05ee55,3,user_fcf93ee8,0.454191
user_ee05ee55,4,user_72bed676,0.364233
user_ee05ee55,5,user_6169d3b8,0.359673
user_ee05ee55,6,user_e696f3ae,0.344518
user_ee05ee55,7,user_5738db35,0.286514
user_ee05ee55,8,user_74da5a13,0.222283
user_ee05ee55,9,user_7b052f32,0.210688
user_ee05ee55,10,user_7d6962d9,0.209566
user_ee05ee55,11,user_93cdb7a1,0.208596
user_ee05ee55,12,user_5d7cbf11,0.183953
user_ee05ee55,13,user_8e48a3f8,0.151295
user_ee05ee55,14,user_33b2b77f,0.148735
user_ee05ee55,15,user_e2e59795,0.128270
user_ee14f818,1,user_a01f16ac,0.483922
user_ee14f818,2,user_91db6e48,0.468206
user_ee14f818,3,user_afff552a,0.438808
user_ee14f818,4,user_9351238d,0.434305
user_ee14f818,5,user_259776c7,0.428530
user_ee14f818,6,user_81a80789,0.411746
user_ee14f818,7,user_6a0b0e92,0.357973
user_ee14f818,8,user_ee14f818,0.344773
user_ee14f818,9,user_5f4ee256,0.342039
user_ee14f818,10,user_3121653d,0.340337
user_ee14f818,11,user_4607d25d,0.339330
user_ee14f818,12,user_e802076d,0.330504
user_ee14f818,13,user_aa31484a,0.250448
user_ee14f818,14,user_fdc08e26,0.211338
user_ee14f818,15,user_a2825b06,0.184232
user_ee8d5ec5,1,user_ee8d5ec5,0.516956
user_ee8d5ec5,2,user_e5beda2b,0.465417
user_ee8d5ec5,3,user_d20928cc,0.436125
user_ee8d5ec5,4,user_8ce972f1,0.416524
user_ee8d5ec5,5,user_b350e22b,0.364494
user_ee8d5ec5,6,user_94f185bc,0.353436
user_ee8d5ec5,7,user_e4f8ab0c,0.348024
user_ee8d5ec5,8,user_9c5071dd,0.296600
user_ee8d5ec5,9,user_c8f82360,0.291914
user_ee8d5ec5,10,user_91f5e7af,0.263345
user_ee8d5ec5,11,user_ef954c6e,0.256276
user_ee8d5ec5,12,user_5159d3a1,0.245027
user_ee8d5ec5,13,user_6a0b0e92,0.204926
user_ee8d5ec5,14,user_8285a696,0.197986
user_ee8d5ec5,15,user_2a94c885,0.153585
user_ef954c6e,1,user_ef954c6e,0.567897
user_ef954c6e,2,user_ebddf9c1,0.531536
user_ef954c6e,3,user_91f5e7af,0.487107
user_ef954c6e,4,user_c06d9b71,0.460734
user_ef954c6e,5,user_6fbf6191,0.447128
user_ef954c6e,6,user_2b750e1c,0.436556
user_ef954c6e,7,user_e4f8ab0c,0.423230
user_ef954c6e,8,user_aa31484a,0.384079
user_ef954c6e,9,user_b337cb0c,0.378054
user_ef954c6e,10,user_e802076d,0.366145
user_ef954c6e,11,user_11e8421f,0.360718
user_ef954c6e,12,user_c8f82360,0.351572
user_ef954c6e,13,user_2a94c885,0.326250
user_ef954c6e,14,user_380ddd3f,0.253335
user_ef954c6e,15,user_f107081e,0.158407
user_efcacf59,1,user_efcacf59,0.562005
user_efcacf59,2,user_30802254,0.476914
user_efcacf59,3,user_90202189,0.475186
user_efcacf59,4,user_d761140c,0.442507
user_efcacf59,5,user_69a4dd06,0.426776
user_efcacf59,6,user_d20928cc,0.418000
user_efcacf59,7,user_41d0c897,0.414328
user_efcacf59,8,user_0285dee3,0.380407
user_efcacf59,9,user_bf69de98,0.368706
user_efcacf59,10,user_2a94c885,0.351578
user_efcacf59,11,user_cf393213,0.263666
user_efcacf59,12,user_34b1fb84,0.252709
user_efcacf59,13,user_b23aa915,0.173755
user_efcacf59,14,user_caa6a7b6,0.144936
user_efcacf59,15,user_e838707b,0.074408
user_f030b951,1,user_d70942c1,0.466447
user_f030b951,2,user_cda36a95,0.463788
user_f030b951,3,user_afff552a,0.424570
user_f030b951,4,user_f030b951,0.415451
user_f030b951,5,user_9351238d,0.405044
user_f030b951,6,user_e3f9409b,0.402018
user_f030b951,7,user_43a979d2,0.390875
user_f030b951,8,user_657c72ca,0.378459
user_f030b951,9,user_84e93af7,0.377971
user_f030b951,10,user_ee14f818,0.376657
user_f030b951,11,user_fba6bcd4,0.369288
user_f030b951,12,user_d761140c,0.268547
user_f030b951,13,user_98f18241,0.262756
user_f030b951,14,user_a8dc91a3,0.238588
user_f030b951,15,user_04f39d22,0.190767
user_f070eee7,1,user_f070eee7,0.518584
user_f070eee7,2,user_259776c7,0.513200
user_f070eee7,3,user_74cfb8ef,0.509782
user_f070eee7,4,user_a00e0552,0.494831
user_f070eee7,5,user_a01f16ac,0.472575
user_f070eee7,6,user_6169d3b8,0.453943
user_f070eee7,7,user_c50a487d,0.416053
user_f070eee7,8,user_3239132f,0.413577
user_f070eee7,9,user_93cdb7a1,0.369460
user_f070eee7,10,user_fcf93ee8,0.296433
user_f070eee7,11,user_40efa894,0.256524
user_f070eee7,12,user_ee14f818,0.254399
user_f070eee7,13,user_8e97a154,0.246350
user_f070eee7,14,user_8285a696,0.218595
user_f070eee7,15,user_6a0b0e92,0.149034
user_f0b144fc,1,user_3eb49f37,0.558663
user_f0b144fc,2,user_0dfb7397,0.531773
user_f0b144fc,3,user_823846de,0.521446
user_f0b144fc,4,user_a04b2a78,0.508795
user_f0b144fc,5,user_c4b781ce,0.506600
user_f0b144fc,6,user_04d8419e,0.503560
user_f0b144fc,7,user_f0b144fc,0.503337
user_f0b144fc,8,user_8c11f026,0.500255
user_f0b144fc,9,user_1d775dd8,0.494279
user_f0b144fc,10,user_423c81dc,0.493938
user_f0b144fc,11,user_a973cf8e,0.479258
user_f0b144fc,12,user_6bf0e007,0.447656
user_f0b144fc,13,user_a75b4d6e,0.421662
user_f0b144fc,14,user_2a94c885,0.354300
user_f0b144fc,15,user_5d7cbf11,0.238135
user_f0cf195f,1,user_f0cf195f,0.591212
user_f0cf195f,2,user_91f5e7af,0.443683
user_f0cf195f,3,user_f3a9f844,0.413082
user_f0cf195f,4,user_3f1d04a6,0.356711
user_f0cf195f,5,user_80da26a6,0.355592
user_f0cf195f,6,user_043ea160,0.333062
user_f0cf195f,7,user_7d6962d9,0.304287
user_f0cf195f,8,user_3b90fb53,0.289948
user_f0cf195f,9,user_3049510b,0.282276
user_f0cf195f,10,user_00723699,0.155158
user_f0cf195f,11,user_f6188968,0.133927
user_f0cf195f,12,user_165a2706,0.114977
user_f0cf195f,13,user_6fc85c06,0.091072
user_f0cf195f,14,user_8c6db6ed,0.075131
user_f0cf195f,15,user_5d7cbf11,0.059772
user_f107081e,1,user_f107081e,0.382145
user_f107081e,2,user_6fbf6191,0.347679
user_f107081e,3,user_869fcb2b,0.304873
user_f107081e,4,user_1b460965,0.286800
user_f107081e,5,user_69df6330,0.221856
user_f107081e,6,user_80dc757f,0.212888
user_f107081e,7,user_c8f82360,0.200579
user_f107081e,8,user_02d03e8a,0.187018
user_f107081e,9,user_36dd1253,0.179899
user_f107081e,10,user_a57a04fa,0.166960
user_f107081e,11,user_b8f24804,0.165057
user_f107081e,12,user_529e3009,0.149244
user_f107081e,13,user_2a41ee39,0.120500
user_f107081e,14,user_cb2fe204,0.089446
user_f107081e,15,user_380ddd3f,0.086735
user_f27da10a,1,user_a01f16ac,0.497505
user_f27da10a,2,user_3085d204,0.486264
user_f27da10a,3,user_f27da10a,0.468402
user_f27da10a,4,user_5f4ee256,0.466708
user_f27da10a,5,user_4607d25d,0.459273
user_f27da10a,6,user_ee14f818,0.447845
user_f27da10a,7,user_80da26a6,0.447428
user_f27da10a,8,user_3f2fbc90,0.396333
user_f27da10a,9,user_8e97a154,0.392992
user_f27da10a,10,user_406c399e,0.383364
user_f27da10a,11,user_aa31484a,0.367152
user_f27da10a,12,user_030cf51a,0.342429
user_f27da10a,13,user_f862100c,0.318584
user_f27da10a,14,user_6a0b0e92,0.314205
user_f27da10a,15,user_6bf0e007,0.245880
user_f3377028,1,user_f3377028,0.541737
user_f3377028,2,user_795650bb,0.540806
user_f3377028,3,user_f7fd2885,0.457529
user_f3377028,4,user_372c2b3e,0.374380
user_f3377028,5,user_2e60c125,0.373009
user_f3377028,6,user_e409a56d,0.368708
user_f3377028,7,user_82c86537,0.346818
user_f3377028,8,user_08c32973,0.336475
user_f3377028,9,user_bd19a016,0.330442
user_f3377028,10,user_5062c872,0.301249
user_f3377028,11,user_bf30f80d,0.281730
user_f3377028,12,user_4ea1ef09,0.268072
user_f3377028,13,user_201c8c78,0.255760
user_f3377028,14,user_04f39d22,0.240925
user_f3377028,15,user_2c2a5c24,0.217825
user_f368b9da,1,user_0285dee3,0.230711
user_f368b9da,2,user_84c14a6f,0.189501
user_f368b9da,3,user_6bf0e007,0.189207
user_f368b9da,4,user_406c399e,0.158667
user_f368b9da,5,user_39939c54,0.146029
user_f368b9da,6,user_30802254,0.132058
user_f368b9da,7,user_e802076d,0.129906
user_f368b9da,8,user_ee14f818,0.125491
user_f368b9da,9,user_dd1d7b22,0.120096
user_f368b9da,10,user_c8e749e2,0.112460
user_f368b9da,11,user_4607d25d,0.111423
user_f368b9da,12,user_dc32d458,0.097804
user_f368b9da,13,user_5159d3a1,0.089757
user_f368b9da,14,user_b6d05d1d,0.075156
user_f368b9da,15,user_1230e05a,0.053298
user_f43d6008,1,user_78eff25f,0.496816
user_f43d6008,2,user_fa60616d,0.462910
user_f43d6008,3,user_a01f16ac,0.462317
user_f43d6008,4,user_f43d6008,0.458223
user_f43d6008,5,user_5f4ee256,0.449132
user_f43d6008,6,user_45be01a5,0.433918
user_f43d6008,7,user_4607d25d,0.426140
user_f43d6008,8,user_9d786aa8,0.423994
user_f43d6008,9,user_bdcc6e7d,0.404645
user_f43d6008,10,user_79f04645,0.403114
user_f43d6008,11,user_8a760553,0.387990
user_f43d6008,12,user_c8e749e2,0.377167
user_f43d6008,13,user_a4ae4e77,0.357139
user_f43d6008,14,user_e93dfaa2,0.321806
user_f43d6008,15,user_5881b259,0.164950
user_f4f9490d,1,user_d4c7b4c0,0.618878
user_f4f9490d,2,user_a7f8db34,0.575216
user_f4f9490d,3,user_c50a487d,0.569178
user_f4f9490d,4,user_5dc5c2dc,0.518187
user_f4f9490d,5,user_d7fde080,0.477962
user_f4f9490d,6,user_233fda02,0.477826
user_f4f9490d,7,user_87e5d9b0,0.468484
user_f4f9490d,8,user_ff39b6cf,0.467068
user_f4f9490d,9,user_49b1ac46,0.451585
user_f4f9490d,10,user_2a94c885,0.403988
user_f4f9490d,11,user_586752e4,0.388827
user_f4f9490d,12,user_8afa3eba,0.350680
user_f4f9490d,13,user_7322f4ef,0.347148
user_f4f9490d,14,user_e8e9acac,0.292120
user_f4f9490d,15,user_5d7cbf11,0.160477
user_f5138e15,1,user_f5138e15,0.432664
user_f5138e15,2,user_bd6a40d5,0.270644
user_f5138e15,3,user_65d73ac1,0.223994
user_f5138e15,4,user_ecba8131,0.222928
user_f5138e15,5,user_a61b0d31,0.195646
user_f5138e15,6,user_829844fd,0.192115
user_f5138e15,7,user_c809e3d2,0.183305
user_f5138e15,8,user_41d0c897,0.164488
user_f5138e15,9,user_bd19a016,0.143012
user_f5138e15,10,user_6ae9ce92,0.137669
user_f5138e15,11,user_c5c57a9d,0.136918
user_f5138e15,12,user_7c3d63ce,0.130528
user_f5138e15,13,user_b9d253e8,0.128176
user_f5138e15,14,user_8f39f021,0.126817
user_f5138e15,15,user_2efde048,0.091602
user_f52ced02,1,user_f52ced02,0.868656
user_f52ced02,2,user_4893b4d0,0.426588
user_f52ced02,3,user_2c940ff8,0.393490
user_f52ced02,4,user_df3c19a7,0.383137
user_f52ced02,5,user_98a676ce,0.357726
user_f52ced02,6,user_f75c71f0,0.345216
user_f52ced02,7,user_f862100c,0.300025
user_f52ced02,8,user_a4aab257,0.293216
user_f52ced02,9,user_91f5e7af,0.262045
user_f52ced02,10,user_380ddd3f,0.222932
user_f52ced02,11,user_3f2fbc90,0.216546
user_f52ced02,12,user_48669fd6,0.198912
user_f52ced02,13,user_3eb49f37,0.192447
user_f52ced02,14,user_1cbb30b1,0.183717
user_f52ced02,15,user_f59d3941,0.182483
user_f54058d0,1,user_f54058d0,0.553388
user_f54058d0,2,user_0f0ad720,0.538256
user_f54058d0,3,user_20e741d0,0.505392
user_f54058d0,4,user_1022be44,0.481043
user_f54058d0,5,user_687feee4,0.457279
user_f54058d0,6,user_d5b21e00,0.436635
user_f54058d0,7,user_979ee068,0.434705
user_f54058d0,8,user_c9007141,0.392766
user_f54058d0,9,user_9351238d,0.392642
user_f54058d0,10,user_f10e7063,0.382750
user_f54058d0,11,user_fba6bcd4,0.372470
user_f54058d0,12,user_ea67f9c6,0.368318
user_f54058d0,13,user_4d4f73a6,0.343347
user_f54058d0,14,user_92fe4471,0.327476
user_f54058d0,15,user_04d8419e,0.157311
user_f5e2976e,1,user_ffe2efae,0.467228
user_f5e2976e,2,user_7b2d0be1,0.358592
user_f5e2976e,3,user_be018f9d,0.276766
user_f5e2976e,4,user_3e284ba5,0.219114
user_f5e2976e,5,user_0a0bcaa6,0.216646
user_f5e2976e,6,user_f14dc486,0.211483
user_f5e2976e,7,user_4607d25d,0.202749
user_f5e2976e,8,user_e409a56d,0.193156
user_f5e2976e,9,user_7bbd1543,0.169800
user_f5e2976e,10,user_acb899e9,0.166536
user_f5e2976e,11,user_3f798a8b,0.147542
user_f5e2976e,12,user_9fefea54,0.147142
user_f5e2976e,13,user_4e54f3d7,0.133704
user_f5e2976e,14,user_840e0a93,0.114234
user_f5e2976e,15,user_2f1085dd,0.077540
user_f5fea76f,1,user_a328a751,0.436545
user_f5fea76f,2,user_87e5d9b0,0.433824
user_f5fea76f,3,user_737d3148,0.419198
user_f5fea76f,4,user_979ee068,0.412644
user_f5fea76f,5,user_9fc3c829,0.411100
user_f5fea76f,6,user_f10e7063,0.368959
user_f5fea76f,7,user_a7f8db34,0.365429
user_f5fea76f,8,user_f5fea76f,0.353359
user_f5fea76f,9,user_eda37c14,0.347944
user_f5fea76f,10,user_823846de,0.334688
user_f5fea76f,11,user_92fe4471,0.325288
user_f5fea76f,12,user_a04b2a78,0.315315
user_f5fea76f,13,user_0c8c48ac,0.313554
user_f5fea76f,14,user_233fda02,0.291069
user_f5fea76f,15,user_5d7cbf11,0.158573
user_f60a09b3,1,user_f60a09b3,0.625598
user_f60a09b3,2,user_dc326993,0.607518
user_f60a09b3,3,user_f827c7dd,0.604847
user_f60a09b3,4,user_fa60616d,0.476208
user_f60a09b3,5,user_c8e749e2,0.473390
user_f60a09b3,6,user_78eff25f,0.446830
user_f60a09b3,7,user_56980aa9,0.435748
user_f60a09b3,8,user_5f4ee256,0.425714
user_f60a09b3,9,user_8285a696,0.392171
user_f60a09b3,10,user_6fc85c06,0.371051
user_f60a09b3,11,user_126670d7,0.334459
user_f60a09b3,12,user_c0eba9f2,0.328910
user_f60a09b3,13,user_5d7cbf11,0.309346
user_f60a09b3,14,user_94f185bc,0.307346
user_f60a09b3,15,user_7b052f32,0.256766
user_f7538815,1,user_f7538815,0.511440
user_f7538815,2,user_f1649486,0.453313
user_f7538815,3,user_0eb2abf1,0.438069
user_f7538815,4,user_8292753c,0.424107
user_f7538815,5,user_3f798a8b,0.414698
user_f7538815,6,user_68d19df8,0.385314
user_f7538815,7,user_e802076d,0.365692
user_f7538815,8,user_65d73ac1,0.358239
user_f7538815,9,user_91db6e48,0.313804
user_f7538815,10,user_74d27419,0.264861
user_f7538815,11,user_8f08aa94,0.264553
user_f7538815,12,user_166a3647,0.239672
user_f7538815,13,user_afff552a,0.229024
user_f7538815,14,user_85810097,0.212948
user_f7538815,15,user_201c8c78,0.210992
user_f75c71f0,1,user_f75c71f0,0.439696
user_f75c71f0,2,user_147d1bbb,0.323187
user_f75c71f0,3,user_5993b36a,0.312687
user_f75c71f0,4,user_8e97a154,0.285714
user_f75c71f0,5,user_18522854,0.252307
user_f75c71f0,6,user_96d9cb9a,0.248283
user_f75c71f0,7,user_fb8f46c8,0.236323
user_f75c71f0,8,user_dc326993,0.198542
user_f75c71f0,9,user_8ac8f24f,0.173429
user_f75c71f0,10,user_c67f26cc,0.172597
user_f75c71f0,11,user_5c82df31,0.169735
user_f75c71f0,12,user_7b052f32,0.129618
user_f75c71f0,13,user_a4aab257,0.108149
user_f75c71f0,14,user_6a13946a,0.088039
user_f75c71f0,15,user_7fd91653,0.062281
user_f7bb8af1,1,user_259776c7,0.500388
user_f7bb8af1,2,user_4607d25d,0.487119
user_f7bb8af1,3,user_9818dcae,0.478543
user_f7bb8af1,4,user_91321efa,0.439665
user_f7bb8af1,5,user_91db6e48,0.422752
user_f7bb8af1,6,user_fcf93ee8,0.395126
user_f7bb8af1,7,user_ee14f818,0.388139
user_f7bb8af1,8,user_80da26a6,0.355690
user_f7bb8af1,9,user_7a8f7f3e,0.303422
user_f7bb8af1,10,user_c50a487d,0.279910
user_f7bb8af1,11,user_93cdb7a1,0.261008
user_f7bb8af1,12,user_ea67f9c6,0.244891
user_f7bb8af1,13,user_1fb646f2,0.235160
user_f7bb8af1,14,user_8c5756ff,0.164222
user_f7bb8af1,15,user_03410579,0.162948
user_f7fd2885,1,user_25652863,0.529245
user_f7fd2885,2,user_4607d25d,0.523423
user_f7fd2885,3,user_795650bb,0.511189
user_f7fd2885,4,user_82c86537,0.504322
user_f7fd2885,5,user_e409a56d,0.479076
user_f7fd2885,6,user_bd19a016,0.465240
user_f7fd2885,7,user_ba8b1c05,0.462431
user_f7fd2885,8,user_04f39d22,0.453951
user_f7fd2885,9,user_4ea1ef09,0.437711
user_f7fd2885,10,user_2e60c125,0.434960
user_f7fd2885,11,user_f7fd2885,0.407745
user_f7fd2885,12,user_a52dd639,0.394219
user_f7fd2885,13,user_201c8c78,0.354878
user_f7fd2885,14,user_1a4bec69,0.291592
user_f7fd2885,15,user_bf30f80d,0.186852
user_f827c7dd,1,user_78eff25f,0.502004
user_f827c7dd,2,user_e59c000f,0.494327
user_f827c7dd,3,user_56980aa9,0.432840
user_f827c7dd,4,user_4607d25d,0.429064
user_f827c7dd,5,user_33f2a818,0.389115
user_f827c7dd,6,user_f827c7dd,0.372728
user_f827c7dd,7,user_5d7cbf11,0.343565
user_f827c7dd,8,user_6a0b0e92,0.325211
user_f827c7dd,9,user_3f2fbc90,0.324121
user_f827c7dd,10,user_7b052f32,0.315951
user_f827c7dd,11,user_126670d7,0.308024
user_f827c7dd,12,user_0285dee3,0.254081
user_f827c7dd,13,user_906e2423,0.246507
user_f827c7dd,14,user_2a94c885,0.238428
user_f827c7dd,15,user_83a58842,0.204657
user_f8e2246f,1,user_c709e252,0.439334
user_f8e2246f,2,user_543e79f5,0.401932
user_f8e2246f,3,user_940c7213,0.375982
user_f8e2246f,4,user_a973cf8e,0.357031
user_f8e2246f,5,user_6011e674,0.344495
user_f8e2246f,6,user_a74b4eeb,0.337919
user_f8e2246f,7,user_9dda4af9,0.331235
user_f8e2246f,8,user_4607d25d,0.327138
user_f8e2246f,9,user_9c5cd7fa,0.316410
user_f8e2246f,10,user_8ac8f24f,0.300741
user_f8e2246f,11,user_2f766c23,0.285713
user_f8e2246f,12,user_f7fd2885,0.284714
user_f8e2246f,13,user_4f864d55,0.265807
user_f8e2246f,14,user_d10d1f24,0.244976
user_f8e2246f,15,user_165a2706,0.159174
user_f930e37f,1,user_a00e0552,0.506330
user_f930e37f,2,user_1936a7c3,0.414274
user_f930e37f,3,user_c6f50d12,0.380143
user_f930e37f,4,user_8e97a154,0.376270
user_f930e37f,5,user_406c399e,0.333740
user_f930e37f,6,user_9bee2a7c,0.306591
user_f930e37f,7,user_27a3fa64,0.298352
user_f930e37f,8,user_f75c71f0,0.286164
user_f930e37f,9,user_2a94c885,0.280466
user_f930e37f,10,user_6a0b0e92,0.272295
user_f930e37f,11,user_8285a696,0.269573
user_f930e37f,12,user_6bf0e007,0.268319
user_f930e37f,13,user_e802076d,0.260848
user_f930e37f,14,user_5159d3a1,0.256365
user_f930e37f,15,user_11e8421f,0.196743
user_f959eee4,1,user_f959eee4,0.253533
user_f959eee4,2,user_e4f8ab0c,0.207535
user_f959eee4,3,user_a8dc91a3,0.188698
user_f959eee4,4,user_d20928cc,0.176335
user_f959eee4,5,user_8ce972f1,0.161385
user_f959eee4,6,user_cf393213,0.148024
user_f959eee4,7,user_6f1b0197,0.138673
user_f959eee4,8,user_5a6f92a6,0.129834
user_f959eee4,9,user_d69d04b7,0.113718
user_f959eee4,10,user_a4aab257,0.113430
user_f959eee4,11,user_1cfedba8,0.096147
user_f959eee4,12,user_5062c872,0.093749
user_f959eee4,13,user_51779823,0.077645
user_f959eee4,14,user_2a704b9c,0.075681
user_f959eee4,15,user_ba463257,0.059416
user_fa60616d,1,user_41d0c897,0.485697
user_fa60616d,2,user_8ac8f24f,0.457977
user_fa60616d,3,user_8285a696,0.451615
user_fa60616d,4,user_21b4fa31,0.428019
user_fa60616d,5,user_ee14f818,0.384934
user_fa60616d,6,user_6bf0e007,0.384604
user_fa60616d,7,user_fa60616d,0.383475
user_fa60616d,8,user_93cdb7a1,0.370789
user_fa60616d,9,user_165a2706,0.369213
user_fa60616d,10,user_f368b9da,0.363211
user_fa60616d,11,user_f75c71f0,0.350467
user_fa60616d,12,user_7b052f32,0.323423
user_fa60616d,13,user_bdcc6e7d,0.297784
user_fa60616d,14,user_0285dee3,0.278734
user_fa60616d,15,user_94f185bc,0.203822
user_fa69a385,1,user_fcf93ee8,0.357337
user_fa69a385,2,user_c50a487d,0.324142
user_fa69a385,3,user_91321efa,0.303514
user_fa69a385,4,user_3239132f,0.296255
user_fa69a385,5,user_8e92b8c1,0.273055
user_fa69a385,6,user_c3040c7c,0.225347
user_fa69a385,7,user_5c82df31,0.217917
user_fa69a385,8,user_ea67f9c6,0.199462
user_fa69a385,9,user_03410579,0.196402
user_fa69a385,10,user_5738db35,0.195883
user_fa69a385,11,user_4607d25d,0.193086
user_fa69a385,12,user_8c5756ff,0.157571
user_fa69a385,13,user_93cdb7a1,0.150246
user_fa69a385,14,user_b9b94432,0.105627
user_fa69a385,15,user_8006727d,0.074650
user_fb427339,1,user_74cfb8ef,0.572414
user_fb427339,2,user_fb427339,0.564966
user_fb427339,3,user_a0517bef,0.556259
user_fb427339,4,user_9c88ee3d,0.445631
user_fb427339,5,user_b58aa810,0.386844
user_fb427339,6,user_815b7baf,0.382258
user_fb427339,7,user_58bfeaad,0.315971
user_fb427339,8,user_a7b901f2,0.294678
user_fb427339,9,user_a411fb06,0.267714
user_fb427339,10,user_72bed676,0.236801
user_fb427339,11,user_9b6481e4,0.228774
user_fb427339,12,user_20a01575,0.156159
user_fb427339,13,user_96c3cc43,0.155241
user_fb427339,14,user_9fe4e0f5,0.100338
user_fb427339,15,user_4bd9303b,0.098181
user_fb64cb55,1,user_c8e749e2,0.610978
user_fb64cb55,2,user_c2f18cf7,0.596210
user_fb64cb55,3,user_fb64cb55,0.568914
user_fb64cb55,4,user_0697c470,0.543859
user_fb64cb55,5,user_829844fd,0.465184
user_fb64cb55,6,user_aae78e0d,0.458607
user_fb64cb55,7,user_8a3bbeb2,0.444293
user_fb64cb55,8,user_68d19df8,0.423631
user_fb64cb55,9,user_b4214db6,0.397025
user_fb64cb55,10,user_f27da10a,0.396467
user_fb64cb55,11,user_cc1c8897,0.374469
user_fb64cb55,12,user_4607d25d,0.322102
user_fb64cb55,13,user_dc32d458,0.289393
user_fb64cb55,14,user_eae91488,0.260850
user_fb64cb55,15,user_3e284ba5,0.217835
user_fb8f46c8,1,user_9818dcae,0.456812
user_fb8f46c8,2,user_259776c7,0.382737
user_fb8f46c8,3,user_201c8c78,0.350080
user_fb8f46c8,4,user_ee14f818,0.347982
user_fb8f46c8,5,user_815b7baf,0.345292
user_fb8f46c8,6,user_1fb646f2,0.344352
user_fb8f46c8,7,user_0128a546,0.339060
user_fb8f46c8,8,user_1c45ab75,0.338573
user_fb8f46c8,9,user_ea67f9c6,0.332488
user_fb8f46c8,10,user_74cfb8ef,0.275330
user_fb8f46c8,11,user_166a3647,0.248646
user_fb8f46c8,12,user_c92c8f83,0.227005
user_fb8f46c8,13,user_03410579,0.210193
user_fb8f46c8,14,user_c8f82360,0.209971
user_fb8f46c8,15,user_164fe4b8,0.139418
user_fbed237d,1,user_fbed237d,0.596125
user_fbed237d,2,user_d5b21e00,0.498800
user_fbed237d,3,user_6fc85c06,0.488571
user_fbed237d,4,user_423c81dc,0.478798
user_fbed237d,5,user_86685a27,0.454817
user_fbed237d,6,user_a61b0d31,0.432538
user_fbed237d,7,user_3eb49f37,0.430418
user_fbed237d,8,user_a4ae4e77,0.427801
user_fbed237d,9,user_08e9ce6e,0.401107
user_fbed237d,10,user_74cfb8ef,0.400683
user_fbed237d,11,user_3f1d04a6,0.396809
user_fbed237d,12,user_bd19a016,0.374590
user_fbed237d,13,user_5159d3a1,0.329869
user_fbed237d,14,user_201c8c78,0.248259
user_fbed237d,15,user_5d7cbf11,0.229351
user_fc1cfe0b,1,user_7d944883,0.623822
user_fc1cfe0b,2,user_3eb49f37,0.593725
user_fc1cfe0b,3,user_6fc85c06,0.588002
user_fc1cfe0b,4,user_058d9dc1,0.579255
user_fc1cfe0b,5,user_a4ae4e77,0.562340
user_fc1cfe0b,6,user_d10d1f24,0.560594
user_fc1cfe0b,7,user_fc1cfe0b,0.553161
user_fc1cfe0b,8,user_f75c71f0,0.550362
user_fc1cfe0b,9,user_18522854,0.542477
user_fc1cfe0b,10,user_90e5fee6,0.541919
user_fc1cfe0b,11,user_f862100c,0.528175
user_fc1cfe0b,12,user_126670d7,0.502093
user_fc1cfe0b,13,user_04d8419e,0.499437
user_fc1cfe0b,14,user_4db0d490,0.498185
user_fc1cfe0b,15,user_5d7cbf11,0.427012
user_fca58a87,1,user_fca58a87,0.639769
user_fca58a87,2,user_165a2706,0.513645
user_fca58a87,3,user_66a7ce5a,0.445207
user_fca58a87,4,user_e802076d,0.391908
user_fca58a87,5,user_b2dd04c8,0.380495
user_fca58a87,6,user_d5379647,0.379921
user_fca58a87,7,user_04d8419e,0.375510
user_fca58a87,8,user_32934d38,0.346659
user_fca58a87,9,user_8285a696,0.343545
user_fca58a87,10,user_6a0b0e92,0.313260
user_fca58a87,11,user_2a94c885,0.292534
user_fca58a87,12,user_406c399e,0.255028
user_fca58a87,13,user_9bee2a7c,0.248184
user_fca58a87,14,user_6bf0e007,0.186416
user_fca58a87,15,user_b9b94432,0.179441
user_fcf93ee8,1,user_fcf93ee8,0.577255
user_fcf93ee8,2,user_26fa9d90,0.519140
user_fcf93ee8,3,user_3b79395c,0.502575
user_fcf93ee8,4,user_daf53db6,0.501986
user_fcf93ee8,5,user_aa2fbe83,0.500334
user_fcf93ee8,6,user_815b7baf,0.478322
user_fcf93ee8,7,user_586752e4,0.474406
user_fcf93ee8,8,user_9818dcae,0.472355
user_fcf93ee8,9,user_8da30894,0.450406
user_fcf93ee8,10,user_2dc10d2d,0.428149
user_fcf93ee8,11,user_3f1d04a6,0.404247
user_fcf93ee8,12,user_8e92b8c1,0.403605
user_fcf93ee8,13,user_ff39b6cf,0.399960
user_fcf93ee8,14,user_03410579,0.329814
user_fcf93ee8,15,user_93cdb7a1,0.295102
user_fdc08e26,1,user_96c3cc43,0.674045
user_fdc08e26,2,user_fdc08e26,0.636240
user_fdc08e26,3,user_c50a487d,0.603009
user_fdc08e26,4,user_76fc8dcd,0.510894
user_fdc08e26,5,user_6bf0e007,0.502674
user_fdc08e26,6,user_4f3b6241,0.486764
user_fdc08e26,7,user_4c8199a7,0.424097
user_fdc08e26,8,user_d67450a8,0.419497
user_fdc08e26,9,user_c130412b,0.372855
user_fdc08e26,10,user_7a8f7f3e,0.322044
user_fdc08e26,11,user_815b7baf,0.320371
user_fdc08e26,12,user_81a80789,0.318449
user_fdc08e26,13,user_4cad4295,0.317004
user_fdc08e26,14,user_ba010eec,0.279574
user_fdc08e26,15,user_df8dc9bb,0.232645
user_fdcaaf41,1,user_4cad4295,0.679641
user_fdcaaf41,2,user_d4c7b4c0,0.678617
user_fdcaaf41,3,user_a00e0552,0.671101
user_fdcaaf41,4,user_259776c7,0.662905
user_fdcaaf41,5,user_c50a487d,0.639978
user_fdcaaf41,6,user_0c8c48ac,0.585381
user_fdcaaf41,7,user_586752e4,0.566838
user_fdcaaf41,8,user_0128a546,0.564905
user_fdcaaf41,9,user_9818dcae,0.563483
user_fdcaaf41,10,user_e7a55eac,0.555293
user_fdcaaf41,11,user_8e97a154,0.552836
user_fdcaaf41,12,user_91db6e48,0.538758
user_fdcaaf41,13,user_74cfb8ef,0.498555
user_fdcaaf41,14,user_ea67f9c6,0.430625
user_fdcaaf41,15,user_8fb63eca,0.348970
user_fde2d265,1,user_fde2d265,0.510018
user_fde2d265,2,user_c96b90fe,0.434031
user_fde2d265,3,user_e802076d,0.432774
user_fde2d265,4,user_9ff844ba,0.376419
user_fde2d265,5,user_650da71b,0.369867
user_fde2d265,6,user_ebe17c78,0.365580
user_fde2d265,7,user_8c11f026,0.344970
user_fde2d265,8,user_ee14f818,0.332882
user_fde2d265,9,user_b2dd04c8,0.322971
user_fde2d265,10,user_6bf0e007,0.284047
user_fde2d265,11,user_11e8421f,0.198009
user_fde2d265,12,user_9bee2a7c,0.192381
user_fde2d265,13,user_4a57e449,0.180004
user_fde2d265,14,user_0bd8ba7c,0.145116
user_fde2d265,15,user_2cb4b018,0.117181
user_fe922ad0,1,user_fe922ad0,0.552450
user_fe922ad0,2,user_c50a487d,0.490019
user_fe922ad0,3,user_ee14f818,0.437426
user_fe922ad0,4,user_fdc08e26,0.423044
user_fe922ad0,5,user_a01f16ac,0.421274
user_fe922ad0,6,user_6bf0e007,0.391865
user_fe922ad0,7,user_e802076d,0.360484
user_fe922ad0,8,user_3f2fbc90,0.360371
user_fe922ad0,9,user_8285a696,0.348702
user_fe922ad0,10,user_a2480011,0.346734
user_fe922ad0,11,user_8e97a154,0.332930
user_fe922ad0,12,user_0285dee3,0.284796
user_fe922ad0,13,user_5d35f631,0.266115
user_fe922ad0,14,user_6a13946a,0.254461
user_fe922ad0,15,user_56909460,0.246532
user_ff39b6cf,1,user_d4c7b4c0,0.583055
user_ff39b6cf,2,user_c59ebe9c,0.579002
user_ff39b6cf,3,user_a2f8bfd2,0.535320
user_ff39b6cf,4,user_c50a487d,0.532665
user_ff39b6cf,5,user_259776c7,0.440937
user_ff39b6cf,6,user_dbbf562e,0.422257
user_ff39b6cf,7,user_ff39b6cf,0.357064
user_ff39b6cf,8,user_ba010eec,0.323036
user_ff39b6cf,9,user_586752e4,0.261888
user_ff39b6cf,10,user_e8e9acac,0.209625
user_ff39b6cf,11,user_815b7baf,0.208242
user_ff39b6cf,12,user_b1d0760b,0.158645
user_ff39b6cf,13,user_d7fde080,0.094984
user_ff39b6cf,14,user_87e5d9b0,0.089616
user_ff39b6cf,15,user_233fda02,0.061426
user_ff591131,1,user_ff591131,0.503898
user_ff591131,2,user_8ac8f24f,0.445242
user_ff591131,3,user_f51339f8,0.430467
user_ff591131,4,user_f75c71f0,0.348225
user_ff591131,5,user_5c82df31,0.286102
user_ff591131,6,user_39b3eda0,0.261349
user_ff591131,7,user_94f185bc,0.246240
user_ff591131,8,user_83a58842,0.243674
user_ff591131,9,user_c0eba9f2,0.241824
user_ff591131,10,user_38dc2894,0.232780
user_ff591131,11,user_18522854,0.224473
user_ff591131,12,user_b49274ca,0.217879
user_ff591131,13,user_cf393213,0.217079
user_ff591131,14,user_7b052f32,0.211985
user_ff591131,15,user_c5c57a9d,0.179901
