row_id,user_id,summary_path
0,user_00723699,/Users/reflowgang/Downloads/deanonymization_project/data/esrc/pool_en/candidate_summaries/user_00723699.txt
1,user_00a2f533,/Users/reflowgang/Downloads/deanonymization_project/data/esrc/pool_en/candidate_summaries/user_00a2f533.txt
2,user_0128a546,/Users/reflowgang/Downloads/deanonymization_project/data/esrc/pool_en/candidate_summaries/user_0128a546.txt
3,user_0168255c,/Users/reflowgang/Downloads/deanonymization_project/data/esrc/pool_en/candidate_summaries/user_0168255c.txt
4,user_01916bd2,/Users/reflowgang/Downloads/deanonymization_project/data/esrc/pool_en/candidate_summaries/user_01916bd2.txt
5,user_02016939,/Users/reflowgang/Downloads/deanonymization_project/data/esrc/pool_en/candidate_summaries/user_02016939.txt
6,user_0285dee3,/Users/reflowgang/Downloads/deanonymization_project/data/esrc/pool_en/candidate_summaries/user_0285dee3.txt
7,user_02d03e8a,/Users/reflowgang/Downloads/deanonymization_project/data/esrc/pool_en/candidate_summaries/user_02d03e8a.txt
8,user_02d8a1f8,/Users/reflowgang/Downloads/deanonymization_project/data/esrc/pool_en/candidate_summaries/user_02d8a1f8.txt
9,user_02fecea2,/Users/reflowgang/Downloads/deanonymization_project/data/esrc/pool_en/candidate_summaries/user_02fecea2.txt
10,user_030cf51a,/Users/reflowgang/Downloads/deanonymization_project/data/esrc/pool_en/candidate_summaries/user_030cf51a.txt
11,user_032e5bc8,/Users/reflowgang/Downloads/deanonymization_project/data/esrc/pool_en/candidate_summaries/user_032e5bc8.txt
12,user_032f6993,/Users/reflowgang/Downloads/deanonymization_project/data/esrc/pool_en/candidate_summaries/user_032f6993.txt
13,user_03410579,/Users/reflowgang/Downloads/deanonymization_project/data/esrc/pool_en/candidate_summaries/user_03410579.txt
14,user_03969305,/Users/reflowgang/Downloads/deanonymization_project/data/esrc/pool_en/candidate_summaries/user_03969305.txt
15,user_039d004e,/Users/reflowgang/Downloads/deanonymization_project/data/esrc/pool_en/candidate_summaries/user_039d004e.txt
16,user_043ea160,/Users/reflowgang/Downloads/deanonymization_project/data/esrc/pool_en/candidate_summaries/user_043ea160.txt
17,user_04d29f9c,/Users/reflowgang/Downloads/deanonymization_project/data/esrc/pool_en/candidate_summaries/user_04d29f9c.txt
18,user_04d8419e,/Users/reflowgang/Downloads/deanonymization_project/data/esrc/pool_en/candidate_summaries/user_04d8419e.txt
19,user_04f39d22,/Users/reflowgang/Downloads/deanonymization_project/data/esrc/pool_en/candidate_summaries/user_04f39d22.txt
20,user_0521a7ac,/Users/reflowgang/Downloads/deanonymization_project/data/esrc/pool_en/candidate_summaries/user_0521a7ac.txt
21,user_058c1800,/Users/reflowgang/Downloads/deanonymization_project/data/esrc/pool_en/candidate_summaries/user_058c1800.txt
22,user_058d9dc1,/Users/reflowgang/Downloads/deanonymization_project/data/esrc/pool_en/candidate_summaries/user_058d9dc1.txt
23,user_0669bdf6,/Users/reflowgang/Downloads/deanonymization_project/data/esrc/pool_en/candidate_summaries/user_0669bdf6.txt
24,user_0697c470,/Users/reflowgang/Downloads/deanonymization_project/data/esrc/pool_en/candidate_summaries/user_0697c470.txt
25,user_07cb458d,/Users/reflowgang/Downloads/deanonymization_project/data/esrc/pool_en/candidate_summaries/user_07cb458d.txt
26,user_07db2c6a,/Users/reflowgang/Downloads/deanonymization_project/data/esrc/pool_en/candidate_summaries/user_07db2c6a.txt
27,user_07ec3726,/Users/reflowgang/Downloads/deanonymization_project/data/esrc/pool_en/candidate_summaries/user_07ec3726.txt
28,user_07faa0fc,/Users/reflowgang/Downloads/deanonymization_project/data/esrc/pool_en/candidate_summaries/user_07faa0fc.txt
29,user_0898fc4b,/Users/reflowgang/Downloads/deanonymization_project/data/esrc/pool_en/candidate_summaries/user_0898fc4b.txt
30,user_08aa624b,/Users/reflowgang/Downloads/deanonymization_project/data/esrc/pool_en/candidate_summaries/user_08aa624b.txt
31,user_08c32973,/Users/reflowgang/Downloads/deanonymization_project/data/esrc/pool_en/candidate_summaries/user_08c32973.txt
32,user_08e9ce6e,/Users/reflowgang/Downloads/deanonymization_project/data/esrc/pool_en/candidate_summaries/user_08e9ce6e.txt
33,user_092e219d,/Users/reflowgang/Downloads/deanonymization_project/data/esrc/pool_en/candidate_summaries/user_092e219d.txt
34,user_095ff43e,/Users/reflowgang/Downloads/deanonymization_project/data/esrc/pool_en/candidate_summaries/user_095ff43e.txt
35,user_09dea596,/Users/reflowgang/Downloads/deanonymization_project/data/esrc/pool_en/candidate_summaries/user_09dea596.txt
36,user_0a0bcaa6,/Users/reflowgang/Downloads/deanonymization_project/data/esrc/pool_en/candidate_summaries/user_0a0bcaa6.txt
37,user_0a245f61,/Users/reflowgang/Downloads/deanonymization_project/data/esrc/pool_en/candidate_summaries/user_0a245f61.txt
38,user_0a3bcf86,/Users/reflowgang/Downloads/deanonymization_project/data/esrc/pool_en/candidate_summaries/user_0a3bcf86.txt
39,user_0a3f46b9,/Users/reflowgang/Downloads/deanonymization_project/data/esrc/pool_en/candidate_summaries/user_0a3f46b9.txt
40,user_0b1b1d1c,/Users/reflowgang/Downloads/deanonymization_project/data/esrc/pool_en/candidate_summaries/user_0b1b1d1c.txt
41,user_0b5c256a,/Users/reflowgang/Downloads/deanonymization_project/data/esrc/pool_en/candidate_summaries/user_0b5c256a.txt
42,user_0b64b183,/Users/reflowgang/Downloads/deanonymization_project/data/esrc/pool_en/candidate_summaries/user_0b64b183.txt
43,user_0bc8e727,/Users/reflowgang/Downloads/deanonymization_project/data/esrc/pool_en/candidate_summaries/user_0bc8e727.txt
44,user_0bd8ba7c,/Users/reflowgang/Downloads/deanonymization_project/data/esrc/pool_en/candidate_summaries/user_0bd8ba7c.txt
45,user_0c578ab5,/Users/reflowgang/Downloads/deanonymization_project/data/esrc/pool_en/candidate_summaries/user_0c578ab5.txt
46,user_0c8c48ac,/Users/reflowgang/Downloads/deanonymization_project/data/esrc/pool_en/candidate_summaries/user_0c8c48ac.txt
47,user_0cc626ee,/Users/reflowgang/Downloads/deanonymization_project/data/esrc/pool_en/candidate_summaries/user_0cc626ee.txt
48,user_0cd29f02,/Users/reflowgang/Downloads/deanonymization_project/data/esrc/pool_en/candidate_summaries/user_0cd29f02.txt
49,user_0cee87f3,/Users/reflowgang/Downloads/deanonymization_project/data/esrc/pool_en/candidate_summaries/user_0cee87f3.txt
50,user_0d32f0ed,/Users/reflowgang/Downloads/deanonymization_project/data/esrc/pool_en/candidate_summaries/user_0d32f0ed.txt
51,user_0dfb7397,/Users/reflowgang/Downloads/deanonymization_project/data/esrc/pool_en/candidate_summaries/user_0dfb7397.txt
52,user_0e408c4a,/Users/reflowgang/Downloads/deanonymization_project/data/esrc/pool_en/candidate_summaries/user_0e408c4a.txt
53,user_0e685b64,/Users/reflowgang/Downloads/deanonymization_project/data/esrc/pool_en/candidate_summaries/user_0e685b64.txt
54,user_0e82fe11,/Users/reflowgang/Downloads/deanonymization_project/data/esrc/pool_en/candidate_summaries/user_0e82fe11.txt
55,user_0eb2abf1,/Users/reflowgang/Downloads/deanonymization_project/data/esrc/pool_en/candidate_summaries/user_0eb2abf1.txt
56,user_0eeab432,/Users/reflowgang/Downloads/deanonymization_project/data/esrc/pool_en/candidate_summaries/user_0eeab432.txt
57,user_0ef44f54,/Users/reflowgang/Downloads/deanonymization_project/data/esrc/pool_en/candidate_summaries/user_0ef44f54.txt
58,user_0f006eec,/Users/reflowgang/Downloads/deanonymization_project/data/esrc/pool_en/candidate_summaries/user_0f006eec.txt
59,user_0f0ad720,/Users/reflowgang/Downloads/deanonymization_project/data/esrc/pool_en/candidate_summaries/user_0f0ad720.txt
60,user_0fefc28e,/Users/reflowgang/Downloads/deanonymization_project/data/esrc/pool_en/candidate_summaries/user_0fefc28e.txt
61,user_0ff0b922,/Users/reflowgang/Downloads/deanonymization_project/data/esrc/pool_en/candidate_summaries/user_0ff0b922.txt
62,user_1022be44,/Users/reflowgang/Downloads/deanonymization_project/data/esrc/pool_en/candidate_summaries/user_1022be44.txt
63,user_107259c3,/Users/reflowgang/Downloads/deanonymization_project/data/esrc/pool_en/candidate_summaries/user_107259c3.txt
64,user_10e64e28,/Users/reflowgang/Downloads/deanonymization_project/data/esrc/pool_en/candidate_summaries/user_10e64e28.txt
65,user_111cfe7d,/Users/reflowgang/Downloads/deanonymization_project/data/esrc/pool_en/candidate_summaries/user_111cfe7d.txt
66,user_11e8421f,/Users/reflowgang/Downloads/deanonymization_project/data/esrc/pool_en/candidate_summaries/user_11e8421f.txt
67,user_1230e05a,/Users/reflowgang/Downloads/deanonymization_project/data/esrc/pool_en/candidate_summaries/user_1230e05a.txt
68,user_1232c39b,/Users/reflowgang/Downloads/deanonymization_project/data/esrc/pool_en/candidate_summaries/user_1232c39b.txt
69,user_124651ff,/Users/reflowgang/Downloads/deanonymization_project/data/esrc/pool_en/candidate_summaries/user_124651ff.txt
70,user_1246b252,/Users/reflowgang/Downloads/deanonymization_project/data/esrc/pool_en/candidate_summaries/user_1246b252.txt
71,user_126670d7,/Users/reflowgang/Downloads/deanonymization_project/data/esrc/pool_en/candidate_summaries/user_126670d7.txt
72,user_1302cb61,/Users/reflowgang/Downloads/deanonymization_project/data/esrc/pool_en/candidate_summaries/user_1302cb61.txt
73,user_13f8ee07,/Users/reflowgang/Downloads/deanonymization_project/data/esrc/pool_en/candidate_summaries/user_13f8ee07.txt
74,user_13fb2e34,/Users/reflowgang/Downloads/deanonymization_project/data/esrc/pool_en/candidate_summaries/user_13fb2e34.txt
75,user_147d1bbb,/Users/reflowgang/Downloads/deanonymization_project/data/esrc/pool_en/candidate_summaries/user_147d1bbb.txt
76,user_14a2d3c6,/Users/reflowgang/Downloads/deanonymization_project/data/esrc/pool_en/candidate_summaries/user_14a2d3c6.txt
77,user_15179955,/Users/reflowgang/Downloads/deanonymization_project/data/esrc/pool_en/candidate_summaries/user_15179955.txt
78,user_159646d5,/Users/reflowgang/Downloads/deanonymization_project/data/esrc/pool_en/candidate_summaries/user_159646d5.txt
79,user_164057cc,/Users/reflowgang/Downloads/deanonymization_project/data/esrc/pool_en/candidate_summaries/user_164057cc.txt
80,user_164fe4b8,/Users/reflowgang/Downloads/deanonymization_project/data/esrc/pool_en/candidate_summaries/user_164fe4b8.txt
81,user_165a2706,/Users/reflowgang/Downloads/deanonymization_project/data/esrc/pool_en/candidate_summaries/user_165a2706.txt
82,user_166a3647,/Users/reflowgang/Downloads/deanonymization_project/data/esrc/pool_en/candidate_summaries/user_166a3647.txt
83,user_16ac4154,/Users/reflowgang/Downloads/deanonymization_project/data/esrc/pool_en/candidate_summaries/user_16ac4154.txt
84,user_16b87e34,/Users/reflowgang/Downloads/deanonymization_project/data/esrc/pool_en/candidate_summaries/user_16b87e34.txt
85,user_17054ec7,/Users/reflowgang/Downloads/deanonymization_project/data/esrc/pool_en/candidate_summaries/user_17054ec7.txt
86,user_17355c30,/Users/reflowgang/Downloads/deanonymization_project/data/esrc/pool_en/candidate_summaries/user_17355c30.txt
87,user_1736acbe,/Users/reflowgang/Downloads/deanonymization_project/data/esrc/pool_en/candidate_summaries/user_1736acbe.txt
88,user_17607ebc,/Users/reflowgang/Downloads/deanonymization_project/data/esrc/pool_en/candidate_summaries/user_17607ebc.txt
89,user_18227c28,/Users/reflowgang/Downloads/deanonymization_project/data/esrc/pool_en/candidate_summaries/user_18227c28.txt
90,user_183b3783,/Users/reflowgang/Downloads/deanonymization_project/data/esrc/pool_en/candidate_summaries/user_183b3783.txt
91,user_18522854,/Users/reflowgang/Downloads/deanonymization_project/data/esrc/pool_en/candidate_summaries/user_18522854.txt
92,user_18892460,/Users/reflowgang/Downloads/deanonymization_project/data/esrc/pool_en/candidate_summaries/user_18892460.txt
93,user_18c333c6,/Users/reflowgang/Downloads/deanonymization_project/data/esrc/pool_en/candidate_summaries/user_18c333c6.txt
94,user_192a215d,/Users/reflowgang/Downloads/deanonymization_project/data/esrc/pool_en/candidate_summaries/user_192a215d.txt
95,user_1936a7c3,/Users/reflowgang/Downloads/deanonymization_project/data/esrc/pool_en/candidate_summaries/user_1936a7c3.txt
96,user_193e9be3,/Users/reflowgang/Downloads/deanonymization_project/data/esrc/pool_en/candidate_summaries/user_193e9be3.txt
97,user_194b92fc,/Users/reflowgang/Downloads/deanonymization_project/data/esrc/pool_en/candidate_summaries/user_194b92fc.txt
98,user_19622b77,/Users/reflowgang/Downloads/deanonymization_project/data/esrc/pool_en/candidate_summaries/user_19622b77.txt
99,user_19641691,/Users/reflowgang/Downloads/deanonymization_project/data/esrc/pool_en/candidate_summaries/user_19641691.txt
100,user_19952166,/Users/reflowgang/Downloads/deanonymization_project/data/esrc/pool_en/candidate_summaries/user_19952166.txt
101,user_1a2755b3,/Users/reflowgang/Downloads/deanonymization_project/data/esrc/pool_en/candidate_summaries/user_1a2755b3.txt
102,user_1a4bec69,/Users/reflowgang/Downloads/deanonymization_project/data/esrc/pool_en/candidate_summaries/user_1a4bec69.txt
103,user_1a7d6cd5,/Users/reflowgang/Downloads/deanonymization_project/data/esrc/pool_en/candidate_summaries/user_1a7d6cd5.txt
104,user_1ae8e7f5,/Users/reflowgang/Downloads/deanonymization_project/data/esrc/pool_en/candidate_summaries/user_1ae8e7f5.txt
105,user_1b2d69c1,/Users/reflowgang/Downloads/deanonymization_project/data/esrc/pool_en/candidate_summaries/user_1b2d69c1.txt
106,user_1b460965,/Users/reflowgang/Downloads/deanonymization_project/data/esrc/pool_en/candidate_summaries/user_1b460965.txt
107,user_1b7f8c56,/Users/reflowgang/Downloads/deanonymization_project/data/esrc/pool_en/candidate_summaries/user_1b7f8c56.txt
108,user_1b89f77a,/Users/reflowgang/Downloads/deanonymization_project/data/esrc/pool_en/candidate_summaries/user_1b89f77a.txt
109,user_1bcbacb3,/Users/reflowgang/Downloads/deanonymization_project/data/esrc/pool_en/candidate_summaries/user_1bcbacb3.txt
110,user_1c45ab75,/Users/reflowgang/Downloads/deanonymization_project/data/esrc/pool_en/candidate_summaries/user_1c45ab75.txt
111,user_1c7b7780,/Users/reflowgang/Downloads/deanonymization_project/data/esrc/pool_en/candidate_summaries/user_1c7b7780.txt
112,user_1cbb30b1,/Users/reflowgang/Downloads/deanonymization_project/data/esrc/pool_en/candidate_summaries/user_1cbb30b1.txt
113,user_1cfedba8,/Users/reflowgang/Downloads/deanonymization_project/data/esrc/pool_en/candidate_summaries/user_1cfedba8.txt
114,user_1d775dd8,/Users/reflowgang/Downloads/deanonymization_project/data/esrc/pool_en/candidate_summaries/user_1d775dd8.txt
115,user_1dc24686,/Users/reflowgang/Downloads/deanonymization_project/data/esrc/pool_en/candidate_summaries/user_1dc24686.txt
116,user_1df51301,/Users/reflowgang/Downloads/deanonymization_project/data/esrc/pool_en/candidate_summaries/user_1df51301.txt
117,user_1e08d102,/Users/reflowgang/Downloads/deanonymization_project/data/esrc/pool_en/candidate_summaries/user_1e08d102.txt
118,user_1e302679,/Users/reflowgang/Downloads/deanonymization_project/data/esrc/pool_en/candidate_summaries/user_1e302679.txt
119,user_1e3084a6,/Users/reflowgang/Downloads/deanonymization_project/data/esrc/pool_en/candidate_summaries/user_1e3084a6.txt
120,user_1eefeb8c,/Users/reflowgang/Downloads/deanonymization_project/data/esrc/pool_en/candidate_summaries/user_1eefeb8c.txt
121,user_1ef33a43,/Users/reflowgang/Downloads/deanonymization_project/data/esrc/pool_en/candidate_summaries/user_1ef33a43.txt
122,user_1f09455f,/Users/reflowgang/Downloads/deanonymization_project/data/esrc/pool_en/candidate_summaries/user_1f09455f.txt
123,user_1f1dc5e0,/Users/reflowgang/Downloads/deanonymization_project/data/esrc/pool_en/candidate_summaries/user_1f1dc5e0.txt
124,user_1f636ddc,/Users/reflowgang/Downloads/deanonymization_project/data/esrc/pool_en/candidate_summaries/user_1f636ddc.txt
125,user_1fb646f2,/Users/reflowgang/Downloads/deanonymization_project/data/esrc/pool_en/candidate_summaries/user_1fb646f2.txt
126,user_1fb8e9e5,/Users/reflowgang/Downloads/deanonymization_project/data/esrc/pool_en/candidate_summaries/user_1fb8e9e5.txt
127,user_201c8c78,/Users/reflowgang/Downloads/deanonymization_project/data/esrc/pool_en/candidate_summaries/user_201c8c78.txt
128,user_205d25f3,/Users/reflowgang/Downloads/deanonymization_project/data/esrc/pool_en/candidate_summaries/user_205d25f3.txt
129,user_20a01575,/Users/reflowgang/Downloads/deanonymization_project/data/esrc/pool_en/candidate_summaries/user_20a01575.txt
130,user_20e741d0,/Users/reflowgang/Downloads/deanonymization_project/data/esrc/pool_en/candidate_summaries/user_20e741d0.txt
131,user_2142b6e1,/Users/reflowgang/Downloads/deanonymization_project/data/esrc/pool_en/candidate_summaries/user_2142b6e1.txt
132,user_21b4fa31,/Users/reflowgang/Downloads/deanonymization_project/data/esrc/pool_en/candidate_summaries/user_21b4fa31.txt
133,user_226be32f,/Users/reflowgang/Downloads/deanonymization_project/data/esrc/pool_en/candidate_summaries/user_226be32f.txt
134,user_22adb798,/Users/reflowgang/Downloads/deanonymization_project/data/esrc/pool_en/candidate_summaries/user_22adb798.txt
135,user_22b484cb,/Users/reflowgang/Downloads/deanonymization_project/data/esrc/pool_en/candidate_summaries/user_22b484cb.txt
136,user_233fda02,/Users/reflowgang/Downloads/deanonymization_project/data/esrc/pool_en/candidate_summaries/user_233fda02.txt
137,user_2373103d,/Users/reflowgang/Downloads/deanonymization_project/data/esrc/pool_en/candidate_summaries/user_2373103d.txt
138,user_23e46560,/Users/reflowgang/Downloads/deanonymization_project/data/esrc/pool_en/candidate_summaries/user_23e46560.txt
139,user_23ecc36a,/Users/reflowgang/Downloads/deanonymization_project/data/esrc/pool_en/candidate_summaries/user_23ecc36a.txt
140,user_245fd42f,/Users/reflowgang/Downloads/deanonymization_project/data/esrc/pool_en/candidate_summaries/user_245fd42f.txt
141,user_24668d84,/Users/reflowgang/Downloads/deanonymization_project/data/esrc/pool_en/candidate_summaries/user_24668d84.txt
142,user_25652863,/Users/reflowgang/Downloads/deanonymization_project/data/esrc/pool_en/candidate_summaries/user_25652863.txt
143,user_25798310,/Users/reflowgang/Downloads/deanonymization_project/data/esrc/pool_en/candidate_summaries/user_25798310.txt
144,user_259776c7,/Users/reflowgang/Downloads/deanonymization_project/data/esrc/pool_en/candidate_summaries/user_259776c7.txt
145,user_25b48a9a,/Users/reflowgang/Downloads/deanonymization_project/data/esrc/pool_en/candidate_summaries/user_25b48a9a.txt
146,user_25b6a98e,/Users/reflowgang/Downloads/deanonymization_project/data/esrc/pool_en/candidate_summaries/user_25b6a98e.txt
147,user_26565155,/Users/reflowgang/Downloads/deanonymization_project/data/esrc/pool_en/candidate_summaries/user_26565155.txt
148,user_26fa9d90,/Users/reflowgang/Downloads/deanonymization_project/data/esrc/pool_en/candidate_summaries/user_26fa9d90.txt
149,user_27a3fa64,/Users/reflowgang/Downloads/deanonymization_project/data/esrc/pool_en/candidate_summaries/user_27a3fa64.txt
150,user_2817ec11,/Users/reflowgang/Downloads/deanonymization_project/data/esrc/pool_en/candidate_summaries/user_2817ec11.txt
151,user_2920b35e,/Users/reflowgang/Downloads/deanonymization_project/data/esrc/pool_en/candidate_summaries/user_2920b35e.txt
152,user_29266f60,/Users/reflowgang/Downloads/deanonymization_project/data/esrc/pool_en/candidate_summaries/user_29266f60.txt
153,user_29458d96,/Users/reflowgang/Downloads/deanonymization_project/data/esrc/pool_en/candidate_summaries/user_29458d96.txt
154,user_29cd4556,/Users/reflowgang/Downloads/deanonymization_project/data/esrc/pool_en/candidate_summaries/user_29cd4556.txt
155,user_2a41ee39,/Users/reflowgang/Downloads/deanonymization_project/data/esrc/pool_en/candidate_summaries/user_2a41ee39.txt
156,user_2a704b9c,/Users/reflowgang/Downloads/deanonymization_project/data/esrc/pool_en/candidate_summaries/user_2a704b9c.txt
157,user_2a94c885,/Users/reflowgang/Downloads/deanonymization_project/data/esrc/pool_en/candidate_summaries/user_2a94c885.txt
158,user_2b03934e,/Users/reflowgang/Downloads/deanonymization_project/data/esrc/pool_en/candidate_summaries/user_2b03934e.txt
159,user_2b271761,/Users/reflowgang/Downloads/deanonymization_project/data/esrc/pool_en/candidate_summaries/user_2b271761.txt
160,user_2b750e1c,/Users/reflowgang/Downloads/deanonymization_project/data/esrc/pool_en/candidate_summaries/user_2b750e1c.txt
161,user_2b79ef0b,/Users/reflowgang/Downloads/deanonymization_project/data/esrc/pool_en/candidate_summaries/user_2b79ef0b.txt
162,user_2c2a5c24,/Users/reflowgang/Downloads/deanonymization_project/data/esrc/pool_en/candidate_summaries/user_2c2a5c24.txt
163,user_2c39731d,/Users/reflowgang/Downloads/deanonymization_project/data/esrc/pool_en/candidate_summaries/user_2c39731d.txt
164,user_2c3eb234,/Users/reflowgang/Downloads/deanonymization_project/data/esrc/pool_en/candidate_summaries/user_2c3eb234.txt
165,user_2c69b83e,/Users/reflowgang/Downloads/deanonymization_project/data/esrc/pool_en/candidate_summaries/user_2c69b83e.txt
166,user_2c940ff8,/Users/reflowgang/Downloads/deanonymization_project/data/esrc/pool_en/candidate_summaries/user_2c940ff8.txt
167,user_2cb4b018,/Users/reflowgang/Downloads/deanonymization_project/data/esrc/pool_en/candidate_summaries/user_2cb4b018.txt
168,user_2d74cd4c,/Users/reflowgang/Downloads/deanonymization_project/data/esrc/pool_en/candidate_summaries/user_2d74cd4c.txt
169,user_2dc10d2d,/Users/reflowgang/Downloads/deanonymization_project/data/esrc/pool_en/candidate_summaries/user_2dc10d2d.txt
170,user_2dd189e3,/Users/reflowgang/Downloads/deanonymization_project/data/esrc/pool_en/candidate_summaries/user_2dd189e3.txt
171,user_2dd5b531,/Users/reflowgang/Downloads/deanonymization_project/data/esrc/pool_en/candidate_summaries/user_2dd5b531.txt
172,user_2e05a7a0,/Users/reflowgang/Downloads/deanonymization_project/data/esrc/pool_en/candidate_summaries/user_2e05a7a0.txt
173,user_2e60c125,/Users/reflowgang/Downloads/deanonymization_project/data/esrc/pool_en/candidate_summaries/user_2e60c125.txt
174,user_2e81a539,/Users/reflowgang/Downloads/deanonymization_project/data/esrc/pool_en/candidate_summaries/user_2e81a539.txt
175,user_2eaaa117,/Users/reflowgang/Downloads/deanonymization_project/data/esrc/pool_en/candidate_summaries/user_2eaaa117.txt
176,user_2eb5d860,/Users/reflowgang/Downloads/deanonymization_project/data/esrc/pool_en/candidate_summaries/user_2eb5d860.txt
177,user_2efde048,/Users/reflowgang/Downloads/deanonymization_project/data/esrc/pool_en/candidate_summaries/user_2efde048.txt
178,user_2f1085dd,/Users/reflowgang/Downloads/deanonymization_project/data/esrc/pool_en/candidate_summaries/user_2f1085dd.txt
179,user_2f4cc646,/Users/reflowgang/Downloads/deanonymization_project/data/esrc/pool_en/candidate_summaries/user_2f4cc646.txt
180,user_2f766c23,/Users/reflowgang/Downloads/deanonymization_project/data/esrc/pool_en/candidate_summaries/user_2f766c23.txt
181,user_3049510b,/Users/reflowgang/Downloads/deanonymization_project/data/esrc/pool_en/candidate_summaries/user_3049510b.txt
182,user_30802254,/Users/reflowgang/Downloads/deanonymization_project/data/esrc/pool_en/candidate_summaries/user_30802254.txt
183,user_3085d204,/Users/reflowgang/Downloads/deanonymization_project/data/esrc/pool_en/candidate_summaries/user_3085d204.txt
184,user_3121653d,/Users/reflowgang/Downloads/deanonymization_project/data/esrc/pool_en/candidate_summaries/user_3121653d.txt
185,user_3239132f,/Users/reflowgang/Downloads/deanonymization_project/data/esrc/pool_en/candidate_summaries/user_3239132f.txt
186,user_32934d38,/Users/reflowgang/Downloads/deanonymization_project/data/esrc/pool_en/candidate_summaries/user_32934d38.txt
187,user_32ae32f9,/Users/reflowgang/Downloads/deanonymization_project/data/esrc/pool_en/candidate_summaries/user_32ae32f9.txt
188,user_32f31383,/Users/reflowgang/Downloads/deanonymization_project/data/esrc/pool_en/candidate_summaries/user_32f31383.txt
189,user_334144b4,/Users/reflowgang/Downloads/deanonymization_project/data/esrc/pool_en/candidate_summaries/user_334144b4.txt
190,user_3353b96b,/Users/reflowgang/Downloads/deanonymization_project/data/esrc/pool_en/candidate_summaries/user_3353b96b.txt
191,user_338e1332,/Users/reflowgang/Downloads/deanonymization_project/data/esrc/pool_en/candidate_summaries/user_338e1332.txt
192,user_33b2b77f,/Users/reflowgang/Downloads/deanonymization_project/data/esrc/pool_en/candidate_summaries/user_33b2b77f.txt
193,user_33c6501d,/Users/reflowgang/Downloads/deanonymization_project/data/esrc/pool_en/candidate_summaries/user_33c6501d.txt
194,user_33f2a818,/Users/reflowgang/Downloads/deanonymization_project/data/esrc/pool_en/candidate_summaries/user_33f2a818.txt
195,user_3431c049,/Users/reflowgang/Downloads/deanonymization_project/data/esrc/pool_en/candidate_summaries/user_3431c049.txt
196,user_34b1fb84,/Users/reflowgang/Downloads/deanonymization_project/data/esrc/pool_en/candidate_summaries/user_34b1fb84.txt
197,user_3535252b,/Users/reflowgang/Downloads/deanonymization_project/data/esrc/pool_en/candidate_summaries/user_3535252b.txt
198,user_359d5dee,/Users/reflowgang/Downloads/deanonymization_project/data/esrc/pool_en/candidate_summaries/user_359d5dee.txt
199,user_364bb955,/Users/reflowgang/Downloads/deanonymization_project/data/esrc/pool_en/candidate_summaries/user_364bb955.txt
200,user_3666402b,/Users/reflowgang/Downloads/deanonymization_project/data/esrc/pool_en/candidate_summaries/user_3666402b.txt
201,user_36d44add,/Users/reflowgang/Downloads/deanonymization_project/data/esrc/pool_en/candidate_summaries/user_36d44add.txt
202,user_36dd1253,/Users/reflowgang/Downloads/deanonymization_project/data/esrc/pool_en/candidate_summaries/user_36dd1253.txt
203,user_36e75535,/Users/reflowgang/Downloads/deanonymization_project/data/esrc/pool_en/candidate_summaries/user_36e75535.txt
204,user_372c2b3e,/Users/reflowgang/Downloads/deanonymization_project/data/esrc/pool_en/candidate_summaries/user_372c2b3e.txt
205,user_372cb75b,/Users/reflowgang/Downloads/deanonymization_project/data/esrc/pool_en/candidate_summaries/user_372cb75b.txt
206,user_378003e3,/Users/reflowgang/Downloads/deanonymization_project/data/esrc/pool_en/candidate_summaries/user_378003e3.txt
207,user_37be663c,/Users/reflowgang/Downloads/deanonymization_project/data/esrc/pool_en/candidate_summaries/user_37be663c.txt
208,user_37cd2dc9,/Users/reflowgang/Downloads/deanonymization_project/data/esrc/pool_en/candidate_summaries/user_37cd2dc9.txt
209,user_380ddd3f,/Users/reflowgang/Downloads/deanonymization_project/data/esrc/pool_en/candidate_summaries/user_380ddd3f.txt
210,user_38390331,/Users/reflowgang/Downloads/deanonymization_project/data/esrc/pool_en/candidate_summaries/user_38390331.txt
211,user_38433566,/Users/reflowgang/Downloads/deanonymization_project/data/esrc/pool_en/candidate_summaries/user_38433566.txt
212,user_3850eb9e,/Users/reflowgang/Downloads/deanonymization_project/data/esrc/pool_en/candidate_summaries/user_3850eb9e.txt
213,user_38ab51d4,/Users/reflowgang/Downloads/deanonymization_project/data/esrc/pool_en/candidate_summaries/user_38ab51d4.txt
214,user_38dc2894,/Users/reflowgang/Downloads/deanonymization_project/data/esrc/pool_en/candidate_summaries/user_38dc2894.txt
215,user_38f4dfac,/Users/reflowgang/Downloads/deanonymization_project/data/esrc/pool_en/candidate_summaries/user_38f4dfac.txt
216,user_38fbcf73,/Users/reflowgang/Downloads/deanonymization_project/data/esrc/pool_en/candidate_summaries/user_38fbcf73.txt
217,user_394c25cc,/Users/reflowgang/Downloads/deanonymization_project/data/esrc/pool_en/candidate_summaries/user_394c25cc.txt
218,user_3971c3e6,/Users/reflowgang/Downloads/deanonymization_project/data/esrc/pool_en/candidate_summaries/user_3971c3e6.txt
219,user_397cfe20,/Users/reflowgang/Downloads/deanonymization_project/data/esrc/pool_en/candidate_summaries/user_397cfe20.txt
220,user_39939c54,/Users/reflowgang/Downloads/deanonymization_project/data/esrc/pool_en/candidate_summaries/user_39939c54.txt
221,user_39aad1a2,/Users/reflowgang/Downloads/deanonymization_project/data/esrc/pool_en/candidate_summaries/user_39aad1a2.txt
222,user_39b3eda0,/Users/reflowgang/Downloads/deanonymization_project/data/esrc/pool_en/candidate_summaries/user_39b3eda0.txt
223,user_39f8897b,/Users/reflowgang/Downloads/deanonymization_project/data/esrc/pool_en/candidate_summaries/user_39f8897b.txt
224,user_3a39cc49,/Users/reflowgang/Downloads/deanonymization_project/data/esrc/pool_en/candidate_summaries/user_3a39cc49.txt
225,user_3a55606c,/Users/reflowgang/Downloads/deanonymization_project/data/esrc/pool_en/candidate_summaries/user_3a55606c.txt
226,user_3ac315cb,/Users/reflowgang/Downloads/deanonymization_project/data/esrc/pool_en/candidate_summaries/user_3ac315cb.txt
227,user_3ae49e46,/Users/reflowgang/Downloads/deanonymization_project/data/esrc/pool_en/candidate_summaries/user_3ae49e46.txt
228,user_3b1da5d9,/Users/reflowgang/Downloads/deanonymization_project/data/esrc/pool_en/candidate_summaries/user_3b1da5d9.txt
229,user_3b79395c,/Users/reflowgang/Downloads/deanonymization_project/data/esrc/pool_en/candidate_summaries/user_3b79395c.txt
230,user_3b90fb53,/Users/reflowgang/Downloads/deanonymization_project/data/esrc/pool_en/candidate_summaries/user_3b90fb53.txt
231,user_3bb7992e,/Users/reflowgang/Downloads/deanonymization_project/data/esrc/pool_en/candidate_summaries/user_3bb7992e.txt
232,user_3bc84c13,/Users/reflowgang/Downloads/deanonymization_project/data/esrc/pool_en/candidate_summaries/user_3bc84c13.txt
233,user_3c81ee09,/Users/reflowgang/Downloads/deanonymization_project/data/esrc/pool_en/candidate_summaries/user_3c81ee09.txt
234,user_3ce4c1f8,/Users/reflowgang/Downloads/deanonymization_project/data/esrc/pool_en/candidate_summaries/user_3ce4c1f8.txt
235,user_3e1f9dc1,/Users/reflowgang/Downloads/deanonymization_project/data/esrc/pool_en/candidate_summaries/user_3e1f9dc1.txt
236,user_3e284ba5,/Users/reflowgang/Downloads/deanonymization_project/data/esrc/pool_en/candidate_summaries/user_3e284ba5.txt
237,user_3eb49f37,/Users/reflowgang/Downloads/deanonymization_project/data/esrc/pool_en/candidate_summaries/user_3eb49f37.txt
238,user_3f1d04a6,/Users/reflowgang/Downloads/deanonymization_project/data/esrc/pool_en/candidate_summaries/user_3f1d04a6.txt
239,user_3f2894b5,/Users/reflowgang/Downloads/deanonymization_project/data/esrc/pool_en/candidate_summaries/user_3f2894b5.txt
240,user_3f2fbc90,/Users/reflowgang/Downloads/deanonymization_project/data/esrc/pool_en/candidate_summaries/user_3f2fbc90.txt
241,user_3f798a8b,/Users/reflowgang/Downloads/deanonymization_project/data/esrc/pool_en/candidate_summaries/user_3f798a8b.txt
242,user_3ff3188b,/Users/reflowgang/Downloads/deanonymization_project/data/esrc/pool_en/candidate_summaries/user_3ff3188b.txt
243,user_3ff88cf0,/Users/reflowgang/Downloads/deanonymization_project/data/esrc/pool_en/candidate_summaries/user_3ff88cf0.txt
244,user_405db206,/Users/reflowgang/Downloads/deanonymization_project/data/esrc/pool_en/candidate_summaries/user_405db206.txt
245,user_406c399e,/Users/reflowgang/Downloads/deanonymization_project/data/esrc/pool_en/candidate_summaries/user_406c399e.txt
246,user_40a0bad3,/Users/reflowgang/Downloads/deanonymization_project/data/esrc/pool_en/candidate_summaries/user_40a0bad3.txt
247,user_40efa894,/Users/reflowgang/Downloads/deanonymization_project/data/esrc/pool_en/candidate_summaries/user_40efa894.txt
248,user_4144252d,/Users/reflowgang/Downloads/deanonymization_project/data/esrc/pool_en/candidate_summaries/user_4144252d.txt
249,user_414a6eaf,/Users/reflowgang/Downloads/deanonymization_project/data/esrc/pool_en/candidate_summaries/user_414a6eaf.txt
250,user_417702c5,/Users/reflowgang/Downloads/deanonymization_project/data/esrc/pool_en/candidate_summaries/user_417702c5.txt
251,user_41b20ee4,/Users/reflowgang/Downloads/deanonymization_project/data/esrc/pool_en/candidate_summaries/user_41b20ee4.txt
252,user_41d0c897,/Users/reflowgang/Downloads/deanonymization_project/data/esrc/pool_en/candidate_summaries/user_41d0c897.txt
253,user_421ae417,/Users/reflowgang/Downloads/deanonymization_project/data/esrc/pool_en/candidate_summaries/user_421ae417.txt
254,user_423c81dc,/Users/reflowgang/Downloads/deanonymization_project/data/esrc/pool_en/candidate_summaries/user_423c81dc.txt
255,user_43049634,/Users/reflowgang/Downloads/deanonymization_project/data/esrc/pool_en/candidate_summaries/user_43049634.txt
256,user_433bdef0,/Users/reflowgang/Downloads/deanonymization_project/data/esrc/pool_en/candidate_summaries/user_433bdef0.txt
257,user_434f3511,/Users/reflowgang/Downloads/deanonymization_project/data/esrc/pool_en/candidate_summaries/user_434f3511.txt
258,user_4384dffe,/Users/reflowgang/Downloads/deanonymization_project/data/esrc/pool_en/candidate_summaries/user_4384dffe.txt
259,user_438fb63c,/Users/reflowgang/Downloads/deanonymization_project/data/esrc/pool_en/candidate_summaries/user_438fb63c.txt
260,user_43a979d2,/Users/reflowgang/Downloads/deanonymization_project/data/esrc/pool_en/candidate_summaries/user_43a979d2.txt
261,user_44567221,/Users/reflowgang/Downloads/deanonymization_project/data/esrc/pool_en/candidate_summaries/user_44567221.txt
262,user_454733da,/Users/reflowgang/Downloads/deanonymization_project/data/esrc/pool_en/candidate_summaries/user_454733da.txt
263,user_45926b89,/Users/reflowgang/Downloads/deanonymization_project/data/esrc/pool_en/candidate_summaries/user_45926b89.txt
264,user_45be01a5,/Users/reflowgang/Downloads/deanonymization_project/data/esrc/pool_en/candidate_summaries/user_45be01a5.txt
265,user_45d008d3,/Users/reflowgang/Downloads/deanonymization_project/data/esrc/pool_en/candidate_summaries/user_45d008d3.txt
266,user_4607d25d,/Users/reflowgang/Downloads/deanonymization_project/data/esrc/pool_en/candidate_summaries/user_4607d25d.txt
267,user_46bb5302,/Users/reflowgang/Downloads/deanonymization_project/data/esrc/pool_en/candidate_summaries/user_46bb5302.txt
268,user_46e2e7ec,/Users/reflowgang/Downloads/deanonymization_project/data/esrc/pool_en/candidate_summaries/user_46e2e7ec.txt
269,user_470c0785,/Users/reflowgang/Downloads/deanonymization_project/data/esrc/pool_en/candidate_summaries/user_470c0785.txt
270,user_476670f9,/Users/reflowgang/Downloads/deanonymization_project/data/esrc/pool_en/candidate_summaries/user_476670f9.txt
271,user_48669fd6,/Users/reflowgang/Downloads/deanonymization_project/data/esrc/pool_en/candidate_summaries/user_48669fd6.txt
272,user_4893b4d0,/Users/reflowgang/Downloads/deanonymization_project/data/esrc/pool_en/candidate_summaries/user_4893b4d0.txt
273,user_49b1ac46,/Users/reflowgang/Downloads/deanonymization_project/data/esrc/pool_en/candidate_summaries/user_49b1ac46.txt
274,user_4a40c36a,/Users/reflowgang/Downloads/deanonymization_project/data/esrc/pool_en/candidate_summaries/user_4a40c36a.txt
275,user_4a57e449,/Users/reflowgang/Downloads/deanonymization_project/data/esrc/pool_en/candidate_summaries/user_4a57e449.txt
276,user_4aaa8404,/Users/reflowgang/Downloads/deanonymization_project/data/esrc/pool_en/candidate_summaries/user_4aaa8404.txt
277,user_4ab9d510,/Users/reflowgang/Downloads/deanonymization_project/data/esrc/pool_en/candidate_summaries/user_4ab9d510.txt
278,user_4b139395,/Users/reflowgang/Downloads/deanonymization_project/data/esrc/pool_en/candidate_summaries/user_4b139395.txt
279,user_4b8335bd,/Users/reflowgang/Downloads/deanonymization_project/data/esrc/pool_en/candidate_summaries/user_4b8335bd.txt
280,user_4bd9303b,/Users/reflowgang/Downloads/deanonymization_project/data/esrc/pool_en/candidate_summaries/user_4bd9303b.txt
281,user_4bf6a4a0,/Users/reflowgang/Downloads/deanonymization_project/data/esrc/pool_en/candidate_summaries/user_4bf6a4a0.txt
282,user_4c8199a7,/Users/reflowgang/Downloads/deanonymization_project/data/esrc/pool_en/candidate_summaries/user_4c8199a7.txt
283,user_4cad4295,/Users/reflowgang/Downloads/deanonymization_project/data/esrc/pool_en/candidate_summaries/user_4cad4295.txt
284,user_4d4f73a6,/Users/reflowgang/Downloads/deanonymization_project/data/esrc/pool_en/candidate_summaries/user_4d4f73a6.txt
285,user_4db0d490,/Users/reflowgang/Downloads/deanonymization_project/data/esrc/pool_en/candidate_summaries/user_4db0d490.txt
286,user_4e42bf97,/Users/reflowgang/Downloads/deanonymization_project/data/esrc/pool_en/candidate_summaries/user_4e42bf97.txt
287,user_4e54f3d7,/Users/reflowgang/Downloads/deanonymization_project/data/esrc/pool_en/candidate_summaries/user_4e54f3d7.txt
288,user_4e800fa1,/Users/reflowgang/Downloads/deanonymization_project/data/esrc/pool_en/candidate_summaries/user_4e800fa1.txt
289,user_4ea1ef09,/Users/reflowgang/Downloads/deanonymization_project/data/esrc/pool_en/candidate_summaries/user_4ea1ef09.txt
290,user_4f3b6241,/Users/reflowgang/Downloads/deanonymization_project/data/esrc/pool_en/candidate_summaries/user_4f3b6241.txt
291,user_4f755977,/Users/reflowgang/Downloads/deanonymization_project/data/esrc/pool_en/candidate_summaries/user_4f755977.txt
292,user_4f864d55,/Users/reflowgang/Downloads/deanonymization_project/data/esrc/pool_en/candidate_summaries/user_4f864d55.txt
293,user_4f8b6987,/Users/reflowgang/Downloads/deanonymization_project/data/esrc/pool_en/candidate_summaries/user_4f8b6987.txt
294,user_500badda,/Users/reflowgang/Downloads/deanonymization_project/data/esrc/pool_en/candidate_summaries/user_500badda.txt
295,user_502a8cea,/Users/reflowgang/Downloads/deanonymization_project/data/esrc/pool_en/candidate_summaries/user_502a8cea.txt
296,user_5062c872,/Users/reflowgang/Downloads/deanonymization_project/data/esrc/pool_en/candidate_summaries/user_5062c872.txt
297,user_50e2a836,/Users/reflowgang/Downloads/deanonymization_project/data/esrc/pool_en/candidate_summaries/user_50e2a836.txt
298,user_510aaba3,/Users/reflowgang/Downloads/deanonymization_project/data/esrc/pool_en/candidate_summaries/user_510aaba3.txt
299,user_5159d3a1,/Users/reflowgang/Downloads/deanonymization_project/data/esrc/pool_en/candidate_summaries/user_5159d3a1.txt
300,user_515ae840,/Users/reflowgang/Downloads/deanonymization_project/data/esrc/pool_en/candidate_summaries/user_515ae840.txt
301,user_51779823,/Users/reflowgang/Downloads/deanonymization_project/data/esrc/pool_en/candidate_summaries/user_51779823.txt
302,user_524450e9,/Users/reflowgang/Downloads/deanonymization_project/data/esrc/pool_en/candidate_summaries/user_524450e9.txt
303,user_528748a7,/Users/reflowgang/Downloads/deanonymization_project/data/esrc/pool_en/candidate_summaries/user_528748a7.txt
304,user_529e3009,/Users/reflowgang/Downloads/deanonymization_project/data/esrc/pool_en/candidate_summaries/user_529e3009.txt
305,user_52c9252c,/Users/reflowgang/Downloads/deanonymization_project/data/esrc/pool_en/candidate_summaries/user_52c9252c.txt
306,user_52d3881c,/Users/reflowgang/Downloads/deanonymization_project/data/esrc/pool_en/candidate_summaries/user_52d3881c.txt
307,user_52f895f1,/Users/reflowgang/Downloads/deanonymization_project/data/esrc/pool_en/candidate_summaries/user_52f895f1.txt
308,user_53325367,/Users/reflowgang/Downloads/deanonymization_project/data/esrc/pool_en/candidate_summaries/user_53325367.txt
309,user_5349c6cf,/Users/reflowgang/Downloads/deanonymization_project/data/esrc/pool_en/candidate_summaries/user_5349c6cf.txt
310,user_535a7192,/Users/reflowgang/Downloads/deanonymization_project/data/esrc/pool_en/candidate_summaries/user_535a7192.txt
311,user_53b85563,/Users/reflowgang/Downloads/deanonymization_project/data/esrc/pool_en/candidate_summaries/user_53b85563.txt
312,user_543e79f5,/Users/reflowgang/Downloads/deanonymization_project/data/esrc/pool_en/candidate_summaries/user_543e79f5.txt
313,user_54b19b29,/Users/reflowgang/Downloads/deanonymization_project/data/esrc/pool_en/candidate_summaries/user_54b19b29.txt
314,user_54c1ebee,/Users/reflowgang/Downloads/deanonymization_project/data/esrc/pool_en/candidate_summaries/user_54c1ebee.txt
315,user_55058479,/Users/reflowgang/Downloads/deanonymization_project/data/esrc/pool_en/candidate_summaries/user_55058479.txt
316,user_5526cbfd,/Users/reflowgang/Downloads/deanonymization_project/data/esrc/pool_en/candidate_summaries/user_5526cbfd.txt
317,user_567057e7,/Users/reflowgang/Downloads/deanonymization_project/data/esrc/pool_en/candidate_summaries/user_567057e7.txt
318,user_56909460,/Users/reflowgang/Downloads/deanonymization_project/data/esrc/pool_en/candidate_summaries/user_56909460.txt
319,user_56980aa9,/Users/reflowgang/Downloads/deanonymization_project/data/esrc/pool_en/candidate_summaries/user_56980aa9.txt
320,user_56e6d0cd,/Users/reflowgang/Downloads/deanonymization_project/data/esrc/pool_en/candidate_summaries/user_56e6d0cd.txt
321,user_5738db35,/Users/reflowgang/Downloads/deanonymization_project/data/esrc/pool_en/candidate_summaries/user_5738db35.txt
322,user_57c1d6c0,/Users/reflowgang/Downloads/deanonymization_project/data/esrc/pool_en/candidate_summaries/user_57c1d6c0.txt
323,user_582ff5b2,/Users/reflowgang/Downloads/deanonymization_project/data/esrc/pool_en/candidate_summaries/user_582ff5b2.txt
324,user_586752e4,/Users/reflowgang/Downloads/deanonymization_project/data/esrc/pool_en/candidate_summaries/user_586752e4.txt
325,user_587b57d5,/Users/reflowgang/Downloads/deanonymization_project/data/esrc/pool_en/candidate_summaries/user_587b57d5.txt
326,user_5881b259,/Users/reflowgang/Downloads/deanonymization_project/data/esrc/pool_en/candidate_summaries/user_5881b259.txt
327,user_58892c7c,/Users/reflowgang/Downloads/deanonymization_project/data/esrc/pool_en/candidate_summaries/user_58892c7c.txt
328,user_58bfeaad,/Users/reflowgang/Downloads/deanonymization_project/data/esrc/pool_en/candidate_summaries/user_58bfeaad.txt
329,user_598cc905,/Users/reflowgang/Downloads/deanonymization_project/data/esrc/pool_en/candidate_summaries/user_598cc905.txt
330,user_5993b36a,/Users/reflowgang/Downloads/deanonymization_project/data/esrc/pool_en/candidate_summaries/user_5993b36a.txt
331,user_59d9db83,/Users/reflowgang/Downloads/deanonymization_project/data/esrc/pool_en/candidate_summaries/user_59d9db83.txt
332,user_59e8bc2a,/Users/reflowgang/Downloads/deanonymization_project/data/esrc/pool_en/candidate_summaries/user_59e8bc2a.txt
333,user_5a283043,/Users/reflowgang/Downloads/deanonymization_project/data/esrc/pool_en/candidate_summaries/user_5a283043.txt
334,user_5a5bee64,/Users/reflowgang/Downloads/deanonymization_project/data/esrc/pool_en/candidate_summaries/user_5a5bee64.txt
335,user_5a6c91dd,/Users/reflowgang/Downloads/deanonymization_project/data/esrc/pool_en/candidate_summaries/user_5a6c91dd.txt
336,user_5a6f92a6,/Users/reflowgang/Downloads/deanonymization_project/data/esrc/pool_en/candidate_summaries/user_5a6f92a6.txt
337,user_5ac1a174,/Users/reflowgang/Downloads/deanonymization_project/data/esrc/pool_en/candidate_summaries/user_5ac1a174.txt
338,user_5b698646,/Users/reflowgang/Downloads/deanonymization_project/data/esrc/pool_en/candidate_summaries/user_5b698646.txt
339,user_5b714afd,/Users/reflowgang/Downloads/deanonymization_project/data/esrc/pool_en/candidate_summaries/user_5b714afd.txt
340,user_5b7d5e00,/Users/reflowgang/Downloads/deanonymization_project/data/esrc/pool_en/candidate_summaries/user_5b7d5e00.txt
341,user_5bc74ae7,/Users/reflowgang/Downloads/deanonymization_project/data/esrc/pool_en/candidate_summaries/user_5bc74ae7.txt
342,user_5c09bb3d,/Users/reflowgang/Downloads/deanonymization_project/data/esrc/pool_en/candidate_summaries/user_5c09bb3d.txt
343,user_5c5a0b40,/Users/reflowgang/Downloads/deanonymization_project/data/esrc/pool_en/candidate_summaries/user_5c5a0b40.txt
344,user_5c82df31,/Users/reflowgang/Downloads/deanonymization_project/data/esrc/pool_en/candidate_summaries/user_5c82df31.txt
345,user_5c9a0ee9,/Users/reflowgang/Downloads/deanonymization_project/data/esrc/pool_en/candidate_summaries/user_5c9a0ee9.txt
346,user_5c9b579a,/Users/reflowgang/Downloads/deanonymization_project/data/esrc/pool_en/candidate_summaries/user_5c9b579a.txt
347,user_5d1b0daf,/Users/reflowgang/Downloads/deanonymization_project/data/esrc/pool_en/candidate_summaries/user_5d1b0daf.txt
348,user_5d35f631,/Users/reflowgang/Downloads/deanonymization_project/data/esrc/pool_en/candidate_summaries/user_5d35f631.txt
349,user_5d7cbf11,/Users/reflowgang/Downloads/deanonymization_project/data/esrc/pool_en/candidate_summaries/user_5d7cbf11.txt
350,user_5dc5c2dc,/Users/reflowgang/Downloads/deanonymization_project/data/esrc/pool_en/candidate_summaries/user_5dc5c2dc.txt
351,user_5e61d6d9,/Users/reflowgang/Downloads/deanonymization_project/data/esrc/pool_en/candidate_summaries/user_5e61d6d9.txt
352,user_5f4ee256,/Users/reflowgang/Downloads/deanonymization_project/data/esrc/pool_en/candidate_summaries/user_5f4ee256.txt
353,user_5fddc7f1,/Users/reflowgang/Downloads/deanonymization_project/data/esrc/pool_en/candidate_summaries/user_5fddc7f1.txt
354,user_6011e674,/Users/reflowgang/Downloads/deanonymization_project/data/esrc/pool_en/candidate_summaries/user_6011e674.txt
355,user_6058434c,/Users/reflowgang/Downloads/deanonymization_project/data/esrc/pool_en/candidate_summaries/user_6058434c.txt
356,user_60a65d98,/Users/reflowgang/Downloads/deanonymization_project/data/esrc/pool_en/candidate_summaries/user_60a65d98.txt
357,user_6169d3b8,/Users/reflowgang/Downloads/deanonymization_project/data/esrc/pool_en/candidate_summaries/user_6169d3b8.txt
358,user_61f90240,/Users/reflowgang/Downloads/deanonymization_project/data/esrc/pool_en/candidate_summaries/user_61f90240.txt
359,user_62b122b9,/Users/reflowgang/Downloads/deanonymization_project/data/esrc/pool_en/candidate_summaries/user_62b122b9.txt
360,user_63110023,/Users/reflowgang/Downloads/deanonymization_project/data/esrc/pool_en/candidate_summaries/user_63110023.txt
361,user_636ad58f,/Users/reflowgang/Downloads/deanonymization_project/data/esrc/pool_en/candidate_summaries/user_636ad58f.txt
362,user_636d1da4,/Users/reflowgang/Downloads/deanonymization_project/data/esrc/pool_en/candidate_summaries/user_636d1da4.txt
363,user_63b4ae7a,/Users/reflowgang/Downloads/deanonymization_project/data/esrc/pool_en/candidate_summaries/user_63b4ae7a.txt
364,user_63b4be5f,/Users/reflowgang/Downloads/deanonymization_project/data/esrc/pool_en/candidate_summaries/user_63b4be5f.txt
365,user_6427334a,/Users/reflowgang/Downloads/deanonymization_project/data/esrc/pool_en/candidate_summaries/user_6427334a.txt
366,user_6476648d,/Users/reflowgang/Downloads/deanonymization_project/data/esrc/pool_en/candidate_summaries/user_6476648d.txt
367,user_649f4327,/Users/reflowgang/Downloads/deanonymization_project/data/esrc/pool_en/candidate_summaries/user_649f4327.txt
368,user_64cd3098,/Users/reflowgang/Downloads/deanonymization_project/data/esrc/pool_en/candidate_summaries/user_64cd3098.txt
369,user_64d76dfd,/Users/reflowgang/Downloads/deanonymization_project/data/esrc/pool_en/candidate_summaries/user_64d76dfd.txt
370,user_650da71b,/Users/reflowgang/Downloads/deanonymization_project/data/esrc/pool_en/candidate_summaries/user_650da71b.txt
371,user_657c72ca,/Users/reflowgang/Downloads/deanonymization_project/data/esrc/pool_en/candidate_summaries/user_657c72ca.txt
372,user_6592f2e4,/Users/reflowgang/Downloads/deanonymization_project/data/esrc/pool_en/candidate_summaries/user_6592f2e4.txt
373,user_65d73ac1,/Users/reflowgang/Downloads/deanonymization_project/data/esrc/pool_en/candidate_summaries/user_65d73ac1.txt
374,user_66772d98,/Users/reflowgang/Downloads/deanonymization_project/data/esrc/pool_en/candidate_summaries/user_66772d98.txt
375,user_66a7ce5a,/Users/reflowgang/Downloads/deanonymization_project/data/esrc/pool_en/candidate_summaries/user_66a7ce5a.txt
376,user_67acd9b1,/Users/reflowgang/Downloads/deanonymization_project/data/esrc/pool_en/candidate_summaries/user_67acd9b1.txt
377,user_67fa915e,/Users/reflowgang/Downloads/deanonymization_project/data/esrc/pool_en/candidate_summaries/user_67fa915e.txt
378,user_683369b1,/Users/reflowgang/Downloads/deanonymization_project/data/esrc/pool_en/candidate_summaries/user_683369b1.txt
379,user_68349053,/Users/reflowgang/Downloads/deanonymization_project/data/esrc/pool_en/candidate_summaries/user_68349053.txt
380,user_687feee4,/Users/reflowgang/Downloads/deanonymization_project/data/esrc/pool_en/candidate_summaries/user_687feee4.txt
381,user_68d19df8,/Users/reflowgang/Downloads/deanonymization_project/data/esrc/pool_en/candidate_summaries/user_68d19df8.txt
382,user_69193575,/Users/reflowgang/Downloads/deanonymization_project/data/esrc/pool_en/candidate_summaries/user_69193575.txt
383,user_695e56c9,/Users/reflowgang/Downloads/deanonymization_project/data/esrc/pool_en/candidate_summaries/user_695e56c9.txt
384,user_69a4dd06,/Users/reflowgang/Downloads/deanonymization_project/data/esrc/pool_en/candidate_summaries/user_69a4dd06.txt
385,user_69df6330,/Users/reflowgang/Downloads/deanonymization_project/data/esrc/pool_en/candidate_summaries/user_69df6330.txt
386,user_6a0b0e92,/Users/reflowgang/Downloads/deanonymization_project/data/esrc/pool_en/candidate_summaries/user_6a0b0e92.txt
387,user_6a13946a,/Users/reflowgang/Downloads/deanonymization_project/data/esrc/pool_en/candidate_summaries/user_6a13946a.txt
388,user_6a28fa5d,/Users/reflowgang/Downloads/deanonymization_project/data/esrc/pool_en/candidate_summaries/user_6a28fa5d.txt
389,user_6a98b381,/Users/reflowgang/Downloads/deanonymization_project/data/esrc/pool_en/candidate_summaries/user_6a98b381.txt
390,user_6ab1739a,/Users/reflowgang/Downloads/deanonymization_project/data/esrc/pool_en/candidate_summaries/user_6ab1739a.txt
391,user_6ab8f7d4,/Users/reflowgang/Downloads/deanonymization_project/data/esrc/pool_en/candidate_summaries/user_6ab8f7d4.txt
392,user_6ae9ce92,/Users/reflowgang/Downloads/deanonymization_project/data/esrc/pool_en/candidate_summaries/user_6ae9ce92.txt
393,user_6b311f43,/Users/reflowgang/Downloads/deanonymization_project/data/esrc/pool_en/candidate_summaries/user_6b311f43.txt
394,user_6b86248b,/Users/reflowgang/Downloads/deanonymization_project/data/esrc/pool_en/candidate_summaries/user_6b86248b.txt
395,user_6bb64984,/Users/reflowgang/Downloads/deanonymization_project/data/esrc/pool_en/candidate_summaries/user_6bb64984.txt
396,user_6be611ce,/Users/reflowgang/Downloads/deanonymization_project/data/esrc/pool_en/candidate_summaries/user_6be611ce.txt
397,user_6bf0e007,/Users/reflowgang/Downloads/deanonymization_project/data/esrc/pool_en/candidate_summaries/user_6bf0e007.txt
398,user_6c2d672f,/Users/reflowgang/Downloads/deanonymization_project/data/esrc/pool_en/candidate_summaries/user_6c2d672f.txt
399,user_6d071251,/Users/reflowgang/Downloads/deanonymization_project/data/esrc/pool_en/candidate_summaries/user_6d071251.txt
400,user_6d2cb415,/Users/reflowgang/Downloads/deanonymization_project/data/esrc/pool_en/candidate_summaries/user_6d2cb415.txt
401,user_6d421600,/Users/reflowgang/Downloads/deanonymization_project/data/esrc/pool_en/candidate_summaries/user_6d421600.txt
402,user_6deada35,/Users/reflowgang/Downloads/deanonymization_project/data/esrc/pool_en/candidate_summaries/user_6deada35.txt
403,user_6f1b0197,/Users/reflowgang/Downloads/deanonymization_project/data/esrc/pool_en/candidate_summaries/user_6f1b0197.txt
404,user_6f6b71fc,/Users/reflowgang/Downloads/deanonymization_project/data/esrc/pool_en/candidate_summaries/user_6f6b71fc.txt
405,user_6fa47d61,/Users/reflowgang/Downloads/deanonymization_project/data/esrc/pool_en/candidate_summaries/user_6fa47d61.txt
406,user_6fbf6191,/Users/reflowgang/Downloads/deanonymization_project/data/esrc/pool_en/candidate_summaries/user_6fbf6191.txt
407,user_6fc85c06,/Users/reflowgang/Downloads/deanonymization_project/data/esrc/pool_en/candidate_summaries/user_6fc85c06.txt
408,user_6fccf8b5,/Users/reflowgang/Downloads/deanonymization_project/data/esrc/pool_en/candidate_summaries/user_6fccf8b5.txt
409,user_7017ea1b,/Users/reflowgang/Downloads/deanonymization_project/data/esrc/pool_en/candidate_summaries/user_7017ea1b.txt
410,user_70580e9a,/Users/reflowgang/Downloads/deanonymization_project/data/esrc/pool_en/candidate_summaries/user_70580e9a.txt
411,user_70bbda36,/Users/reflowgang/Downloads/deanonymization_project/data/esrc/pool_en/candidate_summaries/user_70bbda36.txt
412,user_71b9b8e0,/Users/reflowgang/Downloads/deanonymization_project/data/esrc/pool_en/candidate_summaries/user_71b9b8e0.txt
413,user_71f7b692,/Users/reflowgang/Downloads/deanonymization_project/data/esrc/pool_en/candidate_summaries/user_71f7b692.txt
414,user_723406a0,/Users/reflowgang/Downloads/deanonymization_project/data/esrc/pool_en/candidate_summaries/user_723406a0.txt
415,user_72b93300,/Users/reflowgang/Downloads/deanonymization_project/data/esrc/pool_en/candidate_summaries/user_72b93300.txt
416,user_72bed676,/Users/reflowgang/Downloads/deanonymization_project/data/esrc/pool_en/candidate_summaries/user_72bed676.txt
417,user_7322f4ef,/Users/reflowgang/Downloads/deanonymization_project/data/esrc/pool_en/candidate_summaries/user_7322f4ef.txt
418,user_73623b4e,/Users/reflowgang/Downloads/deanonymization_project/data/esrc/pool_en/candidate_summaries/user_73623b4e.txt
419,user_737d3148,/Users/reflowgang/Downloads/deanonymization_project/data/esrc/pool_en/candidate_summaries/user_737d3148.txt
420,user_737dd050,/Users/reflowgang/Downloads/deanonymization_project/data/esrc/pool_en/candidate_summaries/user_737dd050.txt
421,user_73a4377d,/Users/reflowgang/Downloads/deanonymization_project/data/esrc/pool_en/candidate_summaries/user_73a4377d.txt
422,user_73f34c5d,/Users/reflowgang/Downloads/deanonymization_project/data/esrc/pool_en/candidate_summaries/user_73f34c5d.txt
423,user_74025dc0,/Users/reflowgang/Downloads/deanonymization_project/data/esrc/pool_en/candidate_summaries/user_74025dc0.txt
424,user_74c84045,/Users/reflowgang/Downloads/deanonymization_project/data/esrc/pool_en/candidate_summaries/user_74c84045.txt
425,user_74cfb8ef,/Users/reflowgang/Downloads/deanonymization_project/data/esrc/pool_en/candidate_summaries/user_74cfb8ef.txt
426,user_74d27419,/Users/reflowgang/Downloads/deanonymization_project/data/esrc/pool_en/candidate_summaries/user_74d27419.txt
427,user_74da5a13,/Users/reflowgang/Downloads/deanonymization_project/data/esrc/pool_en/candidate_summaries/user_74da5a13.txt
428,user_74e32d78,/Users/reflowgang/Downloads/deanonymization_project/data/esrc/pool_en/candidate_summaries/user_74e32d78.txt
429,user_75251485,/Users/reflowgang/Downloads/deanonymization_project/data/esrc/pool_en/candidate_summaries/user_75251485.txt
430,user_756e2f00,/Users/reflowgang/Downloads/deanonymization_project/data/esrc/pool_en/candidate_summaries/user_756e2f00.txt
431,user_75905116,/Users/reflowgang/Downloads/deanonymization_project/data/esrc/pool_en/candidate_summaries/user_75905116.txt
432,user_75bc9924,/Users/reflowgang/Downloads/deanonymization_project/data/esrc/pool_en/candidate_summaries/user_75bc9924.txt
433,user_763b4ffe,/Users/reflowgang/Downloads/deanonymization_project/data/esrc/pool_en/candidate_summaries/user_763b4ffe.txt
434,user_76638121,/Users/reflowgang/Downloads/deanonymization_project/data/esrc/pool_en/candidate_summaries/user_76638121.txt
435,user_76fc8dcd,/Users/reflowgang/Downloads/deanonymization_project/data/esrc/pool_en/candidate_summaries/user_76fc8dcd.txt
436,user_7709815a,/Users/reflowgang/Downloads/deanonymization_project/data/esrc/pool_en/candidate_summaries/user_7709815a.txt
437,user_77a1a752,/Users/reflowgang/Downloads/deanonymization_project/data/esrc/pool_en/candidate_summaries/user_77a1a752.txt
438,user_788a8bb7,/Users/reflowgang/Downloads/deanonymization_project/data/esrc/pool_en/candidate_summaries/user_788a8bb7.txt
439,user_78eff25f,/Users/reflowgang/Downloads/deanonymization_project/data/esrc/pool_en/candidate_summaries/user_78eff25f.txt
440,user_7924afc9,/Users/reflowgang/Downloads/deanonymization_project/data/esrc/pool_en/candidate_summaries/user_7924afc9.txt
441,user_795650bb,/Users/reflowgang/Downloads/deanonymization_project/data/esrc/pool_en/candidate_summaries/user_795650bb.txt
442,user_795eb408,/Users/reflowgang/Downloads/deanonymization_project/data/esrc/pool_en/candidate_summaries/user_795eb408.txt
443,user_79a1811b,/Users/reflowgang/Downloads/deanonymization_project/data/esrc/pool_en/candidate_summaries/user_79a1811b.txt
444,user_79f04645,/Users/reflowgang/Downloads/deanonymization_project/data/esrc/pool_en/candidate_summaries/user_79f04645.txt
445,user_79f38f6d,/Users/reflowgang/Downloads/deanonymization_project/data/esrc/pool_en/candidate_summaries/user_79f38f6d.txt
446,user_7a7dda35,/Users/reflowgang/Downloads/deanonymization_project/data/esrc/pool_en/candidate_summaries/user_7a7dda35.txt
447,user_7a8f7f3e,/Users/reflowgang/Downloads/deanonymization_project/data/esrc/pool_en/candidate_summaries/user_7a8f7f3e.txt
448,user_7aa3746b,/Users/reflowgang/Downloads/deanonymization_project/data/esrc/pool_en/candidate_summaries/user_7aa3746b.txt
449,user_7af2ed90,/Users/reflowgang/Downloads/deanonymization_project/data/esrc/pool_en/candidate_summaries/user_7af2ed90.txt
450,user_7b052f32,/Users/reflowgang/Downloads/deanonymization_project/data/esrc/pool_en/candidate_summaries/user_7b052f32.txt
451,user_7b2d0be1,/Users/reflowgang/Downloads/deanonymization_project/data/esrc/pool_en/candidate_summaries/user_7b2d0be1.txt
452,user_7b4c75ab,/Users/reflowgang/Downloads/deanonymization_project/data/esrc/pool_en/candidate_summaries/user_7b4c75ab.txt
453,user_7b5f54c0,/Users/reflowgang/Downloads/deanonymization_project/data/esrc/pool_en/candidate_summaries/user_7b5f54c0.txt
454,user_7bbd1543,/Users/reflowgang/Downloads/deanonymization_project/data/esrc/pool_en/candidate_summaries/user_7bbd1543.txt
455,user_7c3d63ce,/Users/reflowgang/Downloads/deanonymization_project/data/esrc/pool_en/candidate_summaries/user_7c3d63ce.txt
456,user_7c45fa70,/Users/reflowgang/Downloads/deanonymization_project/data/esrc/pool_en/candidate_summaries/user_7c45fa70.txt
457,user_7c7220a4,/Users/reflowgang/Downloads/deanonymization_project/data/esrc/pool_en/candidate_summaries/user_7c7220a4.txt
458,user_7c8639cd,/Users/reflowgang/Downloads/deanonymization_project/data/esrc/pool_en/candidate_summaries/user_7c8639cd.txt
459,user_7cb1ae65,/Users/reflowgang/Downloads/deanonymization_project/data/esrc/pool_en/candidate_summaries/user_7cb1ae65.txt
460,user_7d6962d9,/Users/reflowgang/Downloads/deanonymization_project/data/esrc/pool_en/candidate_summaries/user_7d6962d9.txt
461,user_7d944883,/Users/reflowgang/Downloads/deanonymization_project/data/esrc/pool_en/candidate_summaries/user_7d944883.txt
462,user_7de6f343,/Users/reflowgang/Downloads/deanonymization_project/data/esrc/pool_en/candidate_summaries/user_7de6f343.txt
463,user_7ed6349c,/Users/reflowgang/Downloads/deanonymization_project/data/esrc/pool_en/candidate_summaries/user_7ed6349c.txt
464,user_7f56f9a5,/Users/reflowgang/Downloads/deanonymization_project/data/esrc/pool_en/candidate_summaries/user_7f56f9a5.txt
465,user_7f623d19,/Users/reflowgang/Downloads/deanonymization_project/data/esrc/pool_en/candidate_summaries/user_7f623d19.txt
466,user_7fd91653,/Users/reflowgang/Downloads/deanonymization_project/data/esrc/pool_en/candidate_summaries/user_7fd91653.txt
467,user_7fef9da8,/Users/reflowgang/Downloads/deanonymization_project/data/esrc/pool_en/candidate_summaries/user_7fef9da8.txt
468,user_8006727d,/Users/reflowgang/Downloads/deanonymization_project/data/esrc/pool_en/candidate_summaries/user_8006727d.txt
469,user_80da26a6,/Users/reflowgang/Downloads/deanonymization_project/data/esrc/pool_en/candidate_summaries/user_80da26a6.txt
470,user_80dc757f,/Users/reflowgang/Downloads/deanonymization_project/data/esrc/pool_en/candidate_summaries/user_80dc757f.txt
471,user_815b7baf,/Users/reflowgang/Downloads/deanonymization_project/data/esrc/pool_en/candidate_summaries/user_815b7baf.txt
472,user_81a80789,/Users/reflowgang/Downloads/deanonymization_project/data/esrc/pool_en/candidate_summaries/user_81a80789.txt
473,user_81c4dae1,/Users/reflowgang/Downloads/deanonymization_project/data/esrc/pool_en/candidate_summaries/user_81c4dae1.txt
474,user_823846de,/Users/reflowgang/Downloads/deanonymization_project/data/esrc/pool_en/candidate_summaries/user_823846de.txt
475,user_8285a696,/Users/reflowgang/Downloads/deanonymization_project/data/esrc/pool_en/candidate_summaries/user_8285a696.txt
476,user_82879210,/Users/reflowgang/Downloads/deanonymization_project/data/esrc/pool_en/candidate_summaries/user_82879210.txt
477,user_8292753c,/Users/reflowgang/Downloads/deanonymization_project/data/esrc/pool_en/candidate_summaries/user_8292753c.txt
478,user_829844fd,/Users/reflowgang/Downloads/deanonymization_project/data/esrc/pool_en/candidate_summaries/user_829844fd.txt
479,user_82c86537,/Users/reflowgang/Downloads/deanonymization_project/data/esrc/pool_en/candidate_summaries/user_82c86537.txt
480,user_82d93459,/Users/reflowgang/Downloads/deanonymization_project/data/esrc/pool_en/candidate_summaries/user_82d93459.txt
481,user_833d8832,/Users/reflowgang/Downloads/deanonymization_project/data/esrc/pool_en/candidate_summaries/user_833d8832.txt
482,user_835666af,/Users/reflowgang/Downloads/deanonymization_project/data/esrc/pool_en/candidate_summaries/user_835666af.txt
483,user_83585fc6,/Users/reflowgang/Downloads/deanonymization_project/data/esrc/pool_en/candidate_summaries/user_83585fc6.txt
484,user_83a58842,/Users/reflowgang/Downloads/deanonymization_project/data/esrc/pool_en/candidate_summaries/user_83a58842.txt
485,user_83afc7b2,/Users/reflowgang/Downloads/deanonymization_project/data/esrc/pool_en/candidate_summaries/user_83afc7b2.txt
486,user_83b871b5,/Users/reflowgang/Downloads/deanonymization_project/data/esrc/pool_en/candidate_summaries/user_83b871b5.txt
487,user_83e30c57,/Users/reflowgang/Downloads/deanonymization_project/data/esrc/pool_en/candidate_summaries/user_83e30c57.txt
488,user_83e45cc0,/Users/reflowgang/Downloads/deanonymization_project/data/esrc/pool_en/candidate_summaries/user_83e45cc0.txt
489,user_840e0a93,/Users/reflowgang/Downloads/deanonymization_project/data/esrc/pool_en/candidate_summaries/user_840e0a93.txt
490,user_846d1f36,/Users/reflowgang/Downloads/deanonymization_project/data/esrc/pool_en/candidate_summaries/user_846d1f36.txt
491,user_84703a6e,/Users/reflowgang/Downloads/deanonymization_project/data/esrc/pool_en/candidate_summaries/user_84703a6e.txt
492,user_84c14a6f,/Users/reflowgang/Downloads/deanonymization_project/data/esrc/pool_en/candidate_summaries/user_84c14a6f.txt
493,user_84e93af7,/Users/reflowgang/Downloads/deanonymization_project/data/esrc/pool_en/candidate_summaries/user_84e93af7.txt
494,user_84fe1a7a,/Users/reflowgang/Downloads/deanonymization_project/data/esrc/pool_en/candidate_summaries/user_84fe1a7a.txt
495,user_85810097,/Users/reflowgang/Downloads/deanonymization_project/data/esrc/pool_en/candidate_summaries/user_85810097.txt
496,user_858fa00c,/Users/reflowgang/Downloads/deanonymization_project/data/esrc/pool_en/candidate_summaries/user_858fa00c.txt
497,user_85c97ea1,/Users/reflowgang/Downloads/deanonymization_project/data/esrc/pool_en/candidate_summaries/user_85c97ea1.txt
498,user_8663226a,/Users/reflowgang/Downloads/deanonymization_project/data/esrc/pool_en/candidate_summaries/user_8663226a.txt
499,user_86685a27,/Users/reflowgang/Downloads/deanonymization_project/data/esrc/pool_en/candidate_summaries/user_86685a27.txt
500,user_869fcb2b,/Users/reflowgang/Downloads/deanonymization_project/data/esrc/pool_en/candidate_summaries/user_869fcb2b.txt
501,user_8713f22a,/Users/reflowgang/Downloads/deanonymization_project/data/esrc/pool_en/candidate_summaries/user_8713f22a.txt
502,user_872311db,/Users/reflowgang/Downloads/deanonymization_project/data/esrc/pool_en/candidate_summaries/user_872311db.txt
503,user_8739102b,/Users/reflowgang/Downloads/deanonymization_project/data/esrc/pool_en/candidate_summaries/user_8739102b.txt
504,user_87bbc3b5,/Users/reflowgang/Downloads/deanonymization_project/data/esrc/pool_en/candidate_summaries/user_87bbc3b5.txt
505,user_87e5d9b0,/Users/reflowgang/Downloads/deanonymization_project/data/esrc/pool_en/candidate_summaries/user_87e5d9b0.txt
506,user_884ffdb2,/Users/reflowgang/Downloads/deanonymization_project/data/esrc/pool_en/candidate_summaries/user_884ffdb2.txt
507,user_885e8708,/Users/reflowgang/Downloads/deanonymization_project/data/esrc/pool_en/candidate_summaries/user_885e8708.txt
508,user_886f7373,/Users/reflowgang/Downloads/deanonymization_project/data/esrc/pool_en/candidate_summaries/user_886f7373.txt
509,user_88b2faba,/Users/reflowgang/Downloads/deanonymization_project/data/esrc/pool_en/candidate_summaries/user_88b2faba.txt
510,user_88e84020,/Users/reflowgang/Downloads/deanonymization_project/data/esrc/pool_en/candidate_summaries/user_88e84020.txt
511,user_88f46c7b,/Users/reflowgang/Downloads/deanonymization_project/data/esrc/pool_en/candidate_summaries/user_88f46c7b.txt
512,user_89197ce5,/Users/reflowgang/Downloads/deanonymization_project/data/esrc/pool_en/candidate_summaries/user_89197ce5.txt
513,user_89571ce8,/Users/reflowgang/Downloads/deanonymization_project/data/esrc/pool_en/candidate_summaries/user_89571ce8.txt
514,user_89e04335,/Users/reflowgang/Downloads/deanonymization_project/data/esrc/pool_en/candidate_summaries/user_89e04335.txt
515,user_89f449b4,/Users/reflowgang/Downloads/deanonymization_project/data/esrc/pool_en/candidate_summaries/user_89f449b4.txt
516,user_8a3bbeb2,/Users/reflowgang/Downloads/deanonymization_project/data/esrc/pool_en/candidate_summaries/user_8a3bbeb2.txt
517,user_8a669dcd,/Users/reflowgang/Downloads/deanonymization_project/data/esrc/pool_en/candidate_summaries/user_8a669dcd.txt
518,user_8a760553,/Users/reflowgang/Downloads/deanonymization_project/data/esrc/pool_en/candidate_summaries/user_8a760553.txt
519,user_8ac8f24f,/Users/reflowgang/Downloads/deanonymization_project/data/esrc/pool_en/candidate_summaries/user_8ac8f24f.txt
520,user_8ae8c359,/Users/reflowgang/Downloads/deanonymization_project/data/esrc/pool_en/candidate_summaries/user_8ae8c359.txt
521,user_8afa3eba,/Users/reflowgang/Downloads/deanonymization_project/data/esrc/pool_en/candidate_summaries/user_8afa3eba.txt
522,user_8be3f554,/Users/reflowgang/Downloads/deanonymization_project/data/esrc/pool_en/candidate_summaries/user_8be3f554.txt
523,user_8c0c7619,/Users/reflowgang/Downloads/deanonymization_project/data/esrc/pool_en/candidate_summaries/user_8c0c7619.txt
524,user_8c11f026,/Users/reflowgang/Downloads/deanonymization_project/data/esrc/pool_en/candidate_summaries/user_8c11f026.txt
525,user_8c193f56,/Users/reflowgang/Downloads/deanonymization_project/data/esrc/pool_en/candidate_summaries/user_8c193f56.txt
526,user_8c42f323,/Users/reflowgang/Downloads/deanonymization_project/data/esrc/pool_en/candidate_summaries/user_8c42f323.txt
527,user_8c5756ff,/Users/reflowgang/Downloads/deanonymization_project/data/esrc/pool_en/candidate_summaries/user_8c5756ff.txt
528,user_8c6db6ed,/Users/reflowgang/Downloads/deanonymization_project/data/esrc/pool_en/candidate_summaries/user_8c6db6ed.txt
529,user_8ce645ca,/Users/reflowgang/Downloads/deanonymization_project/data/esrc/pool_en/candidate_summaries/user_8ce645ca.txt
530,user_8ce972f1,/Users/reflowgang/Downloads/deanonymization_project/data/esrc/pool_en/candidate_summaries/user_8ce972f1.txt
531,user_8d22714e,/Users/reflowgang/Downloads/deanonymization_project/data/esrc/pool_en/candidate_summaries/user_8d22714e.txt
532,user_8d299d7a,/Users/reflowgang/Downloads/deanonymization_project/data/esrc/pool_en/candidate_summaries/user_8d299d7a.txt
533,user_8d85acb5,/Users/reflowgang/Downloads/deanonymization_project/data/esrc/pool_en/candidate_summaries/user_8d85acb5.txt
534,user_8d968cfb,/Users/reflowgang/Downloads/deanonymization_project/data/esrc/pool_en/candidate_summaries/user_8d968cfb.txt
535,user_8da30894,/Users/reflowgang/Downloads/deanonymization_project/data/esrc/pool_en/candidate_summaries/user_8da30894.txt
536,user_8dd20d7f,/Users/reflowgang/Downloads/deanonymization_project/data/esrc/pool_en/candidate_summaries/user_8dd20d7f.txt
537,user_8e217d1b,/Users/reflowgang/Downloads/deanonymization_project/data/esrc/pool_en/candidate_summaries/user_8e217d1b.txt
538,user_8e48a3f8,/Users/reflowgang/Downloads/deanonymization_project/data/esrc/pool_en/candidate_summaries/user_8e48a3f8.txt
539,user_8e5bead9,/Users/reflowgang/Downloads/deanonymization_project/data/esrc/pool_en/candidate_summaries/user_8e5bead9.txt
540,user_8e5e899b,/Users/reflowgang/Downloads/deanonymization_project/data/esrc/pool_en/candidate_summaries/user_8e5e899b.txt
541,user_8e92b8c1,/Users/reflowgang/Downloads/deanonymization_project/data/esrc/pool_en/candidate_summaries/user_8e92b8c1.txt
542,user_8e97a154,/Users/reflowgang/Downloads/deanonymization_project/data/esrc/pool_en/candidate_summaries/user_8e97a154.txt
543,user_8eac0a68,/Users/reflowgang/Downloads/deanonymization_project/data/esrc/pool_en/candidate_summaries/user_8eac0a68.txt
544,user_8f08aa94,/Users/reflowgang/Downloads/deanonymization_project/data/esrc/pool_en/candidate_summaries/user_8f08aa94.txt
545,user_8f39f021,/Users/reflowgang/Downloads/deanonymization_project/data/esrc/pool_en/candidate_summaries/user_8f39f021.txt
546,user_8f8346ad,/Users/reflowgang/Downloads/deanonymization_project/data/esrc/pool_en/candidate_summaries/user_8f8346ad.txt
547,user_8fb63eca,/Users/reflowgang/Downloads/deanonymization_project/data/esrc/pool_en/candidate_summaries/user_8fb63eca.txt
548,user_8fbb6d9c,/Users/reflowgang/Downloads/deanonymization_project/data/esrc/pool_en/candidate_summaries/user_8fbb6d9c.txt
549,user_8fe14601,/Users/reflowgang/Downloads/deanonymization_project/data/esrc/pool_en/candidate_summaries/user_8fe14601.txt
550,user_900ffd5c,/Users/reflowgang/Downloads/deanonymization_project/data/esrc/pool_en/candidate_summaries/user_900ffd5c.txt
551,user_90202189,/Users/reflowgang/Downloads/deanonymization_project/data/esrc/pool_en/candidate_summaries/user_90202189.txt
552,user_902af20f,/Users/reflowgang/Downloads/deanonymization_project/data/esrc/pool_en/candidate_summaries/user_902af20f.txt
553,user_903329bb,/Users/reflowgang/Downloads/deanonymization_project/data/esrc/pool_en/candidate_summaries/user_903329bb.txt
554,user_906e2423,/Users/reflowgang/Downloads/deanonymization_project/data/esrc/pool_en/candidate_summaries/user_906e2423.txt
555,user_90e5fee6,/Users/reflowgang/Downloads/deanonymization_project/data/esrc/pool_en/candidate_summaries/user_90e5fee6.txt
556,user_91321efa,/Users/reflowgang/Downloads/deanonymization_project/data/esrc/pool_en/candidate_summaries/user_91321efa.txt
557,user_916503d6,/Users/reflowgang/Downloads/deanonymization_project/data/esrc/pool_en/candidate_summaries/user_916503d6.txt
558,user_91db6e48,/Users/reflowgang/Downloads/deanonymization_project/data/esrc/pool_en/candidate_summaries/user_91db6e48.txt
559,user_91f5e7af,/Users/reflowgang/Downloads/deanonymization_project/data/esrc/pool_en/candidate_summaries/user_91f5e7af.txt
560,user_91f807b9,/Users/reflowgang/Downloads/deanonymization_project/data/esrc/pool_en/candidate_summaries/user_91f807b9.txt
561,user_920c074a,/Users/reflowgang/Downloads/deanonymization_project/data/esrc/pool_en/candidate_summaries/user_920c074a.txt
562,user_92fe4471,/Users/reflowgang/Downloads/deanonymization_project/data/esrc/pool_en/candidate_summaries/user_92fe4471.txt
563,user_930dc61d,/Users/reflowgang/Downloads/deanonymization_project/data/esrc/pool_en/candidate_summaries/user_930dc61d.txt
564,user_9351238d,/Users/reflowgang/Downloads/deanonymization_project/data/esrc/pool_en/candidate_summaries/user_9351238d.txt
565,user_938164a5,/Users/reflowgang/Downloads/deanonymization_project/data/esrc/pool_en/candidate_summaries/user_938164a5.txt
566,user_93cdb7a1,/Users/reflowgang/Downloads/deanonymization_project/data/esrc/pool_en/candidate_summaries/user_93cdb7a1.txt
567,user_940c7213,/Users/reflowgang/Downloads/deanonymization_project/data/esrc/pool_en/candidate_summaries/user_940c7213.txt
568,user_942ff21e,/Users/reflowgang/Downloads/deanonymization_project/data/esrc/pool_en/candidate_summaries/user_942ff21e.txt
569,user_943e4045,/Users/reflowgang/Downloads/deanonymization_project/data/esrc/pool_en/candidate_summaries/user_943e4045.txt
570,user_94cad3a5,/Users/reflowgang/Downloads/deanonymization_project/data/esrc/pool_en/candidate_summaries/user_94cad3a5.txt
571,user_94f185bc,/Users/reflowgang/Downloads/deanonymization_project/data/esrc/pool_en/candidate_summaries/user_94f185bc.txt
572,user_94f4a027,/Users/reflowgang/Downloads/deanonymization_project/data/esrc/pool_en/candidate_summaries/user_94f4a027.txt
573,user_954805d7,/Users/reflowgang/Downloads/deanonymization_project/data/esrc/pool_en/candidate_summaries/user_954805d7.txt
574,user_9571d0d5,/Users/reflowgang/Downloads/deanonymization_project/data/esrc/pool_en/candidate_summaries/user_9571d0d5.txt
575,user_959adfc8,/Users/reflowgang/Downloads/deanonymization_project/data/esrc/pool_en/candidate_summaries/user_959adfc8.txt
576,user_95d648bc,/Users/reflowgang/Downloads/deanonymization_project/data/esrc/pool_en/candidate_summaries/user_95d648bc.txt
577,user_9600e8bf,/Users/reflowgang/Downloads/deanonymization_project/data/esrc/pool_en/candidate_summaries/user_9600e8bf.txt
578,user_96013176,/Users/reflowgang/Downloads/deanonymization_project/data/esrc/pool_en/candidate_summaries/user_96013176.txt
579,user_9692f077,/Users/reflowgang/Downloads/deanonymization_project/data/esrc/pool_en/candidate_summaries/user_9692f077.txt
580,user_96a45b45,/Users/reflowgang/Downloads/deanonymization_project/data/esrc/pool_en/candidate_summaries/user_96a45b45.txt
581,user_96c3cc43,/Users/reflowgang/Downloads/deanonymization_project/data/esrc/pool_en/candidate_summaries/user_96c3cc43.txt
582,user_96d9cb9a,/Users/reflowgang/Downloads/deanonymization_project/data/esrc/pool_en/candidate_summaries/user_96d9cb9a.txt
583,user_970963fd,/Users/reflowgang/Downloads/deanonymization_project/data/esrc/pool_en/candidate_summaries/user_970963fd.txt
584,user_97330742,/Users/reflowgang/Downloads/deanonymization_project/data/esrc/pool_en/candidate_summaries/user_97330742.txt
585,user_979ee068,/Users/reflowgang/Downloads/deanonymization_project/data/esrc/pool_en/candidate_summaries/user_979ee068.txt
586,user_9818dcae,/Users/reflowgang/Downloads/deanonymization_project/data/esrc/pool_en/candidate_summaries/user_9818dcae.txt
587,user_98a676ce,/Users/reflowgang/Downloads/deanonymization_project/data/esrc/pool_en/candidate_summaries/user_98a676ce.txt
588,user_98ca16a6,/Users/reflowgang/Downloads/deanonymization_project/data/esrc/pool_en/candidate_summaries/user_98ca16a6.txt
589,user_98f18241,/Users/reflowgang/Downloads/deanonymization_project/data/esrc/pool_en/candidate_summaries/user_98f18241.txt
590,user_9991e1d8,/Users/reflowgang/Downloads/deanonymization_project/data/esrc/pool_en/candidate_summaries/user_9991e1d8.txt
591,user_99c67f2f,/Users/reflowgang/Downloads/deanonymization_project/data/esrc/pool_en/candidate_summaries/user_99c67f2f.txt
592,user_9a307ebe,/Users/reflowgang/Downloads/deanonymization_project/data/esrc/pool_en/candidate_summaries/user_9a307ebe.txt
593,user_9a5457b0,/Users/reflowgang/Downloads/deanonymization_project/data/esrc/pool_en/candidate_summaries/user_9a5457b0.txt
594,user_9b517815,/Users/reflowgang/Downloads/deanonymization_project/data/esrc/pool_en/candidate_summaries/user_9b517815.txt
595,user_9b6481e4,/Users/reflowgang/Downloads/deanonymization_project/data/esrc/pool_en/candidate_summaries/user_9b6481e4.txt
596,user_9bee2a7c,/Users/reflowgang/Downloads/deanonymization_project/data/esrc/pool_en/candidate_summaries/user_9bee2a7c.txt
597,user_9c5071dd,/Users/reflowgang/Downloads/deanonymization_project/data/esrc/pool_en/candidate_summaries/user_9c5071dd.txt
598,user_9c5cd7fa,/Users/reflowgang/Downloads/deanonymization_project/data/esrc/pool_en/candidate_summaries/user_9c5cd7fa.txt
599,user_9c5e4782,/Users/reflowgang/Downloads/deanonymization_project/data/esrc/pool_en/candidate_summaries/user_9c5e4782.txt
600,user_9c7183c8,/Users/reflowgang/Downloads/deanonymization_project/data/esrc/pool_en/candidate_summaries/user_9c7183c8.txt
601,user_9c88ee3d,/Users/reflowgang/Downloads/deanonymization_project/data/esrc/pool_en/candidate_summaries/user_9c88ee3d.txt
602,user_9ce96cbf,/Users/reflowgang/Downloads/deanonymization_project/data/esrc/pool_en/candidate_summaries/user_9ce96cbf.txt
603,user_9d65649f,/Users/reflowgang/Downloads/deanonymization_project/data/esrc/pool_en/candidate_summaries/user_9d65649f.txt
604,user_9d786aa8,/Users/reflowgang/Downloads/deanonymization_project/data/esrc/pool_en/candidate_summaries/user_9d786aa8.txt
605,user_9d8095fc,/Users/reflowgang/Downloads/deanonymization_project/data/esrc/pool_en/candidate_summaries/user_9d8095fc.txt
606,user_9d9fba70,/Users/reflowgang/Downloads/deanonymization_project/data/esrc/pool_en/candidate_summaries/user_9d9fba70.txt
607,user_9da8848a,/Users/reflowgang/Downloads/deanonymization_project/data/esrc/pool_en/candidate_summaries/user_9da8848a.txt
608,user_9dda4af9,/Users/reflowgang/Downloads/deanonymization_project/data/esrc/pool_en/candidate_summaries/user_9dda4af9.txt
609,user_9e328c4e,/Users/reflowgang/Downloads/deanonymization_project/data/esrc/pool_en/candidate_summaries/user_9e328c4e.txt
610,user_9e39a95d,/Users/reflowgang/Downloads/deanonymization_project/data/esrc/pool_en/candidate_summaries/user_9e39a95d.txt
611,user_9ee84e18,/Users/reflowgang/Downloads/deanonymization_project/data/esrc/pool_en/candidate_summaries/user_9ee84e18.txt
612,user_9f6180c4,/Users/reflowgang/Downloads/deanonymization_project/data/esrc/pool_en/candidate_summaries/user_9f6180c4.txt
613,user_9f81cfba,/Users/reflowgang/Downloads/deanonymization_project/data/esrc/pool_en/candidate_summaries/user_9f81cfba.txt
614,user_9fc3c829,/Users/reflowgang/Downloads/deanonymization_project/data/esrc/pool_en/candidate_summaries/user_9fc3c829.txt
615,user_9fe4e0f5,/Users/reflowgang/Downloads/deanonymization_project/data/esrc/pool_en/candidate_summaries/user_9fe4e0f5.txt
616,user_9fefea54,/Users/reflowgang/Downloads/deanonymization_project/data/esrc/pool_en/candidate_summaries/user_9fefea54.txt
617,user_9ff844ba,/Users/reflowgang/Downloads/deanonymization_project/data/esrc/pool_en/candidate_summaries/user_9ff844ba.txt
618,user_9ffdf5e5,/Users/reflowgang/Downloads/deanonymization_project/data/esrc/pool_en/candidate_summaries/user_9ffdf5e5.txt
619,user_a00e0552,/Users/reflowgang/Downloads/deanonymization_project/data/esrc/pool_en/candidate_summaries/user_a00e0552.txt
620,user_a01f16ac,/Users/reflowgang/Downloads/deanonymization_project/data/esrc/pool_en/candidate_summaries/user_a01f16ac.txt
621,user_a04b2a78,/Users/reflowgang/Downloads/deanonymization_project/data/esrc/pool_en/candidate_summaries/user_a04b2a78.txt
622,user_a0517bef,/Users/reflowgang/Downloads/deanonymization_project/data/esrc/pool_en/candidate_summaries/user_a0517bef.txt
623,user_a0f5ae47,/Users/reflowgang/Downloads/deanonymization_project/data/esrc/pool_en/candidate_summaries/user_a0f5ae47.txt
624,user_a0fa40f1,/Users/reflowgang/Downloads/deanonymization_project/data/esrc/pool_en/candidate_summaries/user_a0fa40f1.txt
625,user_a151ddab,/Users/reflowgang/Downloads/deanonymization_project/data/esrc/pool_en/candidate_summaries/user_a151ddab.txt
626,user_a16d1fb6,/Users/reflowgang/Downloads/deanonymization_project/data/esrc/pool_en/candidate_summaries/user_a16d1fb6.txt
627,user_a1aa757b,/Users/reflowgang/Downloads/deanonymization_project/data/esrc/pool_en/candidate_summaries/user_a1aa757b.txt
628,user_a1b097c2,/Users/reflowgang/Downloads/deanonymization_project/data/esrc/pool_en/candidate_summaries/user_a1b097c2.txt
629,user_a2480011,/Users/reflowgang/Downloads/deanonymization_project/data/esrc/pool_en/candidate_summaries/user_a2480011.txt
630,user_a2503734,/Users/reflowgang/Downloads/deanonymization_project/data/esrc/pool_en/candidate_summaries/user_a2503734.txt
631,user_a2825b06,/Users/reflowgang/Downloads/deanonymization_project/data/esrc/pool_en/candidate_summaries/user_a2825b06.txt
632,user_a2c3ed1f,/Users/reflowgang/Downloads/deanonymization_project/data/esrc/pool_en/candidate_summaries/user_a2c3ed1f.txt
633,user_a2f8bfd2,/Users/reflowgang/Downloads/deanonymization_project/data/esrc/pool_en/candidate_summaries/user_a2f8bfd2.txt
634,user_a328a751,/Users/reflowgang/Downloads/deanonymization_project/data/esrc/pool_en/candidate_summaries/user_a328a751.txt
635,user_a346dfc4,/Users/reflowgang/Downloads/deanonymization_project/data/esrc/pool_en/candidate_summaries/user_a346dfc4.txt
636,user_a3a4a20a,/Users/reflowgang/Downloads/deanonymization_project/data/esrc/pool_en/candidate_summaries/user_a3a4a20a.txt
637,user_a411fb06,/Users/reflowgang/Downloads/deanonymization_project/data/esrc/pool_en/candidate_summaries/user_a411fb06.txt
638,user_a4893af1,/Users/reflowgang/Downloads/deanonymization_project/data/esrc/pool_en/candidate_summaries/user_a4893af1.txt
639,user_a4a77a7d,/Users/reflowgang/Downloads/deanonymization_project/data/esrc/pool_en/candidate_summaries/user_a4a77a7d.txt
640,user_a4aab257,/Users/reflowgang/Downloads/deanonymization_project/data/esrc/pool_en/candidate_summaries/user_a4aab257.txt
641,user_a4ae4e77,/Users/reflowgang/Downloads/deanonymization_project/data/esrc/pool_en/candidate_summaries/user_a4ae4e77.txt
642,user_a52dd639,/Users/reflowgang/Downloads/deanonymization_project/data/esrc/pool_en/candidate_summaries/user_a52dd639.txt
643,user_a57a04fa,/Users/reflowgang/Downloads/deanonymization_project/data/esrc/pool_en/candidate_summaries/user_a57a04fa.txt
644,user_a57e47b1,/Users/reflowgang/Downloads/deanonymization_project/data/esrc/pool_en/candidate_summaries/user_a57e47b1.txt
645,user_a5d9fab6,/Users/reflowgang/Downloads/deanonymization_project/data/esrc/pool_en/candidate_summaries/user_a5d9fab6.txt
646,user_a5e548ce,/Users/reflowgang/Downloads/deanonymization_project/data/esrc/pool_en/candidate_summaries/user_a5e548ce.txt
647,user_a615a6d1,/Users/reflowgang/Downloads/deanonymization_project/data/esrc/pool_en/candidate_summaries/user_a615a6d1.txt
648,user_a61b0d31,/Users/reflowgang/Downloads/deanonymization_project/data/esrc/pool_en/candidate_summaries/user_a61b0d31.txt
649,user_a6a094cf,/Users/reflowgang/Downloads/deanonymization_project/data/esrc/pool_en/candidate_summaries/user_a6a094cf.txt
650,user_a6c2e760,/Users/reflowgang/Downloads/deanonymization_project/data/esrc/pool_en/candidate_summaries/user_a6c2e760.txt
651,user_a6c5a10c,/Users/reflowgang/Downloads/deanonymization_project/data/esrc/pool_en/candidate_summaries/user_a6c5a10c.txt
652,user_a7145605,/Users/reflowgang/Downloads/deanonymization_project/data/esrc/pool_en/candidate_summaries/user_a7145605.txt
653,user_a743aff9,/Users/reflowgang/Downloads/deanonymization_project/data/esrc/pool_en/candidate_summaries/user_a743aff9.txt
654,user_a74b4eeb,/Users/reflowgang/Downloads/deanonymization_project/data/esrc/pool_en/candidate_summaries/user_a74b4eeb.txt
655,user_a75b16f2,/Users/reflowgang/Downloads/deanonymization_project/data/esrc/pool_en/candidate_summaries/user_a75b16f2.txt
656,user_a75b4d6e,/Users/reflowgang/Downloads/deanonymization_project/data/esrc/pool_en/candidate_summaries/user_a75b4d6e.txt
657,user_a7b901f2,/Users/reflowgang/Downloads/deanonymization_project/data/esrc/pool_en/candidate_summaries/user_a7b901f2.txt
658,user_a7bfc229,/Users/reflowgang/Downloads/deanonymization_project/data/esrc/pool_en/candidate_summaries/user_a7bfc229.txt
659,user_a7c6197a,/Users/reflowgang/Downloads/deanonymization_project/data/esrc/pool_en/candidate_summaries/user_a7c6197a.txt
660,user_a7f8db34,/Users/reflowgang/Downloads/deanonymization_project/data/esrc/pool_en/candidate_summaries/user_a7f8db34.txt
661,user_a8c2208d,/Users/reflowgang/Downloads/deanonymization_project/data/esrc/pool_en/candidate_summaries/user_a8c2208d.txt
662,user_a8dc91a3,/Users/reflowgang/Downloads/deanonymization_project/data/esrc/pool_en/candidate_summaries/user_a8dc91a3.txt
663,user_a973cf8e,/Users/reflowgang/Downloads/deanonymization_project/data/esrc/pool_en/candidate_summaries/user_a973cf8e.txt
664,user_a993555f,/Users/reflowgang/Downloads/deanonymization_project/data/esrc/pool_en/candidate_summaries/user_a993555f.txt
665,user_a9ed2c9e,/Users/reflowgang/Downloads/deanonymization_project/data/esrc/pool_en/candidate_summaries/user_a9ed2c9e.txt
666,user_a9ed5193,/Users/reflowgang/Downloads/deanonymization_project/data/esrc/pool_en/candidate_summaries/user_a9ed5193.txt
667,user_aa08d5a8,/Users/reflowgang/Downloads/deanonymization_project/data/esrc/pool_en/candidate_summaries/user_aa08d5a8.txt
668,user_aa19d173,/Users/reflowgang/Downloads/deanonymization_project/data/esrc/pool_en/candidate_summaries/user_aa19d173.txt
669,user_aa2fbe83,/Users/reflowgang/Downloads/deanonymization_project/data/esrc/pool_en/candidate_summaries/user_aa2fbe83.txt
670,user_aa31484a,/Users/reflowgang/Downloads/deanonymization_project/data/esrc/pool_en/candidate_summaries/user_aa31484a.txt
671,user_aa4cc34a,/Users/reflowgang/Downloads/deanonymization_project/data/esrc/pool_en/candidate_summaries/user_aa4cc34a.txt
672,user_aaa1e595,/Users/reflowgang/Downloads/deanonymization_project/data/esrc/pool_en/candidate_summaries/user_aaa1e595.txt
673,user_aabd2642,/Users/reflowgang/Downloads/deanonymization_project/data/esrc/pool_en/candidate_summaries/user_aabd2642.txt
674,user_aae78e0d,/Users/reflowgang/Downloads/deanonymization_project/data/esrc/pool_en/candidate_summaries/user_aae78e0d.txt
675,user_ab30f0fb,/Users/reflowgang/Downloads/deanonymization_project/data/esrc/pool_en/candidate_summaries/user_ab30f0fb.txt
676,user_ab434739,/Users/reflowgang/Downloads/deanonymization_project/data/esrc/pool_en/candidate_summaries/user_ab434739.txt
677,user_ab439a92,/Users/reflowgang/Downloads/deanonymization_project/data/esrc/pool_en/candidate_summaries/user_ab439a92.txt
678,user_ab5592eb,/Users/reflowgang/Downloads/deanonymization_project/data/esrc/pool_en/candidate_summaries/user_ab5592eb.txt
679,user_ab86ab82,/Users/reflowgang/Downloads/deanonymization_project/data/esrc/pool_en/candidate_summaries/user_ab86ab82.txt
680,user_ab8e847b,/Users/reflowgang/Downloads/deanonymization_project/data/esrc/pool_en/candidate_summaries/user_ab8e847b.txt
681,user_abde0618,/Users/reflowgang/Downloads/deanonymization_project/data/esrc/pool_en/candidate_summaries/user_abde0618.txt
682,user_ac6d6bff,/Users/reflowgang/Downloads/deanonymization_project/data/esrc/pool_en/candidate_summaries/user_ac6d6bff.txt
683,user_ac6e9129,/Users/reflowgang/Downloads/deanonymization_project/data/esrc/pool_en/candidate_summaries/user_ac6e9129.txt
684,user_acb51eed,/Users/reflowgang/Downloads/deanonymization_project/data/esrc/pool_en/candidate_summaries/user_acb51eed.txt
685,user_acb899e9,/Users/reflowgang/Downloads/deanonymization_project/data/esrc/pool_en/candidate_summaries/user_acb899e9.txt
686,user_acd6ddfb,/Users/reflowgang/Downloads/deanonymization_project/data/esrc/pool_en/candidate_summaries/user_acd6ddfb.txt
687,user_ad15a0a4,/Users/reflowgang/Downloads/deanonymization_project/data/esrc/pool_en/candidate_summaries/user_ad15a0a4.txt
688,user_adab54a0,/Users/reflowgang/Downloads/deanonymization_project/data/esrc/pool_en/candidate_summaries/user_adab54a0.txt
689,user_ae306850,/Users/reflowgang/Downloads/deanonymization_project/data/esrc/pool_en/candidate_summaries/user_ae306850.txt
690,user_ae8d12ce,/Users/reflowgang/Downloads/deanonymization_project/data/esrc/pool_en/candidate_summaries/user_ae8d12ce.txt
691,user_afff552a,/Users/reflowgang/Downloads/deanonymization_project/data/esrc/pool_en/candidate_summaries/user_afff552a.txt
692,user_b0129d9e,/Users/reflowgang/Downloads/deanonymization_project/data/esrc/pool_en/candidate_summaries/user_b0129d9e.txt
693,user_b14ec02b,/Users/reflowgang/Downloads/deanonymization_project/data/esrc/pool_en/candidate_summaries/user_b14ec02b.txt
694,user_b16e0cf8,/Users/reflowgang/Downloads/deanonymization_project/data/esrc/pool_en/candidate_summaries/user_b16e0cf8.txt
695,user_b1a5a37e,/Users/reflowgang/Downloads/deanonymization_project/data/esrc/pool_en/candidate_summaries/user_b1a5a37e.txt
696,user_b1c16312,/Users/reflowgang/Downloads/deanonymization_project/data/esrc/pool_en/candidate_summaries/user_b1c16312.txt
697,user_b1d0760b,/Users/reflowgang/Downloads/deanonymization_project/data/esrc/pool_en/candidate_summaries/user_b1d0760b.txt
698,user_b23aa915,/Users/reflowgang/Downloads/deanonymization_project/data/esrc/pool_en/candidate_summaries/user_b23aa915.txt
699,user_b2aba63a,/Users/reflowgang/Downloads/deanonymization_project/data/esrc/pool_en/candidate_summaries/user_b2aba63a.txt
700,user_b2dd04c8,/Users/reflowgang/Downloads/deanonymization_project/data/esrc/pool_en/candidate_summaries/user_b2dd04c8.txt
701,user_b2f3c0d2,/Users/reflowgang/Downloads/deanonymization_project/data/esrc/pool_en/candidate_summaries/user_b2f3c0d2.txt
702,user_b325310b,/Users/reflowgang/Downloads/deanonymization_project/data/esrc/pool_en/candidate_summaries/user_b325310b.txt
703,user_b337cb0c,/Users/reflowgang/Downloads/deanonymization_project/data/esrc/pool_en/candidate_summaries/user_b337cb0c.txt
704,user_b350e22b,/Users/reflowgang/Downloads/deanonymization_project/data/esrc/pool_en/candidate_summaries/user_b350e22b.txt
705,user_b4214db6,/Users/reflowgang/Downloads/deanonymization_project/data/esrc/pool_en/candidate_summaries/user_b4214db6.txt
706,user_b429ec64,/Users/reflowgang/Downloads/deanonymization_project/data/esrc/pool_en/candidate_summaries/user_b429ec64.txt
707,user_b45d0d20,/Users/reflowgang/Downloads/deanonymization_project/data/esrc/pool_en/candidate_summaries/user_b45d0d20.txt
708,user_b49274ca,/Users/reflowgang/Downloads/deanonymization_project/data/esrc/pool_en/candidate_summaries/user_b49274ca.txt
709,user_b4d7e69a,/Users/reflowgang/Downloads/deanonymization_project/data/esrc/pool_en/candidate_summaries/user_b4d7e69a.txt
710,user_b4f295b3,/Users/reflowgang/Downloads/deanonymization_project/data/esrc/pool_en/candidate_summaries/user_b4f295b3.txt
711,user_b563e90b,/Users/reflowgang/Downloads/deanonymization_project/data/esrc/pool_en/candidate_summaries/user_b563e90b.txt
712,user_b58aa810,/Users/reflowgang/Downloads/deanonymization_project/data/esrc/pool_en/candidate_summaries/user_b58aa810.txt
713,user_b5af9db9,/Users/reflowgang/Downloads/deanonymization_project/data/esrc/pool_en/candidate_summaries/user_b5af9db9.txt
714,user_b605d5c9,/Users/reflowgang/Downloads/deanonymization_project/data/esrc/pool_en/candidate_summaries/user_b605d5c9.txt
715,user_b628264a,/Users/reflowgang/Downloads/deanonymization_project/data/esrc/pool_en/candidate_summaries/user_b628264a.txt
716,user_b6350ec1,/Users/reflowgang/Downloads/deanonymization_project/data/esrc/pool_en/candidate_summaries/user_b6350ec1.txt
717,user_b63ea1d4,/Users/reflowgang/Downloads/deanonymization_project/data/esrc/pool_en/candidate_summaries/user_b63ea1d4.txt
718,user_b6b89f00,/Users/reflowgang/Downloads/deanonymization_project/data/esrc/pool_en/candidate_summaries/user_b6b89f00.txt
719,user_b6d05d1d,/Users/reflowgang/Downloads/deanonymization_project/data/esrc/pool_en/candidate_summaries/user_b6d05d1d.txt
720,user_b78601b5,/Users/reflowgang/Downloads/deanonymization_project/data/esrc/pool_en/candidate_summaries/user_b78601b5.txt
721,user_b7ba6422,/Users/reflowgang/Downloads/deanonymization_project/data/esrc/pool_en/candidate_summaries/user_b7ba6422.txt
722,user_b7f60e64,/Users/reflowgang/Downloads/deanonymization_project/data/esrc/pool_en/candidate_summaries/user_b7f60e64.txt
723,user_b888c512,/Users/reflowgang/Downloads/deanonymization_project/data/esrc/pool_en/candidate_summaries/user_b888c512.txt
724,user_b8daec75,/Users/reflowgang/Downloads/deanonymization_project/data/esrc/pool_en/candidate_summaries/user_b8daec75.txt
725,user_b8f24804,/Users/reflowgang/Downloads/deanonymization_project/data/esrc/pool_en/candidate_summaries/user_b8f24804.txt
726,user_b9036662,/Users/reflowgang/Downloads/deanonymization_project/data/esrc/pool_en/candidate_summaries/user_b9036662.txt
727,user_b9b94432,/Users/reflowgang/Downloads/deanonymization_project/data/esrc/pool_en/candidate_summaries/user_b9b94432.txt
728,user_b9d253e8,/Users/reflowgang/Downloads/deanonymization_project/data/esrc/pool_en/candidate_summaries/user_b9d253e8.txt
729,user_ba010eec,/Users/reflowgang/Downloads/deanonymization_project/data/esrc/pool_en/candidate_summaries/user_ba010eec.txt
730,user_ba085464,/Users/reflowgang/Downloads/deanonymization_project/data/esrc/pool_en/candidate_summaries/user_ba085464.txt
731,user_ba463257,/Users/reflowgang/Downloads/deanonymization_project/data/esrc/pool_en/candidate_summaries/user_ba463257.txt
732,user_ba4a78fc,/Users/reflowgang/Downloads/deanonymization_project/data/esrc/pool_en/candidate_summaries/user_ba4a78fc.txt
733,user_ba4f42bb,/Users/reflowgang/Downloads/deanonymization_project/data/esrc/pool_en/candidate_summaries/user_ba4f42bb.txt
734,user_ba8b1c05,/Users/reflowgang/Downloads/deanonymization_project/data/esrc/pool_en/candidate_summaries/user_ba8b1c05.txt
735,user_baa70592,/Users/reflowgang/Downloads/deanonymization_project/data/esrc/pool_en/candidate_summaries/user_baa70592.txt
736,user_baeb91b3,/Users/reflowgang/Downloads/deanonymization_project/data/esrc/pool_en/candidate_summaries/user_baeb91b3.txt
737,user_baf68fe9,/Users/reflowgang/Downloads/deanonymization_project/data/esrc/pool_en/candidate_summaries/user_baf68fe9.txt
738,user_bb8be7e3,/Users/reflowgang/Downloads/deanonymization_project/data/esrc/pool_en/candidate_summaries/user_bb8be7e3.txt
739,user_bbb0205e,/Users/reflowgang/Downloads/deanonymization_project/data/esrc/pool_en/candidate_summaries/user_bbb0205e.txt
740,user_bbcbf015,/Users/reflowgang/Downloads/deanonymization_project/data/esrc/pool_en/candidate_summaries/user_bbcbf015.txt
741,user_bbe73426,/Users/reflowgang/Downloads/deanonymization_project/data/esrc/pool_en/candidate_summaries/user_bbe73426.txt
742,user_bd05225b,/Users/reflowgang/Downloads/deanonymization_project/data/esrc/pool_en/candidate_summaries/user_bd05225b.txt
743,user_bd19a016,/Users/reflowgang/Downloads/deanonymization_project/data/esrc/pool_en/candidate_summaries/user_bd19a016.txt
744,user_bd47000f,/Users/reflowgang/Downloads/deanonymization_project/data/esrc/pool_en/candidate_summaries/user_bd47000f.txt
745,user_bd6a40d5,/Users/reflowgang/Downloads/deanonymization_project/data/esrc/pool_en/candidate_summaries/user_bd6a40d5.txt
746,user_bdcc6e7d,/Users/reflowgang/Downloads/deanonymization_project/data/esrc/pool_en/candidate_summaries/user_bdcc6e7d.txt
747,user_be018f9d,/Users/reflowgang/Downloads/deanonymization_project/data/esrc/pool_en/candidate_summaries/user_be018f9d.txt
748,user_be06391b,/Users/reflowgang/Downloads/deanonymization_project/data/esrc/pool_en/candidate_summaries/user_be06391b.txt
749,user_beca29a3,/Users/reflowgang/Downloads/deanonymization_project/data/esrc/pool_en/candidate_summaries/user_beca29a3.txt
750,user_bf30f80d,/Users/reflowgang/Downloads/deanonymization_project/data/esrc/pool_en/candidate_summaries/user_bf30f80d.txt
751,user_bf69de98,/Users/reflowgang/Downloads/deanonymization_project/data/esrc/pool_en/candidate_summaries/user_bf69de98.txt
752,user_c008345b,/Users/reflowgang/Downloads/deanonymization_project/data/esrc/pool_en/candidate_summaries/user_c008345b.txt
753,user_c0392523,/Users/reflowgang/Downloads/deanonymization_project/data/esrc/pool_en/candidate_summaries/user_c0392523.txt
754,user_c06d9b71,/Users/reflowgang/Downloads/deanonymization_project/data/esrc/pool_en/candidate_summaries/user_c06d9b71.txt
755,user_c0eba9f2,/Users/reflowgang/Downloads/deanonymization_project/data/esrc/pool_en/candidate_summaries/user_c0eba9f2.txt
756,user_c130412b,/Users/reflowgang/Downloads/deanonymization_project/data/esrc/pool_en/candidate_summaries/user_c130412b.txt
757,user_c154e834,/Users/reflowgang/Downloads/deanonymization_project/data/esrc/pool_en/candidate_summaries/user_c154e834.txt
758,user_c157ca97,/Users/reflowgang/Downloads/deanonymization_project/data/esrc/pool_en/candidate_summaries/user_c157ca97.txt
759,user_c1718b7b,/Users/reflowgang/Downloads/deanonymization_project/data/esrc/pool_en/candidate_summaries/user_c1718b7b.txt
760,user_c1a70ab7,/Users/reflowgang/Downloads/deanonymization_project/data/esrc/pool_en/candidate_summaries/user_c1a70ab7.txt
761,user_c1aa2063,/Users/reflowgang/Downloads/deanonymization_project/data/esrc/pool_en/candidate_summaries/user_c1aa2063.txt
762,user_c204a1dd,/Users/reflowgang/Downloads/deanonymization_project/data/esrc/pool_en/candidate_summaries/user_c204a1dd.txt
763,user_c2f18cf7,/Users/reflowgang/Downloads/deanonymization_project/data/esrc/pool_en/candidate_summaries/user_c2f18cf7.txt
764,user_c3040c7c,/Users/reflowgang/Downloads/deanonymization_project/data/esrc/pool_en/candidate_summaries/user_c3040c7c.txt
765,user_c32db875,/Users/reflowgang/Downloads/deanonymization_project/data/esrc/pool_en/candidate_summaries/user_c32db875.txt
766,user_c34e791e,/Users/reflowgang/Downloads/deanonymization_project/data/esrc/pool_en/candidate_summaries/user_c34e791e.txt
767,user_c34f1f4d,/Users/reflowgang/Downloads/deanonymization_project/data/esrc/pool_en/candidate_summaries/user_c34f1f4d.txt
768,user_c35d6565,/Users/reflowgang/Downloads/deanonymization_project/data/esrc/pool_en/candidate_summaries/user_c35d6565.txt
769,user_c39d41d7,/Users/reflowgang/Downloads/deanonymization_project/data/esrc/pool_en/candidate_summaries/user_c39d41d7.txt
770,user_c41de62b,/Users/reflowgang/Downloads/deanonymization_project/data/esrc/pool_en/candidate_summaries/user_c41de62b.txt
771,user_c4b781ce,/Users/reflowgang/Downloads/deanonymization_project/data/esrc/pool_en/candidate_summaries/user_c4b781ce.txt
772,user_c4c70447,/Users/reflowgang/Downloads/deanonymization_project/data/esrc/pool_en/candidate_summaries/user_c4c70447.txt
773,user_c50a487d,/Users/reflowgang/Downloads/deanonymization_project/data/esrc/pool_en/candidate_summaries/user_c50a487d.txt
774,user_c536b01d,/Users/reflowgang/Downloads/deanonymization_project/data/esrc/pool_en/candidate_summaries/user_c536b01d.txt
775,user_c59ebe9c,/Users/reflowgang/Downloads/deanonymization_project/data/esrc/pool_en/candidate_summaries/user_c59ebe9c.txt
776,user_c5c57a9d,/Users/reflowgang/Downloads/deanonymization_project/data/esrc/pool_en/candidate_summaries/user_c5c57a9d.txt
777,user_c5f32c0d,/Users/reflowgang/Downloads/deanonymization_project/data/esrc/pool_en/candidate_summaries/user_c5f32c0d.txt
778,user_c60d65b5,/Users/reflowgang/Downloads/deanonymization_project/data/esrc/pool_en/candidate_summaries/user_c60d65b5.txt
779,user_c67f26cc,/Users/reflowgang/Downloads/deanonymization_project/data/esrc/pool_en/candidate_summaries/user_c67f26cc.txt
780,user_c6dc9323,/Users/reflowgang/Downloads/deanonymization_project/data/esrc/pool_en/candidate_summaries/user_c6dc9323.txt
781,user_c6f50d12,/Users/reflowgang/Downloads/deanonymization_project/data/esrc/pool_en/candidate_summaries/user_c6f50d12.txt
782,user_c709e252,/Users/reflowgang/Downloads/deanonymization_project/data/esrc/pool_en/candidate_summaries/user_c709e252.txt
783,user_c73333a5,/Users/reflowgang/Downloads/deanonymization_project/data/esrc/pool_en/candidate_summaries/user_c73333a5.txt
784,user_c7beef01,/Users/reflowgang/Downloads/deanonymization_project/data/esrc/pool_en/candidate_summaries/user_c7beef01.txt
785,user_c809e3d2,/Users/reflowgang/Downloads/deanonymization_project/data/esrc/pool_en/candidate_summaries/user_c809e3d2.txt
786,user_c81fae29,/Users/reflowgang/Downloads/deanonymization_project/data/esrc/pool_en/candidate_summaries/user_c81fae29.txt
787,user_c883258f,/Users/reflowgang/Downloads/deanonymization_project/data/esrc/pool_en/candidate_summaries/user_c883258f.txt
788,user_c8e749e2,/Users/reflowgang/Downloads/deanonymization_project/data/esrc/pool_en/candidate_summaries/user_c8e749e2.txt
789,user_c8f82360,/Users/reflowgang/Downloads/deanonymization_project/data/esrc/pool_en/candidate_summaries/user_c8f82360.txt
790,user_c9007141,/Users/reflowgang/Downloads/deanonymization_project/data/esrc/pool_en/candidate_summaries/user_c9007141.txt
791,user_c903d3bb,/Users/reflowgang/Downloads/deanonymization_project/data/esrc/pool_en/candidate_summaries/user_c903d3bb.txt
792,user_c90ad79a,/Users/reflowgang/Downloads/deanonymization_project/data/esrc/pool_en/candidate_summaries/user_c90ad79a.txt
793,user_c92c8f83,/Users/reflowgang/Downloads/deanonymization_project/data/esrc/pool_en/candidate_summaries/user_c92c8f83.txt
794,user_c96b90fe,/Users/reflowgang/Downloads/deanonymization_project/data/esrc/pool_en/candidate_summaries/user_c96b90fe.txt
795,user_c994138f,/Users/reflowgang/Downloads/deanonymization_project/data/esrc/pool_en/candidate_summaries/user_c994138f.txt
796,user_ca130b8f,/Users/reflowgang/Downloads/deanonymization_project/data/esrc/pool_en/candidate_summaries/user_ca130b8f.txt
797,user_ca6074df,/Users/reflowgang/Downloads/deanonymization_project/data/esrc/pool_en/candidate_summaries/user_ca6074df.txt
798,user_caa6a7b6,/Users/reflowgang/Downloads/deanonymization_project/data/esrc/pool_en/candidate_summaries/user_caa6a7b6.txt
799,user_caaef3ca,/Users/reflowgang/Downloads/deanonymization_project/data/esrc/pool_en/candidate_summaries/user_caaef3ca.txt
800,user_caebed72,/Users/reflowgang/Downloads/deanonymization_project/data/esrc/pool_en/candidate_summaries/user_caebed72.txt
801,user_cb2fe204,/Users/reflowgang/Downloads/deanonymization_project/data/esrc/pool_en/candidate_summaries/user_cb2fe204.txt
802,user_cb8245f7,/Users/reflowgang/Downloads/deanonymization_project/data/esrc/pool_en/candidate_summaries/user_cb8245f7.txt
803,user_cbabbcee,/Users/reflowgang/Downloads/deanonymization_project/data/esrc/pool_en/candidate_summaries/user_cbabbcee.txt
804,user_cc1c8897,/Users/reflowgang/Downloads/deanonymization_project/data/esrc/pool_en/candidate_summaries/user_cc1c8897.txt
805,user_cce4f9c2,/Users/reflowgang/Downloads/deanonymization_project/data/esrc/pool_en/candidate_summaries/user_cce4f9c2.txt
806,user_cd100edd,/Users/reflowgang/Downloads/deanonymization_project/data/esrc/pool_en/candidate_summaries/user_cd100edd.txt
807,user_cda36a95,/Users/reflowgang/Downloads/deanonymization_project/data/esrc/pool_en/candidate_summaries/user_cda36a95.txt
808,user_cdd86523,/Users/reflowgang/Downloads/deanonymization_project/data/esrc/pool_en/candidate_summaries/user_cdd86523.txt
809,user_ce424e88,/Users/reflowgang/Downloads/deanonymization_project/data/esrc/pool_en/candidate_summaries/user_ce424e88.txt
810,user_cf393213,/Users/reflowgang/Downloads/deanonymization_project/data/esrc/pool_en/candidate_summaries/user_cf393213.txt
811,user_d023a78e,/Users/reflowgang/Downloads/deanonymization_project/data/esrc/pool_en/candidate_summaries/user_d023a78e.txt
812,user_d036c911,/Users/reflowgang/Downloads/deanonymization_project/data/esrc/pool_en/candidate_summaries/user_d036c911.txt
813,user_d074356a,/Users/reflowgang/Downloads/deanonymization_project/data/esrc/pool_en/candidate_summaries/user_d074356a.txt
814,user_d0a0f883,/Users/reflowgang/Downloads/deanonymization_project/data/esrc/pool_en/candidate_summaries/user_d0a0f883.txt
815,user_d0c1bf72,/Users/reflowgang/Downloads/deanonymization_project/data/esrc/pool_en/candidate_summaries/user_d0c1bf72.txt
816,user_d10d1f24,/Users/reflowgang/Downloads/deanonymization_project/data/esrc/pool_en/candidate_summaries/user_d10d1f24.txt
817,user_d14b7d7b,/Users/reflowgang/Downloads/deanonymization_project/data/esrc/pool_en/candidate_summaries/user_d14b7d7b.txt
818,user_d199bef3,/Users/reflowgang/Downloads/deanonymization_project/data/esrc/pool_en/candidate_summaries/user_d199bef3.txt
819,user_d1d16d30,/Users/reflowgang/Downloads/deanonymization_project/data/esrc/pool_en/candidate_summaries/user_d1d16d30.txt
820,user_d20928cc,/Users/reflowgang/Downloads/deanonymization_project/data/esrc/pool_en/candidate_summaries/user_d20928cc.txt
821,user_d2bd9832,/Users/reflowgang/Downloads/deanonymization_project/data/esrc/pool_en/candidate_summaries/user_d2bd9832.txt
822,user_d2c97c8e,/Users/reflowgang/Downloads/deanonymization_project/data/esrc/pool_en/candidate_summaries/user_d2c97c8e.txt
823,user_d2e42f94,/Users/reflowgang/Downloads/deanonymization_project/data/esrc/pool_en/candidate_summaries/user_d2e42f94.txt
824,user_d3663143,/Users/reflowgang/Downloads/deanonymization_project/data/esrc/pool_en/candidate_summaries/user_d3663143.txt
825,user_d461f818,/Users/reflowgang/Downloads/deanonymization_project/data/esrc/pool_en/candidate_summaries/user_d461f818.txt
826,user_d499c752,/Users/reflowgang/Downloads/deanonymization_project/data/esrc/pool_en/candidate_summaries/user_d499c752.txt
827,user_d4b7e22e,/Users/reflowgang/Downloads/deanonymization_project/data/esrc/pool_en/candidate_summaries/user_d4b7e22e.txt
828,user_d4c7b4c0,/Users/reflowgang/Downloads/deanonymization_project/data/esrc/pool_en/candidate_summaries/user_d4c7b4c0.txt
829,user_d50d7985,/Users/reflowgang/Downloads/deanonymization_project/data/esrc/pool_en/candidate_summaries/user_d50d7985.txt
830,user_d5379647,/Users/reflowgang/Downloads/deanonymization_project/data/esrc/pool_en/candidate_summaries/user_d5379647.txt
831,user_d54f676e,/Users/reflowgang/Downloads/deanonymization_project/data/esrc/pool_en/candidate_summaries/user_d54f676e.txt
832,user_d5b21e00,/Users/reflowgang/Downloads/deanonymization_project/data/esrc/pool_en/candidate_summaries/user_d5b21e00.txt
833,user_d5d4fc6e,/Users/reflowgang/Downloads/deanonymization_project/data/esrc/pool_en/candidate_summaries/user_d5d4fc6e.txt
834,user_d6175d39,/Users/reflowgang/Downloads/deanonymization_project/data/esrc/pool_en/candidate_summaries/user_d6175d39.txt
835,user_d67450a8,/Users/reflowgang/Downloads/deanonymization_project/data/esrc/pool_en/candidate_summaries/user_d67450a8.txt
836,user_d691d016,/Users/reflowgang/Downloads/deanonymization_project/data/esrc/pool_en/candidate_summaries/user_d691d016.txt
837,user_d69d04b7,/Users/reflowgang/Downloads/deanonymization_project/data/esrc/pool_en/candidate_summaries/user_d69d04b7.txt
838,user_d6a91e61,/Users/reflowgang/Downloads/deanonymization_project/data/esrc/pool_en/candidate_summaries/user_d6a91e61.txt
839,user_d70942c1,/Users/reflowgang/Downloads/deanonymization_project/data/esrc/pool_en/candidate_summaries/user_d70942c1.txt
840,user_d758a0a1,/Users/reflowgang/Downloads/deanonymization_project/data/esrc/pool_en/candidate_summaries/user_d758a0a1.txt
841,user_d761140c,/Users/reflowgang/Downloads/deanonymization_project/data/esrc/pool_en/candidate_summaries/user_d761140c.txt
842,user_d7fde080,/Users/reflowgang/Downloads/deanonymization_project/data/esrc/pool_en/candidate_summaries/user_d7fde080.txt
843,user_d8335067,/Users/reflowgang/Downloads/deanonymization_project/data/esrc/pool_en/candidate_summaries/user_d8335067.txt
844,user_d849ac6e,/Users/reflowgang/Downloads/deanonymization_project/data/esrc/pool_en/candidate_summaries/user_d849ac6e.txt
845,user_d93b53bd,/Users/reflowgang/Downloads/deanonymization_project/data/esrc/pool_en/candidate_summaries/user_d93b53bd.txt
846,user_d955d7e2,/Users/reflowgang/Downloads/deanonymization_project/data/esrc/pool_en/candidate_summaries/user_d955d7e2.txt
847,user_d96972e5,/Users/reflowgang/Downloads/deanonymization_project/data/esrc/pool_en/candidate_summaries/user_d96972e5.txt
848,user_d9b8914f,/Users/reflowgang/Downloads/deanonymization_project/data/esrc/pool_en/candidate_summaries/user_d9b8914f.txt
849,user_da245b56,/Users/reflowgang/Downloads/deanonymization_project/data/esrc/pool_en/candidate_summaries/user_da245b56.txt
850,user_da51dede,/Users/reflowgang/Downloads/deanonymization_project/data/esrc/pool_en/candidate_summaries/user_da51dede.txt
851,user_dac2c359,/Users/reflowgang/Downloads/deanonymization_project/data/esrc/pool_en/candidate_summaries/user_dac2c359.txt
852,user_dae4304f,/Users/reflowgang/Downloads/deanonymization_project/data/esrc/pool_en/candidate_summaries/user_dae4304f.txt
853,user_daf37424,/Users/reflowgang/Downloads/deanonymization_project/data/esrc/pool_en/candidate_summaries/user_daf37424.txt
854,user_daf53db6,/Users/reflowgang/Downloads/deanonymization_project/data/esrc/pool_en/candidate_summaries/user_daf53db6.txt
855,user_daf59045,/Users/reflowgang/Downloads/deanonymization_project/data/esrc/pool_en/candidate_summaries/user_daf59045.txt
856,user_db4c3fb9,/Users/reflowgang/Downloads/deanonymization_project/data/esrc/pool_en/candidate_summaries/user_db4c3fb9.txt
857,user_dbbf562e,/Users/reflowgang/Downloads/deanonymization_project/data/esrc/pool_en/candidate_summaries/user_dbbf562e.txt
858,user_dbc4828c,/Users/reflowgang/Downloads/deanonymization_project/data/esrc/pool_en/candidate_summaries/user_dbc4828c.txt
859,user_dc20c886,/Users/reflowgang/Downloads/deanonymization_project/data/esrc/pool_en/candidate_summaries/user_dc20c886.txt
860,user_dc326993,/Users/reflowgang/Downloads/deanonymization_project/data/esrc/pool_en/candidate_summaries/user_dc326993.txt
861,user_dc32d458,/Users/reflowgang/Downloads/deanonymization_project/data/esrc/pool_en/candidate_summaries/user_dc32d458.txt
862,user_dca78fea,/Users/reflowgang/Downloads/deanonymization_project/data/esrc/pool_en/candidate_summaries/user_dca78fea.txt
863,user_dcf52d26,/Users/reflowgang/Downloads/deanonymization_project/data/esrc/pool_en/candidate_summaries/user_dcf52d26.txt
864,user_dd0bd02d,/Users/reflowgang/Downloads/deanonymization_project/data/esrc/pool_en/candidate_summaries/user_dd0bd02d.txt
865,user_dd1d7b22,/Users/reflowgang/Downloads/deanonymization_project/data/esrc/pool_en/candidate_summaries/user_dd1d7b22.txt
866,user_dd6e7bcb,/Users/reflowgang/Downloads/deanonymization_project/data/esrc/pool_en/candidate_summaries/user_dd6e7bcb.txt
867,user_ded778b8,/Users/reflowgang/Downloads/deanonymization_project/data/esrc/pool_en/candidate_summaries/user_ded778b8.txt
868,user_df3c19a7,/Users/reflowgang/Downloads/deanonymization_project/data/esrc/pool_en/candidate_summaries/user_df3c19a7.txt
869,user_df8dc9bb,/Users/reflowgang/Downloads/deanonymization_project/data/esrc/pool_en/candidate_summaries/user_df8dc9bb.txt
870,user_dffc0da5,/Users/reflowgang/Downloads/deanonymization_project/data/esrc/pool_en/candidate_summaries/user_dffc0da5.txt
871,user_e0c65725,/Users/reflowgang/Downloads/deanonymization_project/data/esrc/pool_en/candidate_summaries/user_e0c65725.txt
872,user_e10c98bb,/Users/reflowgang/Downloads/deanonymization_project/data/esrc/pool_en/candidate_summaries/user_e10c98bb.txt
873,user_e14b88a8,/Users/reflowgang/Downloads/deanonymization_project/data/esrc/pool_en/candidate_summaries/user_e14b88a8.txt
874,user_e1730a9c,/Users/reflowgang/Downloads/deanonymization_project/data/esrc/pool_en/candidate_summaries/user_e1730a9c.txt
875,user_e2e59795,/Users/reflowgang/Downloads/deanonymization_project/data/esrc/pool_en/candidate_summaries/user_e2e59795.txt
876,user_e30558fe,/Users/reflowgang/Downloads/deanonymization_project/data/esrc/pool_en/candidate_summaries/user_e30558fe.txt
877,user_e3ea7712,/Users/reflowgang/Downloads/deanonymization_project/data/esrc/pool_en/candidate_summaries/user_e3ea7712.txt
878,user_e3f9409b,/Users/reflowgang/Downloads/deanonymization_project/data/esrc/pool_en/candidate_summaries/user_e3f9409b.txt
879,user_e409a56d,/Users/reflowgang/Downloads/deanonymization_project/data/esrc/pool_en/candidate_summaries/user_e409a56d.txt
880,user_e4ab67b6,/Users/reflowgang/Downloads/deanonymization_project/data/esrc/pool_en/candidate_summaries/user_e4ab67b6.txt
881,user_e4f8ab0c,/Users/reflowgang/Downloads/deanonymization_project/data/esrc/pool_en/candidate_summaries/user_e4f8ab0c.txt
882,user_e51692a6,/Users/reflowgang/Downloads/deanonymization_project/data/esrc/pool_en/candidate_summaries/user_e51692a6.txt
883,user_e59c000f,/Users/reflowgang/Downloads/deanonymization_project/data/esrc/pool_en/candidate_summaries/user_e59c000f.txt
884,user_e5a6abbe,/Users/reflowgang/Downloads/deanonymization_project/data/esrc/pool_en/candidate_summaries/user_e5a6abbe.txt
885,user_e5beda2b,/Users/reflowgang/Downloads/deanonymization_project/data/esrc/pool_en/candidate_summaries/user_e5beda2b.txt
886,user_e5f67397,/Users/reflowgang/Downloads/deanonymization_project/data/esrc/pool_en/candidate_summaries/user_e5f67397.txt
887,user_e6057285,/Users/reflowgang/Downloads/deanonymization_project/data/esrc/pool_en/candidate_summaries/user_e6057285.txt
888,user_e64d80ba,/Users/reflowgang/Downloads/deanonymization_project/data/esrc/pool_en/candidate_summaries/user_e64d80ba.txt
889,user_e696f3ae,/Users/reflowgang/Downloads/deanonymization_project/data/esrc/pool_en/candidate_summaries/user_e696f3ae.txt
890,user_e6dd44b0,/Users/reflowgang/Downloads/deanonymization_project/data/esrc/pool_en/candidate_summaries/user_e6dd44b0.txt
891,user_e70b6a25,/Users/reflowgang/Downloads/deanonymization_project/data/esrc/pool_en/candidate_summaries/user_e70b6a25.txt
892,user_e7a55eac,/Users/reflowgang/Downloads/deanonymization_project/data/esrc/pool_en/candidate_summaries/user_e7a55eac.txt
893,user_e7f25600,/Users/reflowgang/Downloads/deanonymization_project/data/esrc/pool_en/candidate_summaries/user_e7f25600.txt
894,user_e7ff2beb,/Users/reflowgang/Downloads/deanonymization_project/data/esrc/pool_en/candidate_summaries/user_e7ff2beb.txt
895,user_e802076d,/Users/reflowgang/Downloads/deanonymization_project/data/esrc/pool_en/candidate_summaries/user_e802076d.txt
896,user_e838707b,/Users/reflowgang/Downloads/deanonymization_project/data/esrc/pool_en/candidate_summaries/user_e838707b.txt
897,user_e8613813,/Users/reflowgang/Downloads/deanonymization_project/data/esrc/pool_en/candidate_summaries/user_e8613813.txt
898,user_e88c308b,/Users/reflowgang/Downloads/deanonymization_project/data/esrc/pool_en/candidate_summaries/user_e88c308b.txt
899,user_e8a7be73,/Users/reflowgang/Downloads/deanonymization_project/data/esrc/pool_en/candidate_summaries/user_e8a7be73.txt
900,user_e8cdb142,/Users/reflowgang/Downloads/deanonymization_project/data/esrc/pool_en/candidate_summaries/user_e8cdb142.txt
901,user_e8d15537,/Users/reflowgang/Downloads/deanonymization_project/data/esrc/pool_en/candidate_summaries/user_e8d15537.txt
902,user_e8e9acac,/Users/reflowgang/Downloads/deanonymization_project/data/esrc/pool_en/candidate_summaries/user_e8e9acac.txt
903,user_e8ff8a9a,/Users/reflowgang/Downloads/deanonymization_project/data/esrc/pool_en/candidate_summaries/user_e8ff8a9a.txt
904,user_e931b2cd,/Users/reflowgang/Downloads/deanonymization_project/data/esrc/pool_en/candidate_summaries/user_e931b2cd.txt
905,user_e93dfaa2,/Users/reflowgang/Downloads/deanonymization_project/data/esrc/pool_en/candidate_summaries/user_e93dfaa2.txt
906,user_e94071c9,/Users/reflowgang/Downloads/deanonymization_project/data/esrc/pool_en/candidate_summaries/user_e94071c9.txt
907,user_e9d1886c,/Users/reflowgang/Downloads/deanonymization_project/data/esrc/pool_en/candidate_summaries/user_e9d1886c.txt
908,user_ea67f9c6,/Users/reflowgang/Downloads/deanonymization_project/data/esrc/pool_en/candidate_summaries/user_ea67f9c6.txt
909,user_eae91488,/Users/reflowgang/Downloads/deanonymization_project/data/esrc/pool_en/candidate_summaries/user_eae91488.txt
910,user_eafc973e,/Users/reflowgang/Downloads/deanonymization_project/data/esrc/pool_en/candidate_summaries/user_eafc973e.txt
911,user_eb0927d1,/Users/reflowgang/Downloads/deanonymization_project/data/esrc/pool_en/candidate_summaries/user_eb0927d1.txt
912,user_ebddf9c1,/Users/reflowgang/Downloads/deanonymization_project/data/esrc/pool_en/candidate_summaries/user_ebddf9c1.txt
913,user_ebe17c78,/Users/reflowgang/Downloads/deanonymization_project/data/esrc/pool_en/candidate_summaries/user_ebe17c78.txt
914,user_ec574395,/Users/reflowgang/Downloads/deanonymization_project/data/esrc/pool_en/candidate_summaries/user_ec574395.txt
915,user_ecba8131,/Users/reflowgang/Downloads/deanonymization_project/data/esrc/pool_en/candidate_summaries/user_ecba8131.txt
916,user_ecc1ca0a,/Users/reflowgang/Downloads/deanonymization_project/data/esrc/pool_en/candidate_summaries/user_ecc1ca0a.txt
917,user_ecd7b02a,/Users/reflowgang/Downloads/deanonymization_project/data/esrc/pool_en/candidate_summaries/user_ecd7b02a.txt
918,user_ece9bfd2,/Users/reflowgang/Downloads/deanonymization_project/data/esrc/pool_en/candidate_summaries/user_ece9bfd2.txt
919,user_eced69e7,/Users/reflowgang/Downloads/deanonymization_project/data/esrc/pool_en/candidate_summaries/user_eced69e7.txt
920,user_ecf8f97f,/Users/reflowgang/Downloads/deanonymization_project/data/esrc/pool_en/candidate_summaries/user_ecf8f97f.txt
921,user_ed1aaed8,/Users/reflowgang/Downloads/deanonymization_project/data/esrc/pool_en/candidate_summaries/user_ed1aaed8.txt
922,user_ed3091a2,/Users/reflowgang/Downloads/deanonymization_project/data/esrc/pool_en/candidate_summaries/user_ed3091a2.txt
923,user_eda37c14,/Users/reflowgang/Downloads/deanonymization_project/data/esrc/pool_en/candidate_summaries/user_eda37c14.txt
924,user_ee05ee55,/Users/reflowgang/Downloads/deanonymization_project/data/esrc/pool_en/candidate_summaries/user_ee05ee55.txt
925,user_ee14f818,/Users/reflowgang/Downloads/deanonymization_project/data/esrc/pool_en/candidate_summaries/user_ee14f818.txt
926,user_ee89e069,/Users/reflowgang/Downloads/deanonymization_project/data/esrc/pool_en/candidate_summaries/user_ee89e069.txt
927,user_ee8d5ec5,/Users/reflowgang/Downloads/deanonymization_project/data/esrc/pool_en/candidate_summaries/user_ee8d5ec5.txt
928,user_ee923f9d,/Users/reflowgang/Downloads/deanonymization_project/data/esrc/pool_en/candidate_summaries/user_ee923f9d.txt
929,user_ef05ad51,/Users/reflowgang/Downloads/deanonymization_project/data/esrc/pool_en/candidate_summaries/user_ef05ad51.txt
930,user_ef954c6e,/Users/reflowgang/Downloads/deanonymization_project/data/esrc/pool_en/candidate_summaries/user_ef954c6e.txt
931,user_efa5697b,/Users/reflowgang/Downloads/deanonymization_project/data/esrc/pool_en/candidate_summaries/user_efa5697b.txt
932,user_efac3c1d,/Users/reflowgang/Downloads/deanonymization_project/data/esrc/pool_en/candidate_summaries/user_efac3c1d.txt
933,user_efb27a8e,/Users/reflowgang/Downloads/deanonymization_project/data/esrc/pool_en/candidate_summaries/user_efb27a8e.txt
934,user_efcacf59,/Users/reflowgang/Downloads/deanonymization_project/data/esrc/pool_en/candidate_summaries/user_efcacf59.txt
935,user_f030b951,/Users/reflowgang/Downloads/deanonymization_project/data/esrc/pool_en/candidate_summaries/user_f030b951.txt
936,user_f070eee7,/Users/reflowgang/Downloads/deanonymization_project/data/esrc/pool_en/candidate_summaries/user_f070eee7.txt
937,user_f0b144fc,/Users/reflowgang/Downloads/deanonymization_project/data/esrc/pool_en/candidate_summaries/user_f0b144fc.txt
938,user_f0cf195f,/Users/reflowgang/Downloads/deanonymization_project/data/esrc/pool_en/candidate_summaries/user_f0cf195f.txt
939,user_f107081e,/Users/reflowgang/Downloads/deanonymization_project/data/esrc/pool_en/candidate_summaries/user_f107081e.txt
940,user_f10e7063,/Users/reflowgang/Downloads/deanonymization_project/data/esrc/pool_en/candidate_summaries/user_f10e7063.txt
941,user_f1157204,/Users/reflowgang/Downloads/deanonymization_project/data/esrc/pool_en/candidate_summaries/user_f1157204.txt
942,user_f14dc486,/Users/reflowgang/Downloads/deanonymization_project/data/esrc/pool_en/candidate_summaries/user_f14dc486.txt
943,user_f1649486,/Users/reflowgang/Downloads/deanonymization_project/data/esrc/pool_en/candidate_summaries/user_f1649486.txt
944,user_f1e357ad,/Users/reflowgang/Downloads/deanonymization_project/data/esrc/pool_en/candidate_summaries/user_f1e357ad.txt
945,user_f27da10a,/Users/reflowgang/Downloads/deanonymization_project/data/esrc/pool_en/candidate_summaries/user_f27da10a.txt
946,user_f2f860bd,/Users/reflowgang/Downloads/deanonymization_project/data/esrc/pool_en/candidate_summaries/user_f2f860bd.txt
947,user_f3377028,/Users/reflowgang/Downloads/deanonymization_project/data/esrc/pool_en/candidate_summaries/user_f3377028.txt
948,user_f368b9da,/Users/reflowgang/Downloads/deanonymization_project/data/esrc/pool_en/candidate_summaries/user_f368b9da.txt
949,user_f3a56e06,/Users/reflowgang/Downloads/deanonymization_project/data/esrc/pool_en/candidate_summaries/user_f3a56e06.txt
950,user_f3a9f844,/Users/reflowgang/Downloads/deanonymization_project/data/esrc/pool_en/candidate_summaries/user_f3a9f844.txt
951,user_f3f15c55,/Users/reflowgang/Downloads/deanonymization_project/data/esrc/pool_en/candidate_summaries/user_f3f15c55.txt
952,user_f43d6008,/Users/reflowgang/Downloads/deanonymization_project/data/esrc/pool_en/candidate_summaries/user_f43d6008.txt
953,user_f44f615a,/Users/reflowgang/Downloads/deanonymization_project/data/esrc/pool_en/candidate_summaries/user_f44f615a.txt
954,user_f4cc9f3d,/Users/reflowgang/Downloads/deanonymization_project/data/esrc/pool_en/candidate_summaries/user_f4cc9f3d.txt
955,user_f4f9490d,/Users/reflowgang/Downloads/deanonymization_project/data/esrc/pool_en/candidate_summaries/user_f4f9490d.txt
956,user_f51339f8,/Users/reflowgang/Downloads/deanonymization_project/data/esrc/pool_en/candidate_summaries/user_f51339f8.txt
957,user_f5138e15,/Users/reflowgang/Downloads/deanonymization_project/data/esrc/pool_en/candidate_summaries/user_f5138e15.txt
958,user_f52ced02,/Users/reflowgang/Downloads/deanonymization_project/data/esrc/pool_en/candidate_summaries/user_f52ced02.txt
959,user_f54058d0,/Users/reflowgang/Downloads/deanonymization_project/data/esrc/pool_en/candidate_summaries/user_f54058d0.txt
960,user_f59d3941,/Users/reflowgang/Downloads/deanonymization_project/data/esrc/pool_en/candidate_summaries/user_f59d3941.txt
961,user_f5c4370b,/Users/reflowgang/Downloads/deanonymization_project/data/esrc/pool_en/candidate_summaries/user_f5c4370b.txt
962,user_f5e1eee0,/Users/reflowgang/Downloads/deanonymization_project/data/esrc/pool_en/candidate_summaries/user_f5e1eee0.txt
963,user_f5e2976e,/Users/reflowgang/Downloads/deanonymization_project/data/esrc/pool_en/candidate_summaries/user_f5e2976e.txt
964,user_f5fea76f,/Users/reflowgang/Downloads/deanonymization_project/data/esrc/pool_en/candidate_summaries/user_f5fea76f.txt
965,user_f60a09b3,/Users/reflowgang/Downloads/deanonymization_project/data/esrc/pool_en/candidate_summaries/user_f60a09b3.txt
966,user_f6188968,/Users/reflowgang/Downloads/deanonymization_project/data/esrc/pool_en/candidate_summaries/user_f6188968.txt
967,user_f654c33b,/Users/reflowgang/Downloads/deanonymization_project/data/esrc/pool_en/candidate_summaries/user_f654c33b.txt
968,user_f6c0aefc,/Users/reflowgang/Downloads/deanonymization_project/data/esrc/pool_en/candidate_summaries/user_f6c0aefc.txt
969,user_f7538815,/Users/reflowgang/Downloads/deanonymization_project/data/esrc/pool_en/candidate_summaries/user_f7538815.txt
970,user_f75c71f0,/Users/reflowgang/Downloads/deanonymization_project/data/esrc/pool_en/candidate_summaries/user_f75c71f0.txt
971,user_f7bb8af1,/Users/reflowgang/Downloads/deanonymization_project/data/esrc/pool_en/candidate_summaries/user_f7bb8af1.txt
972,user_f7fd2885,/Users/reflowgang/Downloads/deanonymization_project/data/esrc/pool_en/candidate_summaries/user_f7fd2885.txt
973,user_f827c7dd,/Users/reflowgang/Downloads/deanonymization_project/data/esrc/pool_en/candidate_summaries/user_f827c7dd.txt
974,user_f862100c,/Users/reflowgang/Downloads/deanonymization_project/data/esrc/pool_en/candidate_summaries/user_f862100c.txt
975,user_f8e2246f,/Users/reflowgang/Downloads/deanonymization_project/data/esrc/pool_en/candidate_summaries/user_f8e2246f.txt
976,user_f930e37f,/Users/reflowgang/Downloads/deanonymization_project/data/esrc/pool_en/candidate_summaries/user_f930e37f.txt
977,user_f959eee4,/Users/reflowgang/Downloads/deanonymization_project/data/esrc/pool_en/candidate_summaries/user_f959eee4.txt
978,user_fa60616d,/Users/reflowgang/Downloads/deanonymization_project/data/esrc/pool_en/candidate_summaries/user_fa60616d.txt
979,user_fa69a385,/Users/reflowgang/Downloads/deanonymization_project/data/esrc/pool_en/candidate_summaries/user_fa69a385.txt
980,user_fb427339,/Users/reflowgang/Downloads/deanonymization_project/data/esrc/pool_en/candidate_summaries/user_fb427339.txt
981,user_fb64cb55,/Users/reflowgang/Downloads/deanonymization_project/data/esrc/pool_en/candidate_summaries/user_fb64cb55.txt
982,user_fb8f46c8,/Users/reflowgang/Downloads/deanonymization_project/data/esrc/pool_en/candidate_summaries/user_fb8f46c8.txt
983,user_fba6bcd4,/Users/reflowgang/Downloads/deanonymization_project/data/esrc/pool_en/candidate_summaries/user_fba6bcd4.txt
984,user_fbed237d,/Users/reflowgang/Downloads/deanonymization_project/data/esrc/pool_en/candidate_summaries/user_fbed237d.txt
985,user_fc1cfe0b,/Users/reflowgang/Downloads/deanonymization_project/data/esrc/pool_en/candidate_summaries/user_fc1cfe0b.txt
986,user_fca58a87,/Users/reflowgang/Downloads/deanonymization_project/data/esrc/pool_en/candidate_summaries/user_fca58a87.txt
987,user_fcf93ee8,/Users/reflowgang/Downloads/deanonymization_project/data/esrc/pool_en/candidate_summaries/user_fcf93ee8.txt
988,user_fdc08e26,/Users/reflowgang/Downloads/deanonymization_project/data/esrc/pool_en/candidate_summaries/user_fdc08e26.txt
989,user_fdcaaf41,/Users/reflowgang/Downloads/deanonymization_project/data/esrc/pool_en/candidate_summaries/user_fdcaaf41.txt
990,user_fde27362,/Users/reflowgang/Downloads/deanonymization_project/data/esrc/pool_en/candidate_summaries/user_fde27362.txt
991,user_fde2d265,/Users/reflowgang/Downloads/deanonymization_project/data/esrc/pool_en/candidate_summaries/user_fde2d265.txt
992,user_fe67197f,/Users/reflowgang/Downloads/deanonymization_project/data/esrc/pool_en/candidate_summaries/user_fe67197f.txt
993,user_fe73d731,/Users/reflowgang/Downloads/deanonymization_project/data/esrc/pool_en/candidate_summaries/user_fe73d731.txt
994,user_fe922ad0,/Users/reflowgang/Downloads/deanonymization_project/data/esrc/pool_en/candidate_summaries/user_fe922ad0.txt
995,user_fefec402,/Users/reflowgang/Downloads/deanonymization_project/data/esrc/pool_en/candidate_summaries/user_fefec402.txt
996,user_ff39b6cf,/Users/reflowgang/Downloads/deanonymization_project/data/esrc/pool_en/candidate_summaries/user_ff39b6cf.txt
997,user_ff591131,/Users/reflowgang/Downloads/deanonymization_project/data/esrc/pool_en/candidate_summaries/user_ff591131.txt
998,user_ff7631ef,/Users/reflowgang/Downloads/deanonymization_project/data/esrc/pool_en/candidate_summaries/user_ff7631ef.txt
999,user_ffe2efae,/Users/reflowgang/Downloads/deanonymization_project/data/esrc/pool_en/candidate_summaries/user_ffe2efae.txt
